,Unnamed: 0,id,count,docty,docdt,majdocty,colti,display_title,pdfurl,listing_relative_url,url_friendly_title,new_url,guid,origu,url,authors.0.author,docna.0.docna,entityids.entityid,keywd.0.keywd,keywd.1.keywd,geo_regions.0.geo_region,geo_regions.1.geo_region,geo_regions.2.geo_region,abstracts.cdata!,authors.1.author,authors.2.author,authors.3.author,geo_regions.3.geo_region,geo_regions.4.geo_region,geo_regions.5.geo_region,geo_regions.6.geo_region,geo_regions.7.geo_region,geo_regions.8.geo_region,geo_regions.9.geo_region,authors.4.author,geo_regions.10.geo_region,geo_regions.11.geo_region,authors.5.author,alt_title.0.alt_title,authors.6.author,geo_regions.12.geo_region,isbn,geo_regions.13.geo_region,authors.7.author,authors.8.author,authors.9.author,authors.10.author,EnvironmentalCategory,alt_title.1.alt_title,authors.11.author,authors.12.author,authors.13.author,authors.14.author,authors.15.author,authors.16.author,authors.17.author,authors.18.author,authors.19.author,closedt,issn,prompt_text,output
8250,331,34193411.0,"Yemen,Republic of,Yemen, Republic of",Policy Research Working Paper,2023-11-08T00:00:00Z,Publications & Research,"Policy Research working paper ; no. WPS
            10599; RRR","Alternative Paths for Yemen up to
            2030 : A CGE-Based Simulation Analysis",http://documents.worldbank.org/curated/en/099249311082315064/pdf/IDU053cfd48101eb60427209ee1024bfd808028b.pdf,/research/2023/11/34193411/alternative-paths-yemen-up-2030-cge-based-simulation-analysis,http://documents.worldbank.org/curated/en/099249311082315064/IDU053cfd48101eb60427209ee1024bfd808028b,2023/11/34193411/IDU053cfd48101eb60427209ee1024bfd808028b,9.924931108231507e+16,Off of Sr VP Dev Econ/Chief Econ (DECVP),http://documents.worldbank.org/curated/en/099249311082315064/IDU053cfd48101eb60427209ee1024bfd808028b,"Lofgren,Hans","Alternative Paths for Yemen up to 2030 : A
            CGE-Based Simulation Analysis",34193411.0,,,,,,"Over nine years of violence and
            conflict have profoundly altered the Republic of Yemen’s
            economy. The war has shattered the country’s already fragile
            socioeconomic equilibria, affecting nearly every facet of
            life. Since the onset of the conflict, economic diagnostics
            have focused on descriptions of the deteriorating
            macro-fiscal and poverty conditions, lack of food security,
            and loss of capital accumulation. However, relatively little
            attention has gone toward the development of a
            forward-looking vision for the country, rooted in Yemen’s
            current economic structure. This paper helps to fill this
            gap by presenting and analyzing a set of scenarios for
            Yemen’s economy up to 2030. The analysis is based on a new
            version of the Sustainable Development Goal Simulation
            model, a dynamic computable general equilibrium (CGE) model,
            which is applied to a new social accounting matrix (SAM) for
            Yemen. The new social accounting matrix has the virtue of
            consolidating sparce and often inconsistent Yemeni data from
            multiple sources (the World Bank, the International Monetary
            Fund, and the United Nations system) into a coherent
            framework that reflects the basic structure of the economy,
            both at the macro and sectoral levels. The simulation
            analysis is built around three broad scenarios spanning 2022
            through 2030. The results suggest that if the conflict
            subsides, governance is strengthened, and the donor
            community provides crucial aid, considerable progress,
            including reduced poverty rates and improved living
            conditions, can be achieved by 2030. Given Yemen’s low
            levels of infrastructure and human development, the
            potential payoffs from investments in these areas are great.","Cicowiez,Martín","Mele,Gianluca",,,,,,,,,,,,,,,,,,,,,,,,,,,,,,,,,,,"Title: Alternative Paths for Yemen up to
            2030 : A CGE-Based Simulation Analysis. Abstract: Over nine years of violence and
            conflict have profoundly altered the Republic of Yemen’s
            economy. The war has shattered the country’s already fragile
            socioeconomic equilibria, affecting nearly every facet of
            life. Since the onset of the conflict, economic diagnostics
            have focused on descriptions of the deteriorating
            macro-fiscal and poverty conditions, lack of food security,
            and loss of capital accumulation. However, relatively little
            attention has gone toward the development of a
            forward-looking vision for the country, rooted in Yemen’s
            current economic structure. This paper helps to fill this
            gap by presenting and analyzing a set of scenarios for
            Yemen’s economy up to 2030. The analysis is based on a new
            version of the Sustainable Development Goal Simulation
            model, a dynamic computable general equilibrium (CGE) model,
            which is applied to a new social accounting matrix (SAM) for
            Yemen. The new social accounting matrix has the virtue of
            consolidating sparce and often inconsistent Yemeni data from
            multiple sources (the World Bank, the International Monetary
            Fund, and the United Nations system) into a coherent
            framework that reflects the basic structure of the economy,
            both at the macro and sectoral levels. The simulation
            analysis is built around three broad scenarios spanning 2022
            through 2030. The results suggest that if the conflict
            subsides, governance is strengthened, and the donor
            community provides crucial aid, considerable progress,
            including reduced poverty rates and improved living
            conditions, can be achieved by 2030. Given Yemen’s low
            levels of infrastructure and human development, the
            potential payoffs from investments in these areas are great.","[{'label': 'LABEL_0', 'score': 0.7769294381141663}]"
8251,332,34193594.0,World,Policy Research Working Paper,2023-11-08T00:00:00Z,Publications & Research,Policy Research working paper ; no. WPS 10600,"Endogenous Institutions and
            Economic Policy",http://documents.worldbank.org/curated/en/099828511082336962/pdf/IDU06226078f0057104ad308acd0b14a01eeba69.pdf,/research/2023/11/34193594/endogenous-institutions-economic-policy,http://documents.worldbank.org/curated/en/099828511082336962/IDU06226078f0057104ad308acd0b14a01eeba69,2023/11/34193594/IDU06226078f0057104ad308acd0b14a01eeba69,9.982851108233696e+16,Off of Sr VP Dev Econ/Chief Econ (DECVP),http://documents.worldbank.org/curated/en/099828511082336962/IDU06226078f0057104ad308acd0b14a01eeba69,"Robinson,James Alan",Endogenous Institutions and Economic Policy,34193594.0,,,,,,"This paper proposes a new framework
            to model institutions and institutional change. It shows how
            moral agents, who strive to cooperate with others, can form
            institutions that facilitate cooperation. The framework
            makes it possible to model informal as well as formal
            institutions as games played by moral agents: when the
            quality of the government is low and agents are not willing
            to use its services they will create informal institutions
            that allow them to cooperate outside the official channels.
            It is also possible to conceptualize institutions as
            inclusive or extractive and model institutional change as a
            consequence of the choice of moral agents among available
            institutions as time unfolds. With a series of examples of
            clientelistic networks, the paper shows that the framework
            can be useful for understanding how and why such networks
            form and persist. The framework can be used to model any
            interactions among moral agents, thus giving rise to a wide
            variety of possible institutional settings.","Vostroknutov,Alexander","Vostroknutova,Ekaterina",,,,,,,,,,,,,,,,,,,,,,,,,,,,,,,,,,,"Title: Endogenous Institutions and
            Economic Policy. Abstract: This paper proposes a new framework
            to model institutions and institutional change. It shows how
            moral agents, who strive to cooperate with others, can form
            institutions that facilitate cooperation. The framework
            makes it possible to model informal as well as formal
            institutions as games played by moral agents: when the
            quality of the government is low and agents are not willing
            to use its services they will create informal institutions
            that allow them to cooperate outside the official channels.
            It is also possible to conceptualize institutions as
            inclusive or extractive and model institutional change as a
            consequence of the choice of moral agents among available
            institutions as time unfolds. With a series of examples of
            clientelistic networks, the paper shows that the framework
            can be useful for understanding how and why such networks
            form and persist. The framework can be used to model any
            interactions among moral agents, thus giving rise to a wide
            variety of possible institutional settings.","[{'label': 'LABEL_0', 'score': 0.8613486289978027}]"
8252,333,34194176.0,World,Policy Research Working Paper,2023-11-09T00:00:00Z,Publications & Research,Policy Research working paper ; no. WPS 10601,"Quality Regulation Creates and
            Reallocates Trade",http://documents.worldbank.org/curated/en/099830011092318128/pdf/IDU024f2b1070def5040720b16d012df71a0d969.pdf,/research/2023/11/34194176/quality-regulation-creates-reallocates-trade,http://documents.worldbank.org/curated/en/099830011092318128/IDU024f2b1070def5040720b16d012df71a0d969,2023/11/34194176/IDU024f2b1070def5040720b16d012df71a0d969,9.983001109231813e+16,Off of Sr VP Dev Econ/Chief Econ (DECVP),http://documents.worldbank.org/curated/en/099830011092318128/IDU024f2b1070def5040720b16d012df71a0d969,"Zavala,Lucas",Quality Regulation Creates and Reallocates Trade,34194176.0,,,,,,"Quality regulation has become the
            dominant instrument of trade policy. Panel evidence shows
            that regulations classified as sanitary and phytosanitary
            measures and technical barriers to trade both increase trade
            on average. Other non-tariff measures like quotas decrease
            trade. Sanitary and phytosanitary measures reallocate trade
            from lower-income exporting countries to higher-income
            exporting countries, while technical barriers to trade
            measures do the opposite. Sanitary and phytosanitary and
            technical barriers to trade measures increase the sales
            concentration of exporting firms from lower-income
            countries, but do not affect the concentration of exporting
            firms from higher-income countries or importing firms. The
            costs of quality regulation are primarily borne by exporting
            firms, especially in lower-income countries.","Fernandes,Ana Margarida","Haygood,Ryan","Reed,Tristan",,,,,,,,"Reyes,Jose Daniel",,,,,,,,,,,,,,,,,,,,,,,,,,"Title: Quality Regulation Creates and
            Reallocates Trade. Abstract: Quality regulation has become the
            dominant instrument of trade policy. Panel evidence shows
            that regulations classified as sanitary and phytosanitary
            measures and technical barriers to trade both increase trade
            on average. Other non-tariff measures like quotas decrease
            trade. Sanitary and phytosanitary measures reallocate trade
            from lower-income exporting countries to higher-income
            exporting countries, while technical barriers to trade
            measures do the opposite. Sanitary and phytosanitary and
            technical barriers to trade measures increase the sales
            concentration of exporting firms from lower-income
            countries, but do not affect the concentration of exporting
            firms from higher-income countries or importing firms. The
            costs of quality regulation are primarily borne by exporting
            firms, especially in lower-income countries.","[{'label': 'LABEL_1', 'score': 0.7525594830513}]"
8253,334,34194257.0,"Ethiopia,Ghana,Zambia",Policy Research Working Paper,2023-11-09T00:00:00Z,Publications & Research,Policy Research working paper ; no. WPS 10602,"Making the Low-Income Country
            Debt Sustainability Framework Fit for Purpose",http://documents.worldbank.org/curated/en/099138311092310534/pdf/IDU0f7d657e600e14045fa0913f066d33d53954a.pdf,/research/2023/11/34194257/making-low-income-country-debt-sustainability-framework-fit-purpose,http://documents.worldbank.org/curated/en/099138311092310534/IDU0f7d657e600e14045fa0913f066d33d53954a,2023/11/34194257/IDU0f7d657e600e14045fa0913f066d33d53954a,9.913831109231053e+16,Off of Sr VP Dev Econ/Chief Econ (DECVP),http://documents.worldbank.org/curated/en/099138311092310534/IDU0f7d657e600e14045fa0913f066d33d53954a,"Gill,Indermit S.","Making the Low-Income Country Debt
            Sustainability Framework Fit for Purpose",34194257.0,,,,,,"The World Bank and the International
            Monetary Fund use the Low-Income Country Debt Sustainability
            Framework to assess the sustainability of sovereign debt in
            about 75 low- and middle-income developing countries. It is
            overdue for a review, and this paper recommends that it be
            replaced for three reasons. First, it was designed when
            official concessional external debt was virtually synonymous
            with public debt. Over the past decade, however, the
            marginal cost of borrowing for Low-Income Country Debt
            Sustainability Framework countries has been defined
            increasingly by domestic and external debt markets. This has
            rendered the framework largely obsolete. Second, the
            framework focuses mainly on external debt, but development
            outcomes in the framework countries are more closely related
            to overall public debt. The mission of the World Bank—and,
            increasingly, the International Monetary Fund—is to improve
            growth, stability and living standards. So public debt ought
            to be the principal focus of the revised Low-Income Country
            Debt Sustainability Framework. Third, causality in the
            framework countries flows from fiscal deficits to current
            account deficits rather than the other way around, and the
            public component constitutes the lion’s share of total
            external debt. To focus on external debt distress in these
            circumstances is tantamount to tackling the
            symptom—accumulated current-account deficits—instead of the
            fundamental cause: fiscal deficits, or the gap between
            government investment and saving. The experiences of
            Ethiopia, Ghana and Zambia illustrate the arguments. The
            paper recommends a framework based on nominal public debt
            and its dynamics, supplemented with a thorough analysis of
            international liquidity. Discarding the Low-Income Country
            Debt Sustainability Framework could well be disruptive in
            the short run. However, the alternative would be worse:
            retaining an obsolete framework that has failed to
            anticipate public debt crises and is poorly aligned with the
            Sustainable Development Goals.","Pinto,Brian R.",,,,,,,,,,,,,,,,,,,,,,,,,,,,,,,,,,,,"Title: Making the Low-Income Country
            Debt Sustainability Framework Fit for Purpose. Abstract: The World Bank and the International
            Monetary Fund use the Low-Income Country Debt Sustainability
            Framework to assess the sustainability of sovereign debt in
            about 75 low- and middle-income developing countries. It is
            overdue for a review, and this paper recommends that it be
            replaced for three reasons. First, it was designed when
            official concessional external debt was virtually synonymous
            with public debt. Over the past decade, however, the
            marginal cost of borrowing for Low-Income Country Debt
            Sustainability Framework countries has been defined
            increasingly by domestic and external debt markets. This has
            rendered the framework largely obsolete. Second, the
            framework focuses mainly on external debt, but development
            outcomes in the framework countries are more closely related
            to overall public debt. The mission of the World Bank—and,
            increasingly, the International Monetary Fund—is to improve
            growth, stability and living standards. So public debt ought
            to be the principal focus of the revised Low-Income Country
            Debt Sustainability Framework. Third, causality in the
            framework countries flows from fiscal deficits to current
            account deficits rather than the other way around, and the
            public component constitutes the lion’s share of total
            external debt. To focus on external debt distress in these
            circumstances is tantamount to tackling the
            symptom—accumulated current-account deficits—instead of the
            fundamental cause: fiscal deficits, or the gap between
            government investment and saving. The experiences of
            Ethiopia, Ghana and Zambia illustrate the arguments. The
            paper recommends a framework based on nominal public debt
            and its dynamics, supplemented with a thorough analysis of
            international liquidity. Discarding the Low-Income Country
            Debt Sustainability Framework could well be disruptive in
            the short run. However, the alternative would be worse:
            retaining an obsolete framework that has failed to
            anticipate public debt crises and is poorly aligned with the
            Sustainable Development Goals.","[{'label': 'LABEL_0', 'score': 0.7912546396255493}]"
8254,335,34195858.0,World,Policy Research Working Paper,2023-11-13T00:00:00Z,Publications & Research,"Policy Research working paper ; no. WPS
            10603; COVID-19 (Coronavirus); RRR","Digital Payments and the COVID-19
            Shock : The Role of Preexisting Conditions in Banking,
            Infrastructure, Human Capabilities, and Digital Regulation",http://documents.worldbank.org/curated/en/099454311132327828/pdf/IDU08c76166f0dda20435909e82051f6aa962419.pdf,/research/2023/11/34195858/digital-payments-covid-19-shock-role-preexisting-conditions-banking-infrastructure-human-capabilities-digital-regulation,http://documents.worldbank.org/curated/en/099454311132327828/IDU08c76166f0dda20435909e82051f6aa962419,2023/11/34195858/IDU08c76166f0dda20435909e82051f6aa962419,9.945431113232782e+16,Off of Sr VP Dev Econ/Chief Econ (DECVP),http://documents.worldbank.org/curated/en/099454311132327828/IDU08c76166f0dda20435909e82051f6aa962419,"Cull,Robert J.","Digital Payments and the COVID-19 Shock :
            The Role of Preexisting Conditions in Banking,
            Infrastructure, Human Capabilities, and Digital Regulation",34195858.0,,,,,,"Treating data collected pre- and
            post-COVID-19 as a quasi-experiment, this paper examines the
            importance of presumed enablers and safeguards in driving
            the observed expansion of digital payments and digital
            financial inclusion. The analysis interacts drivers of
            digital payment usage with a country-specific proxy of the
            severity of the COVID-19 shock, leveraging variation in both
            the drivers and the quasi-treatment (the COVID-19 shock) to
            identify the parameters. Although regulation of banks and
            digital economic activity were correlated with digital
            payments before and during the pandemic, the capabilities of
            users and connectivity (to electricity, the internet, and
            mobile telephony) were responsible for increased use of
            digital financial services in response to the shock. An
            interpretation is that governments and the private sector
            were able to overcome underdeveloped banking systems and
            weak regulation of the digital economy, but only where there
            was adequate digital infrastructure, connectivity, and a
            high share of the population that understood and could make
            use of digital payments.","Foster,Vivien","Jolliffe,Dean Mitchell","Lederman,Daniel",,,,,,,,"Mare,Davide Salvatore",,,"Veerappan,Malarvizhi",,,,,,,,,,,,,,,,,,,,,,,"Title: Digital Payments and the COVID-19
            Shock : The Role of Preexisting Conditions in Banking,
            Infrastructure, Human Capabilities, and Digital Regulation. Abstract: Treating data collected pre- and
            post-COVID-19 as a quasi-experiment, this paper examines the
            importance of presumed enablers and safeguards in driving
            the observed expansion of digital payments and digital
            financial inclusion. The analysis interacts drivers of
            digital payment usage with a country-specific proxy of the
            severity of the COVID-19 shock, leveraging variation in both
            the drivers and the quasi-treatment (the COVID-19 shock) to
            identify the parameters. Although regulation of banks and
            digital economic activity were correlated with digital
            payments before and during the pandemic, the capabilities of
            users and connectivity (to electricity, the internet, and
            mobile telephony) were responsible for increased use of
            digital financial services in response to the shock. An
            interpretation is that governments and the private sector
            were able to overcome underdeveloped banking systems and
            weak regulation of the digital economy, but only where there
            was adequate digital infrastructure, connectivity, and a
            high share of the population that understood and could make
            use of digital payments.","[{'label': 'LABEL_1', 'score': 0.8573712110519409}]"
8255,336,34196317.0,Colombia,Policy Research Working Paper,2023-11-14T00:00:00Z,Publications & Research,"Policy Research working paper ; no. WPS
            10605; COVID-19 (Coronavirus); RRR","How Have Gender Gaps in the
            Colombian Labor Market Changed during the Economic Recovery?",http://documents.worldbank.org/curated/en/099304511142330780/pdf/IDU106568b4115d44141981b647142f7d72e519f.pdf,/research/2023/11/34196317/gender-gaps-colombian-labor-market-changed-during-economic-recovery,http://documents.worldbank.org/curated/en/099304511142330780/IDU106568b4115d44141981b647142f7d72e519f,2023/11/34196317/IDU106568b4115d44141981b647142f7d72e519f,9.930451114233078e+16,Off of Sr VP Dev Econ/Chief Econ (DECVP),http://documents.worldbank.org/curated/en/099304511142330780/IDU106568b4115d44141981b647142f7d72e519f,"Davalos,Maria Eugenia","How Have Gender Gaps in the Colombian Labor
            Market Changed during the Economic Recovery?",34196317.0,,,,,,"This paper analyzes gender gaps in
            the Colombian labor market, with a particular focus on the
            impact of the COVID-19 shock and the economic recovery.
            Using household survey and administrative data, the analysis
            finds significant and persistent gender gaps in favor of men
            in terms of participation, unemployment, and income. These
            gaps are heterogeneous at the regional level in Colombia,
            and are exacerbated among women with children, particularly
            young children, and those with low levels of education. The
            COVID-19 pandemic widened these gaps, including from higher
            female concentration in the most affected sectors and
            potentially associated with the disproportionate burden of
            care on women. Moreover, using decomposition techniques, the
            paper finds that the decline observed in the hourly gender
            wage gap results from two offsetting effects: the explained
            gap, which favors women due to their endowments, primarily
            education level, and the unexplained gap, which favors men
            and may be associated with discriminatory biases. Moreover,
            the gender wage gap widens significantly when considering
            monthly income, showing variations in hours worked between
            men and women. Given the poorer labor market outcomes among
            women with children, policies toward the reduction and
            redistribution of care work within households could
            contribute to increase women’s opportunities in the labor market.","Londono Aguirre,Diana Isabel","Medina Gaspar,Daniel Santiago",,,,,,,,,,,,,,,,,,,,,,,,,,,,,,,,,,,"Title: How Have Gender Gaps in the
            Colombian Labor Market Changed during the Economic Recovery?. Abstract: This paper analyzes gender gaps in
            the Colombian labor market, with a particular focus on the
            impact of the COVID-19 shock and the economic recovery.
            Using household survey and administrative data, the analysis
            finds significant and persistent gender gaps in favor of men
            in terms of participation, unemployment, and income. These
            gaps are heterogeneous at the regional level in Colombia,
            and are exacerbated among women with children, particularly
            young children, and those with low levels of education. The
            COVID-19 pandemic widened these gaps, including from higher
            female concentration in the most affected sectors and
            potentially associated with the disproportionate burden of
            care on women. Moreover, using decomposition techniques, the
            paper finds that the decline observed in the hourly gender
            wage gap results from two offsetting effects: the explained
            gap, which favors women due to their endowments, primarily
            education level, and the unexplained gap, which favors men
            and may be associated with discriminatory biases. Moreover,
            the gender wage gap widens significantly when considering
            monthly income, showing variations in hours worked between
            men and women. Given the poorer labor market outcomes among
            women with children, policies toward the reduction and
            redistribution of care work within households could
            contribute to increase women’s opportunities in the labor market.","[{'label': 'LABEL_1', 'score': 0.940683901309967}]"
8256,337,34196385.0,"Africa,World",Policy Research Working Paper,2023-11-13T00:00:00Z,Publications & Research,"Policy Research working paper ; no. WPS
            10604; LSMS; RRR","Economic Sentiments and
            Expectations in Sub-Saharan Africa in a Time of Multiple Shocks",http://documents.worldbank.org/curated/en/099534511142334272/pdf/IDU0aaa58d140265a04ad308d9301eafc488f2cb.pdf,/research/2023/11/34196385/economic-sentiments-expectations-sub-saharan-africa-time-multiple-shocks,http://documents.worldbank.org/curated/en/099534511142334272/IDU0aaa58d140265a04ad308d9301eafc488f2cb,2023/11/34196385/IDU0aaa58d140265a04ad308d9301eafc488f2cb,9.953451114233427e+16,Off of Sr VP Dev Econ/Chief Econ (DECVP),http://documents.worldbank.org/curated/en/099534511142334272/IDU0aaa58d140265a04ad308d9301eafc488f2cb,"Wollburg,Philip Randolph","Economic Sentiments and Expectations in
            Sub-Saharan Africa in a Time of Multiple Shocks",34196385.0,,,,,,"Against the background of high
            inflation, climate shocks, and concerns about rising food
            insecurity, this study documents the state of economic
            sentiments and expectations of households in five African
            countries—Burkina Faso, Ethiopia, Malawi, Nigeria, and
            Uganda—that are home to 36 percent of the Sub-Saharan
            African population. Leveraging nationally representative
            phone survey data, 57 percent of households across the five
            countries report that their financial situation and their
            country’s economic situation have worsened significantly in
            the past 12 months. While expectations for the future are
            more positive, there are marked differences across countries
            that suggest uneven recovery prospects and nonnegligible
            uncertainty about the future. Households overwhelmingly
            report prices to have increased considerably over the past
            12 months and expect prices to increase faster, or at the
            same rate, over the next 12 months. Close to 54 percent of
            households—home to 206 million individuals—further expect
            that climate shocks will have adverse impacts on their
            finances in the next year. Economic sentiments are closely
            related to livelihood outcomes such as food insecurity, lack
            of access to staple foods, income loss, and unemployment,
            and sentiments about the household financial situation,
            country economic situation, price increases, and climate
            shocks are also interdependent. Households whose financial
            situation has worsened in the past year are consistently
            more pessimistic about their financial future. Food insecure
            households, in particular, are not only more likely to
            report a worsening financial situation in the recent past
            and pessimism about the future, but also more likely to
            expect to be adversely impacted by climate shocks.","Bentze,Thomas Patrick","Kilic,Talip",,,,,,,,,,,,,,,,,,,,,,,,,,,,,,,,,,,"Title: Economic Sentiments and
            Expectations in Sub-Saharan Africa in a Time of Multiple Shocks. Abstract: Against the background of high
            inflation, climate shocks, and concerns about rising food
            insecurity, this study documents the state of economic
            sentiments and expectations of households in five African
            countries—Burkina Faso, Ethiopia, Malawi, Nigeria, and
            Uganda—that are home to 36 percent of the Sub-Saharan
            African population. Leveraging nationally representative
            phone survey data, 57 percent of households across the five
            countries report that their financial situation and their
            country’s economic situation have worsened significantly in
            the past 12 months. While expectations for the future are
            more positive, there are marked differences across countries
            that suggest uneven recovery prospects and nonnegligible
            uncertainty about the future. Households overwhelmingly
            report prices to have increased considerably over the past
            12 months and expect prices to increase faster, or at the
            same rate, over the next 12 months. Close to 54 percent of
            households—home to 206 million individuals—further expect
            that climate shocks will have adverse impacts on their
            finances in the next year. Economic sentiments are closely
            related to livelihood outcomes such as food insecurity, lack
            of access to staple foods, income loss, and unemployment,
            and sentiments about the household financial situation,
            country economic situation, price increases, and climate
            shocks are also interdependent. Households whose financial
            situation has worsened in the past year are consistently
            more pessimistic about their financial future. Food insecure
            households, in particular, are not only more likely to
            report a worsening financial situation in the recent past
            and pessimism about the future, but also more likely to
            expect to be adversely impacted by climate shocks.","[{'label': 'LABEL_1', 'score': 0.7631949186325073}]"
8257,338,34196475.0,World,Policy Research Working Paper,2023-11-14T00:00:00Z,Publications & Research,"Policy Research working paper ; no. WPS
            10606; Paper is funded by the Knowledge for Change Program (KCP)",Containing Tariff Evasion,http://documents.worldbank.org/curated/en/099840311142323145/pdf/IDU002e20ed00ff8a042fb0a68e0875d475ad647.pdf,/research/2023/11/34196475/containing-tariff-evasion,http://documents.worldbank.org/curated/en/099840311142323145/IDU002e20ed00ff8a042fb0a68e0875d475ad647,2023/11/34196475/IDU002e20ed00ff8a042fb0a68e0875d475ad647,9.984031114232315e+16,Off of Sr VP Dev Econ/Chief Econ (DECVP),http://documents.worldbank.org/curated/en/099840311142323145/IDU002e20ed00ff8a042fb0a68e0875d475ad647,"Anne,Clement Xavier Frederik",Containing Tariff Evasion,34196475.0,,,,,,"To identify transactions at risk of
            tariff evasion, this paper matches export transaction data
            from France with import transaction data from Madagascar
            using container identifiers. Reporting discrepancies between
            exporters and importers are prevalent but small, with over
            two-fifths of importers reporting in a way that increases
            their tariff liability. Yet, aggregate tariff revenues are
            24 percent lower due to discrepancies. These revenue losses
            are highly concentrated: the top five evaders account for
            three-quarters of all tariff revenue losses and larger
            shipments are more at risk of evasion. Tariff enforcement in
            Madagascar is ineffective and only marginally mitigates
            revenue losses.","Chalendard,Cyril Romain","Fernandes,Ana Margarida","Rijkers,Bob",,,,,,,,"Vicard,Vincent",,,,,,,,,,,,,,,,,,,,,,,,,,"Title: Containing Tariff Evasion. Abstract: To identify transactions at risk of
            tariff evasion, this paper matches export transaction data
            from France with import transaction data from Madagascar
            using container identifiers. Reporting discrepancies between
            exporters and importers are prevalent but small, with over
            two-fifths of importers reporting in a way that increases
            their tariff liability. Yet, aggregate tariff revenues are
            24 percent lower due to discrepancies. These revenue losses
            are highly concentrated: the top five evaders account for
            three-quarters of all tariff revenue losses and larger
            shipments are more at risk of evasion. Tariff enforcement in
            Madagascar is ineffective and only marginally mitigates
            revenue losses.","[{'label': 'LABEL_0', 'score': 0.5508046746253967}]"
8258,339,34196964.0,Nigeria,Policy Research Working Paper,2023-11-15T00:00:00Z,Publications & Research,Policy Research working paper ; no. WPS 10607,"Herder-Related Violence,
            Agricultural Work, and the Informal Sector as a Safety Net",http://documents.worldbank.org/curated/en/099417511152376048/pdf/IDU0087febc70d8df04ff50a05a0a34a221591c0.pdf,/research/2023/11/34196964/herder-related-violence-agricultural-work-informal-sector-safety-net,http://documents.worldbank.org/curated/en/099417511152376048/IDU0087febc70d8df04ff50a05a0a34a221591c0,2023/11/34196964/IDU0087febc70d8df04ff50a05a0a34a221591c0,9.941751115237605e+16,Off of Sr VP Dev Econ/Chief Econ (DECVP),http://documents.worldbank.org/curated/en/099417511152376048/IDU0087febc70d8df04ff50a05a0a34a221591c0,"Bloem,Jeffrey Richard","Herder-Related Violence, Agricultural Work,
            and the Informal Sector as a Safety Net",34196964.0,,,,,,"Violent conflict between nomadic
            herders and settled—mostly agricultural—communities in
            Nigeria occurs as both groups clash over the use of land and
            resources, in part, due to a changing climate. This paper
            uses panel data from 2010 through 2019 to study the labor
            responses of individuals to exposure to herder-related
            violence during the post-planting and post-harvest seasons.
            Specifically, it considers a “shadow of violence” channel,
            where recent exposure to a violent event alters
            labor-related responses to a subsequent event. Results find
            that in the post-planting season, exposure to a
            herder-related violent event leads to an increase in
            informal work for both men and women, a decrease in
            agricultural work for men, and an increase in total hours
            worked for women among households that have previously been
            exposed to herder-related violence in the preceding six
            months. The paper also considers two other specific forms
            for a “shadow of violence” channel—namely, raised tensions
            over open-grazing bans enacted in 2016 and 2017 within three
            states and a drastic peak in violence in the first half of
            2018— and find similar results. Lastly, findings show how
            household exposure to violence can have so-called knock-on
            effects. Households exposed to herder-related violence in
            the previous post-planting season shift consumption and crop
            selling patterns in the post-harvest season. These findings
            highlight the gender-specific labor response to violence and
            document the role of the informal sector as a partial safety
            net for individuals in the presence of adverse shocks.","Damon,Amy","Francis,David C.","Mitchell,Harrison",,,,,,,,,,,,,,,,,,,,,,,,,,,,,,,,,,"Title: Herder-Related Violence,
            Agricultural Work, and the Informal Sector as a Safety Net. Abstract: Violent conflict between nomadic
            herders and settled—mostly agricultural—communities in
            Nigeria occurs as both groups clash over the use of land and
            resources, in part, due to a changing climate. This paper
            uses panel data from 2010 through 2019 to study the labor
            responses of individuals to exposure to herder-related
            violence during the post-planting and post-harvest seasons.
            Specifically, it considers a “shadow of violence” channel,
            where recent exposure to a violent event alters
            labor-related responses to a subsequent event. Results find
            that in the post-planting season, exposure to a
            herder-related violent event leads to an increase in
            informal work for both men and women, a decrease in
            agricultural work for men, and an increase in total hours
            worked for women among households that have previously been
            exposed to herder-related violence in the preceding six
            months. The paper also considers two other specific forms
            for a “shadow of violence” channel—namely, raised tensions
            over open-grazing bans enacted in 2016 and 2017 within three
            states and a drastic peak in violence in the first half of
            2018— and find similar results. Lastly, findings show how
            household exposure to violence can have so-called knock-on
            effects. Households exposed to herder-related violence in
            the previous post-planting season shift consumption and crop
            selling patterns in the post-harvest season. These findings
            highlight the gender-specific labor response to violence and
            document the role of the informal sector as a partial safety
            net for individuals in the presence of adverse shocks.","[{'label': 'LABEL_1', 'score': 0.8685483932495117}]"
8259,340,34196967.0,Indonesia,Policy Research Working Paper,2023-11-15T00:00:00Z,Publications & Research,Policy Research working paper ; no. WPS 10608,"Indonesia's Informal
            Economy: Measurement, Evidence, and a Research Agenda",http://documents.worldbank.org/curated/en/099435011152325553/pdf/IDU025ef01630fdd504ae5085e90437dc8b1c171.pdf,/research/2023/11/34196967/indonesias-informal-economy-measurement-evidence-research-agenda,http://documents.worldbank.org/curated/en/099435011152325553/IDU025ef01630fdd504ae5085e90437dc8b1c171,2023/11/34196967/IDU025ef01630fdd504ae5085e90437dc8b1c171,9.943501115232555e+16,Off of Sr VP Dev Econ/Chief Econ (DECVP),http://documents.worldbank.org/curated/en/099435011152325553/IDU025ef01630fdd504ae5085e90437dc8b1c171,"Ablaza,Christine Marie Jimenez","Indonesia's Informal Economy:
            Measurement, Evidence, and a Research Agenda",34196967.0,,,,,,"Indonesia has made remarkable
            economic progress since the Asian Financial Crisis. To
            sustain its growth and achieve high-income status by 2045,
            it needs to address the long-standing challenge of
            informality. Doing so will require a coordinated policy
            approach informed by robust empirical evidence on the
            underlying causes and consequences of informality. This
            paper contributes to this agenda by reviewing the state of
            knowledge on the informal economy in Indonesia. The study
            focuses on three key areas of relevance to future policies
            on informality, namely: (1) key definitions and measures,
            (2) existing data sources, and (3) findings from previous
            research. The paper identifies remaining gaps in the
            existing data and empirical literature and uses this to
            construct an agenda for future work on the subject.","Alladi,Vinayak","Pape,Utz Johann",,,,,,,,,,,,,,,,,,,,,,,,,,,,,,,,,,,"Title: Indonesia's Informal
            Economy: Measurement, Evidence, and a Research Agenda. Abstract: Indonesia has made remarkable
            economic progress since the Asian Financial Crisis. To
            sustain its growth and achieve high-income status by 2045,
            it needs to address the long-standing challenge of
            informality. Doing so will require a coordinated policy
            approach informed by robust empirical evidence on the
            underlying causes and consequences of informality. This
            paper contributes to this agenda by reviewing the state of
            knowledge on the informal economy in Indonesia. The study
            focuses on three key areas of relevance to future policies
            on informality, namely: (1) key definitions and measures,
            (2) existing data sources, and (3) findings from previous
            research. The paper identifies remaining gaps in the
            existing data and empirical literature and uses this to
            construct an agenda for future work on the subject.","[{'label': 'LABEL_0', 'score': 0.8231526017189026}]"
8260,341,34198137.0,Africa,Policy Research Working Paper,2023-11-16T00:00:00Z,Publications & Research,Policy Research working paper ; no. WPS 10609,"Trade and Infrastructure
            Integration in Africa",http://documents.worldbank.org/curated/en/099424311162313828/pdf/IDU0fca49b5b01b530416009eab02c488f834b70.pdf,/research/2023/11/34198137/trade-infrastructure-integration-africa,http://documents.worldbank.org/curated/en/099424311162313828/IDU0fca49b5b01b530416009eab02c488f834b70,2023/11/34198137/IDU0fca49b5b01b530416009eab02c488f834b70,9.942431116231382e+16,Off of Sr VP Dev Econ/Chief Econ (DECVP),http://documents.worldbank.org/curated/en/099424311162313828/IDU0fca49b5b01b530416009eab02c488f834b70,"Fontagné,Lionel",Trade and Infrastructure Integration in Africa,34198137.0,,,,,,"Economic integration of the African
            continent rests on two pillars: the ratification of an
            ambitious trade agreement and massive investment in
            transportation infrastructure. Leveraging a newly created
            city-level database on African exporters’ transport times,
            transport route optimization and general equilibrium
            modeling of international trade, the paper quantifies the
            impact of greater trade and transport integration in Africa.
            A pan-African agreement, such as the African Continental
            Free Trade Area, would increase African countries’ exports
            by an average of 3.4 percent and increase gross domestic
            product by 0.6 percent. Complementing trade integration by
            reducing transportation time on roads, ports and border
            posts would increase exports by 11.5 percent and increase
            gross domestic product by 2 percent. Major transport
            investments are necessary to reap the full benefits of the
            African Continental Free Trade Area.","Lebrand,Mathilde Sylvie Maria","Murray,Siobhan","Ruta,Michele",,,,,,,,"Santoni,Gianluca",,,,,,,,,,,,,,,,,,,,,,,,,,"Title: Trade and Infrastructure
            Integration in Africa. Abstract: Economic integration of the African
            continent rests on two pillars: the ratification of an
            ambitious trade agreement and massive investment in
            transportation infrastructure. Leveraging a newly created
            city-level database on African exporters’ transport times,
            transport route optimization and general equilibrium
            modeling of international trade, the paper quantifies the
            impact of greater trade and transport integration in Africa.
            A pan-African agreement, such as the African Continental
            Free Trade Area, would increase African countries’ exports
            by an average of 3.4 percent and increase gross domestic
            product by 0.6 percent. Complementing trade integration by
            reducing transportation time on roads, ports and border
            posts would increase exports by 11.5 percent and increase
            gross domestic product by 2 percent. Major transport
            investments are necessary to reap the full benefits of the
            African Continental Free Trade Area.","[{'label': 'LABEL_0', 'score': 0.7896988391876221}]"
8261,342,34199941.0,Indonesia,Policy Research Working Paper,2023-11-20T00:00:00Z,Publications & Research,Policy Research working paper ; no. WPS 10610,"Improving Consumption-Based Tax
            Compliance : Evidence from Point of Sale Usage in
            Subnational Governments in Indonesia",http://documents.worldbank.org/curated/en/099323111202326450/pdf/IDU00285b30f058fe040a909971003e14dcb92ca.pdf,/research/2023/11/34199941/improving-consumption-based-tax-compliance-evidence-point-sale-usage-subnational-governments-indonesia,http://documents.worldbank.org/curated/en/099323111202326450/IDU00285b30f058fe040a909971003e14dcb92ca,2023/11/34199941/IDU00285b30f058fe040a909971003e14dcb92ca,9.932311120232645e+16,Off of Sr VP Dev Econ/Chief Econ (DECVP),http://documents.worldbank.org/curated/en/099323111202326450/IDU00285b30f058fe040a909971003e14dcb92ca,"Chattha,Muhammad Khudadad","Improving Consumption-Based Tax Compliance :
            Evidence from Point of Sale Usage in Subnational Governments
            in Indonesia",34199941.0,,,,,,"This paper studies the impact of
            point of sale technology adoption on local tax compliance by
            firms. The paper exploits administrative data on monthly
            restaurant and hotel tax payments in the Indonesian
            districts of West Manggarai and Gorontalo and combines this
            with information on the point of sales distribution timeline
            from 2018 to 2022. The findings show that certain point of
            sales treatments led to a substantial increase in restaurant
            tax payments, ranging from 55 to 180 percent, while others
            did not increase tax revenues. The paper discusses the
            underlying drivers of the results and argues that the
            effectiveness of point of sales technology is conditional on
            (i) the devices’ ease of use, (ii) the recipients’
            technological aptitude, and (iii) the presence of
            information accessible by third parties.","Tyas,Prabaning","Soko,Naranggi Pramudya","Fadilla,Raka Rizky",,,,,,,,,,,,,,,,,,,,,,,,,,,,,,,,,,"Title: Improving Consumption-Based Tax
            Compliance : Evidence from Point of Sale Usage in
            Subnational Governments in Indonesia. Abstract: This paper studies the impact of
            point of sale technology adoption on local tax compliance by
            firms. The paper exploits administrative data on monthly
            restaurant and hotel tax payments in the Indonesian
            districts of West Manggarai and Gorontalo and combines this
            with information on the point of sales distribution timeline
            from 2018 to 2022. The findings show that certain point of
            sales treatments led to a substantial increase in restaurant
            tax payments, ranging from 55 to 180 percent, while others
            did not increase tax revenues. The paper discusses the
            underlying drivers of the results and argues that the
            effectiveness of point of sales technology is conditional on
            (i) the devices’ ease of use, (ii) the recipients’
            technological aptitude, and (iii) the presence of
            information accessible by third parties.","[{'label': 'LABEL_1', 'score': 0.801922619342804}]"
8262,343,34200623.0,World,Policy Research Working Paper,2023-11-21T00:00:00Z,Publications & Research,Policy Research working paper ; no. WPS 10611,"Forecasting Industrial Commodity
            Prices : Literature Review and a Model Suite",http://documents.worldbank.org/curated/en/099329511212316381/pdf/IDU07821126108129045030af6304c96e8bbbc1a.pdf,/research/2023/11/34200623/forecasting-industrial-commodity-prices-literature-review-model-suite,http://documents.worldbank.org/curated/en/099329511212316381/IDU07821126108129045030af6304c96e8bbbc1a,2023/11/34200623/IDU07821126108129045030af6304c96e8bbbc1a,9.932951121231638e+16,Off of Sr VP Dev Econ/Chief Econ (DECVP),http://documents.worldbank.org/curated/en/099329511212316381/IDU07821126108129045030af6304c96e8bbbc1a,"Arroyo Marioli,Francisco","Forecasting Industrial Commodity Prices :
            Literature Review and a Model Suite",34200623.0,,,,,,"Almost two-thirds of emerging market
            and developing economies rely heavily on resource sectors
            for economic activity, fiscal and export revenues. In these
            economies, economic planning requires sound baseline
            projections for the global prices of the commodities they
            rely on and a sense of the risks around such baseline
            projections. This paper presents a model suite to prepare
            well-founded forecasts for the global prices for oil and six
            industrial metals (aluminum, copper, lead, nickel, tin, and
            zinc). The model suite adapts six approaches used in the
            literature and tests their forecast performance. Broadly
            speaking, futures prices or bivariate correlations performed
            well at short horizons, and consensus forecasts and a
            large-scale macroeconometric model performed well at long
            horizons. The strength of Bayesian vector autoregression
            models lies in generating forecast scenarios. The sizable
            forecast error bands generated by the model suite highlight
            the need for policy makers to engage in careful contingency
            planning for higher or lower prices.","Khadan,Jeetendra","Ohnsorge,Franziska Lieselotte","Yamazaki,Takefumi",,,,,,,,,,,,,,,,,,,,,,,,,,,,,,,,,,"Title: Forecasting Industrial Commodity
            Prices : Literature Review and a Model Suite. Abstract: Almost two-thirds of emerging market
            and developing economies rely heavily on resource sectors
            for economic activity, fiscal and export revenues. In these
            economies, economic planning requires sound baseline
            projections for the global prices of the commodities they
            rely on and a sense of the risks around such baseline
            projections. This paper presents a model suite to prepare
            well-founded forecasts for the global prices for oil and six
            industrial metals (aluminum, copper, lead, nickel, tin, and
            zinc). The model suite adapts six approaches used in the
            literature and tests their forecast performance. Broadly
            speaking, futures prices or bivariate correlations performed
            well at short horizons, and consensus forecasts and a
            large-scale macroeconometric model performed well at long
            horizons. The strength of Bayesian vector autoregression
            models lies in generating forecast scenarios. The sizable
            forecast error bands generated by the model suite highlight
            the need for policy makers to engage in careful contingency
            planning for higher or lower prices.","[{'label': 'LABEL_0', 'score': 0.6027974486351013}]"
8263,344,34200651.0,"Afghanistan,Tajikistan",Policy Research Working Paper,2023-11-21T00:00:00Z,Publications & Research,"Policy Research working paper ; no. WPS
            10612; RRR","Impacts of Extremist Ideologies
            on Refugees' Integration : Evidence from Afghan
            Refugees in Tajikistan",http://documents.worldbank.org/curated/en/099421311212327670/pdf/IDU143a459851cbec149f71bd74155d1653109ed.pdf,/research/2023/11/34200651/impacts-extremist-ideologies-refugees-integration-evidence-afghan-refugees-tajikistan,http://documents.worldbank.org/curated/en/099421311212327670/IDU143a459851cbec149f71bd74155d1653109ed,2023/11/34200651/IDU143a459851cbec149f71bd74155d1653109ed,9.942131121232766e+16,,http://documents.worldbank.org/curated/en/099421311212327670/IDU143a459851cbec149f71bd74155d1653109ed,"Bossavie,Laurent Loic Yves","Impacts of Extremist Ideologies on
            Refugees' Integration : Evidence from Afghan Refugees
            in Tajikistan",34200651.0,,,,,,"This paper examines the effect of
            exposure to extremist ideologies in the home country on the
            subsequent integration of refugees in host countries. For
            this purpose, it combines a rich census of Afghan refugees
            living in Tajikistan in 2023, following the Taliban’s
            takeover in Afghanistan, with uniquely scraped
            district-yearly data on the territories controlled by the
            Taliban, U.S. allies, and contested territories between the
            two factions between 2017 and 2021. The empirical strategy
            compares the integration outcomes of refugees who
            experienced varying exposure to extremism generated by the
            exogenous and sudden dramatic shift in Taliban’s territorial
            control in their province of birth between 2017 and 2021.
            Findings suggest that refugees who were born in provinces
            with increased Taliban territorial control between 2017 and
            2021, despite having comparable pre-migration
            characteristics to refugees born elsewhere in Afghanistan,
            are less integrated into their Tajik host communities than
            the other refugees. These refugees also show lower
            educational levels and more mental health problems.","Rozo Villarraga,Sandra Viviana","Urbina Florez,Maria Jose",,,,,,,,,,,,,,,,,,,,,,,,,,,,,,,,,,,"Title: Impacts of Extremist Ideologies
            on Refugees' Integration : Evidence from Afghan
            Refugees in Tajikistan. Abstract: This paper examines the effect of
            exposure to extremist ideologies in the home country on the
            subsequent integration of refugees in host countries. For
            this purpose, it combines a rich census of Afghan refugees
            living in Tajikistan in 2023, following the Taliban’s
            takeover in Afghanistan, with uniquely scraped
            district-yearly data on the territories controlled by the
            Taliban, U.S. allies, and contested territories between the
            two factions between 2017 and 2021. The empirical strategy
            compares the integration outcomes of refugees who
            experienced varying exposure to extremism generated by the
            exogenous and sudden dramatic shift in Taliban’s territorial
            control in their province of birth between 2017 and 2021.
            Findings suggest that refugees who were born in provinces
            with increased Taliban territorial control between 2017 and
            2021, despite having comparable pre-migration
            characteristics to refugees born elsewhere in Afghanistan,
            are less integrated into their Tajik host communities than
            the other refugees. These refugees also show lower
            educational levels and more mental health problems.","[{'label': 'LABEL_0', 'score': 0.7606298923492432}]"
8264,345,34200675.0,"Africa,World",Policy Research Working Paper,2023-11-21T00:00:00Z,Publications & Research,"Policy Research working paper ; no. WPS
            10613; LSMS","Too Rare to Dare ? Leveraging
            Household Surveys to Boost Research on Climate Migration",http://documents.worldbank.org/curated/en/099549411212332513/pdf/IDU0e61b2bba09d5504c7d0a8060d09902c03f23.pdf,/research/2023/11/34200675/too-rare-dare-leveraging-household-surveys-boost-research-climate-migration,http://documents.worldbank.org/curated/en/099549411212332513/IDU0e61b2bba09d5504c7d0a8060d09902c03f23,2023/11/34200675/IDU0e61b2bba09d5504c7d0a8060d09902c03f23,9.954941121233251e+16,Off of Sr VP Dev Econ/Chief Econ (DECVP),http://documents.worldbank.org/curated/en/099549411212332513/IDU0e61b2bba09d5504c7d0a8060d09902c03f23,"Carletto,Calogero","Too Rare to Dare ? Leveraging Household
            Surveys to Boost Research on Climate Migration",34200675.0,,,,,,"Reliable microeconomic data to
            understand the climate-migration nexus are virtually
            nonexistent. Nationally representative multitopic household
            surveys are rarely, if ever, explicitly designed for
            studying migration issues. Despite this limitation, most
            countries have no alternatives to the use of household
            surveys when it comes to analyzing complex multidimensional
            phenomena such as the interrelationship between climate
            change and migration. This paper offers a critical
            reflection on current challenges faced by multi-topic
            household surveys in responding to this need, but also, more
            importantly, on the many opportunities embedded in their
            use. Specifically, using the Living Standards Measurement
            Study as a case study, a conceptual framework, practical
            empirical guidance, and a methodological agenda are proposed
            to address data gaps and contribute to a more solid
            understanding of the climate-migration nexus.","Letta,Marco","Montalbano,Pierluigi","Paolantonio,Adriana",,,,,,,,"Zezza,Alberto",,,,,,,,,,,,,,,,,,,,,,,,,,"Title: Too Rare to Dare ? Leveraging
            Household Surveys to Boost Research on Climate Migration. Abstract: Reliable microeconomic data to
            understand the climate-migration nexus are virtually
            nonexistent. Nationally representative multitopic household
            surveys are rarely, if ever, explicitly designed for
            studying migration issues. Despite this limitation, most
            countries have no alternatives to the use of household
            surveys when it comes to analyzing complex multidimensional
            phenomena such as the interrelationship between climate
            change and migration. This paper offers a critical
            reflection on current challenges faced by multi-topic
            household surveys in responding to this need, but also, more
            importantly, on the many opportunities embedded in their
            use. Specifically, using the Living Standards Measurement
            Study as a case study, a conceptual framework, practical
            empirical guidance, and a methodological agenda are proposed
            to address data gaps and contribute to a more solid
            understanding of the climate-migration nexus.","[{'label': 'LABEL_1', 'score': 0.7717363834381104}]"
8265,346,34200726.0,"Egypt, Arab Republic of",Policy Research Working Paper,2023-11-21T00:00:00Z,Publications & Research,Policy Research working paper ; no. WPS 10614,"Reassessing the Impacts of
            Exports on Local Labor Market Outcomes : A Supply Chain
            Perspective — Evidence from the Arab Republic of Egypt",http://documents.worldbank.org/curated/en/099103111212320875/pdf/IDU19b33d9be10ecc14c271a20912466b8207626.pdf,/research/2023/11/34200726/reassessing-impacts-exports-local-labor-market-outcomes-supply-chain-perspective-—-evidence-arab-republic-egypt,http://documents.worldbank.org/curated/en/099103111212320875/IDU19b33d9be10ecc14c271a20912466b8207626,2023/11/34200726/IDU19b33d9be10ecc14c271a20912466b8207626,9.910311121232088e+16,Off of Sr VP Dev Econ/Chief Econ (DECVP),http://documents.worldbank.org/curated/en/099103111212320875/IDU19b33d9be10ecc14c271a20912466b8207626,"Tillan,Pablo Antonio","Reassessing the Impacts of Exports on Local
            Labor Market Outcomes : A Supply Chain Perspective —
            Evidence from the Arab Republic of Egypt",34200726.0,,,,,,"This paper examines the overall
            impact of exports while accounting for supply chain linkages
            on local labor market outcomes in the Arab Republic of Egypt
            between 2007 and 2018. The paper assesses the effects not
            only on directly exporting industries, but also on
            industries indirectly affected by rising export demand.
            Furthermore, it examines potential impacts on specific
            groups of workers, such as high-skilled individuals and
            female workers. The results show that trade does not lead to
            the same connection with domestic labor markets in Egypt as
            observed in other countries, as highlighted in the existing
            literature explaining the adverse effects of imports on
            developing countries. Despite being more open to trade,
            trade-intensive industries in Egypt have not experienced a
            significant increase in their share of employment within the
            overall workforce. To harness the benefits of trade, Egypt
            must undertake deeper reforms aimed at significantly
            expanding the export sector.","Kokas,Deeksha","Bezerra De Goes,Carlos Andre","Lopez-Acevedo,Gladys C.",,,,,,,,,,,,,,,,,,,,,,,,,,,,,,,,,,"Title: Reassessing the Impacts of
            Exports on Local Labor Market Outcomes : A Supply Chain
            Perspective — Evidence from the Arab Republic of Egypt. Abstract: This paper examines the overall
            impact of exports while accounting for supply chain linkages
            on local labor market outcomes in the Arab Republic of Egypt
            between 2007 and 2018. The paper assesses the effects not
            only on directly exporting industries, but also on
            industries indirectly affected by rising export demand.
            Furthermore, it examines potential impacts on specific
            groups of workers, such as high-skilled individuals and
            female workers. The results show that trade does not lead to
            the same connection with domestic labor markets in Egypt as
            observed in other countries, as highlighted in the existing
            literature explaining the adverse effects of imports on
            developing countries. Despite being more open to trade,
            trade-intensive industries in Egypt have not experienced a
            significant increase in their share of employment within the
            overall workforce. To harness the benefits of trade, Egypt
            must undertake deeper reforms aimed at significantly
            expanding the export sector.","[{'label': 'LABEL_1', 'score': 0.8070098757743835}]"
8266,347,34201505.0,World,Policy Research Working Paper,2023-11-22T00:00:00Z,Publications & Research,"Policy Research working paper ; no. WPS
            10615; RRR","Building Public Support for
            Reducing Fossil Fuel Subsidies : Evidence across 12
            Middle-Income Countries",http://documents.worldbank.org/curated/en/099623511222327179/pdf/IDU15ee7729614e8314a85188a8112e5028d7d24.pdf,/research/2023/11/34201505/building-public-support-reducing-fossil-fuel-subsidies-evidence-across-12-middle-income-countries,http://documents.worldbank.org/curated/en/099623511222327179/IDU15ee7729614e8314a85188a8112e5028d7d24,2023/11/34201505/IDU15ee7729614e8314a85188a8112e5028d7d24,9.962351122232718e+16,Off of Sr VP Dev Econ/Chief Econ (DECVP),http://documents.worldbank.org/curated/en/099623511222327179/IDU15ee7729614e8314a85188a8112e5028d7d24,"Hoy,Christopher Alexander","Building Public Support for Reducing Fossil
            Fuel Subsidies : Evidence across 12 Middle-Income Countries",34201505.0,,,,,,"This study examines which factors
            influence support for reducing fossil fuel subsidies and
            what types of information shift people’s views through
            surveying 37,000 respondents across 12 middle-income
            countries that provided over US$750 billion in explicit and
            implicit subsidies for fossil fuels in 2022. Respondents
            were randomly allocated to receive information about the
            relative cost of fossil fuel subsidies, how they are
            regressive, or worsen climate change and air pollution. They
            were then asked about their support for reforms with and
            without accompanying policies. These treatments,
            particularly about environmental damage, increased support
            for reforms in countries that primarily subsidize gasoline
            and among respondents who perceive themselves to be middle
            class. Around 30 percent of respondents supported reducing
            fossil fuel subsidies in isolation, but this share increased
            to over 95 percent if accompanying policies were
            implemented. These findings help inform governments about
            how to build public support for phasing out fossil fuel subsidies.","Kim,Yeon Soo","Nguyen,Minh Cong","Sosa,Mariano Ernesto",,,,,,,,"Tiwari,Sailesh",,,,,,,,,,,,,,,,,,,,,,,,,,"Title: Building Public Support for
            Reducing Fossil Fuel Subsidies : Evidence across 12
            Middle-Income Countries. Abstract: This study examines which factors
            influence support for reducing fossil fuel subsidies and
            what types of information shift people’s views through
            surveying 37,000 respondents across 12 middle-income
            countries that provided over US$750 billion in explicit and
            implicit subsidies for fossil fuels in 2022. Respondents
            were randomly allocated to receive information about the
            relative cost of fossil fuel subsidies, how they are
            regressive, or worsen climate change and air pollution. They
            were then asked about their support for reforms with and
            without accompanying policies. These treatments,
            particularly about environmental damage, increased support
            for reforms in countries that primarily subsidize gasoline
            and among respondents who perceive themselves to be middle
            class. Around 30 percent of respondents supported reducing
            fossil fuel subsidies in isolation, but this share increased
            to over 95 percent if accompanying policies were
            implemented. These findings help inform governments about
            how to build public support for phasing out fossil fuel subsidies.","[{'label': 'LABEL_1', 'score': 0.902424693107605}]"
8267,348,34203039.0,"Africa,World",Policy Research Working Paper,2023-11-27T00:00:00Z,Publications & Research,Policy Research working paper ; no. WPS 10621,"An Anatomy of Urbanization in
            Sub-Saharan Africa",http://documents.worldbank.org/curated/en/099415311272320571/pdf/IDU0faef6c000aaba0485209f0e08928760d9a57.pdf,/research/2023/11/34203039/anatomy-urbanization-sub-saharan-africa,http://documents.worldbank.org/curated/en/099415311272320571/IDU0faef6c000aaba0485209f0e08928760d9a57,2023/11/34203039/IDU0faef6c000aaba0485209f0e08928760d9a57,9.941531127232058e+16,Off of Sr VP Dev Econ/Chief Econ (DECVP),http://documents.worldbank.org/curated/en/099415311272320571/IDU0faef6c000aaba0485209f0e08928760d9a57,"Combes,Pierre Philippe",An Anatomy of Urbanization in Sub-Saharan Africa,34203039.0,,,,,,"This paper provides a detailed
            descriptive analysis of patterns of urbanization across
            Sub-Saharan Africa for the year circa 2015. Despite the
            rapidity and importance of Sub-Saharan Africa’s
            urbanization, little is known about the anatomy of patterns
            of urbanization across the region due to a lack of detailed
            and accurate official data on urban settlements and
            populations. To address this gap, the paper applies a
            modified version of the “dartboard” algorithm to
            high-resolution gridded population data for the region,
            which is derived from digitized maps of the footprints of
            all buildings in the region from very high-resolution
            satellite imagery. This allows for a consistent definition
            of urban areas across all countries in the region,
            overcoming the measurement problems that arise from relying
            on official definitions of urban areas, which vary markedly
            across countries. Using this definition, the paper presents
            evidence on key empirical regularities that are related to
            disparities across the urban hierarchies, such as the extent
            of urban primacy and Zipf’s law, as well as on the internal
            structures of cities, such as population density gradients
            and the number of centers that cities possess. The paper
            also analyzes how these characteristics are related to key
            country characteristics. Finally, the paper compares the
            results with those that arise from the use of an alternative
            definition of urban areas—the degree of urbanization.","Gorin,Clément","Nakamura,Shohei","Roberts,Mark",,,,,,,,"Stewart,Benjamin P.",,,,,,,,,,,,,,,,,,,,,,,,,,"Title: An Anatomy of Urbanization in
            Sub-Saharan Africa. Abstract: This paper provides a detailed
            descriptive analysis of patterns of urbanization across
            Sub-Saharan Africa for the year circa 2015. Despite the
            rapidity and importance of Sub-Saharan Africa’s
            urbanization, little is known about the anatomy of patterns
            of urbanization across the region due to a lack of detailed
            and accurate official data on urban settlements and
            populations. To address this gap, the paper applies a
            modified version of the “dartboard” algorithm to
            high-resolution gridded population data for the region,
            which is derived from digitized maps of the footprints of
            all buildings in the region from very high-resolution
            satellite imagery. This allows for a consistent definition
            of urban areas across all countries in the region,
            overcoming the measurement problems that arise from relying
            on official definitions of urban areas, which vary markedly
            across countries. Using this definition, the paper presents
            evidence on key empirical regularities that are related to
            disparities across the urban hierarchies, such as the extent
            of urban primacy and Zipf’s law, as well as on the internal
            structures of cities, such as population density gradients
            and the number of centers that cities possess. The paper
            also analyzes how these characteristics are related to key
            country characteristics. Finally, the paper compares the
            results with those that arise from the use of an alternative
            definition of urban areas—the degree of urbanization.","[{'label': 'LABEL_1', 'score': 0.67026686668396}]"
8268,349,34203046.0,Afghanistan,Policy Research Working Paper,2023-11-27T00:00:00Z,Publications & Research,Policy Research working paper ; no. WPS 10616,"Updating Poverty in Afghanistan
            Using the SWIFT-Plus Methodology",http://documents.worldbank.org/curated/en/099439111272329963/pdf/IDU0ed4d6e61077f404936080040a13f92c09683.pdf,/research/2023/11/34203046/updating-poverty-afghanistan-using-swift-plus-methodology,http://documents.worldbank.org/curated/en/099439111272329963/IDU0ed4d6e61077f404936080040a13f92c09683,2023/11/34203046/IDU0ed4d6e61077f404936080040a13f92c09683,9.943911127232997e+16,Off of Sr VP Dev Econ/Chief Econ (DECVP),http://documents.worldbank.org/curated/en/099439111272329963/IDU0ed4d6e61077f404936080040a13f92c09683,"Barriga Cabanillas,Oscar Eduardo","Updating Poverty in Afghanistan Using the
            SWIFT-Plus Methodology",34203046.0,,,,,,"Close to half of the population of
            Afghanistan was living below the national poverty line prior
            to the regime change in August 2021, with no additional
            information on poverty collected in the country since the
            last official household survey in 2019/20. This paper fills
            this knowledge gap through survey-to-survey imputation using
            a SWIFT-plus methodology. The analysis trains a predictive
            model on data from the 2019/20 Expenditure and Labor Force
            survey and imputes poverty in the latest Afghanistan Welfare
            Monitoring Survey. The analysis accounts for seasonality in
            welfare patterns and implements several tests to assess the
            model’s predictive capacity. The results show that 48.3
            percent of the Afghan population was poor as of April–June
            2023, a relative decline of 4 percentage points compared to
            poverty levels observed over the same months in 2020. The
            reduction in poverty was concentrated among rural
            households, with a decline from 51 to 44 percent, while it
            stagnated in urban areas at around 58 percent. Although no
            poverty data exists since 2020, the evolution of
            self-reported welfare and food security makes it reasonable
            to conclude that poverty first increased during the
            immediate economic contraction following the regime change
            and has progressively declined since then.","Chawla,Parth","Redaelli,Silvia","Yoshida,Nobuo",,,,,,,,,,,,,,,,,,,,,,,,,,,,,,,,,,"Title: Updating Poverty in Afghanistan
            Using the SWIFT-Plus Methodology. Abstract: Close to half of the population of
            Afghanistan was living below the national poverty line prior
            to the regime change in August 2021, with no additional
            information on poverty collected in the country since the
            last official household survey in 2019/20. This paper fills
            this knowledge gap through survey-to-survey imputation using
            a SWIFT-plus methodology. The analysis trains a predictive
            model on data from the 2019/20 Expenditure and Labor Force
            survey and imputes poverty in the latest Afghanistan Welfare
            Monitoring Survey. The analysis accounts for seasonality in
            welfare patterns and implements several tests to assess the
            model’s predictive capacity. The results show that 48.3
            percent of the Afghan population was poor as of April–June
            2023, a relative decline of 4 percentage points compared to
            poverty levels observed over the same months in 2020. The
            reduction in poverty was concentrated among rural
            households, with a decline from 51 to 44 percent, while it
            stagnated in urban areas at around 58 percent. Although no
            poverty data exists since 2020, the evolution of
            self-reported welfare and food security makes it reasonable
            to conclude that poverty first increased during the
            immediate economic contraction following the regime change
            and has progressively declined since then.","[{'label': 'LABEL_1', 'score': 0.9116412401199341}]"
8269,350,34203219.0,World,Policy Research Working Paper,2023-11-27T00:00:00Z,Publications & Research,Policy Research working paper ; no. WPS 10620,"Where Is Poverty Concentrated ?
            New Evidence Based on Internationally Consistent Urban and
            Poverty Measurements",http://documents.worldbank.org/curated/en/099823311272312886/pdf/IDU047ac48f0062ea04222098780cda70c42240d.pdf,/research/2023/11/34203219/poverty-concentrated-new-evidence-based-internationally-consistent-urban-poverty-measurements,http://documents.worldbank.org/curated/en/099823311272312886/IDU047ac48f0062ea04222098780cda70c42240d,2023/11/34203219/IDU047ac48f0062ea04222098780cda70c42240d,9.982331127231288e+16,Off of Sr VP Dev Econ/Chief Econ (DECVP),http://documents.worldbank.org/curated/en/099823311272312886/IDU047ac48f0062ea04222098780cda70c42240d,"Nakamura,Shohei","Where Is Poverty Concentrated ? New Evidence
            Based on Internationally Consistent Urban and Poverty Measurements",34203219.0,,,,,,"The lack of comparable urban
            definitions across countries has presented a significant
            challenge in effectively addressing poverty in both urban
            and rural areas. This study aims to tackle this issue by
            comparing subnational poverty statistics across countries,
            integrating internationally consistent definitions of urban
            areas into the World Bank’s official global poverty
            measurement framework. Focusing primarily on 16 Sub-Saharan
            African countries, the analysis reveals that poverty rates
            tend to be lower in densely populated urban areas. However,
            the findings also highlight that urban areas have a higher
            concentration of impoverished populations than previously
            estimated. These results underscore the importance of
            employing consistent urban definitions in cross-country
            poverty analysis and call for a reevaluation of
            geographically targeted policies to expedite poverty
            reduction efforts.","Combes,Pierre Philippe","Moellerherm,Robin","Robert,Charlotte Genevieve Julka",,,,,,,,"Roberts,Mark",,,"Stewart,Benjamin",,"Yakubenko,Slava",,,,,,,,,,,,,,,,,,,,,"Title: Where Is Poverty Concentrated ?
            New Evidence Based on Internationally Consistent Urban and
            Poverty Measurements. Abstract: The lack of comparable urban
            definitions across countries has presented a significant
            challenge in effectively addressing poverty in both urban
            and rural areas. This study aims to tackle this issue by
            comparing subnational poverty statistics across countries,
            integrating internationally consistent definitions of urban
            areas into the World Bank’s official global poverty
            measurement framework. Focusing primarily on 16 Sub-Saharan
            African countries, the analysis reveals that poverty rates
            tend to be lower in densely populated urban areas. However,
            the findings also highlight that urban areas have a higher
            concentration of impoverished populations than previously
            estimated. These results underscore the importance of
            employing consistent urban definitions in cross-country
            poverty analysis and call for a reevaluation of
            geographically targeted policies to expedite poverty
            reduction efforts.","[{'label': 'LABEL_1', 'score': 0.8087079524993896}]"
8270,351,34203226.0,World,Policy Research Working Paper,2023-11-27T00:00:00Z,Publications & Research,Policy Research working paper ; no. WPS 10617,"Is Natural Capital a Complement
            to Human Capital ? Evidence from 46 Countries",http://documents.worldbank.org/curated/en/099900511272319329/pdf/IDU02481177706e52040f109690065dd9c32e366.pdf,/research/2023/11/34203226/natural-capital-complement-human-capital-evidence-46-countries,http://documents.worldbank.org/curated/en/099900511272319329/IDU02481177706e52040f109690065dd9c32e366,2023/11/34203226/IDU02481177706e52040f109690065dd9c32e366,9.990051127231933e+16,Off of Sr VP Dev Econ/Chief Econ (DECVP),http://documents.worldbank.org/curated/en/099900511272319329/IDU02481177706e52040f109690065dd9c32e366,World Bank,"Is Natural Capital a Complement to Human
            Capital ? Evidence from 46 Countries",34203226.0,,,,,,"The environment has long been the
            foundation of human flourishing, but its continued
            degradation is threatening to reverse recent development
            gains, especially in human health. This paper analyzes the
            possible complementarity between natural and human capital
            by linking high-resolution deforestation data with health
            outcomes for 0.7 million children across 46 countries.
            Forest loss is often a consequence of economic activities
            that may confer market and other benefits. At the same time,
            it can adversely affect the provision of forest ecosystem
            services and reduce the associated socioeconomic and
            environmental benefits for rural communities. The net effect
            is thus ambiguous. The paper focuses on the hydrological
            services provided by forests and exploits quasi-random
            variation in deforestation upstream to assess the impacts on
            waterborne disease outcomes for rural households downstream.
            The results not only indicate increases in diarrheal disease
            incidence among children under 5 years old, but also offer
            new evidence of early-life exposure to deforestation on
            childhood stunting, a well-known indicator of later-life
            productivity. A case study for Peru shows similar results
            for diarrheal disease, but a weaker effect of forest loss on
            stunting. The paper concludes that maintaining natural
            capital has the potential to generate meaningful
            improvements in long-run human capital.",,,,,,,,,,,,,,,,,,,,,,,,,,,,,,,,,,,,,"Title: Is Natural Capital a Complement
            to Human Capital ? Evidence from 46 Countries. Abstract: The environment has long been the
            foundation of human flourishing, but its continued
            degradation is threatening to reverse recent development
            gains, especially in human health. This paper analyzes the
            possible complementarity between natural and human capital
            by linking high-resolution deforestation data with health
            outcomes for 0.7 million children across 46 countries.
            Forest loss is often a consequence of economic activities
            that may confer market and other benefits. At the same time,
            it can adversely affect the provision of forest ecosystem
            services and reduce the associated socioeconomic and
            environmental benefits for rural communities. The net effect
            is thus ambiguous. The paper focuses on the hydrological
            services provided by forests and exploits quasi-random
            variation in deforestation upstream to assess the impacts on
            waterborne disease outcomes for rural households downstream.
            The results not only indicate increases in diarrheal disease
            incidence among children under 5 years old, but also offer
            new evidence of early-life exposure to deforestation on
            childhood stunting, a well-known indicator of later-life
            productivity. A case study for Peru shows similar results
            for diarrheal disease, but a weaker effect of forest loss on
            stunting. The paper concludes that maintaining natural
            capital has the potential to generate meaningful
            improvements in long-run human capital.","[{'label': 'LABEL_1', 'score': 0.6253150105476379}]"
8271,352,34203250.0,"Yemen,Republic of,Yemen, Republic of",Policy Research Working Paper,2023-11-27T00:00:00Z,Publications & Research,Policy Research working paper ; no. WPS 10618,"Changes in Household Dynamics in
            South Yemen",http://documents.worldbank.org/curated/en/099940211272332616/pdf/IDU00eb13b0d0956f040000b2b20db907ab2286e.pdf,/research/2023/11/34203250/changes-household-dynamics-south-yemen,http://documents.worldbank.org/curated/en/099940211272332616/IDU00eb13b0d0956f040000b2b20db907ab2286e,2023/11/34203250/IDU00eb13b0d0956f040000b2b20db907ab2286e,9.99402112723326e+16,,http://documents.worldbank.org/curated/en/099940211272332616/IDU00eb13b0d0956f040000b2b20db907ab2286e,"Ishak,Phoebe Saad Wasfy",Changes in Household Dynamics in South Yemen,34203250.0,,,,,,"This paper contributes to an
            important agenda by studying how female participation in
            household decision making has been affected by the ongoing
            civil conflict in the Republic of Yemen in areas under the
            control of the Internationally Recognized Government. The
            preliminary results find an increase in women’s
            participation in decision making since the start of the
            conflict. Using a difference-in-difference approach that
            controls for individual and household characteristics, the
            analysis finds that this result is driven by households
            living in districts with medium intensity conflict as
            compared to low intensity conflict. This result holds up to
            a series of robustness checks and is explained by changes in
            household composition, whereby men are more likely to leave
            the household in conflict affected districts, leaving women
            in charge of household decisions.","Aghajanian,Alia Jane","Ghorpade,Yashodhan",,,,,,,,,,,,,,,,,,,,,,,,,,,,,,,,,,,"Title: Changes in Household Dynamics in
            South Yemen. Abstract: This paper contributes to an
            important agenda by studying how female participation in
            household decision making has been affected by the ongoing
            civil conflict in the Republic of Yemen in areas under the
            control of the Internationally Recognized Government. The
            preliminary results find an increase in women’s
            participation in decision making since the start of the
            conflict. Using a difference-in-difference approach that
            controls for individual and household characteristics, the
            analysis finds that this result is driven by households
            living in districts with medium intensity conflict as
            compared to low intensity conflict. This result holds up to
            a series of robustness checks and is explained by changes in
            household composition, whereby men are more likely to leave
            the household in conflict affected districts, leaving women
            in charge of household decisions.","[{'label': 'LABEL_1', 'score': 0.7786192893981934}]"
8272,353,34204435.0,World,Policy Research Working Paper,2023-11-29T00:00:00Z,Publications & Research,Policy Research working paper ; no. WPS 10619,"Counting People Exposed to,
            Vulnerable to, or at High Risk From Climate Shocks — A Methodology",http://documents.worldbank.org/curated/en/099602511292336760/pdf/IDU07639ca570f3cb048db09bf60fc2cc82df22d.pdf,/research/2023/11/34204435/counting-people-exposed-vulnerable-or-high-risk-climate-shocks-—-methodology,http://documents.worldbank.org/curated/en/099602511292336760/IDU07639ca570f3cb048db09bf60fc2cc82df22d,2023/11/34204435/IDU07639ca570f3cb048db09bf60fc2cc82df22d,9.960251129233677e+16,Off of Sr VP Dev Econ/Chief Econ (DECVP),http://documents.worldbank.org/curated/en/099602511292336760/IDU07639ca570f3cb048db09bf60fc2cc82df22d,"Doan,Miki Khanh","Counting People Exposed to, Vulnerable to,
            or at High Risk From Climate Shocks — A Methodology",34204435.0,,,,,,"Based on global datasets, 4.5 billion
            people were exposed to extreme weather events (flood,
            drought, cyclone, or heatwave) in 2019, an increase from 4
            billion in 2010. Among exposed people in 2019, 2.3 billion
            people lived with less than $6.85 per day and about 400
            million lived in extreme poverty (on less than $2.15 per
            day). This paper presents a methodology to estimate the
            number of people who are at high risk from extreme weather
            events, defined as the people who are exposed to these
            events and highly vulnerable to them. Vulnerability is
            proxied by a set of indicators measuring (1) the physical
            propensity to experience severe losses (proxied by the lack
            of access to basic infrastructure services, here water and
            electricity) and (2) the inability to cope with and recover
            from losses (proxied by low income, not having education,
            not having access to financial services and not having
            access to social protection). Estimates from 75 countries
            for which data on all indicators are available suggest that,
            in 2019, 42 percent of the total population (and 70 percent
            of people exposed) are at high risk from extreme weather
            shocks, if one indicator is enough to be considered as
            highly vulnerable. If high vulnerability is defined based on
            being vulnerable on two dimensions or more, then 12 percent
            of the total population (and 20 percent of people exposed)
            are at high risk from extreme weather shocks. The trend
            between 2010 and 2019 can be explored in a subset of
            countries covering 60 percent of the world population. In
            these countries, even though the population exposed to
            extreme weather events has been increasing, the number of
            people at high risk has declined. The exception is
            Sub-Saharan Africa where the number of people at high risk
            has increased between 2010 and 2019.","Hill,Ruth","Hallegatte,Stephane","Corral Rodas,Paul Andres",,,,,,,,"Brunckhorst,Ben James",,,"Nguyen,Minh",,"Freije-Rodriguez,Samuel",,,,"Naikal,Esther G.",,,,,,,,,,,,,,,,,"Title: Counting People Exposed to,
            Vulnerable to, or at High Risk From Climate Shocks — A Methodology. Abstract: Based on global datasets, 4.5 billion
            people were exposed to extreme weather events (flood,
            drought, cyclone, or heatwave) in 2019, an increase from 4
            billion in 2010. Among exposed people in 2019, 2.3 billion
            people lived with less than $6.85 per day and about 400
            million lived in extreme poverty (on less than $2.15 per
            day). This paper presents a methodology to estimate the
            number of people who are at high risk from extreme weather
            events, defined as the people who are exposed to these
            events and highly vulnerable to them. Vulnerability is
            proxied by a set of indicators measuring (1) the physical
            propensity to experience severe losses (proxied by the lack
            of access to basic infrastructure services, here water and
            electricity) and (2) the inability to cope with and recover
            from losses (proxied by low income, not having education,
            not having access to financial services and not having
            access to social protection). Estimates from 75 countries
            for which data on all indicators are available suggest that,
            in 2019, 42 percent of the total population (and 70 percent
            of people exposed) are at high risk from extreme weather
            shocks, if one indicator is enough to be considered as
            highly vulnerable. If high vulnerability is defined based on
            being vulnerable on two dimensions or more, then 12 percent
            of the total population (and 20 percent of people exposed)
            are at high risk from extreme weather shocks. The trend
            between 2010 and 2019 can be explored in a subset of
            countries covering 60 percent of the world population. In
            these countries, even though the population exposed to
            extreme weather events has been increasing, the number of
            people at high risk has declined. The exception is
            Sub-Saharan Africa where the number of people at high risk
            has increased between 2010 and 2019.","[{'label': 'LABEL_1', 'score': 0.8972064852714539}]"
8273,354,34205862.0,World,Policy Research Working Paper,2023-12-01T00:00:00Z,Publications & Research,Policy Research working paper ; no. WPS 10622,Are the Poorest Catching Up ?,http://documents.worldbank.org/curated/en/099257212012320427/pdf/IDU04b6e9b6e0a87504b5d09a0b0012bb203154e.pdf,/research/2023/12/34205862/poorest-catching-up,http://documents.worldbank.org/curated/en/099257212012320427/IDU04b6e9b6e0a87504b5d09a0b0012bb203154e,2023/12/34205862/IDU04b6e9b6e0a87504b5d09a0b0012bb203154e,9.925721201232043e+16,,http://documents.worldbank.org/curated/en/099257212012320427/IDU04b6e9b6e0a87504b5d09a0b0012bb203154e,"Cust,James Frederick",Are the Poorest Catching Up ?,34205862.0,,,,,,"Are global incomes converging or
            diverging Despite recent empirical evidence supporting the
            hypothesis of unconditional beta convergence, this paper
            argues that such findings overlook the stark reality facing
            the world’s poorest people. Many lower income countries,
            including those among the so-called “Bottom Billion,”
            continue to slip further behind the rest of the world, while
            the numbers of those living in extreme poverty are beginning
            to rise again after decades of decline. The paper explores
            how these contradictions can coexist and discusses the
            policy importance of looking beyond global average trends.
            The paper identifies three confusions that can arise when
            analyzing trends in income convergence. First, a focus on
            unconditional convergence can overlook important policy
            questions, such as whether countries are likely to eradicate
            extreme poverty or to catch up with the rest of the world.
            Tests for convergence may yield only partial answers,
            especially in light of recent findings that show that
            unconditional beta convergence can coexist with a
            significant group of countries slipping ever further behind
            the rest of the world. Meanwhile extreme poverty numbers are
            increasing rather than decreasing. Second, average trends
            can both obscure and be distorted by underlying differences
            in country composition. In the extreme case, while
            fast-growing China was below global mean incomes between
            2000 and 2020, it significantly boosted empirical support
            for global convergence. Now that China has passed this
            threshold, the finding will likely reverse in the coming
            years as more data is available. Third, different levels of
            availability of time periods and country coverage can
            distort and even bias empirical findings, especially where
            limitations to data availability is correlated with lower
            income or diverging economies.","Collier,Paul","Rivera-Ballesteros, lexis",,,,,,,,,,,,,,,,,,,,,,,,,,,,,,,,,,,"Title: Are the Poorest Catching Up ?. Abstract: Are global incomes converging or
            diverging Despite recent empirical evidence supporting the
            hypothesis of unconditional beta convergence, this paper
            argues that such findings overlook the stark reality facing
            the world’s poorest people. Many lower income countries,
            including those among the so-called “Bottom Billion,”
            continue to slip further behind the rest of the world, while
            the numbers of those living in extreme poverty are beginning
            to rise again after decades of decline. The paper explores
            how these contradictions can coexist and discusses the
            policy importance of looking beyond global average trends.
            The paper identifies three confusions that can arise when
            analyzing trends in income convergence. First, a focus on
            unconditional convergence can overlook important policy
            questions, such as whether countries are likely to eradicate
            extreme poverty or to catch up with the rest of the world.
            Tests for convergence may yield only partial answers,
            especially in light of recent findings that show that
            unconditional beta convergence can coexist with a
            significant group of countries slipping ever further behind
            the rest of the world. Meanwhile extreme poverty numbers are
            increasing rather than decreasing. Second, average trends
            can both obscure and be distorted by underlying differences
            in country composition. In the extreme case, while
            fast-growing China was below global mean incomes between
            2000 and 2020, it significantly boosted empirical support
            for global convergence. Now that China has passed this
            threshold, the finding will likely reverse in the coming
            years as more data is available. Third, different levels of
            availability of time periods and country coverage can
            distort and even bias empirical findings, especially where
            limitations to data availability is correlated with lower
            income or diverging economies.","[{'label': 'LABEL_0', 'score': 0.6806261539459229}]"
8274,355,34206486.0,World,Policy Research Working Paper,2023-12-01T00:00:00Z,Publications & Research,Policy Research working paper ; no. WPS 10623,"Energy Price Shocks and Current
            Account Balances : Evidence from Emerging Market and
            Developing Economies",http://documents.worldbank.org/curated/en/099529112012323945/pdf/IDU0b00bb5920b38c041f0093b80460779a24451.pdf,/research/2023/12/34206486/energy-price-shocks-current-account-balances-evidence-emerging-market-developing-economies,http://documents.worldbank.org/curated/en/099529112012323945/IDU0b00bb5920b38c041f0093b80460779a24451,2023/12/34206486/IDU0b00bb5920b38c041f0093b80460779a24451,9.952911201232395e+16,Off of Sr VP Dev Econ/Chief Econ (DECVP),http://documents.worldbank.org/curated/en/099529112012323945/IDU0b00bb5920b38c041f0093b80460779a24451,"Lebrand,Mathilde Sylvie Maria","Energy Price Shocks and Current Account
            Balances : Evidence from Emerging Market and Developing Economies",34206486.0,,,,,,"This paper investigates the effects
            of real energy price shocks on the current account balances
            of 45 emerging market and developing economies using
            country-specific structural vector autoregression models.
            The empirical results suggest that a 1 percent increase in
            real oil prices results in up to 0.11 percentage point
            cumulative improvement in the current account balances of
            oil exporters after five years, while a similar shock to
            real natural gas prices results in up to 0.06 percentage
            point improvement in the current account balances of natural
            gas exporters after five years. Real coal price shocks
            result in higher current account balances of oil exporters
            and natural gas exporters, suggesting substitution of coal
            with oil and natural gas in such cases. When the
            contributions of alternative real energy prices to the
            variance of current account balances are compared, oil price
            shocks dominate those of natural gas and coal prices. On the
            source of oil price shocks, the results support the view
            that the effects of oil demand shocks on current account
            balances are different from those of oil supply shocks. The
            results are robust to alternative specifications and
            identification schemes.","Vasishtha,Garima","Yilmazkuday,Hakan",,,,,,,,,,,,,,,,,,,,,,,,,,,,,,,,,,,"Title: Energy Price Shocks and Current
            Account Balances : Evidence from Emerging Market and
            Developing Economies. Abstract: This paper investigates the effects
            of real energy price shocks on the current account balances
            of 45 emerging market and developing economies using
            country-specific structural vector autoregression models.
            The empirical results suggest that a 1 percent increase in
            real oil prices results in up to 0.11 percentage point
            cumulative improvement in the current account balances of
            oil exporters after five years, while a similar shock to
            real natural gas prices results in up to 0.06 percentage
            point improvement in the current account balances of natural
            gas exporters after five years. Real coal price shocks
            result in higher current account balances of oil exporters
            and natural gas exporters, suggesting substitution of coal
            with oil and natural gas in such cases. When the
            contributions of alternative real energy prices to the
            variance of current account balances are compared, oil price
            shocks dominate those of natural gas and coal prices. On the
            source of oil price shocks, the results support the view
            that the effects of oil demand shocks on current account
            balances are different from those of oil supply shocks. The
            results are robust to alternative specifications and
            identification schemes.","[{'label': 'LABEL_1', 'score': 0.9354006052017212}]"
8275,356,34208238.0,Central Africa,Policy Research Working Paper,2023-12-04T00:00:00Z,Publications & Research,"Policy Research working paper ; no. WPS
            10624; RRR","Stuck in a Conflict Trap : The
            Case of the Central African Republic Civil War",http://documents.worldbank.org/curated/en/099817212042333118/pdf/IDU18d62e24d1a9ef14f1d19ea61a9ee9a4e9b72.pdf,/research/2023/12/34208238/stuck-conflict-trap-case-central-african-republic-civil-war,http://documents.worldbank.org/curated/en/099817212042333118/IDU18d62e24d1a9ef14f1d19ea61a9ee9a4e9b72,2023/12/34208238/IDU18d62e24d1a9ef14f1d19ea61a9ee9a4e9b72,9.981721204233312e+16,Off of Sr VP Dev Econ/Chief Econ (DECVP),http://documents.worldbank.org/curated/en/099817212042333118/IDU18d62e24d1a9ef14f1d19ea61a9ee9a4e9b72,"Mandon,Pierre Jean-Claude","Stuck in a Conflict Trap : The Case of the
            Central African Republic Civil War",34208238.0,,,,,,"This paper uses the synthetic control
            method to assess the impact of the civil war in the Central
            African Republic on the main socioeconomic indicators. Based
            on a donor pool of low-income countries, the paper builds a
            synthetic counterfactual to evaluate the magnitude of the
            socioeconomic impacts of the civil war. The results indicate
            that the civil war led to a significant drop in gross
            domestic product per capita (41.6 percent), nighttime light
            intensity (33.8 percent), industrial production (34.1
            percent), manufacturing value added (33.7 percent), and the
            human asset index (20.2 percent), from 2013, which is
            considered as the starting point of the ongoing political
            and civil crisis.","Nossek,Vincent Remi","Sandjong Tomi,Diderot Guy D Estaing",,,,,,,,,,,,,,,,,,,,,,,,,,,,,,,,,,,"Title: Stuck in a Conflict Trap : The
            Case of the Central African Republic Civil War. Abstract: This paper uses the synthetic control
            method to assess the impact of the civil war in the Central
            African Republic on the main socioeconomic indicators. Based
            on a donor pool of low-income countries, the paper builds a
            synthetic counterfactual to evaluate the magnitude of the
            socioeconomic impacts of the civil war. The results indicate
            that the civil war led to a significant drop in gross
            domestic product per capita (41.6 percent), nighttime light
            intensity (33.8 percent), industrial production (34.1
            percent), manufacturing value added (33.7 percent), and the
            human asset index (20.2 percent), from 2013, which is
            considered as the starting point of the ongoing political
            and civil crisis.","[{'label': 'LABEL_1', 'score': 0.8227114677429199}]"
8276,357,34208252.0,World,Policy Research Working Paper,2023-12-04T00:00:00Z,Publications & Research,"Policy Research working paper ; no. WPS
            10625; Impact Evaluation series","Asking Better Questions : The
            Effect of Changing Investment Organizations’ Evaluation
            Practices on Gender Disparities in Funding Innovation",http://documents.worldbank.org/curated/en/099928412042326894/pdf/IDU0ab42caf50f6a8048af0b22203c59c8887bef.pdf,/research/2023/12/34208252/asking-better-questions-effect-changing-investment-organizations’-evaluation-practices-gender-disparities-funding-innovation,http://documents.worldbank.org/curated/en/099928412042326894/IDU0ab42caf50f6a8048af0b22203c59c8887bef,2023/12/34208252/IDU0ab42caf50f6a8048af0b22203c59c8887bef,9.99284120423269e+16,Off of Sr VP Dev Econ/Chief Econ (DECVP),http://documents.worldbank.org/curated/en/099928412042326894/IDU0ab42caf50f6a8048af0b22203c59c8887bef,"Miller,Amisha","Asking Better Questions : The Effect of
            Changing Investment Organizations’ Evaluation Practices on
            Gender Disparities in Funding Innovation",34208252.0,,,,,,"Female innovators raise fewer
            resources from investors, even when their ventures are
            similar to those of all-male teams. Efforts to mitigate the
            disparities have typically focused on changing how founders
            seek investment. However, the causes of gender disparities
            are systemic: in uncertain contexts, evaluators value
            women’s competence or leadership potential lower than men’s,
            and investors inquire more about risks when facing female
            founders than males. What is the effect of investment
            organizations’ evaluation practices on gender disparities in
            funding innovation This paper examines a two-stage global
            field experiment with investors making 1,871 investment
            decisions on early-stage startups, which resulted in
            $320,000 invested in 16 startups. The experiment changed an
            organization’s evaluation framework to systematize investor
            inquiry across all ventures by including prompts about (1)
            risk and reward and (2) progress during the evaluation
            period. This caused treated investors to (1) assess startups
            more consistently and (2) assess startup competence more
            dynamically than control investors. It eliminated, even
            reversed, the gender gap in investment outcomes. These
            results have implications for organizations making decisions
            in uncertain contexts, and those aiming to reduce gender disparities.","Lall,Saurabh A.","Goldstein,Markus P.","Montalvao Machado,Joao H. C.",,,,,,,,,,,,,,,,,,,,,,,,,,,,,,,,,,"Title: Asking Better Questions : The
            Effect of Changing Investment Organizations’ Evaluation
            Practices on Gender Disparities in Funding Innovation. Abstract: Female innovators raise fewer
            resources from investors, even when their ventures are
            similar to those of all-male teams. Efforts to mitigate the
            disparities have typically focused on changing how founders
            seek investment. However, the causes of gender disparities
            are systemic: in uncertain contexts, evaluators value
            women’s competence or leadership potential lower than men’s,
            and investors inquire more about risks when facing female
            founders than males. What is the effect of investment
            organizations’ evaluation practices on gender disparities in
            funding innovation This paper examines a two-stage global
            field experiment with investors making 1,871 investment
            decisions on early-stage startups, which resulted in
            $320,000 invested in 16 startups. The experiment changed an
            organization’s evaluation framework to systematize investor
            inquiry across all ventures by including prompts about (1)
            risk and reward and (2) progress during the evaluation
            period. This caused treated investors to (1) assess startups
            more consistently and (2) assess startup competence more
            dynamically than control investors. It eliminated, even
            reversed, the gender gap in investment outcomes. These
            results have implications for organizations making decisions
            in uncertain contexts, and those aiming to reduce gender disparities.","[{'label': 'LABEL_0', 'score': 0.847152054309845}]"
8277,358,34208542.0,"World,United States",Policy Research Working Paper,2023-12-05T00:00:00Z,Publications & Research,"Policy Research working paper ; no. WPS
            10626; RRR","Migration, families, and
            counterfactual families",http://documents.worldbank.org/curated/en/099330212052366138/pdf/IDU0724d761b0c05d040a20b8f40261a46f47247.pdf,/research/2023/12/34208542/migration-families-counterfactual-families,http://documents.worldbank.org/curated/en/099330212052366138/IDU0724d761b0c05d040a20b8f40261a46f47247,2023/12/34208542/IDU0724d761b0c05d040a20b8f40261a46f47247,9.933021205236614e+16,Off of Sr VP Dev Econ/Chief Econ (DECVP),http://documents.worldbank.org/curated/en/099330212052366138/IDU0724d761b0c05d040a20b8f40261a46f47247,"Bertoli,Simone","Migration, families, and counterfactual families",34208542.0,,,,,,"Migration changes how families form
            and dissolve, and how one should conceptualize the family.
            This has implications for thinking about how the migration
            decision is modelled when individuals are unable to picture
            the counterfactual families they may have. Differences in
            marital status can induce two otherwise identical
            individuals to make different migration decisions. It also
            has implications for attempts to causally estimate impacts
            of migration, when the family composition changes with the
            migration decision itself. This paper shows empirically that
            changing marital status after migration is widespread, and
            that the traditional model of a fixed family sending off a
            migrant who remains part of that same family only describes
            a minority of migrants moving from developing countries to
            the U.S. The authors draw out lessons from thinking about
            counterfactual families for empirical research and for
            migration policy.","Mckenzie,David J.","Murard,Elie",,,,,,,,,,,,,,,,,,,,,,,,,,,,,,,,,,,"Title: Migration, families, and
            counterfactual families. Abstract: Migration changes how families form
            and dissolve, and how one should conceptualize the family.
            This has implications for thinking about how the migration
            decision is modelled when individuals are unable to picture
            the counterfactual families they may have. Differences in
            marital status can induce two otherwise identical
            individuals to make different migration decisions. It also
            has implications for attempts to causally estimate impacts
            of migration, when the family composition changes with the
            migration decision itself. This paper shows empirically that
            changing marital status after migration is widespread, and
            that the traditional model of a fixed family sending off a
            migrant who remains part of that same family only describes
            a minority of migrants moving from developing countries to
            the U.S. The authors draw out lessons from thinking about
            counterfactual families for empirical research and for
            migration policy.","[{'label': 'LABEL_0', 'score': 0.8860066533088684}]"
8278,359,34208588.0,Madagascar,Policy Research Working Paper,2023-12-05T00:00:00Z,Publications & Research,Policy Research working paper ; no. WPS 10627,"Malnourished but Not Destitute :
            The Spatial Interplay between Nutrition and Poverty in Madagascar",http://documents.worldbank.org/curated/en/099418112052343853/pdf/IDU0b5db13f709205047ad084e00af5c9c27ff24.pdf,/research/2023/12/34208588/malnourished-not-destitute-spatial-interplay-between-nutrition-poverty-madagascar,http://documents.worldbank.org/curated/en/099418112052343853/IDU0b5db13f709205047ad084e00af5c9c27ff24,2023/12/34208588/IDU0b5db13f709205047ad084e00af5c9c27ff24,9.941811205234386e+16,Off of Sr VP Dev Econ/Chief Econ (DECVP),http://documents.worldbank.org/curated/en/099418112052343853/IDU0b5db13f709205047ad084e00af5c9c27ff24,"Matekenya,Dunstan","Malnourished but Not Destitute : The Spatial
            Interplay between Nutrition and Poverty in Madagascar",34208588.0,,,,,,"Hidden hunger, or micronutrient
            deficiencies, is a serious public health issue affecting
            approximately 2 billion people worldwide. Identifying areas
            with high prevalence of hidden hunger is crucial for
            targeted interventions and effective resource allocation.
            However, conventional methods such as nutritional
            assessments and dietary surveys are expensive and
            time-consuming, rendering them unsustainable for developing
            countries. This study proposes an alternative approach to
            estimating the prevalence of hidden hunger at the commune
            level in Madagascar by combining data from the household
            budget survey and the Demographic and Health Survey. The
            study employs small area estimation techniques to borrow
            strength from the recent census and produce precise and
            accurate estimates at the lowest administrative level. The
            findings reveal that 17.9 percent of stunted children reside
            in non-poor households, highlighting the ineffectiveness of
            using poverty levels as a targeting tool for identifying
            stunted children. The findings also show that 21.3 percent
            of non-stunted children live in impoverished households,
            reinforcing Sen's argument that malnutrition is not
            solely a product of destitution. These findings emphasize
            the need for tailored food security interventions designed
            for specific geographical areas with clustered needs rather
            than employing uniform nutrition policies. The study
            concludes by outlining policies that are appropriate for
            addressing various categories of hidden hunger.","Mulangu,Francis Muamba","Newhouse,David Locke",,,,,,,,,,,,,,,,,,,,,,,,,,,,,,,,,,,"Title: Malnourished but Not Destitute :
            The Spatial Interplay between Nutrition and Poverty in Madagascar. Abstract: Hidden hunger, or micronutrient
            deficiencies, is a serious public health issue affecting
            approximately 2 billion people worldwide. Identifying areas
            with high prevalence of hidden hunger is crucial for
            targeted interventions and effective resource allocation.
            However, conventional methods such as nutritional
            assessments and dietary surveys are expensive and
            time-consuming, rendering them unsustainable for developing
            countries. This study proposes an alternative approach to
            estimating the prevalence of hidden hunger at the commune
            level in Madagascar by combining data from the household
            budget survey and the Demographic and Health Survey. The
            study employs small area estimation techniques to borrow
            strength from the recent census and produce precise and
            accurate estimates at the lowest administrative level. The
            findings reveal that 17.9 percent of stunted children reside
            in non-poor households, highlighting the ineffectiveness of
            using poverty levels as a targeting tool for identifying
            stunted children. The findings also show that 21.3 percent
            of non-stunted children live in impoverished households,
            reinforcing Sen's argument that malnutrition is not
            solely a product of destitution. These findings emphasize
            the need for tailored food security interventions designed
            for specific geographical areas with clustered needs rather
            than employing uniform nutrition policies. The study
            concludes by outlining policies that are appropriate for
            addressing various categories of hidden hunger.","[{'label': 'LABEL_0', 'score': 0.5713500380516052}]"
8279,360,34208602.0,World,Policy Research Working Paper,2023-12-05T00:00:00Z,Publications & Research,"Policy Research working paper ; no. WPS
            10628; Impact Evaluation series","Is There Still A Role for Direct
            Government Support to Firms in Developing Countries?",http://documents.worldbank.org/curated/en/099601212052338958/pdf/IDU0b34e6a2d01a52049ec09e66091587f19bc5e.pdf,/research/2023/12/34208602/still-role-direct-government-support-firms-developing-countries,http://documents.worldbank.org/curated/en/099601212052338958/IDU0b34e6a2d01a52049ec09e66091587f19bc5e,2023/12/34208602/IDU0b34e6a2d01a52049ec09e66091587f19bc5e,9.960121205233896e+16,Off of Sr VP Dev Econ/Chief Econ (DECVP),http://documents.worldbank.org/curated/en/099601212052338958/IDU0b34e6a2d01a52049ec09e66091587f19bc5e,"Mckenzie,David J.","Is There Still A Role for Direct Government
            Support to Firms in Developing Countries?",34208602.0,,,,,,"Should governments in developing
            countries directly support firms with policies such as
            grants, subsidized loans, and training and consulting
            programs, or should they instead just aim to enact sensible
            regulatory and macroeconomic policies and not attempt to
            engage in industrial policy While industrial policy has
            gained renewed attention in developed economies, it faces
            considerable skepticism in developing countries scarred by
            previous experiences and facing limited fiscal space. This
            paper discusses the rationale for government involvement,
            and then lessons from a recent research agenda in
            development economics on how to target these programs, on
            whether they induce firms to undertake additional
            activities, on avoiding political capture, and on how these
            interact with competition. This work shows that these
            policies can deliver some of their promised benefits, but
            that there is still much to learn and the need for
            systematic and serious attempts at prospective impact
            evaluation as new policies are launched.",,,,,,,,,,,,,,,,,,,,,,,,,,,,,,,,,,,,,"Title: Is There Still A Role for Direct
            Government Support to Firms in Developing Countries?. Abstract: Should governments in developing
            countries directly support firms with policies such as
            grants, subsidized loans, and training and consulting
            programs, or should they instead just aim to enact sensible
            regulatory and macroeconomic policies and not attempt to
            engage in industrial policy While industrial policy has
            gained renewed attention in developed economies, it faces
            considerable skepticism in developing countries scarred by
            previous experiences and facing limited fiscal space. This
            paper discusses the rationale for government involvement,
            and then lessons from a recent research agenda in
            development economics on how to target these programs, on
            whether they induce firms to undertake additional
            activities, on avoiding political capture, and on how these
            interact with competition. This work shows that these
            policies can deliver some of their promised benefits, but
            that there is still much to learn and the need for
            systematic and serious attempts at prospective impact
            evaluation as new policies are launched.","[{'label': 'LABEL_0', 'score': 0.8236272931098938}]"
8280,361,34209286.0,Malaysia,Policy Research Working Paper,2023-12-06T00:00:00Z,Publications & Research,Policy Research working paper ; no. WPS 10629,"Social Insurance for Gig Workers
            : Insights from a Discrete Choice Experiment in Malaysia",http://documents.worldbank.org/curated/en/099319112062324832/pdf/IDU0d8d7bece0c4c4042b50aef90f750da3e988a.pdf,/research/2023/12/34209286/social-insurance-gig-workers-insights-discrete-choice-experiment-malaysia,http://documents.worldbank.org/curated/en/099319112062324832/IDU0d8d7bece0c4c4042b50aef90f750da3e988a,2023/12/34209286/IDU0d8d7bece0c4c4042b50aef90f750da3e988a,9.931911206232483e+16,,http://documents.worldbank.org/curated/en/099319112062324832/IDU0d8d7bece0c4c4042b50aef90f750da3e988a,"Ghorpade,Yashodhan","Social Insurance for Gig Workers : Insights
            from a Discrete Choice Experiment in Malaysia",34209286.0,,,,,,"The rise of “gig” or digital platform
            work globally has led to both enthusiasm for its potential
            to create lucrative employment for large numbers of people,
            as well as concern about its implications for worker
            protection that is often provided in more standard
            employment. While gig work platforms may not be akin to
            employers in standard work relationships, arrangements that
            do not obligate them to provide worker protection and social
            insurance contributions may leave several platform workers
            unprotected against a range of risks. Is the observed lack
            of protection among digital platform workers explained by an
            unwillingness on part of the workers themselves to make
            necessary contributions for social insurance coverage This
            paper analyzes this question in the context of Malaysia, a
            rapidly growing upper-middle-income East Asian economy that
            has witnessed a rise in gig work in recent years. The paper
            deploys a novel vignette-based experiment to ascertain gig
            workers’ willingness to pay for social insurance coverage.
            The analysis finds overall a large unmet need for social
            insurance among gig workers, as well as a high level of
            willingness to pay for (especially) unemployment insurance,
            retirement savings, and accidental and injury insurance.
            This implies that the policy challenge is to channel such
            willingness into regular contributions for social insurance
            coverage through relevant and flexible options for
            contributions. More than subsidies, this segment of the
            workforce could perhaps benefit from better tailored, more
            flexible, and more easily accessible instruments for social
            insurance. The analysis also finds evidence of substitution
            between distinct insurance instruments. For instance, those
            who have access to retirement savings appear to be less
            willing to pay for unemployment insurance, and those with
            private medical insurance are less likely to contribute to
            the state-run injury insurance scheme. This underlines the
            need to approach risk insurance for digital platform workers
            more holistically and to consider a wider range of insurance
            instruments, including those offered by the private sector.","Abdur Rahman,Amanina Binti","Binti Jasmin,Alyssa Farha",,,,,,,,,,,,,,,,,,,,,,,,,,,,,,,,,,,"Title: Social Insurance for Gig Workers
            : Insights from a Discrete Choice Experiment in Malaysia. Abstract: The rise of “gig” or digital platform
            work globally has led to both enthusiasm for its potential
            to create lucrative employment for large numbers of people,
            as well as concern about its implications for worker
            protection that is often provided in more standard
            employment. While gig work platforms may not be akin to
            employers in standard work relationships, arrangements that
            do not obligate them to provide worker protection and social
            insurance contributions may leave several platform workers
            unprotected against a range of risks. Is the observed lack
            of protection among digital platform workers explained by an
            unwillingness on part of the workers themselves to make
            necessary contributions for social insurance coverage This
            paper analyzes this question in the context of Malaysia, a
            rapidly growing upper-middle-income East Asian economy that
            has witnessed a rise in gig work in recent years. The paper
            deploys a novel vignette-based experiment to ascertain gig
            workers’ willingness to pay for social insurance coverage.
            The analysis finds overall a large unmet need for social
            insurance among gig workers, as well as a high level of
            willingness to pay for (especially) unemployment insurance,
            retirement savings, and accidental and injury insurance.
            This implies that the policy challenge is to channel such
            willingness into regular contributions for social insurance
            coverage through relevant and flexible options for
            contributions. More than subsidies, this segment of the
            workforce could perhaps benefit from better tailored, more
            flexible, and more easily accessible instruments for social
            insurance. The analysis also finds evidence of substitution
            between distinct insurance instruments. For instance, those
            who have access to retirement savings appear to be less
            willing to pay for unemployment insurance, and those with
            private medical insurance are less likely to contribute to
            the state-run injury insurance scheme. This underlines the
            need to approach risk insurance for digital platform workers
            more holistically and to consider a wider range of insurance
            instruments, including those offered by the private sector.","[{'label': 'LABEL_0', 'score': 0.8553865551948547}]"
8281,362,34209351.0,Malaysia,Policy Research Working Paper,2023-12-06T00:00:00Z,Publications & Research,"Policy Research working paper ; no. WPS
            10630; COVID-19 (Coronavirus)","The Valuation of Flexible Work
            Arrangements : Insights from a Discrete Choice Experiment in Malaysia",http://documents.worldbank.org/curated/en/099350012062332245/pdf/IDU00f1c30090e32d04ed70b4240311d373d8c89.pdf,/research/2023/12/34209351/valuation-flexible-work-arrangements-insights-discrete-choice-experiment-malaysia,http://documents.worldbank.org/curated/en/099350012062332245/IDU00f1c30090e32d04ed70b4240311d373d8c89,2023/12/34209351/IDU00f1c30090e32d04ed70b4240311d373d8c89,9.935001206233224e+16,Off of Sr VP Dev Econ/Chief Econ (DECVP),http://documents.worldbank.org/curated/en/099350012062332245/IDU00f1c30090e32d04ed70b4240311d373d8c89,"Ghorpade,Yashodhan","The Valuation of Flexible Work Arrangements
            : Insights from a Discrete Choice Experiment in Malaysia",34209351.0,,,,,,"The changing nature of work,
            accelerated by the experience of the COVID-19 pandemic, has
            resulted in several fundamental shifts in the terms and
            conditions of work. Along with the clear trend of increased
            nonstandard employment, including through the gig economy
            and platform work, this poses critical questions for
            policies and practices of the organization of work
            arrangements, and about who may bear the costs of emerging
            arrangements. This paper explores whether workers in
            freelancing and standard work arrangements in Malaysia view
            a trade-off between flexibility and income and are willing
            to forgo a share of earnings for greater flexibility. The
            paper deploys a novel discrete choice experiment in which
            respondents are asked to choose their preferred job from two
            hypothetical job descriptions with randomly assigned
            attributes, namely, flexibility and associated earnings. The
            findings show substantial but not overwhelming preference
            for greater flexibility, especially among freelancers, and a
            clear trade-off between measures of flexibility and income.
            The findings also show considerable variation in the
            preference for flexibility, much of which is not explained
            by worker demographics and other observable characteristics
            but is consistent with other measures of the importance
            attached to flexibility and earning income. The analysis
            outlines pathways through which offering even a modicum of
            flexibility can enhance workers’ utility without necessarily
            increasing costs for employers, provides evidence of
            considerable preference heterogeneity, and warns against
            imposing uniform approaches to (in)flexible work arrangements.","Binti Jasmin,Alyssa Farha","Abdur Rahman,Amanina Binti",,,,,,,,,,,,,,,,,,,,,,,,,,,,,,,,,,,"Title: The Valuation of Flexible Work
            Arrangements : Insights from a Discrete Choice Experiment in Malaysia. Abstract: The changing nature of work,
            accelerated by the experience of the COVID-19 pandemic, has
            resulted in several fundamental shifts in the terms and
            conditions of work. Along with the clear trend of increased
            nonstandard employment, including through the gig economy
            and platform work, this poses critical questions for
            policies and practices of the organization of work
            arrangements, and about who may bear the costs of emerging
            arrangements. This paper explores whether workers in
            freelancing and standard work arrangements in Malaysia view
            a trade-off between flexibility and income and are willing
            to forgo a share of earnings for greater flexibility. The
            paper deploys a novel discrete choice experiment in which
            respondents are asked to choose their preferred job from two
            hypothetical job descriptions with randomly assigned
            attributes, namely, flexibility and associated earnings. The
            findings show substantial but not overwhelming preference
            for greater flexibility, especially among freelancers, and a
            clear trade-off between measures of flexibility and income.
            The findings also show considerable variation in the
            preference for flexibility, much of which is not explained
            by worker demographics and other observable characteristics
            but is consistent with other measures of the importance
            attached to flexibility and earning income. The analysis
            outlines pathways through which offering even a modicum of
            flexibility can enhance workers’ utility without necessarily
            increasing costs for employers, provides evidence of
            considerable preference heterogeneity, and warns against
            imposing uniform approaches to (in)flexible work arrangements.","[{'label': 'LABEL_0', 'score': 0.8418386578559875}]"
8282,363,34209391.0,"Africa,World",Policy Research Working Paper,2023-12-06T00:00:00Z,Publications & Research,Policy Research working paper ; no. WPS 10631,"Data Gaps in Microdata in the
            Context of Forced Displacement",http://documents.worldbank.org/curated/en/099556112062334277/pdf/IDU0161b812905efa046ca09d4909a91003ae709.pdf,/research/2023/12/34209391/data-gaps-microdata-context-forced-displacement,http://documents.worldbank.org/curated/en/099556112062334277/IDU0161b812905efa046ca09d4909a91003ae709,2023/12/34209391/IDU0161b812905efa046ca09d4909a91003ae709,9.955611206233427e+16,Off of Sr VP Dev Econ/Chief Econ (DECVP),http://documents.worldbank.org/curated/en/099556112062334277/IDU0161b812905efa046ca09d4909a91003ae709,"Masaki,Takaaki","Data Gaps in Microdata in the Context of
            Forced Displacement",34209391.0,,,,,,"This paper aims to understand the
            existing gaps in micro-level data on forcibly displaced
            people—refugees and internally displaced persons. The paper
            undertakes a comprehensive review of all existing
            micro-level data sets in the United Nations High
            Commissioner for Refugees Microdata Library and the World
            Bank Microdata Library. It first identifies a corpus of
            micro-level data sets that are designed to have a
            representative sample of refugees and/or internally
            displaced persons and assesses gaps in geographical and
            thematic coverage. The paper then evaluates whether the data
            sets contain a core set of questions that are essential for
            the proper identification of refugees and internally
            displaced persons. The findings show that microdata on
            forcibly displaced people are comparatively rich in
            Sub-Saharan Africa in contrast to other regions. However,
            data scarcity is notably pronounced in countries facing
            fragility and conflict. Scarcity is also evident among
            internally displaced persons and on topics such as labor and
            employment, finance (for instance, credit, debt, and
            banking), agriculture/livestock/fishery, and education. The
            paper also highlights that many of the existing micro-level
            data sets on forcibly displaced people do not contain the
            core set of questions needed for proper identification of
            refugees or internally displaced persons according to
            international statistical standards.","Madson,B.",,,,,,,,,,,,,,,,,,,,,,,,,,,,,,,,,,,,"Title: Data Gaps in Microdata in the
            Context of Forced Displacement. Abstract: This paper aims to understand the
            existing gaps in micro-level data on forcibly displaced
            people—refugees and internally displaced persons. The paper
            undertakes a comprehensive review of all existing
            micro-level data sets in the United Nations High
            Commissioner for Refugees Microdata Library and the World
            Bank Microdata Library. It first identifies a corpus of
            micro-level data sets that are designed to have a
            representative sample of refugees and/or internally
            displaced persons and assesses gaps in geographical and
            thematic coverage. The paper then evaluates whether the data
            sets contain a core set of questions that are essential for
            the proper identification of refugees and internally
            displaced persons. The findings show that microdata on
            forcibly displaced people are comparatively rich in
            Sub-Saharan Africa in contrast to other regions. However,
            data scarcity is notably pronounced in countries facing
            fragility and conflict. Scarcity is also evident among
            internally displaced persons and on topics such as labor and
            employment, finance (for instance, credit, debt, and
            banking), agriculture/livestock/fishery, and education. The
            paper also highlights that many of the existing micro-level
            data sets on forcibly displaced people do not contain the
            core set of questions needed for proper identification of
            refugees or internally displaced persons according to
            international statistical standards.","[{'label': 'LABEL_0', 'score': 0.6554132103919983}]"
8283,364,34210169.0,Africa,Policy Research Working Paper,2023-12-07T00:00:00Z,Publications & Research,"Policy Research working paper ; no. WPS
            10632; COVID-19 (Coronavirus)","Banking in Africa : Opportunities
            and Challenges in Volatile Times",http://documents.worldbank.org/curated/en/099021012072314723/pdf/IDU02ba078c809b2404f9d09f800ec70c22d6e0e.pdf,/research/2023/12/34210169/banking-africa-opportunities-challenges-volatile-times,http://documents.worldbank.org/curated/en/099021012072314723/IDU02ba078c809b2404f9d09f800ec70c22d6e0e,2023/12/34210169/IDU02ba078c809b2404f9d09f800ec70c22d6e0e,9.902101207231472e+16,,http://documents.worldbank.org/curated/en/099021012072314723/IDU02ba078c809b2404f9d09f800ec70c22d6e0e,"Beck,Thorsten","Banking in Africa : Opportunities and
            Challenges in Volatile Times",34210169.0,,,,,,"This paper surveys existing
            literature and data to take stock of the current state of
            banking systems across Sub-Saharan Africa. It documents
            different dimensions of the development of the banking
            systems in the region and compares Africa’s banking systems
            to those of comparable low- and lower-middle-income
            countries outside the region. The paper also discusses the
            progress in policies and institutions underpinning financial
            deepening and the results of specific innovations to reach
            traditionally unbanked segments of the population, such as
            innovative branch expansion programs, mobile banking, and
            new financial products. In view of the COVID-19 pandemic,
            the paper discusses government support for financial systems
            and banking sector performance during crises. Overall, the
            survey shows a picture of achievements and challenges, with
            progress along some fronts but other challenges persisting
            even as new ones arise, including the turning of the global
            financial cycle in 2022/23 and increasing geopolitical tensions.","Cull,Robert J.","Mare,Davide Salvatore","Valenzuela,Patricio",,,,,,,,,,,,,,,,,,,,,,,,,,,,,,,,,,"Title: Banking in Africa : Opportunities
            and Challenges in Volatile Times. Abstract: This paper surveys existing
            literature and data to take stock of the current state of
            banking systems across Sub-Saharan Africa. It documents
            different dimensions of the development of the banking
            systems in the region and compares Africa’s banking systems
            to those of comparable low- and lower-middle-income
            countries outside the region. The paper also discusses the
            progress in policies and institutions underpinning financial
            deepening and the results of specific innovations to reach
            traditionally unbanked segments of the population, such as
            innovative branch expansion programs, mobile banking, and
            new financial products. In view of the COVID-19 pandemic,
            the paper discusses government support for financial systems
            and banking sector performance during crises. Overall, the
            survey shows a picture of achievements and challenges, with
            progress along some fronts but other challenges persisting
            even as new ones arise, including the turning of the global
            financial cycle in 2022/23 and increasing geopolitical tensions.","[{'label': 'LABEL_1', 'score': 0.6705880761146545}]"
8284,365,34210179.0,Africa,Policy Research Working Paper,2023-12-07T00:00:00Z,Publications & Research,"Policy Research working paper ; no. WPS
            10633; RRR","Disruptive Technologies and
            Finance : An Analysis of Digital Startups in Africa",http://documents.worldbank.org/curated/en/099045212072337941/pdf/IDU16a36e64313a2a14fea18e4e1a6b8ac38a381.pdf,/research/2023/12/34210179/disruptive-technologies-finance-analysis-digital-startups-africa,http://documents.worldbank.org/curated/en/099045212072337941/IDU16a36e64313a2a14fea18e4e1a6b8ac38a381,2023/12/34210179/IDU16a36e64313a2a14fea18e4e1a6b8ac38a381,9.904521207233794e+16,Off of Sr VP Dev Econ/Chief Econ (DECVP),http://documents.worldbank.org/curated/en/099045212072337941/IDU16a36e64313a2a14fea18e4e1a6b8ac38a381,"Vargas Da Cruz,Marcio Jose","Disruptive Technologies and Finance : An
            Analysis of Digital Startups in Africa",34210179.0,,,,,,"This paper investigates the
            relationship between disruptive technologies and access to
            finance for digital tech firms in Africa. Through textual
            analysis of data from Crunchbase and Pitchbook, the study
            explores how firms across different age cohorts incorporate
            disruptive technologies into their offerings in e-commerce,
            fintech, and information technology services. The findings
            reveal three key insights for African digital tech startups.
            First, African startups are less likely to incorporate
            disruptive technologies into their offerings compared to
            other regions, except for mobile payments. Second,
            incorporating these technologies is associated with more
            funding, but this link is weaker in Africa than in other
            regions. These results hold when excluding mobile payments
            and addressing potential endogeneity using instrumental
            variables. Third, firms that do incorporate disruptive
            technologies tend to secure funding earlier, with lower
            initial amounts, but are more likely to succeed in terms of
            exit or valuation growth than their peers.","Pereira Lopez,Mariana De La Paz","Salgado Chavez,Edgar",,,,,,,,,,,,,,,,,,,,,,,,,,,,,,,,,,,"Title: Disruptive Technologies and
            Finance : An Analysis of Digital Startups in Africa. Abstract: This paper investigates the
            relationship between disruptive technologies and access to
            finance for digital tech firms in Africa. Through textual
            analysis of data from Crunchbase and Pitchbook, the study
            explores how firms across different age cohorts incorporate
            disruptive technologies into their offerings in e-commerce,
            fintech, and information technology services. The findings
            reveal three key insights for African digital tech startups.
            First, African startups are less likely to incorporate
            disruptive technologies into their offerings compared to
            other regions, except for mobile payments. Second,
            incorporating these technologies is associated with more
            funding, but this link is weaker in Africa than in other
            regions. These results hold when excluding mobile payments
            and addressing potential endogeneity using instrumental
            variables. Third, firms that do incorporate disruptive
            technologies tend to secure funding earlier, with lower
            initial amounts, but are more likely to succeed in terms of
            exit or valuation growth than their peers.","[{'label': 'LABEL_1', 'score': 0.8791908025741577}]"
8285,366,34212577.0,"World,European Union,United Kingdom",Policy Research Working Paper,2023-12-11T00:00:00Z,Publications & Research,Policy Research working paper ; no. WPS 10634,"Quantifying Economic Impacts of
            Trade Agreements with Heterogeneous Trade Elasticities",http://documents.worldbank.org/curated/en/099658012112333292/pdf/IDU0332bdf3d0f531043830b9a20e812ebd9cdd1.pdf,/research/2023/12/34212577/quantifying-economic-impacts-trade-agreements-heterogeneous-trade-elasticities,http://documents.worldbank.org/curated/en/099658012112333292/IDU0332bdf3d0f531043830b9a20e812ebd9cdd1,2023/12/34212577/IDU0332bdf3d0f531043830b9a20e812ebd9cdd1,9.96580121123333e+16,,http://documents.worldbank.org/curated/en/099658012112333292/IDU0332bdf3d0f531043830b9a20e812ebd9cdd1,"Kee,Hiau Looi","Quantifying Economic Impacts of Trade
            Agreements with Heterogeneous Trade Elasticities",34212577.0,,,,,,"Bilateral trade relationships between
            countries vary across products. Such heterogeneity poses
            challenges when assessing the economic impacts of trade
            agreements. This paper estimates bilateral trade
            elasticities at the product level and explores these impacts
            using a hypothetical no-deal Brexit as an example. The
            findings indicate that the European Union’s demand for the
            United Kingdom’s products is often less elastic compared to
            products from other trading partners. The findings also show
            substantial heterogeneity in the elasticities across
            products and a negative correlation between these
            elasticities and tariffs. These factors mitigate the extent
            of trade welfare losses compared to a scenario using
            homogeneous elasticities.","Nicita,Alessandro",,,,,,,,,,,,,,,,,,,,,,,,,,,,,,,,,,,,"Title: Quantifying Economic Impacts of
            Trade Agreements with Heterogeneous Trade Elasticities. Abstract: Bilateral trade relationships between
            countries vary across products. Such heterogeneity poses
            challenges when assessing the economic impacts of trade
            agreements. This paper estimates bilateral trade
            elasticities at the product level and explores these impacts
            using a hypothetical no-deal Brexit as an example. The
            findings indicate that the European Union’s demand for the
            United Kingdom’s products is often less elastic compared to
            products from other trading partners. The findings also show
            substantial heterogeneity in the elasticities across
            products and a negative correlation between these
            elasticities and tariffs. These factors mitigate the extent
            of trade welfare losses compared to a scenario using
            homogeneous elasticities.","[{'label': 'LABEL_1', 'score': 0.5785983800888062}]"
8286,367,34212650.0,World,Policy Research Working Paper,2023-12-11T00:00:00Z,Publications & Research,Policy Research working paper ; no. WPS 10635,"Linking Trade to Jobs, Incomes,
            and Activities : New Stylized Facts for Low- and
            Middle-Income Countries",http://documents.worldbank.org/curated/en/099813412112341111/pdf/IDU09e34c9d205fd6043190a05b0f0e02335a74b.pdf,/research/2023/12/34212650/linking-trade-jobs-incomes-activities-new-stylized-facts-low--middle-income-countries,http://documents.worldbank.org/curated/en/099813412112341111/IDU09e34c9d205fd6043190a05b0f0e02335a74b,2023/12/34212650/IDU09e34c9d205fd6043190a05b0f0e02335a74b,9.98134121123411e+16,Off of Sr VP Dev Econ/Chief Econ (DECVP),http://documents.worldbank.org/curated/en/099813412112341111/IDU09e34c9d205fd6043190a05b0f0e02335a74b,"Winkler,Deborah Elisabeth","Linking Trade to Jobs, Incomes, and
            Activities : New Stylized Facts for Low- and Middle-Income Countries",34212650.0,,,,,,"Trade expansion can create more and
            better jobs. This paper revisits the linkages between trade
            and jobs, focusing on employment, labor incomes, and job
            activities across a large sample of countries and sectors
            over 1995 to 2018. Instrumental variables regressions and
            new input-output measures of jobs and activities in exports
            highlight several patterns: Exports and especially imports
            of intermediate inputs are associated with more jobs and
            higher incomes, while final imports show weaker
            correlations. Manufacturing has the biggest potential for
            job and income creation both directly and indirectly in
            supplying sectors. As countries move from specialization in
            commodities to limited manufacturing to advanced
            manufacturing and services global value chains,
            export-employment and export-income elasticities increase.
            Global value chain–intensive developing countries tend to
            have larger shares of production activities in exports
            compared to resource-intensive countries. As countries get
            richer, nonproduction activities in exports, such as
            support, engineering, and managerial services, become
            increasingly important. Finally, the paper explores the role
            of policy for the export job share across countries.","Kruse,Hagen","Aguilar Luna,Luis Alejandro","Maliszewska,Maryla",,,,,,,,,,,,,,,,,,,,,,,,,,,,,,,,,,"Title: Linking Trade to Jobs, Incomes,
            and Activities : New Stylized Facts for Low- and
            Middle-Income Countries. Abstract: Trade expansion can create more and
            better jobs. This paper revisits the linkages between trade
            and jobs, focusing on employment, labor incomes, and job
            activities across a large sample of countries and sectors
            over 1995 to 2018. Instrumental variables regressions and
            new input-output measures of jobs and activities in exports
            highlight several patterns: Exports and especially imports
            of intermediate inputs are associated with more jobs and
            higher incomes, while final imports show weaker
            correlations. Manufacturing has the biggest potential for
            job and income creation both directly and indirectly in
            supplying sectors. As countries move from specialization in
            commodities to limited manufacturing to advanced
            manufacturing and services global value chains,
            export-employment and export-income elasticities increase.
            Global value chain–intensive developing countries tend to
            have larger shares of production activities in exports
            compared to resource-intensive countries. As countries get
            richer, nonproduction activities in exports, such as
            support, engineering, and managerial services, become
            increasingly important. Finally, the paper explores the role
            of policy for the export job share across countries.","[{'label': 'LABEL_1', 'score': 0.9136667251586914}]"
8287,368,34212676.0,World,Policy Research Working Paper,2023-12-11T00:00:00Z,Publications & Research,Policy Research working paper ; no. WPS 10636,"Productive Longevity : What Can
            Work in Low- and Middle-Income Countries?",http://documents.worldbank.org/curated/en/099830412112315829/pdf/IDU05b2d75e70863c04d490a5f50fbb7cafcd7f3.pdf,/research/2023/12/34212676/productive-longevity-can-work-low--middle-income-countries,http://documents.worldbank.org/curated/en/099830412112315829/IDU05b2d75e70863c04d490a5f50fbb7cafcd7f3,2023/12/34212676/IDU05b2d75e70863c04d490a5f50fbb7cafcd7f3,9.983041211231582e+16,Off of Sr VP Dev Econ/Chief Econ (DECVP),http://documents.worldbank.org/curated/en/099830412112315829/IDU05b2d75e70863c04d490a5f50fbb7cafcd7f3,"Johansson De Silva,Sara","Productive Longevity : What Can Work in Low-
            and Middle-Income Countries?",34212676.0,,,,,,"The world’s population is aging at
            dramatic speed. By 2050, most of the world’s seniors (aged
            65+) will be living in what are currently low- and
            middle-income countries. Aging will require low- and
            middle-income countries to develop comprehensive policy
            solutions to sustain welfare levels and ensure that welfare
            is equitably distributed across generations and
            socioeconomic groups. Given higher informality and lower
            human capital levels in low- and middle-income countries
            than more advanced economies, the balance and composition of
            the policy package in these contexts may differ, but there
            will be a common need for labor market policies to increase
            “productive longevity”—that is, to foster higher labor force
            participation and productivity among mature workers. This
            paper presents a framework identifying market,
            institutional, and behavioral failures that create
            constraints to productive longevity, and policies that may
            overcome these constraints. Drawing, to the extent possible,
            on the experience of low- and middle-income countries, the
            paper reviews evidence on supply-side and demand-side
            interventions to improve incentives, remove barriers to
            work, and invest in skills, as well as policies to improve
            matching of mature workers in labor markets. The paper ends
            with a discussion of meta-lessons for low- and middle-income countries.","Santos,Indhira Vanessa",,,,,,,,,,,,,,,,,,,,,,,,,,,,,,,,,,,,"Title: Productive Longevity : What Can
            Work in Low- and Middle-Income Countries?. Abstract: The world’s population is aging at
            dramatic speed. By 2050, most of the world’s seniors (aged
            65+) will be living in what are currently low- and
            middle-income countries. Aging will require low- and
            middle-income countries to develop comprehensive policy
            solutions to sustain welfare levels and ensure that welfare
            is equitably distributed across generations and
            socioeconomic groups. Given higher informality and lower
            human capital levels in low- and middle-income countries
            than more advanced economies, the balance and composition of
            the policy package in these contexts may differ, but there
            will be a common need for labor market policies to increase
            “productive longevity”—that is, to foster higher labor force
            participation and productivity among mature workers. This
            paper presents a framework identifying market,
            institutional, and behavioral failures that create
            constraints to productive longevity, and policies that may
            overcome these constraints. Drawing, to the extent possible,
            on the experience of low- and middle-income countries, the
            paper reviews evidence on supply-side and demand-side
            interventions to improve incentives, remove barriers to
            work, and invest in skills, as well as policies to improve
            matching of mature workers in labor markets. The paper ends
            with a discussion of meta-lessons for low- and middle-income countries.","[{'label': 'LABEL_0', 'score': 0.8086709976196289}]"
8288,369,34212706.0,World,Policy Research Working Paper,2023-12-11T00:00:00Z,Publications & Research,Policy Research working paper ; no. WPS 10637,"Leveraging Trade for More and
            Better Job Opportunities in Developing Countries : A
            Framework for Policy",http://documents.worldbank.org/curated/en/099856012112325245/pdf/IDU08431b4fc03f3404f03098a900587df4e1a40.pdf,/research/2023/12/34212706/leveraging-trade-more-better-job-opportunities-developing-countries-framework-policy,http://documents.worldbank.org/curated/en/099856012112325245/IDU08431b4fc03f3404f03098a900587df4e1a40,2023/12/34212706/IDU08431b4fc03f3404f03098a900587df4e1a40,9.985601211232525e+16,Off of Sr VP Dev Econ/Chief Econ (DECVP),http://documents.worldbank.org/curated/en/099856012112325245/IDU08431b4fc03f3404f03098a900587df4e1a40,"Shepherd,Ben","Leveraging Trade for More and Better Job
            Opportunities in Developing Countries : A Framework for Policy",34212706.0,,,,,,"Trade and labor markets are
            intimately connected. This connection presents governments
            with a dual economic challenge that cannot be resolved
            without social compromise: maximizing aggregate gains but
            minimizing disaggregated costs, which can include losses to
            individuals and groups. This paper draws on recent research
            to develop a framework for thinking rigorously about these
            linkages. It then examines aspects of policy design and
            implementation that relate directly to labor market
            outcomes. It discusses three sets of policies that are
            required to help resolve the government’s dual challenge in
            a sustainable way: policies for people, sectors, and places.
            The framework includes policies to mitigate losses and
            facilitate movement of workers, classical trade policies,
            and a broad set of complementary policies that reduce trade
            costs. It also looks at the need for fiscal space to
            implement policies, and highlights the tension between
            tariff reductions and trade-related taxes, especially in
            countries where trade taxes account for a significant
            proportion of total government revenue.","Winkler,Deborah Elisabeth",,,,,,,,,,,,,,,,,,,,,,,,,,,,,,,,,,,,"Title: Leveraging Trade for More and
            Better Job Opportunities in Developing Countries : A
            Framework for Policy. Abstract: Trade and labor markets are
            intimately connected. This connection presents governments
            with a dual economic challenge that cannot be resolved
            without social compromise: maximizing aggregate gains but
            minimizing disaggregated costs, which can include losses to
            individuals and groups. This paper draws on recent research
            to develop a framework for thinking rigorously about these
            linkages. It then examines aspects of policy design and
            implementation that relate directly to labor market
            outcomes. It discusses three sets of policies that are
            required to help resolve the government’s dual challenge in
            a sustainable way: policies for people, sectors, and places.
            The framework includes policies to mitigate losses and
            facilitate movement of workers, classical trade policies,
            and a broad set of complementary policies that reduce trade
            costs. It also looks at the need for fiscal space to
            implement policies, and highlights the tension between
            tariff reductions and trade-related taxes, especially in
            countries where trade taxes account for a significant
            proportion of total government revenue.","[{'label': 'LABEL_0', 'score': 0.8229107856750488}]"
8289,370,34212724.0,Romania,Policy Research Working Paper,2023-12-11T00:00:00Z,Publications & Research,"Policy Research working paper ; no. WPS
            10638; RRR","Preparatory School Years and
            Maternal Employment in Romania",http://documents.worldbank.org/curated/en/099916512112331443/pdf/IDU04bdf4f0b0085404fe308329043198ba43117.pdf,/research/2023/12/34212724/preparatory-school-years-maternal-employment-romania,http://documents.worldbank.org/curated/en/099916512112331443/IDU04bdf4f0b0085404fe308329043198ba43117,2023/12/34212724/IDU04bdf4f0b0085404fe308329043198ba43117,9.991651211233144e+16,,http://documents.worldbank.org/curated/en/099916512112331443/IDU04bdf4f0b0085404fe308329043198ba43117,"Robayo,Monica","Preparatory School Years and Maternal
            Employment in Romania",34212724.0,,,,,,"This paper uses the introduction of
            preparatory school classes targeting six-year-old children
            in Romania to study whether universal, compulsory, public
            care provision could increase female employment. Results
            from difference-in-difference estimations show that the
            reform resulted in rising employment rates for mothers of
            six-year-old children. The effect is lower for mothers
            living in households with elderly people, but larger for
            those facing stronger trade-offs prior to the reform.
            Overall, investing in universal, compulsory, public
            childcare is beneficial and could significantly increase
            female employment and labor force participation rates.","Rude,Britta Laurin",,,,,,,,,,,,,,,,,,,,,,,,,,,,,,,,,,,,"Title: Preparatory School Years and
            Maternal Employment in Romania. Abstract: This paper uses the introduction of
            preparatory school classes targeting six-year-old children
            in Romania to study whether universal, compulsory, public
            care provision could increase female employment. Results
            from difference-in-difference estimations show that the
            reform resulted in rising employment rates for mothers of
            six-year-old children. The effect is lower for mothers
            living in households with elderly people, but larger for
            those facing stronger trade-offs prior to the reform.
            Overall, investing in universal, compulsory, public
            childcare is beneficial and could significantly increase
            female employment and labor force participation rates.","[{'label': 'LABEL_1', 'score': 0.8695051074028015}]"
8290,371,34212730.0,Argentina,Policy Research Working Paper,2023-12-11T00:00:00Z,Publications & Research,Policy Research working paper ; no. WPS 10639,"Revealing 21% of GDP in Hidden
            Assets : Evidence from Argentina",http://documents.worldbank.org/curated/en/099934312112322376/pdf/IDU00738e97b03268043dd0a3d500bb680f31ebd.pdf,/research/2023/12/34212730/revealing-21-gdp-hidden-assets-evidence-argentina,http://documents.worldbank.org/curated/en/099934312112322376/IDU00738e97b03268043dd0a3d500bb680f31ebd,2023/12/34212730/IDU00738e97b03268043dd0a3d500bb680f31ebd,9.993431211232237e+16,Off of Sr VP Dev Econ/Chief Econ (DECVP),http://documents.worldbank.org/curated/en/099934312112322376/IDU00738e97b03268043dd0a3d500bb680f31ebd,"Londoño-Vélez,Juliana","Revealing 21% of GDP in Hidden Assets :
            Evidence from Argentina",34212730.0,,,,,,"Despite substantial offshore tax
            evasion, Argentines disclosed assets worth 21 percent of GDP
            under a tax amnesty in 2016. This paper studies how
            enforcement initiatives impact individuals' tax
            behavior, tax progressivity, and revenue collection.
            Offshore tax evasion is concentrated among the wealthiest
            0.1 percent of adults. Tax compliance improved, expanding
            the tax bases for both wealth tax and capital income tax,
            especially at the top. The subsequent tax hike on foreign
            assets in 2019 boosted tax progressivity, raising the
            effective tax rate for the wealthiest 0.1 percent of adults,
            and established Argentina's wealth tax as one of the
            most successful globally in revenue generation.","Tortarolo,Dario",,,,,,,,,,,,,,,,,,,,,,,,,,,,,,,,,,,,"Title: Revealing 21% of GDP in Hidden
            Assets : Evidence from Argentina. Abstract: Despite substantial offshore tax
            evasion, Argentines disclosed assets worth 21 percent of GDP
            under a tax amnesty in 2016. This paper studies how
            enforcement initiatives impact individuals' tax
            behavior, tax progressivity, and revenue collection.
            Offshore tax evasion is concentrated among the wealthiest
            0.1 percent of adults. Tax compliance improved, expanding
            the tax bases for both wealth tax and capital income tax,
            especially at the top. The subsequent tax hike on foreign
            assets in 2019 boosted tax progressivity, raising the
            effective tax rate for the wealthiest 0.1 percent of adults,
            and established Argentina's wealth tax as one of the
            most successful globally in revenue generation.","[{'label': 'LABEL_1', 'score': 0.8540835380554199}]"
8291,372,34213264.0,Indonesia,Policy Research Working Paper,2023-12-12T00:00:00Z,Publications & Research,Policy Research working paper ; no. WPS 10640,"Are Ride-Hailing Services and
            Public Transport Complements or Substitutes ? Evidence from
            the Opening of Jakarta’s MRT System",http://documents.worldbank.org/curated/en/099322112122328638/pdf/IDU04517b3d3012db04c4d08eb603acc2bb9d18f.pdf,/research/2023/12/34213264/ride-hailing-services-public-transport-complements-or-substitutes-evidence-opening-jakarta’s-mrt-system,http://documents.worldbank.org/curated/en/099322112122328638/IDU04517b3d3012db04c4d08eb603acc2bb9d18f,2023/12/34213264/IDU04517b3d3012db04c4d08eb603acc2bb9d18f,9.932211212232864e+16,,http://documents.worldbank.org/curated/en/099322112122328638/IDU04517b3d3012db04c4d08eb603acc2bb9d18f,"Bosker,Maarten","Are Ride-Hailing Services and Public
            Transport Complements or Substitutes ? Evidence from the
            Opening of Jakarta’s MRT System",34213264.0,,,,,,"Motorbike-based ride-hailing services
            are widespread in many of the most congested cities in the
            developing world. These services often predate the
            construction of modern public mass rapid transit systems.
            Ride-hailing services may complement such investments by
            providing important first and last mile connectivity.
            However, it has also been argued that they undermine the
            viability of mass rapid transit systems as people prefer to
            use ride-hailing services given their convenience and low
            prices. This paper applies an event study research design to
            proprietary, high-frequency data from one of Indonesia’s
            largest ride-hailing services, Gojek. The findings show that
            the opening of stations on Jakarta’s first mass rapid
            transit line led to large increases in ride-hailing activity
            in the immediate vicinities of the stations. This was
            accompanied by a significant decline in the average distance
            of ride-hailing trips to and from the station locations.
            These findings are consistent with ride-hailing services
            complementing public transport by providing first and last
            mile connectivity to the newly opened mass rapid transit
            system. Interestingly, this holds for both commuting and
            non-commuting trips and is strongest for mass rapid transit
            station locations that were not already served by Jakarta’s
            bus rapid transit system.","Roberts,Mark","Tiwari,Sailesh","Wibisana,Putu Sanjiwacika",,,,,,,,"Wihardja,Maria Monica",,,"Yanurzha,Ramda",,,,,,,,,,,,,,,,,,,,,,,"Title: Are Ride-Hailing Services and
            Public Transport Complements or Substitutes ? Evidence from
            the Opening of Jakarta’s MRT System. Abstract: Motorbike-based ride-hailing services
            are widespread in many of the most congested cities in the
            developing world. These services often predate the
            construction of modern public mass rapid transit systems.
            Ride-hailing services may complement such investments by
            providing important first and last mile connectivity.
            However, it has also been argued that they undermine the
            viability of mass rapid transit systems as people prefer to
            use ride-hailing services given their convenience and low
            prices. This paper applies an event study research design to
            proprietary, high-frequency data from one of Indonesia’s
            largest ride-hailing services, Gojek. The findings show that
            the opening of stations on Jakarta’s first mass rapid
            transit line led to large increases in ride-hailing activity
            in the immediate vicinities of the stations. This was
            accompanied by a significant decline in the average distance
            of ride-hailing trips to and from the station locations.
            These findings are consistent with ride-hailing services
            complementing public transport by providing first and last
            mile connectivity to the newly opened mass rapid transit
            system. Interestingly, this holds for both commuting and
            non-commuting trips and is strongest for mass rapid transit
            station locations that were not already served by Jakarta’s
            bus rapid transit system.","[{'label': 'LABEL_0', 'score': 0.8500195741653442}]"
8292,373,34213298.0,"World,Europe and Central Asia",Policy Research Working Paper,2023-12-12T00:00:00Z,Publications & Research,"Policy Research working paper ; no. WPS
            10641; RRR; COVID-19 (Coronavirus)","Government Support and Firm
            Performance during COVID-19",http://documents.worldbank.org/curated/en/099404412122317205/pdf/IDU0d4cdf5830014b043cf0801e03451560fd5f5.pdf,/research/2023/12/34213298/government-support-firm-performance-during-covid-19,http://documents.worldbank.org/curated/en/099404412122317205/IDU0d4cdf5830014b043cf0801e03451560fd5f5,2023/12/34213298/IDU0d4cdf5830014b043cf0801e03451560fd5f5,9.94044121223172e+16,Off of Sr VP Dev Econ/Chief Econ (DECVP),http://documents.worldbank.org/curated/en/099404412122317205/IDU0d4cdf5830014b043cf0801e03451560fd5f5,"Bruhn,Miriam","Government Support and Firm Performance
            during COVID-19",34213298.0,,,,,,"This paper assesses the medium-run
            effects of government support to firms during the COVID-19
            crisis and whether the effectiveness of this support varied
            with its timing. Using data from three rounds of the World
            Bank’s Enterprise Surveys COVID-19 Follow-up Surveys carried
            out between May 2020 and April 2022, it relates government
            support in Round 1 (received in the first half of 2020) and
            Round 2 (received during the second half of 2020 or early
            2021) with firm performance in Round 3 (generally mid-2021).
            Controlling for a host of background characteristics, firms
            that received support in Round 1 performed better in terms
            of Round 3 sales, but only if they did not have continued
            support. Firms that also received support in Round 2 had
            similar Round 3 sales as those that received no support and
            were more likely to decrease employment. Firms that received
            government support only in Round 2 experienced no boost in
            Round 3 performance. The findings suggest that government
            support should be provided promptly, but it should also be
            phased out quickly.","Demirguc-Kunt,Asli","Singer,Dorothe",,,,,,,,,,,,,,,,,,,,,,,,,,,,,,,,,,,"Title: Government Support and Firm
            Performance during COVID-19. Abstract: This paper assesses the medium-run
            effects of government support to firms during the COVID-19
            crisis and whether the effectiveness of this support varied
            with its timing. Using data from three rounds of the World
            Bank’s Enterprise Surveys COVID-19 Follow-up Surveys carried
            out between May 2020 and April 2022, it relates government
            support in Round 1 (received in the first half of 2020) and
            Round 2 (received during the second half of 2020 or early
            2021) with firm performance in Round 3 (generally mid-2021).
            Controlling for a host of background characteristics, firms
            that received support in Round 1 performed better in terms
            of Round 3 sales, but only if they did not have continued
            support. Firms that also received support in Round 2 had
            similar Round 3 sales as those that received no support and
            were more likely to decrease employment. Firms that received
            government support only in Round 2 experienced no boost in
            Round 3 performance. The findings suggest that government
            support should be provided promptly, but it should also be
            phased out quickly.","[{'label': 'LABEL_1', 'score': 0.814922034740448}]"
8293,374,34213411.0,"Sri Lanka,World",Policy Research Working Paper,2023-12-12T00:00:00Z,Publications & Research,Policy Research working paper ; no. WPS 10642,"Fertilizer Import Bans,
            Agricultural Exports, and Welfare : Evidence from Sri Lanka",http://documents.worldbank.org/curated/en/099557412122318720/pdf/IDU104598f2e1bdd714d911a7781a48abca1ac80.pdf,/research/2023/12/34213411/fertilizer-import-bans-agricultural-exports-welfare-evidence-sri-lanka,http://documents.worldbank.org/curated/en/099557412122318720/IDU104598f2e1bdd714d911a7781a48abca1ac80,2023/12/34213411/IDU104598f2e1bdd714d911a7781a48abca1ac80,9.955741212231872e+16,Off of Sr VP Dev Econ/Chief Econ (DECVP),http://documents.worldbank.org/curated/en/099557412122318720/IDU104598f2e1bdd714d911a7781a48abca1ac80,"Ghose,Devaki","Fertilizer Import Bans, Agricultural
            Exports, and Welfare : Evidence from Sri Lanka",34213411.0,,,,,,"This paper quantifies the value of
            fertilizer for agricultural production and trade in a
            developing economy where agriculture is centrally important
            by using an unprecedented natural experiment whereby the
            government of Sri Lanka imposed an abrupt and unexpected ban
            on the imports of all chemical fertilizers in May 2021. The
            analysis combines novel high-frequency firm-level trade
            data, detailed agricultural ground production data, crop
            yield estimates from state-of-the-art remote sensing
            techniques, and dynamic event study designs. The findings
            show that the fertilizer ban led to dramatic declines in
            agricultural production, fertilizer imports, and exports of
            fertilizer-dependent crops. Using a quantitative trade
            model, the paper finds that the ban’s welfare effects were
            equivalent to a 1.5 percent income reduction on average,
            with losses disproportionately concentrated on landowners
            (whose income is tied to agriculture) relative to workers
            and on regions specialized in the cultivation of relatively
            fertilizer-intensive crops. The findings quantify the
            equilibrium value of fertilizer in agriculture, an important
            estimate for any fertilizer-related policy (such as
            fertilizer subsidies) and for the public debate on the costs
            and benefits of environmental regulation more generally.","Pinheiro Fraga,Eduardo","Fernandes,Ana Margarida",,,,,,,,,,,,,,,,,,,,,,,,,,,,,,,,,,,"Title: Fertilizer Import Bans,
            Agricultural Exports, and Welfare : Evidence from Sri Lanka. Abstract: This paper quantifies the value of
            fertilizer for agricultural production and trade in a
            developing economy where agriculture is centrally important
            by using an unprecedented natural experiment whereby the
            government of Sri Lanka imposed an abrupt and unexpected ban
            on the imports of all chemical fertilizers in May 2021. The
            analysis combines novel high-frequency firm-level trade
            data, detailed agricultural ground production data, crop
            yield estimates from state-of-the-art remote sensing
            techniques, and dynamic event study designs. The findings
            show that the fertilizer ban led to dramatic declines in
            agricultural production, fertilizer imports, and exports of
            fertilizer-dependent crops. Using a quantitative trade
            model, the paper finds that the ban’s welfare effects were
            equivalent to a 1.5 percent income reduction on average,
            with losses disproportionately concentrated on landowners
            (whose income is tied to agriculture) relative to workers
            and on regions specialized in the cultivation of relatively
            fertilizer-intensive crops. The findings quantify the
            equilibrium value of fertilizer in agriculture, an important
            estimate for any fertilizer-related policy (such as
            fertilizer subsidies) and for the public debate on the costs
            and benefits of environmental regulation more generally.","[{'label': 'LABEL_0', 'score': 0.8151741027832031}]"
8294,375,34213420.0,Georgia,Policy Research Working Paper,2023-12-12T00:00:00Z,Publications & Research,Policy Research working paper ; no. WPS 10643,"Impacts and Sources of Air
            Pollution in Tbilisi, Georgia",http://documents.worldbank.org/curated/en/099646212122322612/pdf/IDU02641249b0ee45048c60b23107ec0644d38d2.pdf,/research/2023/12/34213420/impacts-sources-air-pollution-tbilisi-georgia,http://documents.worldbank.org/curated/en/099646212122322612/IDU02641249b0ee45048c60b23107ec0644d38d2,2023/12/34213420/IDU02641249b0ee45048c60b23107ec0644d38d2,9.964621212232261e+16,Off of Sr VP Dev Econ/Chief Econ (DECVP),http://documents.worldbank.org/curated/en/099646212122322612/IDU02641249b0ee45048c60b23107ec0644d38d2,"Baquie,Sandra","Impacts and Sources of Air Pollution in
            Tbilisi, Georgia",34213420.0,,,,,,"Air pollution profoundly impacts
            welfare, causing more deaths globally than malnutrition,
            AIDS, tuberculosis, and malaria combined. In the Georgian
            capital, Tbilisi, air pollution levels exceed international
            standards and surpass levels in other cities in the region.
            The average monthly PM2.5 concentration in Tbilisi is 20
            Micrograms per cubic meter, four times higher than the World
            Health Organization’s annual recommended limit. This paper
            uses multiple data sources — administrative data, satellite
            imagery, private real estate transactions, and traffic data
            — to estimate the impact of air pollution on the health and
            productivity of people in Tbilisi. It estimates that a 1
            percent increase in PM2.5 levels corresponds to a 0.24
            percent increase in respiratory hospitalization rates. A 1
            percent increase in PM2.5 is also associated with a 0.2
            percent decrease in rental prices. All the estimates are
            lower bounds of the total impact of air pollution as they
            only account for short-term consequences. The study shows
            that traffic and industrial activity are significant drivers
            of air pollution in Tbilisi. The paper also estimates the
            positive co-benefits of potential carbon pricing policies
            from air pollution reduction. Adopting a carbon tax of $25
            per ton would reduce hospitalizations by 0.44 percent per
            district by 2036, while increasing rental prices by 0.38 percent.","Behrer,Arnold Patrick","Du,Xinming","Fuchs Tarlovsky,Alan",,,,,,,,"Nozaki,Natsuko Kiso",,,,,,,,,,,,,,,,,,,,,,,,,,"Title: Impacts and Sources of Air
            Pollution in Tbilisi, Georgia. Abstract: Air pollution profoundly impacts
            welfare, causing more deaths globally than malnutrition,
            AIDS, tuberculosis, and malaria combined. In the Georgian
            capital, Tbilisi, air pollution levels exceed international
            standards and surpass levels in other cities in the region.
            The average monthly PM2.5 concentration in Tbilisi is 20
            Micrograms per cubic meter, four times higher than the World
            Health Organization’s annual recommended limit. This paper
            uses multiple data sources — administrative data, satellite
            imagery, private real estate transactions, and traffic data
            — to estimate the impact of air pollution on the health and
            productivity of people in Tbilisi. It estimates that a 1
            percent increase in PM2.5 levels corresponds to a 0.24
            percent increase in respiratory hospitalization rates. A 1
            percent increase in PM2.5 is also associated with a 0.2
            percent decrease in rental prices. All the estimates are
            lower bounds of the total impact of air pollution as they
            only account for short-term consequences. The study shows
            that traffic and industrial activity are significant drivers
            of air pollution in Tbilisi. The paper also estimates the
            positive co-benefits of potential carbon pricing policies
            from air pollution reduction. Adopting a carbon tax of $25
            per ton would reduce hospitalizations by 0.44 percent per
            district by 2036, while increasing rental prices by 0.38 percent.","[{'label': 'LABEL_1', 'score': 0.7083052396774292}]"
8295,376,34214449.0,World,Policy Research Working Paper,2023-12-13T00:00:00Z,Publications & Research,Policy Research working paper ; no. WPS 10644,"Firms and Climate Change in Low-
            and Middle-Income Countries",http://documents.worldbank.org/curated/en/099520212132322680/pdf/IDU0547ba0d4074fe049c10b8d90e70009f655c3.pdf,/research/2023/12/34214449/firms-climate-change-low--middle-income-countries,http://documents.worldbank.org/curated/en/099520212132322680/IDU0547ba0d4074fe049c10b8d90e70009f655c3,2023/12/34214449/IDU0547ba0d4074fe049c10b8d90e70009f655c3,9.952021213232269e+16,Off of Sr VP Dev Econ/Chief Econ (DECVP),http://documents.worldbank.org/curated/en/099520212132322680/IDU0547ba0d4074fe049c10b8d90e70009f655c3,"Goicoechea,Ana","Firms and Climate Change in Low- and
            Middle-Income Countries",34214449.0,,,,,,"Low- and middle-income countries
            (LMICs) face a disproportionate burden from climate change,
            potentially threatening the operations and profitability of
            firms. Simultaneously, firms in LMICs may contribute to
            climate change through the emissions associated with
            production. This paper synthesizes the empirical evidence on
            the links between climate change and firms in LMICs. It
            identifies three major gaps: poor geographic coverage,
            little discussion of how market failures interact with
            climate change in ways that constrain firm decisions, and an
            overall greater focus on policies for mitigation than adaptation.","Lang,Megan Elizabeth",,,,,,,,,,,,,,,,,,,,,,,,,,,,,,,,,,,,"Title: Firms and Climate Change in Low-
            and Middle-Income Countries. Abstract: Low- and middle-income countries
            (LMICs) face a disproportionate burden from climate change,
            potentially threatening the operations and profitability of
            firms. Simultaneously, firms in LMICs may contribute to
            climate change through the emissions associated with
            production. This paper synthesizes the empirical evidence on
            the links between climate change and firms in LMICs. It
            identifies three major gaps: poor geographic coverage,
            little discussion of how market failures interact with
            climate change in ways that constrain firm decisions, and an
            overall greater focus on policies for mitigation than adaptation.","[{'label': 'LABEL_1', 'score': 0.8290467262268066}]"
8296,377,34214489.0,World,Policy Research Working Paper,2023-12-13T00:00:00Z,Publications & Research,"Policy Research working paper ; no. WPS
            10645; RRR","The Trade-Growth Nexus: Evidence
            of Causality from Innovative Instruments for Trade",http://documents.worldbank.org/curated/en/099550412132341350/pdf/IDU1a68116e91579814937191a71918736db8633.pdf,/research/2023/12/34214489/trade-growth-nexus-evidence-causality-innovative-instruments-trade,http://documents.worldbank.org/curated/en/099550412132341350/IDU1a68116e91579814937191a71918736db8633,2023/12/34214489/IDU1a68116e91579814937191a71918736db8633,9.955041213234134e+16,Off of Sr VP Dev Econ/Chief Econ (DECVP),http://documents.worldbank.org/curated/en/099550412132341350/IDU1a68116e91579814937191a71918736db8633,"Nana,Ibrahim","The Trade-Growth Nexus: Evidence of
            Causality from Innovative Instruments for Trade",34214489.0,,,,,,"During the past decades, extensive
            literature has emphasized the role of both international
            trade and openness in fostering economic growth. Endogeneity
            bias is a nagging challenge for any empirical attempt to
            study the causal relationship between trade and economic
            growth. This study contributes to the existing stock of
            knowledge and helps to address these challenges by
            introducing new instrumental variables for trade. The study
            samples 197 countries over 1970–2020. The findings suggest
            that international trade has a positive and significant
            effect on gross domestic product per capita, which tends to
            be higher for emerging markets and development economies.
            Thus, the study provides an enhanced empirical foundation
            for the expectation that investments made to support trade
            are also good for economic growth, especially in emerging markets.","Motelle,Sephooko Ignatius","Starnes,Susan K.",,,,,,,,,,,,,,,,,,,,,,,,,,,,,,,,,,,"Title: The Trade-Growth Nexus: Evidence
            of Causality from Innovative Instruments for Trade. Abstract: During the past decades, extensive
            literature has emphasized the role of both international
            trade and openness in fostering economic growth. Endogeneity
            bias is a nagging challenge for any empirical attempt to
            study the causal relationship between trade and economic
            growth. This study contributes to the existing stock of
            knowledge and helps to address these challenges by
            introducing new instrumental variables for trade. The study
            samples 197 countries over 1970–2020. The findings suggest
            that international trade has a positive and significant
            effect on gross domestic product per capita, which tends to
            be higher for emerging markets and development economies.
            Thus, the study provides an enhanced empirical foundation
            for the expectation that investments made to support trade
            are also good for economic growth, especially in emerging markets.","[{'label': 'LABEL_0', 'score': 0.7098156213760376}]"
8297,378,34215230.0,"Egypt, Arab Republic of",Policy Research Working Paper,2023-12-14T00:00:00Z,Publications & Research,"Policy Research working paper ; no. WPS
            10646; COVID-19 (Coronavirus)","The Effect of COVID-19 on the
            Gender Employment Gap in Egyptian Manufacturing",http://documents.worldbank.org/curated/en/099832312142329811/pdf/IDU18c41f68e1260b14e7d1804e1092626f792f0.pdf,/research/2023/12/34215230/effect-covid-19-gender-employment-gap-egyptian-manufacturing,http://documents.worldbank.org/curated/en/099832312142329811/IDU18c41f68e1260b14e7d1804e1092626f792f0,2023/12/34215230/IDU18c41f68e1260b14e7d1804e1092626f792f0,9.983231214232981e+16,Off of Sr VP Dev Econ/Chief Econ (DECVP),http://documents.worldbank.org/curated/en/099832312142329811/IDU18c41f68e1260b14e7d1804e1092626f792f0,"El-Haddad,Amirah","The Effect of COVID-19 on the Gender
            Employment Gap in Egyptian Manufacturing",34215230.0,,,,,,"This paper examines the evolution of
            the gender employment gap post COVID-19 in the Egyptian
            manufacturing sector, using a unique firm-level data set.
            The findings show that the COVID-19 shock led to a slight
            improvement in the gender employment gap, both in absolute
            and relative terms, driven by a larger reduction in male
            employment compared to that for female employment. The
            heterogeneity analysis shows that exporting firms and firms
            in industrial zones on average increased both types of
            employment post COVID-19. Two types of firms contributed to
            a worsening of the gender gap, namely firms that adopted
            technology and those that provided worker training prior to
            the pandemic, pushing male employment up while not doing the
            same for female employment. Additionally, the informal
            sector contributed to a worsening of the gender gap during
            the pandemic.","Ishak,Phoebe Saad Wasfy",,,,,,,,,,,,,,,,,,,,,,,,,,,,,,,,,,,,"Title: The Effect of COVID-19 on the
            Gender Employment Gap in Egyptian Manufacturing. Abstract: This paper examines the evolution of
            the gender employment gap post COVID-19 in the Egyptian
            manufacturing sector, using a unique firm-level data set.
            The findings show that the COVID-19 shock led to a slight
            improvement in the gender employment gap, both in absolute
            and relative terms, driven by a larger reduction in male
            employment compared to that for female employment. The
            heterogeneity analysis shows that exporting firms and firms
            in industrial zones on average increased both types of
            employment post COVID-19. Two types of firms contributed to
            a worsening of the gender gap, namely firms that adopted
            technology and those that provided worker training prior to
            the pandemic, pushing male employment up while not doing the
            same for female employment. Additionally, the informal
            sector contributed to a worsening of the gender gap during
            the pandemic.","[{'label': 'LABEL_1', 'score': 0.929364025592804}]"
8298,379,34216042.0,World,Policy Research Working Paper,2023-12-15T00:00:00Z,Publications & Research,"Policy Research working paper ; no. WPS
            10647; RRR","Vehicle and Fuel Taxation for
            Transport Demand Management : Learnings from the Literature
            through a Development Lens",http://documents.worldbank.org/curated/en/099900312152317565/pdf/IDU1115208e81423d143811b86e15f35c138b74c.pdf,/research/2023/12/34216042/vehicle-fuel-taxation-transport-demand-management-learnings-literature-through-development-lens,http://documents.worldbank.org/curated/en/099900312152317565/IDU1115208e81423d143811b86e15f35c138b74c,2023/12/34216042/IDU1115208e81423d143811b86e15f35c138b74c,9.990031215231757e+16,Off of Sr VP Dev Econ/Chief Econ (DECVP),http://documents.worldbank.org/curated/en/099900312152317565/IDU1115208e81423d143811b86e15f35c138b74c,He He,"Vehicle and Fuel Taxation for Transport
            Demand Management : Learnings from the Literature through a
            Development Lens",34216042.0,,,,,,"Correctly pricing private vehicles
            and their use is paramount to building sustainable, safe,
            and equitable transportation systems. However, determining
            the “right” price – the combination of taxes on vehicle
            purchase, ownership, and use – is a complex problem.
            Although a rich literature exists on the subject, it is
            built on evidence from developed countries. This paper
            synthesizes the lessons learned from the literature,
            theoretical and empirical, on vehicle and fuel taxation for
            managing private vehicle demand. In particular, the paper
            examines the efficiency and distributional impacts of
            purchase, ownership, and use taxes. The literature is
            unequivocal that taxing use dominates taxing purchase or
            ownership on efficiency grounds. Nonetheless, the latter
            instruments can still have important roles to play, for
            example, addressing specific market failures, for equity and
            political acceptability considerations, or for ease of
            enforcement. The paper also discusses the practical
            challenges of saliency, gaming, and evasion of taxes; how
            the effectiveness of taxes as policy instruments also
            depends on the availability of alternatives to driving; and
            what the emergence of electric vehicles means for optimal
            taxation. Importantly, the paper considers how these
            lessons, mostly derived from high-income countries with
            mature automobile markets, apply to developing contexts. In
            addition to the policy discussion, the paper conducts two
            exercises compiling empirical evidence. It compiles and
            compares estimates of the externality costs associated with
            private vehicle use, including congestion, local air
            pollution, greenhouse gas emissions, injuries, and noise.
            Similarly, it compiles and compares demand response
            elasticities to vehicle purchase, ownership, and use taxes.
            Both serve as useful references for researchers, development
            practitioners, and policy makers.","Kim,Chaeyoung",,,,,,,,,,,,,,,,,,,,,,,,,,,,,,,,,,,,"Title: Vehicle and Fuel Taxation for
            Transport Demand Management : Learnings from the Literature
            through a Development Lens. Abstract: Correctly pricing private vehicles
            and their use is paramount to building sustainable, safe,
            and equitable transportation systems. However, determining
            the “right” price – the combination of taxes on vehicle
            purchase, ownership, and use – is a complex problem.
            Although a rich literature exists on the subject, it is
            built on evidence from developed countries. This paper
            synthesizes the lessons learned from the literature,
            theoretical and empirical, on vehicle and fuel taxation for
            managing private vehicle demand. In particular, the paper
            examines the efficiency and distributional impacts of
            purchase, ownership, and use taxes. The literature is
            unequivocal that taxing use dominates taxing purchase or
            ownership on efficiency grounds. Nonetheless, the latter
            instruments can still have important roles to play, for
            example, addressing specific market failures, for equity and
            political acceptability considerations, or for ease of
            enforcement. The paper also discusses the practical
            challenges of saliency, gaming, and evasion of taxes; how
            the effectiveness of taxes as policy instruments also
            depends on the availability of alternatives to driving; and
            what the emergence of electric vehicles means for optimal
            taxation. Importantly, the paper considers how these
            lessons, mostly derived from high-income countries with
            mature automobile markets, apply to developing contexts. In
            addition to the policy discussion, the paper conducts two
            exercises compiling empirical evidence. It compiles and
            compares estimates of the externality costs associated with
            private vehicle use, including congestion, local air
            pollution, greenhouse gas emissions, injuries, and noise.
            Similarly, it compiles and compares demand response
            elasticities to vehicle purchase, ownership, and use taxes.
            Both serve as useful references for researchers, development
            practitioners, and policy makers.","[{'label': 'LABEL_0', 'score': 0.8052251935005188}]"
8299,380,34218168.0,World,Policy Research Working Paper,2023-12-18T00:00:00Z,Publications & Research,Policy Research working paper ; no. WPS 10648,What Explains Global Inflation,http://documents.worldbank.org/curated/en/099417212182324899/pdf/IDU04d2b00a8052e30403409fc1033a96b1c81ac.pdf,/research/2023/12/34218168/explains-global-inflation,http://documents.worldbank.org/curated/en/099417212182324899/IDU04d2b00a8052e30403409fc1033a96b1c81ac,2023/12/34218168/IDU04d2b00a8052e30403409fc1033a96b1c81ac,9.94172121823249e+16,Off of Sr VP Dev Econ/Chief Econ (DECVP),http://documents.worldbank.org/curated/en/099417212182324899/IDU04d2b00a8052e30403409fc1033a96b1c81ac,"Ha,Jongrim",What Explains Global Inflation,34218168.0,,,,,,"This paper examines the drivers of
            fluctuations in global inflation, defined as a common factor
            across monthly headline consumer price index (CPI) inflation
            in G7 countries, over the past half-century. It estimates a
            Factor-Augmented Vector Autoregression model where a wide
            range of shocks, including global demand, supply, oil price,
            and interest rate shocks, are identified through narrative
            sign restrictions motivated by the predictions of a simple
            dynamic general equilibrium model. The authors report three
            main results. First, oil price shocks followed by global
            demand shocks explained the lion’s share of variation in
            global inflation. Second, the contribution of global demand
            and oil price shocks increased over time, from 56 percent
            during 1970–1985 to 65 percent during 2001–2022, whereas the
            importance of global supply shocks declined. Since the
            pandemic, global demand and oil price shocks have accounted
            for most of the variation in global inflation. Finally, oil
            price shocks played a much smaller role in global core CPI
            inflation variation, for which global supply shocks were the
            main source of variation. These results are robust to
            various sensitivity exercises, including alternative
            definitions of global variables, different samples of
            countries, and additional narrative restrictions.","Kose,Ayhan","Ohnsorge,Franziska Lieselotte",,,,,,,,,,,,,,,,,,,,,,,,,,,,,,,,,,,"Title: What Explains Global Inflation. Abstract: This paper examines the drivers of
            fluctuations in global inflation, defined as a common factor
            across monthly headline consumer price index (CPI) inflation
            in G7 countries, over the past half-century. It estimates a
            Factor-Augmented Vector Autoregression model where a wide
            range of shocks, including global demand, supply, oil price,
            and interest rate shocks, are identified through narrative
            sign restrictions motivated by the predictions of a simple
            dynamic general equilibrium model. The authors report three
            main results. First, oil price shocks followed by global
            demand shocks explained the lion’s share of variation in
            global inflation. Second, the contribution of global demand
            and oil price shocks increased over time, from 56 percent
            during 1970–1985 to 65 percent during 2001–2022, whereas the
            importance of global supply shocks declined. Since the
            pandemic, global demand and oil price shocks have accounted
            for most of the variation in global inflation. Finally, oil
            price shocks played a much smaller role in global core CPI
            inflation variation, for which global supply shocks were the
            main source of variation. These results are robust to
            various sensitivity exercises, including alternative
            definitions of global variables, different samples of
            countries, and additional narrative restrictions.","[{'label': 'LABEL_1', 'score': 0.9069613814353943}]"
8300,381,34218204.0,"Romania,World",Policy Research Working Paper,2023-12-18T00:00:00Z,Publications & Research,"Policy Research working paper ; no. WPS
            10649; COVID-19 (Coronavirus)","Does State Ownership Have Limits
            in Romania ? An Assessment of Firm Performance and Market Outcomes",http://documents.worldbank.org/curated/en/099512412182368915/pdf/IDU0e1b2d58d06b57042190830e0c9fa9740d811.pdf,/research/2023/12/34218204/state-ownership-limits-romania-assessment-firm-performance-market-outcomes,http://documents.worldbank.org/curated/en/099512412182368915/IDU0e1b2d58d06b57042190830e0c9fa9740d811,2023/12/34218204/IDU0e1b2d58d06b57042190830e0c9fa9740d811,9.951241218236891e+16,Off of Sr VP Dev Econ/Chief Econ (DECVP),http://documents.worldbank.org/curated/en/099512412182368915/IDU0e1b2d58d06b57042190830e0c9fa9740d811,"Dauda,Seidu","Does State Ownership Have Limits in Romania
            ? An Assessment of Firm Performance and Market Outcomes",34218204.0,,,,,,"This paper assesses the performance
            of Romanian state-owned enterprises with various degrees of
            ownership (minority owned with 10 to 24.9 percent stakes,
            minority owned with 25 to 49.9 percent stakes, and majority
            owned with at least 50 percent ownership stakes) and control
            levels (central versus local state-owned enterprises and
            directly versus indirectly owned state-owned enterprises)
            relative to privately owned enterprises. The paper uses the
            Romanian firm-level data from the Ministry of Finance
            covering enterprises of all sizes from 2011 to 2020,
            combined with the new World Bank Businesses of the State
            dataset, which tracks ownership of state business entities
            with at least 10 percent stake in Romania. The paper
            analyzes whether various degrees of state ownership and
            levels of control matter for state-owned enterprises’
            performance. The paper also assesses whether Romanian
            state-owned enterprises were able to act as stabilizers
            during the early period of the COVID-19 pandemic, and how
            the presence of state-owned enterprises in markets
            correlates with market outcomes. The findings show that
            relative to private firms, Romanian state-owned enterprises,
            particularly those that are majority owned, directly owned,
            and local ones, employ more people, pay higher wages, but
            are less productive. In addition, Romanian state-owned
            enterprises cushioned the job and wage losses associated
            with the COVID-19 pandemic better than private firms,
            especially in competitive sectors. Finally, there is
            evidence that the presence of state-owned enterprises may
            limit private firm entry and allocative efficiency.","Pop,Georgiana","Iootty De Paiva Dias,Mariana",,,,,,,,,,,,,,,,,,,,,,,,,,,,,,,,,,,"Title: Does State Ownership Have Limits
            in Romania ? An Assessment of Firm Performance and Market Outcomes. Abstract: This paper assesses the performance
            of Romanian state-owned enterprises with various degrees of
            ownership (minority owned with 10 to 24.9 percent stakes,
            minority owned with 25 to 49.9 percent stakes, and majority
            owned with at least 50 percent ownership stakes) and control
            levels (central versus local state-owned enterprises and
            directly versus indirectly owned state-owned enterprises)
            relative to privately owned enterprises. The paper uses the
            Romanian firm-level data from the Ministry of Finance
            covering enterprises of all sizes from 2011 to 2020,
            combined with the new World Bank Businesses of the State
            dataset, which tracks ownership of state business entities
            with at least 10 percent stake in Romania. The paper
            analyzes whether various degrees of state ownership and
            levels of control matter for state-owned enterprises’
            performance. The paper also assesses whether Romanian
            state-owned enterprises were able to act as stabilizers
            during the early period of the COVID-19 pandemic, and how
            the presence of state-owned enterprises in markets
            correlates with market outcomes. The findings show that
            relative to private firms, Romanian state-owned enterprises,
            particularly those that are majority owned, directly owned,
            and local ones, employ more people, pay higher wages, but
            are less productive. In addition, Romanian state-owned
            enterprises cushioned the job and wage losses associated
            with the COVID-19 pandemic better than private firms,
            especially in competitive sectors. Finally, there is
            evidence that the presence of state-owned enterprises may
            limit private firm entry and allocative efficiency.","[{'label': 'LABEL_0', 'score': 0.6053242683410645}]"
8301,382,34218347.0,Brazil,Policy Research Working Paper,2023-12-18T00:00:00Z,Publications & Research,Policy Research working paper ; no. WPS 10650,"Spatial Misallocation of
            Complementary Infrastructure Investment : Evidence from Brazil",http://documents.worldbank.org/curated/en/099822112182319219/pdf/IDU009479c3106f960481d0b85a02738d5c6f7aa.pdf,/research/2023/12/34218347/spatial-misallocation-complementary-infrastructure-investment-evidence-brazil,http://documents.worldbank.org/curated/en/099822112182319219/IDU009479c3106f960481d0b85a02738d5c6f7aa,2023/12/34218347/IDU009479c3106f960481d0b85a02738d5c6f7aa,9.982211218231922e+16,Off of Sr VP Dev Econ/Chief Econ (DECVP),http://documents.worldbank.org/curated/en/099822112182319219/IDU009479c3106f960481d0b85a02738d5c6f7aa,"Pérez-Sebastián,Fidel","Spatial Misallocation of Complementary
            Infrastructure Investment : Evidence from Brazil",34218347.0,,,,,,"How does the misallocation of
            complementary public capital affect the spatial organization
            of economic activity To answer this question, this paper
            endogenizes the government's decision to invest in the
            transport and electricity networks. A novel multi-sector
            quantitative spatial equilibrium model incorporates the
            quality of the electric power and the road transportation
            infrastructure networks, which determine sectoral
            productivities and trade costs. Simulation results for the
            Brazilian economy point to significant welfare gains from
            reallocating infrastructure investment. Spatial and fiscal
            complementarities in heterogeneous infrastructure provision
            determine a sizeable part of those gains. Misallocation of
            both infrastructure investments is positively associated
            with local political support for the incumbent authority.","Serrano Quintero,Rafael","Steinbuks,Jevgenijs",,,,,,,,,,,,,,,,,,,,,,,,,,,,,,,,,,,"Title: Spatial Misallocation of
            Complementary Infrastructure Investment : Evidence from Brazil. Abstract: How does the misallocation of
            complementary public capital affect the spatial organization
            of economic activity To answer this question, this paper
            endogenizes the government's decision to invest in the
            transport and electricity networks. A novel multi-sector
            quantitative spatial equilibrium model incorporates the
            quality of the electric power and the road transportation
            infrastructure networks, which determine sectoral
            productivities and trade costs. Simulation results for the
            Brazilian economy point to significant welfare gains from
            reallocating infrastructure investment. Spatial and fiscal
            complementarities in heterogeneous infrastructure provision
            determine a sizeable part of those gains. Misallocation of
            both infrastructure investments is positively associated
            with local political support for the incumbent authority.","[{'label': 'LABEL_0', 'score': 0.6537749767303467}]"
8302,383,34218381.0,Ethiopia,Policy Research Working Paper,2023-12-18T00:00:00Z,Publications & Research,Policy Research working paper ; no. WPS 10651,"Shifting Spousal Decision-Making
            Patterns : Whom You Target in an Agricultural Intervention Matters",http://documents.worldbank.org/curated/en/099844112182322847/pdf/IDU0026af08e0313104e4408c2903a55d6bc30fa.pdf,/research/2023/12/34218381/shifting-spousal-decision-making-patterns-target-agricultural-intervention-matters,http://documents.worldbank.org/curated/en/099844112182322847/IDU0026af08e0313104e4408c2903a55d6bc30fa,2023/12/34218381/IDU0026af08e0313104e4408c2903a55d6bc30fa,9.984411218232285e+16,Off of Sr VP Dev Econ/Chief Econ (DECVP),http://documents.worldbank.org/curated/en/099844112182322847/IDU0026af08e0313104e4408c2903a55d6bc30fa,"Bedi,Tara Sylvia","Shifting Spousal Decision-Making Patterns :
            Whom You Target in an Agricultural Intervention Matters",34218381.0,,,,,,"Does it matter whether poverty
            reduction programs target the female or male spouse A
            randomized controllled trial in Ethiopia is used to study
            the differential impacts of easing information and financial
            constraints on agricultural productivity and household
            welfare, using data from 1,214 households in two regions of
            Ethiopia. The program targeted the husband, the wife, or
            both in a married household. The results indicate that the
            targeted spouse determines the type and channel of impacts.
            Targeting both spouses increased agricultural productivity
            in the short run and the monetary value of small ruminants
            and poultry in the long run, with a marginal positive impact
            on nonfood expenditure. Targeting only the female spouse
            resulted in increased business income from businesses with
            female involvement. This consequently increased household
            use of formal savings devices. This is in line with female
            preferences outside agriculture and for off-farm activities,
            and it results in little impact on agricultural
            productivity, despite an increase in women’s access to
            extension services. Targeting only the male spouse has no
            impact on household savings or expenditure even though it
            increases men’s wage income. The results suggest that the
            sharing of knowledge about the intervention changed
            household decisions. This would explain the different
            outcomes when both spouses were targeted, rather than only one.","Buehren,Niklas","Goldstein,Markus P.","Ketema,Tigist Assefa",,,,,,,,,,,,,,,,,,,,,,,,,,,,,,,,,,"Title: Shifting Spousal Decision-Making
            Patterns : Whom You Target in an Agricultural Intervention Matters. Abstract: Does it matter whether poverty
            reduction programs target the female or male spouse A
            randomized controllled trial in Ethiopia is used to study
            the differential impacts of easing information and financial
            constraints on agricultural productivity and household
            welfare, using data from 1,214 households in two regions of
            Ethiopia. The program targeted the husband, the wife, or
            both in a married household. The results indicate that the
            targeted spouse determines the type and channel of impacts.
            Targeting both spouses increased agricultural productivity
            in the short run and the monetary value of small ruminants
            and poultry in the long run, with a marginal positive impact
            on nonfood expenditure. Targeting only the female spouse
            resulted in increased business income from businesses with
            female involvement. This consequently increased household
            use of formal savings devices. This is in line with female
            preferences outside agriculture and for off-farm activities,
            and it results in little impact on agricultural
            productivity, despite an increase in women’s access to
            extension services. Targeting only the male spouse has no
            impact on household savings or expenditure even though it
            increases men’s wage income. The results suggest that the
            sharing of knowledge about the intervention changed
            household decisions. This would explain the different
            outcomes when both spouses were targeted, rather than only one.","[{'label': 'LABEL_1', 'score': 0.9247813820838928}]"
8303,384,34219051.0,Brazil,Policy Research Working Paper,2023-12-19T00:00:00Z,Publications & Research,Policy Research working paper ; no. WPS 10652,"The Macroeconomic Effects of Cash
            Transfers : Evidence from Brazil",http://documents.worldbank.org/curated/en/099423212192325062/pdf/IDU1b5ff3e101c9201420b1895614c04fc38e0af.pdf,/research/2023/12/34219051/macroeconomic-effects-cash-transfers-evidence-brazil,http://documents.worldbank.org/curated/en/099423212192325062/IDU1b5ff3e101c9201420b1895614c04fc38e0af,2023/12/34219051/IDU1b5ff3e101c9201420b1895614c04fc38e0af,9.942321219232506e+16,Off of Sr VP Dev Econ/Chief Econ (DECVP),http://documents.worldbank.org/curated/en/099423212192325062/IDU1b5ff3e101c9201420b1895614c04fc38e0af,"Galego Mendes,Arthur","The Macroeconomic Effects of Cash Transfers
            : Evidence from Brazil",34219051.0,,,,,,"This paper provides new evidence on
            the macroeconomic impact of cash transfers in developing
            countries. Using a Bartik-style identification strategy, the
            paper documents that Brazil’s Bolsa Familia transfer program
            leads to a large and persistent increase in relative
            state-level GDP, formal employment, and informal employment.
            A state receiving 1% of GDP in extra transfers grows 2.2ppts
            faster in the first year, with R$100,000 of extra transfers
            generating five formal-equivalent jobs, half of which are
            informal. Consistent with a demand-side mechanism, the
            effects are concentrated in non-tradable sectors. However,
            an open-economy New Keynesian model only partially captures
            the high multipliers estimated.","Miyamoto,Wataru","Nguyen,Thuy Lan","Pennings,Steven Michael",,,,,,,,"Feler,Leo",,,,,,,,,,,,,,,,,,,,,,,,,,"Title: The Macroeconomic Effects of Cash
            Transfers : Evidence from Brazil. Abstract: This paper provides new evidence on
            the macroeconomic impact of cash transfers in developing
            countries. Using a Bartik-style identification strategy, the
            paper documents that Brazil’s Bolsa Familia transfer program
            leads to a large and persistent increase in relative
            state-level GDP, formal employment, and informal employment.
            A state receiving 1% of GDP in extra transfers grows 2.2ppts
            faster in the first year, with R$100,000 of extra transfers
            generating five formal-equivalent jobs, half of which are
            informal. Consistent with a demand-side mechanism, the
            effects are concentrated in non-tradable sectors. However,
            an open-economy New Keynesian model only partially captures
            the high multipliers estimated.","[{'label': 'LABEL_1', 'score': 0.8796670436859131}]"
8304,385,34219083.0,Colombia,Policy Research Working Paper,2023-12-19T00:00:00Z,Publications & Research,Policy Research working paper ; no. WPS 10653,"Unraveling the Factors behind
            Women's Empowerment in the Labor Market in Colombia",http://documents.worldbank.org/curated/en/099501312192310265/pdf/IDU042d7bddb00f800401709f2004011416e5f10.pdf,/research/2023/12/34219083/unraveling-factors-behind-womens-empowerment-labor-market-colombia,http://documents.worldbank.org/curated/en/099501312192310265/IDU042d7bddb00f800401709f2004011416e5f10,2023/12/34219083/IDU042d7bddb00f800401709f2004011416e5f10,9.950131219231027e+16,Off of Sr VP Dev Econ/Chief Econ (DECVP),http://documents.worldbank.org/curated/en/099501312192310265/IDU042d7bddb00f800401709f2004011416e5f10,"Iregui-Bohórquez,Ana María","Unraveling the Factors behind Women's
            Empowerment in the Labor Market in Colombia",34219083.0,,,,,,"This paper examines the evolution of
            Colombian women's participation in the labor market
            from 1960 to 2018, shedding light on the complex factors
            that influence their labor opportunities. The study
            emphasizes the significance of the historical context in
            understanding these factors. This research uncovers nuanced
            insights using a two-step methodology involving principal
            component analysis and time-varying effect modeling. The
            results indicate that the transition from high to low
            fertility rates significantly influenced female labor
            participation until the late 1970s. Educational
            advancements, economic growth, and changing marital dynamics
            also played a role in shaping evolving patterns. From 1980
            to 1995, factors such as diminishing fertility, declining
            infant mortality, and varying economic conditions influenced
            women's labor involvement. From 1995 to 2010, higher
            education emerged as a key driver, accompanied by shifting
            societal norms, and from 2010 to 2018, the period witnessed
            positive contributions from fertility rates, minimum wage,
            and male labor participation. This study underscores the
            intricate relationship between education, demographics,
            social norms, and economics in shaping women's labor
            force participation, providing valuable insights for
            gender-inclusive policies and promoting women's
            economic empowerment.","Melo-Becerra,Ligia Alba","Ramírez-Giraldo,María Teresa","Tribin Uribe,Ana Maria",,,,,,,,"Zárate-Solano,Héctor M.",,,,,,,,,,,,,,,,,,,,,,,,,,"Title: Unraveling the Factors behind
            Women's Empowerment in the Labor Market in Colombia. Abstract: This paper examines the evolution of
            Colombian women's participation in the labor market
            from 1960 to 2018, shedding light on the complex factors
            that influence their labor opportunities. The study
            emphasizes the significance of the historical context in
            understanding these factors. This research uncovers nuanced
            insights using a two-step methodology involving principal
            component analysis and time-varying effect modeling. The
            results indicate that the transition from high to low
            fertility rates significantly influenced female labor
            participation until the late 1970s. Educational
            advancements, economic growth, and changing marital dynamics
            also played a role in shaping evolving patterns. From 1980
            to 1995, factors such as diminishing fertility, declining
            infant mortality, and varying economic conditions influenced
            women's labor involvement. From 1995 to 2010, higher
            education emerged as a key driver, accompanied by shifting
            societal norms, and from 2010 to 2018, the period witnessed
            positive contributions from fertility rates, minimum wage,
            and male labor participation. This study underscores the
            intricate relationship between education, demographics,
            social norms, and economics in shaping women's labor
            force participation, providing valuable insights for
            gender-inclusive policies and promoting women's
            economic empowerment.","[{'label': 'LABEL_1', 'score': 0.5141209363937378}]"
8305,386,34220483.0,"India,World",Policy Research Working Paper,2023-12-20T00:00:00Z,Publications & Research,Policy Research working paper ; no. WPS 10654,"Can Effective Policy
            Implementation Alter Political Selection ? Evidence from
            Female Legislators in India",http://documents.worldbank.org/curated/en/099338312202357080/pdf/IDU00ad6fafa0b7b7040d90af810942a6f30277c.pdf,/research/2023/12/34220483/can-effective-policy-implementation-alter-political-selection-evidence-female-legislators-india,http://documents.worldbank.org/curated/en/099338312202357080/IDU00ad6fafa0b7b7040d90af810942a6f30277c,2023/12/34220483/IDU00ad6fafa0b7b7040d90af810942a6f30277c,9.933831220235709e+16,,http://documents.worldbank.org/curated/en/099338312202357080/IDU00ad6fafa0b7b7040d90af810942a6f30277c,S Anukriti,"Can Effective Policy Implementation Alter
            Political Selection ? Evidence from Female Legislators in India",34220483.0,,,,,,"Can effective policy implementation
            change political selection by inducing voters to prioritize
            leader competence over other traits, such as gender This
            paper answers this question by examining the impact of a
            successful school-expansion program on the likelihood of
            women being elected to state legislatures in India. The
            paper shows that the program increased voter prioritization
            of leader competence over gender, boosting the share of
            women among candidates and state parliamentarians and the
            overall capability of elected officials. These findings are
            consistent with the predictions of a model of candidate
            self-selection where voters trade off candidate competence
            with their bias against female leaders.","Calvi,Rossella","Chakravarty,Abhishek",,,,,,,,,,,,,,,,,,,,,,,,,,,,,,,,,,,"Title: Can Effective Policy
            Implementation Alter Political Selection ? Evidence from
            Female Legislators in India. Abstract: Can effective policy implementation
            change political selection by inducing voters to prioritize
            leader competence over other traits, such as gender This
            paper answers this question by examining the impact of a
            successful school-expansion program on the likelihood of
            women being elected to state legislatures in India. The
            paper shows that the program increased voter prioritization
            of leader competence over gender, boosting the share of
            women among candidates and state parliamentarians and the
            overall capability of elected officials. These findings are
            consistent with the predictions of a model of candidate
            self-selection where voters trade off candidate competence
            with their bias against female leaders.","[{'label': 'LABEL_0', 'score': 0.6452228426933289}]"
8306,387,34220589.0,World,Policy Research Working Paper,2023-12-20T00:00:00Z,Publications & Research,"Policy Research working paper ; no. WPS
            10655; RRR","How Can Lower-Income Countries
            Collect More Taxes ? The Role of Technology, Tax Agents, and Politics",http://documents.worldbank.org/curated/en/099414512202322811/pdf/IDU0d4a0474f06d5c04dbc08c5703782bba3ec27.pdf,/research/2023/12/34220589/can-lower-income-countries-collect-more-taxes-role-technology-tax-agents-politics,http://documents.worldbank.org/curated/en/099414512202322811/IDU0d4a0474f06d5c04dbc08c5703782bba3ec27,2023/12/34220589/IDU0d4a0474f06d5c04dbc08c5703782bba3ec27,9.941451220232282e+16,Off of Sr VP Dev Econ/Chief Econ (DECVP),http://documents.worldbank.org/curated/en/099414512202322811/IDU0d4a0474f06d5c04dbc08c5703782bba3ec27,"Okunogbe,Oyebola Motunrayo","How Can Lower-Income Countries Collect More
            Taxes ? The Role of Technology, Tax Agents, and Politics",34220589.0,,,,,,"This paper examines recent evidence
            on tax administration interventions aimed at increasing tax
            revenues in lower-income countries. It focuses on two major
            themes: the use of new information technology tools—for
            identifying taxable entities, verifying tax liabilities, and
            ensuring collection of liabilities—and how the deployment
            and incentives of tax officials shape their performance. The
            paper discusses the promise and pitfalls of interventions in
            these two areas and the strategic interactions between them.
            Lastly, it emphasizes the importance of political incentives
            and considers the conditions under which governments choose
            to invest in tax capacity and expand tax collection.","Tourek,Gabriel Zenon",,,,,,,,,,,,,,,,,,,,,,,,,,,,,,,,,,,,"Title: How Can Lower-Income Countries
            Collect More Taxes ? The Role of Technology, Tax Agents, and Politics. Abstract: This paper examines recent evidence
            on tax administration interventions aimed at increasing tax
            revenues in lower-income countries. It focuses on two major
            themes: the use of new information technology tools—for
            identifying taxable entities, verifying tax liabilities, and
            ensuring collection of liabilities—and how the deployment
            and incentives of tax officials shape their performance. The
            paper discusses the promise and pitfalls of interventions in
            these two areas and the strategic interactions between them.
            Lastly, it emphasizes the importance of political incentives
            and considers the conditions under which governments choose
            to invest in tax capacity and expand tax collection.","[{'label': 'LABEL_1', 'score': 0.8178315162658691}]"
8307,388,34220656.0,World,Policy Research Working Paper,2023-12-20T00:00:00Z,Publications & Research,Policy Research working paper ; no. WPS 10656,"Correcting Sampling and
            Nonresponse Bias in Phone Survey Poverty Estimation Using
            Reweighting and Poverty Projection Models",http://documents.worldbank.org/curated/en/099439112202312439/pdf/IDU1e2c666e61beea141bd192b812ed3b1ea5a99.pdf,/research/2023/12/34220656/correcting-sampling-nonresponse-bias-phone-survey-poverty-estimation-using-reweighting-poverty-projection-models,http://documents.worldbank.org/curated/en/099439112202312439/IDU1e2c666e61beea141bd192b812ed3b1ea5a99,2023/12/34220656/IDU1e2c666e61beea141bd192b812ed3b1ea5a99,9.943911220231243e+16,Off of Sr VP Dev Econ/Chief Econ (DECVP),http://documents.worldbank.org/curated/en/099439112202312439/IDU1e2c666e61beea141bd192b812ed3b1ea5a99,"Zhang,Kexin","Correcting Sampling and Nonresponse Bias in
            Phone Survey Poverty Estimation Using Reweighting and
            Poverty Projection Models",34220656.0,,,,,,"To monitor the evolution of household
            living conditions during the COVID-19 pandemic, the World
            Bank conducted COVID-19 High-Frequency Phone Surveys in
            around 80 countries. Phone surveys are cheap and easy to
            implement, but they have some major limitations, such as the
            absence of poverty data, sampling bias due to incomplete
            telephone coverage in many developing countries, and
            frequent nonresponses to phone interviews. To overcome these
            limitations, the World Bank conducted pilots in 20 countries
            where the Survey of Wellbeing via Instant and Frequent
            Tracking, a rapid poverty monitoring tool, was adopted to
            estimate poverty rates based on 10 to 15 simple questions
            collected via phone interviews, and where sampling weights
            were adjusted to correct the sampling and nonresponse bias.
            This paper examines whether reweighting procedures and the
            Survey of Wellbeing via Instant and Frequent Tracking
            methodology can eliminate the bias in poverty estimation
            based on the COVID-19 High-Frequency Phone Surveys.
            Experiments using artificial phone survey samples show that
            (i) reweighting procedures cannot fully eliminate bias in
            poverty estimates, as previous research has demonstrated,
            but (ii) when combined with Survey of Wellbeing via Instant
            and Frequent Tracking poverty projections, they effectively
            eliminate bias in poverty estimates and other statistics.","Takamatsu,Shinya","Yoshida,Nobuo",,,,,,,,,,,,,,,,,,,,,,,,,,,,,,,,,,,"Title: Correcting Sampling and
            Nonresponse Bias in Phone Survey Poverty Estimation Using
            Reweighting and Poverty Projection Models. Abstract: To monitor the evolution of household
            living conditions during the COVID-19 pandemic, the World
            Bank conducted COVID-19 High-Frequency Phone Surveys in
            around 80 countries. Phone surveys are cheap and easy to
            implement, but they have some major limitations, such as the
            absence of poverty data, sampling bias due to incomplete
            telephone coverage in many developing countries, and
            frequent nonresponses to phone interviews. To overcome these
            limitations, the World Bank conducted pilots in 20 countries
            where the Survey of Wellbeing via Instant and Frequent
            Tracking, a rapid poverty monitoring tool, was adopted to
            estimate poverty rates based on 10 to 15 simple questions
            collected via phone interviews, and where sampling weights
            were adjusted to correct the sampling and nonresponse bias.
            This paper examines whether reweighting procedures and the
            Survey of Wellbeing via Instant and Frequent Tracking
            methodology can eliminate the bias in poverty estimation
            based on the COVID-19 High-Frequency Phone Surveys.
            Experiments using artificial phone survey samples show that
            (i) reweighting procedures cannot fully eliminate bias in
            poverty estimates, as previous research has demonstrated,
            but (ii) when combined with Survey of Wellbeing via Instant
            and Frequent Tracking poverty projections, they effectively
            eliminate bias in poverty estimates and other statistics.","[{'label': 'LABEL_1', 'score': 0.8284041881561279}]"
8308,389,,,,,,,,,,,,,,,,,,,,,,,,,,,,,,,,,,,,,,,,,,,,,,,,,,,,,,,,,,,,Title: nan. Abstract: nan,"[{'label': 'LABEL_0', 'score': 0.8067874312400818}]"
8309,0,34234558.0,Bulgaria,Policy Research Working Paper,2024-01-09T00:00:00Z,Publications & Research,"Policy Research working paper ; no. WPS
            10657; COVID-19 (Coronavirus); PROSPERITY; RRR","Reassessing Welfare Impacts of
            Bulgarian Fiscal Policy through a Child Poverty Perspective",http://documents.worldbank.org/curated/en/099322301092438309/pdf/IDU188f80cfb173ec1413c19a5b1f768dd633328.pdf,/research/2024/01/34234558/reassessing-welfare-impacts-bulgarian-fiscal-policy-through-child-poverty-perspective,http://documents.worldbank.org/curated/en/099322301092438309/IDU188f80cfb173ec1413c19a5b1f768dd633328,2024/01/34234558/IDU188f80cfb173ec1413c19a5b1f768dd633328,9.93223010924383e+16,Off of Sr VP Dev Econ/Chief Econ (DECVP),http://documents.worldbank.org/curated/en/099322301092438309/IDU188f80cfb173ec1413c19a5b1f768dd633328,"Robayo,Monica","Reassessing Welfare Impacts of Bulgarian
            Fiscal Policy through a Child Poverty Perspective",34234558.0,,,,,,"This paper delves into
            Bulgaria's persistent issue of child poverty, even
            amidst policy efforts at the European Union (EU) and
            national levels. The study updates a comprehensive fiscal
            incidence analysis using the Commitment to Equity (CEQ)
            model, considering COVID-19's impact and a
            child-focused perspective, and simulates child-related
            policy interventions' effectiveness in alleviating
            child poverty. Our results show that Bulgaria's fiscal
            system has a limited impact on the overall at-risk of
            poverty rate, though it shows potential in reducing poverty
            for lower income deciles. Bulgaria's fiscal system
            reduces inequality compared to other countries with similar
            income levels, primarily driven by the substantial influence
            of direct transfers, education, and health allocations.
            Nevertheless, the redistributive effect of direct taxes and
            transfers remains comparatively modest within Europe. The
            study emphasizes the progressive nature of Bulgaria's
            fiscal components, benefiting the poorest through social
            benefits. When applying a child lens, our results show that
            fiscal policy is not very effective in addressing child
            poverty, as it reduces it by just 0.3 percentage points.
            However, means-tested programs targeting families and
            children play a significant role in mitigating child
            poverty. This research also underscores that specific
            households in Bulgaria face heightened vulnerability and may
            not receive optimal support from fiscal measures, including
            households with three or more children and lone-parent
            households, especially those headed by lone females.
            Microsimulation results suggest that enhancing child tax
            deductions among low-income earners and refining the design
            of child benefits to improve targeting effectiveness and
            generosity can notably contribute to child poverty
            reduction. The paper offers insights into more equitable
            policy design in Bulgaria's pursuit of combating child poverty.","Cabrera,Maynor Vinicio",,,,,,,,,,,,,,,,,,,,,,,,,,,,,,,,,,,,"Title: Reassessing Welfare Impacts of
            Bulgarian Fiscal Policy through a Child Poverty Perspective. Abstract: This paper delves into
            Bulgaria's persistent issue of child poverty, even
            amidst policy efforts at the European Union (EU) and
            national levels. The study updates a comprehensive fiscal
            incidence analysis using the Commitment to Equity (CEQ)
            model, considering COVID-19's impact and a
            child-focused perspective, and simulates child-related
            policy interventions' effectiveness in alleviating
            child poverty. Our results show that Bulgaria's fiscal
            system has a limited impact on the overall at-risk of
            poverty rate, though it shows potential in reducing poverty
            for lower income deciles. Bulgaria's fiscal system
            reduces inequality compared to other countries with similar
            income levels, primarily driven by the substantial influence
            of direct transfers, education, and health allocations.
            Nevertheless, the redistributive effect of direct taxes and
            transfers remains comparatively modest within Europe. The
            study emphasizes the progressive nature of Bulgaria's
            fiscal components, benefiting the poorest through social
            benefits. When applying a child lens, our results show that
            fiscal policy is not very effective in addressing child
            poverty, as it reduces it by just 0.3 percentage points.
            However, means-tested programs targeting families and
            children play a significant role in mitigating child
            poverty. This research also underscores that specific
            households in Bulgaria face heightened vulnerability and may
            not receive optimal support from fiscal measures, including
            households with three or more children and lone-parent
            households, especially those headed by lone females.
            Microsimulation results suggest that enhancing child tax
            deductions among low-income earners and refining the design
            of child benefits to improve targeting effectiveness and
            generosity can notably contribute to child poverty
            reduction. The paper offers insights into more equitable
            policy design in Bulgaria's pursuit of combating child poverty.","[{'label': 'LABEL_1', 'score': 0.8513578772544861}]"
8310,1,34234665.0,European Union,Policy Research Working Paper,2024-01-09T00:00:00Z,Publications & Research,"Policy Research working paper ; no. WPS
            10658; COVID-19 (Coronavirus); Paper is funded by the
            Knowledge for Change Program (KCP); PROSPERITY","Are Regional Fiscal Multipliers
            on EU Structural and Investment Fund Spending Large ? A
            Reassessment of the Evidence",http://documents.worldbank.org/curated/en/099454401092494983/pdf/IDU18f59eeba1cf4714b7a190091fb9ef0cc9001.pdf,/research/2024/01/34234665/regional-fiscal-multipliers-eu-structural-investment-fund-spending-large-reassessment-evidence,http://documents.worldbank.org/curated/en/099454401092494983/IDU18f59eeba1cf4714b7a190091fb9ef0cc9001,2024/01/34234665/IDU18f59eeba1cf4714b7a190091fb9ef0cc9001,9.945440109249498e+16,Off of Sr VP Dev Econ/Chief Econ (DECVP),http://documents.worldbank.org/curated/en/099454401092494983/IDU18f59eeba1cf4714b7a190091fb9ef0cc9001,"Fiuratti,Federico Ivan","Are Regional Fiscal Multipliers on EU
            Structural and Investment Fund Spending Large ? A
            Reassessment of the Evidence",34234665.0,,,,,,"The European Commission’s
            “NextGenerationEU” COVID-19 recovery package has underscored
            interest in the size of regional fiscal multipliers in
            Europe. While the objective of these funds is the long-term
            transformation toward more sustainable green growth and
            digitalization in EU economies, several recent papers have
            also focused on their short-term stimulatory effects and
            have estimated large short-term regional multipliers on
            historical EU structural and investment fund spending. This
            has contributed to a view that EU funds can boost growth
            substantially not only in the long term, but also in the
            short term in countries receiving large flows, particularly
            in Central and Eastern Europe. This paper reevaluates the
            evidence by estimating regional short-term multipliers using
            recent data on EU fund spending and a leave-one-out
            predicted disbursement schedule instrument. In contrast with
            much of the recent literature, there is little evidence of
            large relative GDP multipliers at either the national or
            subnational level in the short term. This is despite a
            strong response of regional investment to EU funds, which
            often increases euro for euro. The results suggest that
            expectations should be tempered on using EU structural and
            investment funds as a tool for short-term regional fiscal
            stimulus, and instead policy makers may want to focus on the
            long-term benefits of EU funds, in line with their original purpose.","Nikolova,Desislava Enikova","Pennings,Steven Michael","Schiffbauer,Marc Tobias",,,,,,,,,,,,,,,,,,,,,,,,,,,,,,,,,,"Title: Are Regional Fiscal Multipliers
            on EU Structural and Investment Fund Spending Large ? A
            Reassessment of the Evidence. Abstract: The European Commission’s
            “NextGenerationEU” COVID-19 recovery package has underscored
            interest in the size of regional fiscal multipliers in
            Europe. While the objective of these funds is the long-term
            transformation toward more sustainable green growth and
            digitalization in EU economies, several recent papers have
            also focused on their short-term stimulatory effects and
            have estimated large short-term regional multipliers on
            historical EU structural and investment fund spending. This
            has contributed to a view that EU funds can boost growth
            substantially not only in the long term, but also in the
            short term in countries receiving large flows, particularly
            in Central and Eastern Europe. This paper reevaluates the
            evidence by estimating regional short-term multipliers using
            recent data on EU fund spending and a leave-one-out
            predicted disbursement schedule instrument. In contrast with
            much of the recent literature, there is little evidence of
            large relative GDP multipliers at either the national or
            subnational level in the short term. This is despite a
            strong response of regional investment to EU funds, which
            often increases euro for euro. The results suggest that
            expectations should be tempered on using EU structural and
            investment funds as a tool for short-term regional fiscal
            stimulus, and instead policy makers may want to focus on the
            long-term benefits of EU funds, in line with their original purpose.","[{'label': 'LABEL_0', 'score': 0.7985506653785706}]"
8311,2,34234742.0,Middle East and North Africa,Policy Research Working Paper,2024-01-09T00:00:00Z,Publications & Research,"Policy Research working paper ; no. WPS
            10659; MNACE labor and gender research programs; PEOPLE","Connecting People to Projects : A
            New Approach to Measuring Women’s Employment in the Middle
            East and North Africa",http://documents.worldbank.org/curated/en/099529501092432412/pdf/IDU1e6444df0122f014b98186271c838b68c9b12.pdf,/research/2024/01/34234742/connecting-people-projects-new-approach-measuring-women’s-employment-middle-east-north-africa,http://documents.worldbank.org/curated/en/099529501092432412/IDU1e6444df0122f014b98186271c838b68c9b12,2024/01/34234742/IDU1e6444df0122f014b98186271c838b68c9b12,9.952950109243242e+16,Off of Sr VP Dev Econ/Chief Econ (DECVP),http://documents.worldbank.org/curated/en/099529501092432412/IDU1e6444df0122f014b98186271c838b68c9b12,"Assaad,Ragui A","Connecting People to Projects : A New
            Approach to Measuring Women’s Employment in the Middle East
            and North Africa",34234742.0,,,,,,"Innovations to date in detecting
            women’s employment have focused primarily on improving
            individual-level questions. This paper explores an
            alternative approach, using data on household enterprises
            and asking who participates in these activities. This
            research uses the latest waves of the Labor Market Panel
            Surveys for the Arab Republic of Egypt (2018) and Tunisia
            (2014). The research questions are (1) How do men’s and
            women’s employment rates change when adding enterprise-based
            detection questions to standard individual-level questions
            (2) Was the additional market employment detected with
            project-based approaches classified as subsistence work with
            individual measurement approaches (3) For which women is
            additional employment detected using project-based
            approaches The paper presents descriptive results on work
            based on the different approaches. It also estimates changes
            in state (being reclassified as working) from adding
            enterprise-level data. The findings show large increases in
            employment rates for rural women in both countries when
            including enterprise-based detection questions.","Krafft,Caroline Gould",,,,,,,,,,,,,,,,,,,,,,,,,,,,,,,,,,,,"Title: Connecting People to Projects : A
            New Approach to Measuring Women’s Employment in the Middle
            East and North Africa. Abstract: Innovations to date in detecting
            women’s employment have focused primarily on improving
            individual-level questions. This paper explores an
            alternative approach, using data on household enterprises
            and asking who participates in these activities. This
            research uses the latest waves of the Labor Market Panel
            Surveys for the Arab Republic of Egypt (2018) and Tunisia
            (2014). The research questions are (1) How do men’s and
            women’s employment rates change when adding enterprise-based
            detection questions to standard individual-level questions
            (2) Was the additional market employment detected with
            project-based approaches classified as subsistence work with
            individual measurement approaches (3) For which women is
            additional employment detected using project-based
            approaches The paper presents descriptive results on work
            based on the different approaches. It also estimates changes
            in state (being reclassified as working) from adding
            enterprise-level data. The findings show large increases in
            employment rates for rural women in both countries when
            including enterprise-based detection questions.","[{'label': 'LABEL_1', 'score': 0.8886324167251587}]"
8312,3,34234814.0,"Africa,World",Policy Research Working Paper,2024-01-09T00:00:00Z,Publications & Research,"Policy Research working paper ; no. WPS
            10660; LSMS; RSB; PLANET","The Impacts of Disasters on
            African Agriculture: New Evidence from Micro-Data",http://documents.worldbank.org/curated/en/099631201092430123/pdf/IDU1a05387711b76b14abe1a96b151bc26fb28e2.pdf,/research/2024/01/34234814/impacts-disasters-african-agriculture-new-evidence-micro-data,http://documents.worldbank.org/curated/en/099631201092430123/IDU1a05387711b76b14abe1a96b151bc26fb28e2,2024/01/34234814/IDU1a05387711b76b14abe1a96b151bc26fb28e2,9.963120109243013e+16,Off of Sr VP Dev Econ/Chief Econ (DECVP),http://documents.worldbank.org/curated/en/099631201092430123/IDU1a05387711b76b14abe1a96b151bc26fb28e2,"Wollburg,Philip Randolph","The Impacts of Disasters on African
            Agriculture: New Evidence from Micro-Data",34234814.0,,,,,,"Disasters affect millions of people
            each year and cause economic losses worth many billions of
            dollars globally. Reporting on disaster impacts in research,
            policy, and news primarily relies on macro statistics based
            on disaster inventories. The macro statistics suggest that a
            relatively small share of disaster damages accrues in
            Africa. This paper, instead, uses detailed survey micro-data
            from six African countries to quantify disaster damages in
            one key sector: crop agriculture. The micro-data reveals
            much higher damages and more people affected than the macro
            statistics would indicate. On average, 36 percent of the
            agricultural plots in the sample suffer crop losses due to
            adverse climatic events. In the countries and time period
            analyzed, these losses reduced total crop production by an
            average of 29 percent. Importantly, many of these losses are
            underreported or undetected in key disaster inventories and
            therefore elude macro statistics. In the case of droughts
            and floods, the economic losses recorded in the micro-data
            are $5.1 billion higher than in the macro statistics,
            affecting 145 million to 170 million people, more than four
            times as many as the macro statistics suggest. The
            difference stems mostly from smaller and less severe but
            frequent adverse events that are not recorded in disaster inventories.","Markhof,Yannick Valentin","Bentze,Thomas Patrick","Ponzini,Giulia",,,,,,,,,,,,,,,,,,,,,,,,,,,,,,,,,,"Title: The Impacts of Disasters on
            African Agriculture: New Evidence from Micro-Data. Abstract: Disasters affect millions of people
            each year and cause economic losses worth many billions of
            dollars globally. Reporting on disaster impacts in research,
            policy, and news primarily relies on macro statistics based
            on disaster inventories. The macro statistics suggest that a
            relatively small share of disaster damages accrues in
            Africa. This paper, instead, uses detailed survey micro-data
            from six African countries to quantify disaster damages in
            one key sector: crop agriculture. The micro-data reveals
            much higher damages and more people affected than the macro
            statistics would indicate. On average, 36 percent of the
            agricultural plots in the sample suffer crop losses due to
            adverse climatic events. In the countries and time period
            analyzed, these losses reduced total crop production by an
            average of 29 percent. Importantly, many of these losses are
            underreported or undetected in key disaster inventories and
            therefore elude macro statistics. In the case of droughts
            and floods, the economic losses recorded in the micro-data
            are $5.1 billion higher than in the macro statistics,
            affecting 145 million to 170 million people, more than four
            times as many as the macro statistics suggest. The
            difference stems mostly from smaller and less severe but
            frequent adverse events that are not recorded in disaster inventories.","[{'label': 'LABEL_1', 'score': 0.8979308009147644}]"
8313,4,34234826.0,"Morocco,Egypt, Arab Republic of,Jordan",Policy Research Working Paper,2024-01-09T00:00:00Z,Publications & Research,"Policy Research working paper ; no. WPS
            10661; MNACE labor and gender research programs; PEOPLE","For Labor or for Divorce ?
            Unilateral Divorce Laws and Women’s Labor Outcomes",http://documents.worldbank.org/curated/en/099652201092435820/pdf/IDU1007f1e40136dc14d5618ed3139e211ed42d7.pdf,/research/2024/01/34234826/labor-or-divorce-unilateral-divorce-laws-women’s-labor-outcomes,http://documents.worldbank.org/curated/en/099652201092435820/IDU1007f1e40136dc14d5618ed3139e211ed42d7,2024/01/34234826/IDU1007f1e40136dc14d5618ed3139e211ed42d7,9.965220109243582e+16,Off of Sr VP Dev Econ/Chief Econ (DECVP),http://documents.worldbank.org/curated/en/099652201092435820/IDU1007f1e40136dc14d5618ed3139e211ed42d7,"El Mekkaoui,Najat","For Labor or for Divorce ? Unilateral
            Divorce Laws and Women’s Labor Outcomes",34234826.0,,,,,,"Despite substantial progress in
            closing the gender gap, women’s labor force participation in
            the Middle East and North Africa remains one of the lowest
            globally, at a mere 18 percent. This paper investigates the
            effect of the introduction of unilateral divorce laws on
            women’s labor outcomes, using data from the Demographic and
            Health Survey program that spans decades and a
            quasi-experimental difference-in-differences design in three
            countries: Morocco, the Arab Republic of Egypt, and Jordan.
            The results highlight that no-fault divorce legislation was
            associated with a modest increase in mothers’ labor
            outcomes, measured by current employment, a few years after
            the reform. These findings are likely induced by a power
            shift and anticipatory effects that drive women into the
            labor force. However, when a longer time window is
            considered, 10 or more years after the reform, the study
            documents a negative effect of the reform on women’s labor
            outcomes in Morocco, and a positive effect in the Arab
            Republic of Egypt and Jordan. These differences can be
            attributed to a set of countervailing effects, including
            social norms, labor market dynamics, and evolution of the
            legislation, that make the derived utility from marriage, in
            some cases, more attractive than that derived from
            employment, and vice versa. These findings partially confirm
            results from previous research on the relationship between
            no-fault divorce and women’s agency and empowerment in the
            Middle East and North Africa region, but, at the same time,
            contrast with prominent perspectives on legislation that
            aims at reducing gender-based discrimination. Instead, they
            show that there might be undesired effects of legislation
            and provide a policy relevant discussion on that basis.","Loukili,Sara","Fourouheshfar,Yeganeh","Eissa,Nada Omer",,,,,,,,,,,,,,,,,,,,,,,,,,,,,,,,,,"Title: For Labor or for Divorce ?
            Unilateral Divorce Laws and Women’s Labor Outcomes. Abstract: Despite substantial progress in
            closing the gender gap, women’s labor force participation in
            the Middle East and North Africa remains one of the lowest
            globally, at a mere 18 percent. This paper investigates the
            effect of the introduction of unilateral divorce laws on
            women’s labor outcomes, using data from the Demographic and
            Health Survey program that spans decades and a
            quasi-experimental difference-in-differences design in three
            countries: Morocco, the Arab Republic of Egypt, and Jordan.
            The results highlight that no-fault divorce legislation was
            associated with a modest increase in mothers’ labor
            outcomes, measured by current employment, a few years after
            the reform. These findings are likely induced by a power
            shift and anticipatory effects that drive women into the
            labor force. However, when a longer time window is
            considered, 10 or more years after the reform, the study
            documents a negative effect of the reform on women’s labor
            outcomes in Morocco, and a positive effect in the Arab
            Republic of Egypt and Jordan. These differences can be
            attributed to a set of countervailing effects, including
            social norms, labor market dynamics, and evolution of the
            legislation, that make the derived utility from marriage, in
            some cases, more attractive than that derived from
            employment, and vice versa. These findings partially confirm
            results from previous research on the relationship between
            no-fault divorce and women’s agency and empowerment in the
            Middle East and North Africa region, but, at the same time,
            contrast with prominent perspectives on legislation that
            aims at reducing gender-based discrimination. Instead, they
            show that there might be undesired effects of legislation
            and provide a policy relevant discussion on that basis.","[{'label': 'LABEL_1', 'score': 0.6533007621765137}]"
8314,5,34234978.0,Argentina,Policy Research Working Paper,2024-01-09T00:00:00Z,Publications & Research,"Policy Research working paper ; no. WPS
            10662; INFRASTRUCTURE","Leveraging Big Data to Understand
            Women’s Mobility in Buenos Aires",http://documents.worldbank.org/curated/en/099953201092473028/pdf/IDU119c031ad1ac5a146a019875195feede84554.pdf,/research/2024/01/34234978/leveraging-big-data-understand-women’s-mobility-buenos-aires,http://documents.worldbank.org/curated/en/099953201092473028/IDU119c031ad1ac5a146a019875195feede84554,2024/01/34234978/IDU119c031ad1ac5a146a019875195feede84554,9.995320109247302e+16,Off of Sr VP Dev Econ/Chief Econ (DECVP),http://documents.worldbank.org/curated/en/099953201092473028/IDU119c031ad1ac5a146a019875195feede84554,"Stokenberga,Aiga","Leveraging Big Data to Understand Women’s
            Mobility in Buenos Aires",34234978.0,,,,,,"While the travelers’ gender has not
            been a central consideration driving urban mobility
            planning, increasing evidence points to
            gender-differentiated mobility preferences and behaviors.
            This paper explores this topic in the context of the Buenos
            Aires Metropolitan Area, aiming to identify policy relevant
            differences between the mobility of women and men. It does
            so by leveraging mobile phone–based data, combined with
            existing household travel survey data and an original
            large-scale interception survey implemented in late 2021 and
            early 2022. The paper provides descriptive analysis of key
            spatial and temporal mobility patterns as well as implements
            statistical analysis to identify whether gender represented
            a key determinant of mode choice in the context of the
            pandemic. The analysis finds that women in the Buenos Aires
            Metropolitan Area travel less, tend to have shorter
            individual trips, and are much more likely than men to
            travel during off-peak hours, including due to
            disproportionately taking on “care mobility”
            responsibilities. In terms of mode choices, women represent
            the majority of public transport users and are more likely
            than men to say they would cycle. However, women’s share
            among public transport users and their actual cycling and
            walking appear to be spatially correlated with,
            respectively, the availability of public transport services
            and dedicated, safe infrastructure. The travel responses to
            the pandemic documented in the original survey data also
            suggest that women are more likely than men to switch from
            public transport to private motorized modes as soon as their
            incomes allow them to unless appropriate health safety
            measures are put in place.","Ivarsson Molina,Linda Ellin Maria","Fulponi,Juan Ignacio","Dominguez Gonzalez,Karla",,,,,,,,,,,,,,,,,,,,,,,,,,,,,,,,,,"Title: Leveraging Big Data to Understand
            Women’s Mobility in Buenos Aires. Abstract: While the travelers’ gender has not
            been a central consideration driving urban mobility
            planning, increasing evidence points to
            gender-differentiated mobility preferences and behaviors.
            This paper explores this topic in the context of the Buenos
            Aires Metropolitan Area, aiming to identify policy relevant
            differences between the mobility of women and men. It does
            so by leveraging mobile phone–based data, combined with
            existing household travel survey data and an original
            large-scale interception survey implemented in late 2021 and
            early 2022. The paper provides descriptive analysis of key
            spatial and temporal mobility patterns as well as implements
            statistical analysis to identify whether gender represented
            a key determinant of mode choice in the context of the
            pandemic. The analysis finds that women in the Buenos Aires
            Metropolitan Area travel less, tend to have shorter
            individual trips, and are much more likely than men to
            travel during off-peak hours, including due to
            disproportionately taking on “care mobility”
            responsibilities. In terms of mode choices, women represent
            the majority of public transport users and are more likely
            than men to say they would cycle. However, women’s share
            among public transport users and their actual cycling and
            walking appear to be spatially correlated with,
            respectively, the availability of public transport services
            and dedicated, safe infrastructure. The travel responses to
            the pandemic documented in the original survey data also
            suggest that women are more likely than men to switch from
            public transport to private motorized modes as soon as their
            incomes allow them to unless appropriate health safety
            measures are put in place.","[{'label': 'LABEL_1', 'score': 0.7088156342506409}]"
8315,6,34235628.0,Middle East and North Africa,Policy Research Working Paper,2024-01-10T00:00:00Z,Publications & Research,"Policy Research working paper ; no. WPS
            10663; MNACE labor and gender research programs; DIGITAL","Could Digital Inclusion Close the
            Gender Economic Gap in the MENA Region ?",http://documents.worldbank.org/curated/en/099411101102421402/pdf/IDU112bb2bf813c6214f5e19bf71e40bc4e8b3e1.pdf,/research/2024/01/34235628/digital-inclusion-close-gender-economic-gap-mena-region,http://documents.worldbank.org/curated/en/099411101102421402/IDU112bb2bf813c6214f5e19bf71e40bc4e8b3e1,2024/01/34235628/IDU112bb2bf813c6214f5e19bf71e40bc4e8b3e1,9.94111011024214e+16,Off of Sr VP Dev Econ/Chief Econ (DECVP),http://documents.worldbank.org/curated/en/099411101102421402/IDU112bb2bf813c6214f5e19bf71e40bc4e8b3e1,"Mohieldin,Mahmoud","Could Digital Inclusion Close the Gender
            Economic Gap in the MENA Region ?",34235628.0,,,,,,"Closing the gender digital divide by
            ensuring equal access to and benefit of the internet may
            reduce economic inequalities and close the gender gap in
            employment by providing new economic opportunities and
            facilitating access to market information. This paper
            estimates the impact of digital inclusion, measured by the
            Inclusive Internet Index on the female-to-male labor force
            participation ratio, while controlling for other economic
            and social factors. Using data from the World Development
            Indicators, the Economist Intelligence Unit database, and
            the World Bank’s Women, Business and the Law database for 13
            countries in the Middle East and North Africa region for
            four years (2018 to 2021), a pooled cross section dataset is
            constructed. The model is estimated using generalized least
            squares to control for heteroskedasticity. The results show
            that an inclusive internet environment would reduce the
            gender gap in the labor force. Other key drivers include the
            structure of the economic growth, norms, and gender roles in
            the society. These results are relevant for the United
            Nations Sustainable Development Goals agenda, mainly goals 5
            and 10.","Ramadan,Racha",,,,,,,,,,,,,,,,,,,,,,,,,,,,,,,,,,,,"Title: Could Digital Inclusion Close the
            Gender Economic Gap in the MENA Region ?. Abstract: Closing the gender digital divide by
            ensuring equal access to and benefit of the internet may
            reduce economic inequalities and close the gender gap in
            employment by providing new economic opportunities and
            facilitating access to market information. This paper
            estimates the impact of digital inclusion, measured by the
            Inclusive Internet Index on the female-to-male labor force
            participation ratio, while controlling for other economic
            and social factors. Using data from the World Development
            Indicators, the Economist Intelligence Unit database, and
            the World Bank’s Women, Business and the Law database for 13
            countries in the Middle East and North Africa region for
            four years (2018 to 2021), a pooled cross section dataset is
            constructed. The model is estimated using generalized least
            squares to control for heteroskedasticity. The results show
            that an inclusive internet environment would reduce the
            gender gap in the labor force. Other key drivers include the
            structure of the economic growth, norms, and gender roles in
            the society. These results are relevant for the United
            Nations Sustainable Development Goals agenda, mainly goals 5
            and 10.","[{'label': 'LABEL_1', 'score': 0.8359983563423157}]"
8316,7,34235906.0,"Ghana,World",Policy Research Working Paper,2024-01-10T00:00:00Z,Publications & Research,"Policy Research working paper ; no. WPS
            10664; LSMS; PEOPLE","Labor Market Participation and
            Employment Choice in Ghana : Do Individual Personality
            Traits and Gender Role Attitudes Matter ?",http://documents.worldbank.org/curated/en/099847101102435095/pdf/IDU1b87794181d58c1435d18ef51bf24092eacd1.pdf,/research/2024/01/34235906/labor-market-participation-employment-choice-ghana-individual-personality-traits-gender-role-attitudes-matter,http://documents.worldbank.org/curated/en/099847101102435095/IDU1b87794181d58c1435d18ef51bf24092eacd1,2024/01/34235906/IDU1b87794181d58c1435d18ef51bf24092eacd1,9.984710110243509e+16,Off of Sr VP Dev Econ/Chief Econ (DECVP),http://documents.worldbank.org/curated/en/099847101102435095/IDU1b87794181d58c1435d18ef51bf24092eacd1,"Amankwah,Akuffo","Labor Market Participation and Employment
            Choice in Ghana : Do Individual Personality Traits and
            Gender Role Attitudes Matter ?",34235906.0,,,,,,"In addition to the conventional
            determinants of labor market participation and the choice
            between wage employment and self-employment, there is a
            growing interest of the significance of gender role
            attitudes and personality traits. This study uses data from
            the 2022 Ghana Informal Sector Measurement Study to
            investigate the influence of these factors on employment
            outcomes in the Northern and Ashanti regions of Ghana. The
            findings are based on a series of analyses, including
            descriptive, multinomial logistic, and linear probability
            model regressions. The empirical results show the critical
            role played by both gender role attitudes and personality
            traits in shaping individuals' decisions on labor
            market participation and employment choices. Notably,
            personality traits emerge as significant drivers of observed
            employment outcomes. However, the impact of these
            personality traits is often mitigated or even reversed in
            the presence of heightened traditionalism. Furthermore, the
            gender-disaggregated analysis reveals that possessing at
            least a secondary education level is a pivotal factor in the
            selection of men into formal employment, whereas this
            criterion holds less significance for women. Conversely,
            once the decision to participate in the labor market has
            been made, having at least a secondary education becomes
            relevant for securing wage employment, regardless of an
            individual's gender.","Castaing,Pauline","Owoo,Nkechi Srodah","Palacios-Lopez,Amparo",,,,,,,,,,,,,,,,,,,,,,,,,,,,,,,,,,"Title: Labor Market Participation and
            Employment Choice in Ghana : Do Individual Personality
            Traits and Gender Role Attitudes Matter ?. Abstract: In addition to the conventional
            determinants of labor market participation and the choice
            between wage employment and self-employment, there is a
            growing interest of the significance of gender role
            attitudes and personality traits. This study uses data from
            the 2022 Ghana Informal Sector Measurement Study to
            investigate the influence of these factors on employment
            outcomes in the Northern and Ashanti regions of Ghana. The
            findings are based on a series of analyses, including
            descriptive, multinomial logistic, and linear probability
            model regressions. The empirical results show the critical
            role played by both gender role attitudes and personality
            traits in shaping individuals' decisions on labor
            market participation and employment choices. Notably,
            personality traits emerge as significant drivers of observed
            employment outcomes. However, the impact of these
            personality traits is often mitigated or even reversed in
            the presence of heightened traditionalism. Furthermore, the
            gender-disaggregated analysis reveals that possessing at
            least a secondary education level is a pivotal factor in the
            selection of men into formal employment, whereas this
            criterion holds less significance for women. Conversely,
            once the decision to participate in the labor market has
            been made, having at least a secondary education becomes
            relevant for securing wage employment, regardless of an
            individual's gender.","[{'label': 'LABEL_1', 'score': 0.8961459398269653}]"
8317,8,34236745.0,World,Policy Research Working Paper,2024-01-11T00:00:00Z,Publications & Research,"Policy Research working paper ; no. WPS
            10665; RRR; PLANET","Trade, Outsourcing, and the Environment",http://documents.worldbank.org/curated/en/099321301112414585/pdf/IDU1e2f5c11c11f0614c5c19f511696a41248dec.pdf,/research/2024/01/34236745/trade-outsourcing-environment,http://documents.worldbank.org/curated/en/099321301112414585/IDU1e2f5c11c11f0614c5c19f511696a41248dec,2024/01/34236745/IDU1e2f5c11c11f0614c5c19f511696a41248dec,9.93213011124146e+16,Off of Sr VP Dev Econ/Chief Econ (DECVP),http://documents.worldbank.org/curated/en/099321301112414585/IDU1e2f5c11c11f0614c5c19f511696a41248dec,"Artuc,Erhan","Trade, Outsourcing, and the Environment",34236745.0,,,,,,"This paper analyzes the effects of
            carbon taxation and border carbon adjustments in a setting
            where firms can choose to respond to taxation by abating or
            by outsourcing part of their production. For this, this
            paper sets up a general equilibrium trade model, calibrated
            with world trade and input-output data that features a
            discrete choice production structure, where the producers
            choose between outsourcing or abating emission-intensive
            intermediate production steps. The paper finds that border
            adjustments that cannot target scope 3 emissions can lead to
            outsourcing, and thus leakage, further down the value chain,
            but nevertheless induce higher abatement both in the
            countries that impose the border adjustment and in the ones
            affected by it.","Sommer,Konstantin Heinrich Ludwig",,,,,,,,,,,,,,,,,,,,,,,,,,,,,,,,,,,,"Title: Trade, Outsourcing, and the Environment. Abstract: This paper analyzes the effects of
            carbon taxation and border carbon adjustments in a setting
            where firms can choose to respond to taxation by abating or
            by outsourcing part of their production. For this, this
            paper sets up a general equilibrium trade model, calibrated
            with world trade and input-output data that features a
            discrete choice production structure, where the producers
            choose between outsourcing or abating emission-intensive
            intermediate production steps. The paper finds that border
            adjustments that cannot target scope 3 emissions can lead to
            outsourcing, and thus leakage, further down the value chain,
            but nevertheless induce higher abatement both in the
            countries that impose the border adjustment and in the ones
            affected by it.","[{'label': 'LABEL_0', 'score': 0.6060140132904053}]"
8318,9,34236962.0,World,Policy Research Working Paper,2024-01-11T00:00:00Z,Publications & Research,"Policy Research working paper ; no. WPS
            10666; COVID-19 (Coronavirus); PEOPLE","COVID-19, School Closures, and
            Student Learning Outcomes : New Global Evidence from PISA",http://documents.worldbank.org/curated/en/099932301112496929/pdf/IDU16cf7d0801f2091478b1934914b47c3ab4027.pdf,/research/2024/01/34236962/covid-19-school-closures-student-learning-outcomes-new-global-evidence-pisa,http://documents.worldbank.org/curated/en/099932301112496929/IDU16cf7d0801f2091478b1934914b47c3ab4027,2024/01/34236962/IDU16cf7d0801f2091478b1934914b47c3ab4027,9.993230111249693e+16,Off of Sr VP Dev Econ/Chief Econ (DECVP),http://documents.worldbank.org/curated/en/099932301112496929/IDU16cf7d0801f2091478b1934914b47c3ab4027,"Jakubowski,Maciej Jan","COVID-19, School Closures, and Student
            Learning Outcomes : New Global Evidence from PISA",34236962.0,,,,,,"The COVID-19 pandemic resulted in
            significant disruption in schooling worldwide. This paper
            uses global test score data to estimate learning losses. It
            models the effect of school closures on achievement by
            predicting the deviation of the most recent results from a
            linear trend using data from all rounds of the Programme for
            International Student Assessment. Scores declined by an
            average of 14 percent of a standard deviation, roughly equal
            to seven months of learning. Losses were greater for
            students in schools that faced relatively longer closures,
            boys, immigrants, and disadvantaged students. Educational
            losses may translate into significant national income losses
            over time.","Gajderowicz,Tomasz Janusz","Patrinos,Harry Anthony",,,,,,,,,,,,,,,,,,,,,,,,,,,,,,,,,,,"Title: COVID-19, School Closures, and
            Student Learning Outcomes : New Global Evidence from PISA. Abstract: The COVID-19 pandemic resulted in
            significant disruption in schooling worldwide. This paper
            uses global test score data to estimate learning losses. It
            models the effect of school closures on achievement by
            predicting the deviation of the most recent results from a
            linear trend using data from all rounds of the Programme for
            International Student Assessment. Scores declined by an
            average of 14 percent of a standard deviation, roughly equal
            to seven months of learning. Losses were greater for
            students in schools that faced relatively longer closures,
            boys, immigrants, and disadvantaged students. Educational
            losses may translate into significant national income losses
            over time.","[{'label': 'LABEL_1', 'score': 0.9486304521560669}]"
8319,10,34237443.0,World,Policy Research Working Paper,2024-01-12T00:00:00Z,Publications & Research,"Policy Research working paper ; no. WPS
            10667; MNACE labor and gender research programs; PEOPLE","Are Global Value Chains Women
            Friendly in Developing Countries ? Evidence from Firm-Level Data",http://documents.worldbank.org/curated/en/099305401122411045/pdf/IDU1eee5371015c2514c9b1865b18d2e9156c72f.pdf,/research/2024/01/34237443/global-value-chains-women-friendly-developing-countries-evidence-firm-level-data,http://documents.worldbank.org/curated/en/099305401122411045/IDU1eee5371015c2514c9b1865b18d2e9156c72f,2024/01/34237443/IDU1eee5371015c2514c9b1865b18d2e9156c72f,9.930540112241104e+16,Off of Sr VP Dev Econ/Chief Econ (DECVP),http://documents.worldbank.org/curated/en/099305401122411045/IDU1eee5371015c2514c9b1865b18d2e9156c72f,"Kalliny,Marize","Are Global Value Chains Women Friendly in
            Developing Countries ? Evidence from Firm-Level Data",34237443.0,,,,,,"Despite the efforts made to increase
            women’s inclusion in the economy, they are still
            underrepresented in trade in general and in global value
            chains in particular. Thus, this paper aims at examining the
            impact of global value chains on women’s trade participation
            as entrepreneurs and employees. It also analyzes how this
            effect is moderated through external (gender provisions in
            trade agreements) and internal (investment climate
            variables) factors. The analysis uses firm-level data for
            154 developing economies and emerging markets with a special
            focus on the Middle East and North Africa region, being one
            of the regions with the lowest female labor force
            participation. The main findings show that global value
            chains integration increases the likelihood of being a
            female owner and the share of female employees, especially
            production ones. A less robust negative effect is found for
            the impact on being a female top manager. These effects are
            moderated by the inclusion of gender provisions in trade
            agreements and by the characteristics of the investment
            climate (especially tax policy, access to finance, and
            corruption). These results remain robust after controlling
            for the endogeneity of global value chains using an
            instrumental variable approach and a propensity score
            estimation method where the treatment is being part of a
            global value chains. Thus, global value chains can be
            perceived as a tool that boosts women’s empowerment in
            emerging economies, especially in the Middle East and North
            Africa region.","Zaki,Chahir",,,,,,,,,,,,,,,,,,,,,,,,,,,,,,,,,,,,"Title: Are Global Value Chains Women
            Friendly in Developing Countries ? Evidence from Firm-Level Data. Abstract: Despite the efforts made to increase
            women’s inclusion in the economy, they are still
            underrepresented in trade in general and in global value
            chains in particular. Thus, this paper aims at examining the
            impact of global value chains on women’s trade participation
            as entrepreneurs and employees. It also analyzes how this
            effect is moderated through external (gender provisions in
            trade agreements) and internal (investment climate
            variables) factors. The analysis uses firm-level data for
            154 developing economies and emerging markets with a special
            focus on the Middle East and North Africa region, being one
            of the regions with the lowest female labor force
            participation. The main findings show that global value
            chains integration increases the likelihood of being a
            female owner and the share of female employees, especially
            production ones. A less robust negative effect is found for
            the impact on being a female top manager. These effects are
            moderated by the inclusion of gender provisions in trade
            agreements and by the characteristics of the investment
            climate (especially tax policy, access to finance, and
            corruption). These results remain robust after controlling
            for the endogeneity of global value chains using an
            instrumental variable approach and a propensity score
            estimation method where the treatment is being part of a
            global value chains. Thus, global value chains can be
            perceived as a tool that boosts women’s empowerment in
            emerging economies, especially in the Middle East and North
            Africa region.","[{'label': 'LABEL_0', 'score': 0.5706311464309692}]"
8320,11,34237636.0,Nepal,Policy Research Working Paper,2024-01-12T00:00:00Z,Publications & Research,"Policy Research working paper ; no. WPS
            10668; PLANET","Costing Disasters : Hedonic
            Pricing, Neighborhood Effects, and the Nepal Gorkha Earthquakes",http://documents.worldbank.org/curated/en/099016401122483160/pdf/IDU15961202c16cae1400d1aae01ada6801e6793.pdf,/research/2024/01/34237636/costing-disasters-hedonic-pricing-neighborhood-effects-nepal-gorkha-earthquakes,http://documents.worldbank.org/curated/en/099016401122483160/IDU15961202c16cae1400d1aae01ada6801e6793,2024/01/34237636/IDU15961202c16cae1400d1aae01ada6801e6793,9.901640112248317e+16,Off of Sr VP Dev Econ/Chief Econ (DECVP),http://documents.worldbank.org/curated/en/099016401122483160/IDU15961202c16cae1400d1aae01ada6801e6793,"Floreani,Vincent Arthur","Costing Disasters : Hedonic Pricing,
            Neighborhood Effects, and the Nepal Gorkha Earthquakes",34237636.0,,,,,,"Disasters are frequent and clearly
            harmful in developing countries, but precisely estimating
            their overall cost and distributional impact is challenging.
            This paper proposes a microsimulation approach to do so
            rapidly, borrowing concepts from both poverty analysis and
            urban economics. Because housing prices reflect the present
            value of a specific bundle of living conditions, local
            earnings opportunities, and local access to services, their
            change in the aftermath of a disaster can be interpreted as
            a measure of the welfare cost incurred by households. A
            hedonic pricing function is used to estimate such changes
            based on the destruction experienced by the dwellings
            themselves, but also on the overall destruction suffered by
            their surrounding areas. The first element captures the
            damage from worse living conditions, whereas the second
            captures the loss from diminished earnings opportunities and
            access to services. The proposed approach is illustrated by
            estimating the cost of the 2015 Gorkha earthquakes in Nepal.
            Overall, the estimated impact is comparable to that from the
            official assessment. But its spatial distribution is
            significantly different due to the pivotal influence of
            neighborhood effects.","Rama,Martin G.",,,,,,,,,,,,,,,,,,,,,,,,,,,,,,,,,,,,"Title: Costing Disasters : Hedonic
            Pricing, Neighborhood Effects, and the Nepal Gorkha Earthquakes. Abstract: Disasters are frequent and clearly
            harmful in developing countries, but precisely estimating
            their overall cost and distributional impact is challenging.
            This paper proposes a microsimulation approach to do so
            rapidly, borrowing concepts from both poverty analysis and
            urban economics. Because housing prices reflect the present
            value of a specific bundle of living conditions, local
            earnings opportunities, and local access to services, their
            change in the aftermath of a disaster can be interpreted as
            a measure of the welfare cost incurred by households. A
            hedonic pricing function is used to estimate such changes
            based on the destruction experienced by the dwellings
            themselves, but also on the overall destruction suffered by
            their surrounding areas. The first element captures the
            damage from worse living conditions, whereas the second
            captures the loss from diminished earnings opportunities and
            access to services. The proposed approach is illustrated by
            estimating the cost of the 2015 Gorkha earthquakes in Nepal.
            Overall, the estimated impact is comparable to that from the
            official assessment. But its spatial distribution is
            significantly different due to the pivotal influence of
            neighborhood effects.","[{'label': 'LABEL_0', 'score': 0.736581563949585}]"
8321,12,34239665.0,Philippines,Policy Research Working Paper,2024-01-16T00:00:00Z,Publications & Research,"Policy Research working paper ; no. WPS
            10669; COVID-19 (Coronavirus); PEOPLE","The Importance of Existing Social
            Protection Programs for Mental Health in Pandemic Times",http://documents.worldbank.org/curated/en/099637201162481468/pdf/IDU17a9f43a1155191400d18bb91fe2719ee4d34.pdf,/research/2024/01/34239665/importance-existing-social-protection-programs-mental-health-pandemic-times,http://documents.worldbank.org/curated/en/099637201162481468/IDU17a9f43a1155191400d18bb91fe2719ee4d34,2024/01/34239665/IDU17a9f43a1155191400d18bb91fe2719ee4d34,9.963720116248147e+16,Off of Sr VP Dev Econ/Chief Econ (DECVP),http://documents.worldbank.org/curated/en/099637201162481468/IDU17a9f43a1155191400d18bb91fe2719ee4d34,"Cho,Yoonyoung","The Importance of Existing Social Protection
            Programs for Mental Health in Pandemic Times",34239665.0,,,,,,"When it comes to mental health, do
            social protection programs matter more in times of crisis
            Using panel data from the Philippines around the onset of
            the COVID-19 pandemic, this study compares depression rates
            among beneficiaries of an existing conditional cash transfer
            program to those of non-beneficiaries of similar
            socioeconomic status. Depression rates were almost identical
            for the two groups in late 2019, but significantly lower for
            conditional cash transfer beneficiaries by July 2020, after
            the initiation of strict quarantine measures and a large
            emergency cash transfer program. One interpretation of the
            increased importance of the conditional cash transfer
            program during the pandemic is that these transfers have
            larger protective effects in times of vulnerability. Another
            possible reason is that the existing infrastructure of the
            program, by allowing for more timely distribution of the
            emergency cash, enhanced the effectiveness of the
            government’s pandemic response for conditional cash transfer
            beneficiaries. This paper finds evidence supporting both explanations.","Molina,Teresa Sacro",,,,,,,,,,,,,,,,,,,,,,,,,,,,,,,,,,,,"Title: The Importance of Existing Social
            Protection Programs for Mental Health in Pandemic Times. Abstract: When it comes to mental health, do
            social protection programs matter more in times of crisis
            Using panel data from the Philippines around the onset of
            the COVID-19 pandemic, this study compares depression rates
            among beneficiaries of an existing conditional cash transfer
            program to those of non-beneficiaries of similar
            socioeconomic status. Depression rates were almost identical
            for the two groups in late 2019, but significantly lower for
            conditional cash transfer beneficiaries by July 2020, after
            the initiation of strict quarantine measures and a large
            emergency cash transfer program. One interpretation of the
            increased importance of the conditional cash transfer
            program during the pandemic is that these transfers have
            larger protective effects in times of vulnerability. Another
            possible reason is that the existing infrastructure of the
            program, by allowing for more timely distribution of the
            emergency cash, enhanced the effectiveness of the
            government’s pandemic response for conditional cash transfer
            beneficiaries. This paper finds evidence supporting both explanations.","[{'label': 'LABEL_1', 'score': 0.8665416240692139}]"
8322,13,34239706.0,"Syrian Arab Republic,Jordan",Policy Research Working Paper,2024-01-16T00:00:00Z,Publications & Research,"Policy Research working paper ; no. WPS
            10670; COVID-19 (Coronavirus); MNACE labor and gender
            research programs; PEOPLE","Job Finding and Separation among
            Syrian refugees in Jordan and Their Hosts during the
            COVID-19 Pandemic",http://documents.worldbank.org/curated/en/099821301162430228/pdf/IDU16c8b4f4a1d5c9142801a62b166575607c40c.pdf,/research/2024/01/34239706/job-finding-separation-among-syrian-refugees-jordan-hosts-during-covid-19-pandemic,http://documents.worldbank.org/curated/en/099821301162430228/IDU16c8b4f4a1d5c9142801a62b166575607c40c,2024/01/34239706/IDU16c8b4f4a1d5c9142801a62b166575607c40c,9.982130116243022e+16,Off of Sr VP Dev Econ/Chief Econ (DECVP),http://documents.worldbank.org/curated/en/099821301162430228/IDU16c8b4f4a1d5c9142801a62b166575607c40c,"Wahby,Sarah Mohammad Osman","Job Finding and Separation among Syrian
            refugees in Jordan and Their Hosts during the COVID-19 Pandemic",34239706.0,,,,,,"Refugees face important barriers to
            participation in the formal market, which locks them in
            informal employment and makes them more vulnerable to
            shocks. Using data from Jordan, this paper compares the job
            finding and separation rates of Syrian refugees to those of
            their hosts before and after the onset of the COVID-19
            pandemic. The findings show the change in these rates over
            time for Syrians to be similar to those of their Jordanian
            hosts prior to the pandemic, with a significant divergence
            after the start of the pandemic. Distinguishing between
            Syrians living in camps and those living in host communities
            shows that the Syrian disadvantage was entirely explained by
            living in camps.","Assaad,Ragui A",,,,,,,,,,,,,,,,,,,,,,,,,,,,,,,,,,,,"Title: Job Finding and Separation among
            Syrian refugees in Jordan and Their Hosts during the
            COVID-19 Pandemic. Abstract: Refugees face important barriers to
            participation in the formal market, which locks them in
            informal employment and makes them more vulnerable to
            shocks. Using data from Jordan, this paper compares the job
            finding and separation rates of Syrian refugees to those of
            their hosts before and after the onset of the COVID-19
            pandemic. The findings show the change in these rates over
            time for Syrians to be similar to those of their Jordanian
            hosts prior to the pandemic, with a significant divergence
            after the start of the pandemic. Distinguishing between
            Syrians living in camps and those living in host communities
            shows that the Syrian disadvantage was entirely explained by
            living in camps.","[{'label': 'LABEL_1', 'score': 0.613040566444397}]"
8323,14,34239717.0,World,Policy Research Working Paper,2024-01-16T00:00:00Z,Publications & Research,"Policy Research working paper ; no. WPS
            10671; PEOPLE","Estimating Economic Costs of
            Unhealthy Diets : A Proposed Methodology",http://documents.worldbank.org/curated/en/099839401162431298/pdf/IDU152ca6b541085314ca41a22a1bf67750bec89.pdf,/research/2024/01/34239717/estimating-economic-costs-unhealthy-diets-proposed-methodology,http://documents.worldbank.org/curated/en/099839401162431298/IDU152ca6b541085314ca41a22a1bf67750bec89,2024/01/34239717/IDU152ca6b541085314ca41a22a1bf67750bec89,9.98394011624313e+16,Off of Sr VP Dev Econ/Chief Econ (DECVP),http://documents.worldbank.org/curated/en/099839401162431298/IDU152ca6b541085314ca41a22a1bf67750bec89,"Horton,Susan E.","Estimating Economic Costs of Unhealthy Diets
            : A Proposed Methodology",34239717.0,,,,,,"Healthy diets have been characterized
            as responding to four universal principles—nutrient
            adequacy, dietary diversity, macronutrient balance, and
            moderation. With rising incomes, diet concerns globally have
            shifted from inadequacy of nutrients and lack of diversity,
            to lack of balance and moderation. This has occurred
            alongside declining rates of stunting and wasting in
            children under five and increasing rates of overweight and
            obesity across a broad age span. Calculations undertaken for
            low- and middle-income countries for policy and advocacy
            purposes of the economic cost of unhealthy diets have used
            nutritional status as a proxy or have made estimates of the
            impact of noncommunicable diseases by simply adding up known
            risks of individual diet factors. Both these methods have
            problems. This paper proposes a new methodology, taking
            advantage of recent, more holistic, measures of diet
            quality. Preliminary regression results are presented using
            cross-country data and the Global Dietary Recommendations
            Score and Minimum Dietary Diversity for women. The results
            suggest that diet quality variables generally have the
            expected signs, but there are also clear limitations of
            using cross-country data. The methodology could be applied
            in future to a limited number of broadly representative low-
            and middle-income countries data sets containing both diet
            recall data as well as measures of noncommunicable disease
            risk status. The analysis suggests that this work could
            inform policies such as the repurposing of existing agrifood
            policies to complement existing public health policies, to
            reduce the economic and health burdens imposed by unhealthy diets.","Fracassi,Patrizia","Siekmans,Kendra","Kato,Tomoko",,,,,,,,"Hanley-Cook,Giles",,,,,,,,,,,,,,,,,,,,,,,,,,"Title: Estimating Economic Costs of
            Unhealthy Diets : A Proposed Methodology. Abstract: Healthy diets have been characterized
            as responding to four universal principles—nutrient
            adequacy, dietary diversity, macronutrient balance, and
            moderation. With rising incomes, diet concerns globally have
            shifted from inadequacy of nutrients and lack of diversity,
            to lack of balance and moderation. This has occurred
            alongside declining rates of stunting and wasting in
            children under five and increasing rates of overweight and
            obesity across a broad age span. Calculations undertaken for
            low- and middle-income countries for policy and advocacy
            purposes of the economic cost of unhealthy diets have used
            nutritional status as a proxy or have made estimates of the
            impact of noncommunicable diseases by simply adding up known
            risks of individual diet factors. Both these methods have
            problems. This paper proposes a new methodology, taking
            advantage of recent, more holistic, measures of diet
            quality. Preliminary regression results are presented using
            cross-country data and the Global Dietary Recommendations
            Score and Minimum Dietary Diversity for women. The results
            suggest that diet quality variables generally have the
            expected signs, but there are also clear limitations of
            using cross-country data. The methodology could be applied
            in future to a limited number of broadly representative low-
            and middle-income countries data sets containing both diet
            recall data as well as measures of noncommunicable disease
            risk status. The analysis suggests that this work could
            inform policies such as the repurposing of existing agrifood
            policies to complement existing public health policies, to
            reduce the economic and health burdens imposed by unhealthy diets.","[{'label': 'LABEL_1', 'score': 0.5774677395820618}]"
8324,15,34239758.0,"Middle East and North Africa,World",Policy Research Working Paper,2024-01-16T00:00:00Z,Publications & Research,"Policy Research working paper ; no. WPS
            10672; PEOPLE","Female Headship and Poverty in
            the Arab Region: Analysis of Trends and Dynamics Based on a
            New Typology",http://documents.worldbank.org/curated/en/099916001162436719/pdf/IDU11b4274c21f7ee1444b192b010c62ef384a79.pdf,/research/2024/01/34239758/female-headship-poverty-arab-region-analysis-trends-dynamics-based-new-typology,http://documents.worldbank.org/curated/en/099916001162436719/IDU11b4274c21f7ee1444b192b010c62ef384a79,2024/01/34239758/IDU11b4274c21f7ee1444b192b010c62ef384a79,9.991600116243672e+16,,http://documents.worldbank.org/curated/en/099916001162436719/IDU11b4274c21f7ee1444b192b010c62ef384a79,"AlAzzawi,Shireen","Female Headship and Poverty in the Arab
            Region: Analysis of Trends and Dynamics Based on a New Typology",34239758.0,,,,,,"Various challenges are thought to
            render female-headed households (FHHs) vulnerable to poverty
            in the Arab region. Yet, previous studies have had mixed
            results and the absence of household panel survey data
            hinders analysis of poverty dynamics. This paper addresses
            these challenges by proposing a novel typology of FHHs and
            analyzes synthetic panels constructed from 20 rounds of
            repeated cross-sectional surveys spanning the past two
            decades from the Arab Republic of Egypt, Iraq, Jordan,
            Mauritania, the West Bank and Gaza, and Tunisia. The paper
            finds that the definition of FHHs matters for measuring
            poverty levels and dynamics. Most types of FHHs are less
            poor than non–FHHs on average, but FHHs with a major share
            of female adults are generally poorer. FHHs are more likely
            to escape poverty than households on average, but FHHs
            without children are the most likely to do so. While more
            children are generally associated with more poverty for
            FHHs, there is heterogeneity across countries in addition to
            heterogeneity across measures of FHHs. The findings provide
            useful inputs for social protection and employment programs
            aiming at reducing gender inequalities and poverty in the
            Arab region.","Dang,Hai-Anh H.","Hlasny,Vladimir","Abanokova,Ksenia",,,,,,,,"Behrman,Jere R.",,,,,,,,,,,,,,,,,,,,,,,,,,"Title: Female Headship and Poverty in
            the Arab Region: Analysis of Trends and Dynamics Based on a
            New Typology. Abstract: Various challenges are thought to
            render female-headed households (FHHs) vulnerable to poverty
            in the Arab region. Yet, previous studies have had mixed
            results and the absence of household panel survey data
            hinders analysis of poverty dynamics. This paper addresses
            these challenges by proposing a novel typology of FHHs and
            analyzes synthetic panels constructed from 20 rounds of
            repeated cross-sectional surveys spanning the past two
            decades from the Arab Republic of Egypt, Iraq, Jordan,
            Mauritania, the West Bank and Gaza, and Tunisia. The paper
            finds that the definition of FHHs matters for measuring
            poverty levels and dynamics. Most types of FHHs are less
            poor than non–FHHs on average, but FHHs with a major share
            of female adults are generally poorer. FHHs are more likely
            to escape poverty than households on average, but FHHs
            without children are the most likely to do so. While more
            children are generally associated with more poverty for
            FHHs, there is heterogeneity across countries in addition to
            heterogeneity across measures of FHHs. The findings provide
            useful inputs for social protection and employment programs
            aiming at reducing gender inequalities and poverty in the
            Arab region.","[{'label': 'LABEL_1', 'score': 0.9160565137863159}]"
8325,16,34240433.0,World,Policy Research Working Paper,2024-01-17T00:00:00Z,Publications & Research,"Policy Research working paper ; no. WPS
            10673; RRR; RSB; DIGITAL","Missing Evidence : Tracking
            Academic Data Use around the World",http://documents.worldbank.org/curated/en/099503001172493286/pdf/IDU1ad0286b61aec014d8c19d3e1e651d3fe6286.pdf,/research/2024/01/34240433/missing-evidence-tracking-academic-data-use-around-world,http://documents.worldbank.org/curated/en/099503001172493286/IDU1ad0286b61aec014d8c19d3e1e651d3fe6286,2024/01/34240433/IDU1ad0286b61aec014d8c19d3e1e651d3fe6286,9.950300117249328e+16,Off of Sr VP Dev Econ/Chief Econ (DECVP),http://documents.worldbank.org/curated/en/099503001172493286/IDU1ad0286b61aec014d8c19d3e1e651d3fe6286,"Stacy,Brian William","Missing Evidence : Tracking Academic Data
            Use around the World",34240433.0,,,,,,"Data-driven research on a country is
            key to producing evidence-based public policies. Yet little
            is known about where data-driven research is lacking and how
            it could be expanded. This paper proposes a method for
            tracking academic data use by country of subject, applying
            natural language processing to open-access research papers.
            The model’s predictions produce country estimates of the
            number of articles using data that are highly correlated
            with a human-coded approach, with a correlation of 0.99.
            Analyzing more than 1 million academic articles, the paper
            finds that the number of articles on a country is strongly
            correlated with its gross domestic product per capita,
            population, and the quality of its national statistical
            system. The paper identifies data sources that are strongly
            associated with data-driven research and finds that
            availability of subnational data appears to be particularly
            important. Finally, the paper classifies countries into
            groups based on whether they could most benefit from
            increasing their supply of or demand for data. The findings
            show that the former applies to many low- and
            lower-middle-income countries, while the latter applies to
            many upper-middle- and high-income countries.","Kitzmüller,Lucas","Wang,Xiaoyu","Mahler,Daniel Gerszon",,,,,,,,"Serajuddin,Umar",,,,,,,,,,,,,,,,,,,,,,,,,,"Title: Missing Evidence : Tracking
            Academic Data Use around the World. Abstract: Data-driven research on a country is
            key to producing evidence-based public policies. Yet little
            is known about where data-driven research is lacking and how
            it could be expanded. This paper proposes a method for
            tracking academic data use by country of subject, applying
            natural language processing to open-access research papers.
            The model’s predictions produce country estimates of the
            number of articles using data that are highly correlated
            with a human-coded approach, with a correlation of 0.99.
            Analyzing more than 1 million academic articles, the paper
            finds that the number of articles on a country is strongly
            correlated with its gross domestic product per capita,
            population, and the quality of its national statistical
            system. The paper identifies data sources that are strongly
            associated with data-driven research and finds that
            availability of subnational data appears to be particularly
            important. Finally, the paper classifies countries into
            groups based on whether they could most benefit from
            increasing their supply of or demand for data. The findings
            show that the former applies to many low- and
            lower-middle-income countries, while the latter applies to
            many upper-middle- and high-income countries.","[{'label': 'LABEL_1', 'score': 0.8773843050003052}]"
8326,17,34241066.0,Afghanistan,Policy Research Working Paper,2024-01-18T00:00:00Z,Publications & Research,"Policy Research working paper ; no. WPS
            10674; RRR; Impact Evaluation series; PEOPLE","Closing the gap : Effect of a
            gender quota on women's access to education in Afghanistan",http://documents.worldbank.org/curated/en/099300101182423297/pdf/IDU1617049971af801450e18c91117260363b929.pdf,/research/2024/01/34241066/closing-gap-effect-gender-quota-womens-access-education-afghanistan,http://documents.worldbank.org/curated/en/099300101182423297/IDU1617049971af801450e18c91117260363b929,2024/01/34241066/IDU1617049971af801450e18c91117260363b929,9.93001011824233e+16,Off of Sr VP Dev Econ/Chief Econ (DECVP),http://documents.worldbank.org/curated/en/099300101182423297/IDU1617049971af801450e18c91117260363b929,"Najam,Rafiuddin","Closing the gap : Effect of a gender quota
            on women's access to education in Afghanistan",34241066.0,,,,,,"Affirmative action is a promising
            solution to the crucial challenge of bridging the gap in
            women's access to higher education in low- and
            middle-income countries (LMICs). This paper uses public
            universities' matriculation data from 2013–2018 and
            difference-in-differences estimators to examine the causal
            impact of a gender quota on women's educational
            opportunities in Afghanistan. The quota increased the
            proportion of women in the treated concentration group by
            nine percentage points and the share of women from low
            socio-economic status by three percentage points. The
            expansion was associated with a 0.04-unit decline in the
            average score ratio of female-to-male applicants, driven by
            a reduction in the score threshold needed for women's
            admission. The effects were condensed in competitive
            concentrations, where the overall share of women and women
            with low SES increased by 17 and four percentage points,
            respectively. The findings suggest that affirmative action
            is a viable option for addressing the gender gap in fragile settings.",,,,,,,,,,,,,,,,,,,,,,,,,,,,,,,,,,,,,"Title: Closing the gap : Effect of a
            gender quota on women's access to education in Afghanistan. Abstract: Affirmative action is a promising
            solution to the crucial challenge of bridging the gap in
            women's access to higher education in low- and
            middle-income countries (LMICs). This paper uses public
            universities' matriculation data from 2013–2018 and
            difference-in-differences estimators to examine the causal
            impact of a gender quota on women's educational
            opportunities in Afghanistan. The quota increased the
            proportion of women in the treated concentration group by
            nine percentage points and the share of women from low
            socio-economic status by three percentage points. The
            expansion was associated with a 0.04-unit decline in the
            average score ratio of female-to-male applicants, driven by
            a reduction in the score threshold needed for women's
            admission. The effects were condensed in competitive
            concentrations, where the overall share of women and women
            with low SES increased by 17 and four percentage points,
            respectively. The findings suggest that affirmative action
            is a viable option for addressing the gender gap in fragile settings.","[{'label': 'LABEL_1', 'score': 0.8771567344665527}]"
8327,18,34241150.0,South Sudan,Policy Research Working Paper,2024-01-18T00:00:00Z,Publications & Research,"Policy Research working paper ; no. WPS
            10675; PEOPLE","Implications of Choice of Second
            Stage Selection Method on Sampling Error and Non-Sampling
            Error : Evidence from an IDP Camp in South Sudan",http://documents.worldbank.org/curated/en/099450101182424685/pdf/IDU185fa1625143051482919ed61284e2ea25794.pdf,/research/2024/01/34241150/implications-choice-second-stage-selection-method-sampling-error-non-sampling-error-evidence-idp-camp-south-sudan,http://documents.worldbank.org/curated/en/099450101182424685/IDU185fa1625143051482919ed61284e2ea25794,2024/01/34241150/IDU185fa1625143051482919ed61284e2ea25794,9.945010118242469e+16,Off of Sr VP Dev Econ/Chief Econ (DECVP),http://documents.worldbank.org/curated/en/099450101182424685/IDU185fa1625143051482919ed61284e2ea25794,"Himelein,Kristen","Implications of Choice of Second Stage
            Selection Method on Sampling Error and Non-Sampling Error :
            Evidence from an IDP Camp in South Sudan",34241150.0,,,,,,"The most common sampling approach for
            cross-sectional household surveys in the developing world is
            a stratified two-stage design, where the first stage is
            usually a sample from a census-based area frame, and the
            second stage is a random sample of households from each of
            the areas selected in the first stage. To overcome the
            problem of outdated census frame information, it is common
            to conduct a household listing operation within these areas.
            However, these listing operations come with severe
            implications for survey costs, timeframe, as well as
            quality. To avoid such second-stage operations, some surveys
            choose alternate approaches for their second-stage
            operation. This paper compares five of these approaches,
            namely, satellite mapping, segmentation, grid square, the
            north method, and random walk, through simulations based on
            a census conducted in a refugee camp in South Sudan. The
            paper compares the simulated approach with the estimates
            derived from the actual experiment and finds that all the
            resulting estimates are biased. Nevertheless, in addition to
            their practical challenges, the satellite mapping,
            segmentation, and grid square approaches exhibit the
            smallest bias. Although random walk shows the worst
            performance in the simulations, it regains ground in its
            implementation, especially vis-à-vis the north method, where
            implementation adds most significantly to its bias. In
            conclusion, most probability-based methods perform better
            than non-probability methods like random walk and are
            therefore preferrable when no traditional household listing
            can take place. Although it is important to consider the
            theoretical properties of sampling approaches,
            implementation is at least as important. Training,
            implementation modalities, and monitoring of compliance are
            key factors in the overall performance.","Pape,Utz Johann","Wild,Michael",,,,,,,,,,,,,,,,,,,,,,,,,,,,,,,,,,,"Title: Implications of Choice of Second
            Stage Selection Method on Sampling Error and Non-Sampling
            Error : Evidence from an IDP Camp in South Sudan. Abstract: The most common sampling approach for
            cross-sectional household surveys in the developing world is
            a stratified two-stage design, where the first stage is
            usually a sample from a census-based area frame, and the
            second stage is a random sample of households from each of
            the areas selected in the first stage. To overcome the
            problem of outdated census frame information, it is common
            to conduct a household listing operation within these areas.
            However, these listing operations come with severe
            implications for survey costs, timeframe, as well as
            quality. To avoid such second-stage operations, some surveys
            choose alternate approaches for their second-stage
            operation. This paper compares five of these approaches,
            namely, satellite mapping, segmentation, grid square, the
            north method, and random walk, through simulations based on
            a census conducted in a refugee camp in South Sudan. The
            paper compares the simulated approach with the estimates
            derived from the actual experiment and finds that all the
            resulting estimates are biased. Nevertheless, in addition to
            their practical challenges, the satellite mapping,
            segmentation, and grid square approaches exhibit the
            smallest bias. Although random walk shows the worst
            performance in the simulations, it regains ground in its
            implementation, especially vis-à-vis the north method, where
            implementation adds most significantly to its bias. In
            conclusion, most probability-based methods perform better
            than non-probability methods like random walk and are
            therefore preferrable when no traditional household listing
            can take place. Although it is important to consider the
            theoretical properties of sampling approaches,
            implementation is at least as important. Training,
            implementation modalities, and monitoring of compliance are
            key factors in the overall performance.","[{'label': 'LABEL_1', 'score': 0.9140312075614929}]"
8328,19,34241163.0,Brazil,Policy Research Working Paper,2024-01-18T00:00:00Z,Publications & Research,"Policy Research working paper ; no. WPS
            10676; PEOPLE","Does Local Employment Growth
            Accelerate Exits from Social Assistance ? Evidence From
            Brazil’s Conditional Cash Transfer Bolsa Familia",http://documents.worldbank.org/curated/en/099508001182418663/pdf/IDU1527571dc1f7d114c8a1ae5917c1b8225ec9c.pdf,/research/2024/01/34241163/local-employment-growth-accelerate-exits-social-assistance-evidence-brazil’s-conditional-cash-transfer-bolsa-familia,http://documents.worldbank.org/curated/en/099508001182418663/IDU1527571dc1f7d114c8a1ae5917c1b8225ec9c,2024/01/34241163/IDU1527571dc1f7d114c8a1ae5917c1b8225ec9c,9.950800118241866e+16,Off of Sr VP Dev Econ/Chief Econ (DECVP),http://documents.worldbank.org/curated/en/099508001182418663/IDU1527571dc1f7d114c8a1ae5917c1b8225ec9c,"Fietz,Katharina Maria","Does Local Employment Growth Accelerate
            Exits from Social Assistance ? Evidence From Brazil’s
            Conditional Cash Transfer Bolsa Familia",34241163.0,,,,,,"A substantial literature studied the
            capacity of safety nets to expand automatically during labor
            market shocks; however, less is known about the dynamics of
            social assistance when labor market conditions improve, and
            who may benefit from positive changes, especially in
            developing countries. This paper studies how rising formal
            employment at the municipal level affects the likelihood of
            beneficiary families to exit Bolsa Familia, Brazil’s dynamic
            means-tested cash transfer. The analysis exploits panel data
            from Brazil’s vast social registry, matched with seven years
            of Bolsa Familia payroll information and formal employment
            records. It finds that the Bolsa Familia program displays
            significant and heterogeneous dynamism, with beneficiaries
            with higher levels of education and fewer constraints to
            labor supply taking fewer years to exit. The analysis then
            uses fixed-effects estimates, combined with a shift shares
            instrument, to identify the effects of exogenous changes in
            the local labor market on exits. The findings show that the
            increase in local employment leads to a small, statistically
            significant rise in the probability of exiting from Bolsa
            Familia, associated with rising formal employment among
            social assistance recipients. These effects are concentrated
            in households with spare labor supply and those with medium
            levels of education.","Morgandi,Matteo","Lyrio De Oliveira,Gabriel","Ferreira Cruz E Superti,Luiz Henrique",,,,,,,,,,,,,,,,,,,,,,,,,,,,,,,,,,"Title: Does Local Employment Growth
            Accelerate Exits from Social Assistance ? Evidence From
            Brazil’s Conditional Cash Transfer Bolsa Familia. Abstract: A substantial literature studied the
            capacity of safety nets to expand automatically during labor
            market shocks; however, less is known about the dynamics of
            social assistance when labor market conditions improve, and
            who may benefit from positive changes, especially in
            developing countries. This paper studies how rising formal
            employment at the municipal level affects the likelihood of
            beneficiary families to exit Bolsa Familia, Brazil’s dynamic
            means-tested cash transfer. The analysis exploits panel data
            from Brazil’s vast social registry, matched with seven years
            of Bolsa Familia payroll information and formal employment
            records. It finds that the Bolsa Familia program displays
            significant and heterogeneous dynamism, with beneficiaries
            with higher levels of education and fewer constraints to
            labor supply taking fewer years to exit. The analysis then
            uses fixed-effects estimates, combined with a shift shares
            instrument, to identify the effects of exogenous changes in
            the local labor market on exits. The findings show that the
            increase in local employment leads to a small, statistically
            significant rise in the probability of exiting from Bolsa
            Familia, associated with rising formal employment among
            social assistance recipients. These effects are concentrated
            in households with spare labor supply and those with medium
            levels of education.","[{'label': 'LABEL_1', 'score': 0.6075136661529541}]"
8329,20,34241308.0,World,Policy Research Working Paper,2024-01-18T00:00:00Z,Publications & Research,"Policy Research working paper ; no. WPS
            10677; PROSPERITY",VAT Rate Structures in Theory and Practice,http://documents.worldbank.org/curated/en/099920201182414099/pdf/IDU12d02d19f1336a14e0c1b53714d134b306a9f.pdf,/research/2024/01/34241308/vat-rate-structures-theory-practice,http://documents.worldbank.org/curated/en/099920201182414099/IDU12d02d19f1336a14e0c1b53714d134b306a9f,2024/01/34241308/IDU12d02d19f1336a14e0c1b53714d134b306a9f,9.99202011824141e+16,Off of Sr VP Dev Econ/Chief Econ (DECVP),http://documents.worldbank.org/curated/en/099920201182414099/IDU12d02d19f1336a14e0c1b53714d134b306a9f,"Thomas,Alastair Geoffrey Arthur",VAT Rate Structures in Theory and Practice,34241308.0,,,,,,"Most countries’ value-added tax (VAT)
            systems apply reduced VAT rates to a selection of
            expenditure items in order to achieve distributional goals,
            and (to a lesser extent) social and cultural objectives.
            This paper assesses the case for applying reduced VAT rates,
            with a particular focus on OECD countries where reduced
            rates feature prominently. It examines both the theoretical
            and empirical evidence, as well as practical considerations,
            and concludes that the case for reduced VAT rates is weak.
            In particular, the optimal indirect tax literature finds no
            redistributive role for reduced VAT rates when other more
            direct instruments are available. These theoretical findings
            are supported by the empirical literature that shows reduced
            VAT rates to be a poorly targeted means of supporting lower
            income households, particularly when compared to targeted
            cash transfer programs. Similarly, reduced VAT rates are
            unlikely to be a well-targeted way to encourage consumption
            of merit goods, while they also create significant
            administrative complexity. These findings have significant
            implications for tax reform in both developed and developing
            economies. In particular, where countries have the
            administrative capacity to implement effectively targeted
            cash transfer programs, they should use these programs to
            support poorer households instead of reduced VAT rates.",,,,,,,,,,,,,,,,,,,,,,,,,,,,,,,,,,,,,"Title: VAT Rate Structures in Theory and Practice. Abstract: Most countries’ value-added tax (VAT)
            systems apply reduced VAT rates to a selection of
            expenditure items in order to achieve distributional goals,
            and (to a lesser extent) social and cultural objectives.
            This paper assesses the case for applying reduced VAT rates,
            with a particular focus on OECD countries where reduced
            rates feature prominently. It examines both the theoretical
            and empirical evidence, as well as practical considerations,
            and concludes that the case for reduced VAT rates is weak.
            In particular, the optimal indirect tax literature finds no
            redistributive role for reduced VAT rates when other more
            direct instruments are available. These theoretical findings
            are supported by the empirical literature that shows reduced
            VAT rates to be a poorly targeted means of supporting lower
            income households, particularly when compared to targeted
            cash transfer programs. Similarly, reduced VAT rates are
            unlikely to be a well-targeted way to encourage consumption
            of merit goods, while they also create significant
            administrative complexity. These findings have significant
            implications for tax reform in both developed and developing
            economies. In particular, where countries have the
            administrative capacity to implement effectively targeted
            cash transfer programs, they should use these programs to
            support poorer households instead of reduced VAT rates.","[{'label': 'LABEL_1', 'score': 0.7433319687843323}]"
8330,21,34243167.0,Grenada,Policy Research Working Paper,2024-01-22T00:00:00Z,Publications & Research,Policy Research working paper ; no. WPS 10678,"Fiscal Incidence on the Island:
            Grenada’s Fiscal System and Its Incidence",http://documents.worldbank.org/curated/en/099315201222443333/pdf/IDU1a5a6417d1a77d14ba51b09518a83e3fc689f.pdf,/research/2024/01/34243167/fiscal-incidence-island-grenada’s-fiscal-system-incidence,http://documents.worldbank.org/curated/en/099315201222443333/IDU1a5a6417d1a77d14ba51b09518a83e3fc689f,2024/01/34243167/IDU1a5a6417d1a77d14ba51b09518a83e3fc689f,9.931520122244333e+16,Off of Sr VP Dev Econ/Chief Econ (DECVP),http://documents.worldbank.org/curated/en/099315201222443333/IDU1a5a6417d1a77d14ba51b09518a83e3fc689f,"Canavire Bacarreza,Gustavo Javier","Fiscal Incidence on the Island: Grenada’s
            Fiscal System and Its Incidence",34243167.0,,,,,,"This paper examines the
            distributional effects of fiscal policy in Grenada. Using
            data from the 2017–18 Living Conditions and Household
            Budgets Survey and following the Commitment to Equity
            analysis framework, the paper estimates the effects of
            fiscal policy interventions on inequality and poverty. It
            analyzes the distributional incidence of direct and indirect
            taxes, direct transfers provided by social transfers and
            school feeding programs, and in-kind transfers generated by
            public services in health and education. The results show
            that Grenada has a tax system that is neutral on the
            value-added tax side and progressive on the personal income
            tax side. Furthermore, direct transfers make a modest
            contribution to poverty reduction and are almost neutral in
            their distributive impact. The results contribute to the
            understanding of who bears the burden of taxation and
            benefits from transfers and of how Grenada’s fiscal system
            can improve its redistributive effect.","Gómez Aliaga,Guillermo","Britton,Chevanne Regina Lygia","Rios Avila,Fernando",,,,,,,,"Jimenez Pozo,Wilson Leonardo",,,"Granados Ibarra,Silvia Juliana",,"Li,Ran",,,,,,,,,,,,,,,,,,,,,"Title: Fiscal Incidence on the Island:
            Grenada’s Fiscal System and Its Incidence. Abstract: This paper examines the
            distributional effects of fiscal policy in Grenada. Using
            data from the 2017–18 Living Conditions and Household
            Budgets Survey and following the Commitment to Equity
            analysis framework, the paper estimates the effects of
            fiscal policy interventions on inequality and poverty. It
            analyzes the distributional incidence of direct and indirect
            taxes, direct transfers provided by social transfers and
            school feeding programs, and in-kind transfers generated by
            public services in health and education. The results show
            that Grenada has a tax system that is neutral on the
            value-added tax side and progressive on the personal income
            tax side. Furthermore, direct transfers make a modest
            contribution to poverty reduction and are almost neutral in
            their distributive impact. The results contribute to the
            understanding of who bears the burden of taxation and
            benefits from transfers and of how Grenada’s fiscal system
            can improve its redistributive effect.","[{'label': 'LABEL_1', 'score': 0.9079063534736633}]"
8331,22,34243399.0,"Uganda,World",Policy Research Working Paper,2024-01-22T00:00:00Z,Publications & Research,"Policy Research working paper ; no. WPS
            10679; PEOPLE","The Costs Come before the
            Benefits: Why Donors Should Invest More in Refugee Autonomy
            in Uganda",http://documents.worldbank.org/curated/en/099825401222436103/pdf/IDU16a019d351e7a014fca1a36d11e801ee4a2d0.pdf,/research/2024/01/34243399/costs-come-before-benefits-donors-invest-more-refugee-autonomy-uganda,http://documents.worldbank.org/curated/en/099825401222436103/IDU16a019d351e7a014fca1a36d11e801ee4a2d0,2024/01/34243399/IDU16a019d351e7a014fca1a36d11e801ee4a2d0,9.98254012224361e+16,Off of Sr VP Dev Econ/Chief Econ (DECVP),http://documents.worldbank.org/curated/en/099825401222436103/IDU16a019d351e7a014fca1a36d11e801ee4a2d0,"Atamanov,Aziz","The Costs Come before the Benefits: Why
            Donors Should Invest More in Refugee Autonomy in Uganda",34243399.0,,,,,,"When host countries allow refugees to
            earn income, two main groups benefit: refugees, who become
            financially autonomous, and international institutions that
            can reduce the humanitarian aid that would otherwise be
            needed to support refugees. Uganda is one of the more
            progressive countries when it comes to promoting the
            financial independence of refugees and shifting from
            humanitarian aid to development ways of working. This note
            considers how successful refugees in Uganda have been in
            becoming financially independent and estimates how
            assistance has been saved due to these efforts at economic
            inclusion. Using the international poverty line of US$2.15
            in 2017 purchasing power parities to proxy the costs of
            basic needs, the results suggest that the amount of total
            aid needed was reduced by almost 45 percent. They also show
            that many refugees live in poverty, implying that the
            present combination of aid and work is inadequate to assure
            a decent standard of living. While more assistance is needed
            in the short run, reductions in development assistance are
            feasible but require upfront investments in refugee earning
            capacity to realize them.","Hoogeveen,Johannes G.","Reese,Benjamin Christopher",,,,,,,,,,,,,,,,,,,,,,,,,,,,,,,,,,,"Title: The Costs Come before the
            Benefits: Why Donors Should Invest More in Refugee Autonomy
            in Uganda. Abstract: When host countries allow refugees to
            earn income, two main groups benefit: refugees, who become
            financially autonomous, and international institutions that
            can reduce the humanitarian aid that would otherwise be
            needed to support refugees. Uganda is one of the more
            progressive countries when it comes to promoting the
            financial independence of refugees and shifting from
            humanitarian aid to development ways of working. This note
            considers how successful refugees in Uganda have been in
            becoming financially independent and estimates how
            assistance has been saved due to these efforts at economic
            inclusion. Using the international poverty line of US$2.15
            in 2017 purchasing power parities to proxy the costs of
            basic needs, the results suggest that the amount of total
            aid needed was reduced by almost 45 percent. They also show
            that many refugees live in poverty, implying that the
            present combination of aid and work is inadequate to assure
            a decent standard of living. While more assistance is needed
            in the short run, reductions in development assistance are
            feasible but require upfront investments in refugee earning
            capacity to realize them.","[{'label': 'LABEL_0', 'score': 0.8537208437919617}]"
8332,23,34243842.0,Malawi,Policy Research Working Paper,2024-01-23T00:00:00Z,Publications & Research,"Policy Research working paper ; no. WPS
            10680; RRR; PEOPLE",Rural Labor and Long Recall Loss,http://documents.worldbank.org/curated/en/099314301232420189/pdf/IDU1f0a4a5fa17a29146e919386190683a48ead2.pdf,/research/2024/01/34243842/rural-labor-long-recall-loss,http://documents.worldbank.org/curated/en/099314301232420189/IDU1f0a4a5fa17a29146e919386190683a48ead2,2024/01/34243842/IDU1f0a4a5fa17a29146e919386190683a48ead2,9.93143012324202e+16,Off of Sr VP Dev Econ/Chief Econ (DECVP),http://documents.worldbank.org/curated/en/099314301232420189/IDU1f0a4a5fa17a29146e919386190683a48ead2,"Ambler,Kate",Rural Labor and Long Recall Loss,34243842.0,,,,,,"Surveys frequently rely on annual
            recall to capture individuals’ labor activities over the
            preceding year. This paper uses a panel of rural households
            in Malawi for a survey experiment to test the effect of a
            long, annual recall window on reported labor supply relative
            to a set of quarterly interviews. The paper documents large
            losses in reported labor participation using the long recall
            window with reductions of over 20 percent of reported
            activities and months worked and a 2.5 times greater
            incidence of reported unemployment relative to the shorter
            window. These losses are greater for activities further in
            the past and especially for individuals whose labor supply
            is reported by other family members, reaching up to 50
            percent for some outcomes. The profile of households’
            primary respondents, predominantly male and older, and
            differential effects by age further suggest that long recall
            may cause meaningful biases in the resulting data for women
            and younger household members.","Herskowitz,Sylvan Rene","Maredia,Mywish Karimbhai",,,,,,,,,,,,,,,,,,,,,,,,,,,,,,,,,,,"Title: Rural Labor and Long Recall Loss. Abstract: Surveys frequently rely on annual
            recall to capture individuals’ labor activities over the
            preceding year. This paper uses a panel of rural households
            in Malawi for a survey experiment to test the effect of a
            long, annual recall window on reported labor supply relative
            to a set of quarterly interviews. The paper documents large
            losses in reported labor participation using the long recall
            window with reductions of over 20 percent of reported
            activities and months worked and a 2.5 times greater
            incidence of reported unemployment relative to the shorter
            window. These losses are greater for activities further in
            the past and especially for individuals whose labor supply
            is reported by other family members, reaching up to 50
            percent for some outcomes. The profile of households’
            primary respondents, predominantly male and older, and
            differential effects by age further suggest that long recall
            may cause meaningful biases in the resulting data for women
            and younger household members.","[{'label': 'LABEL_1', 'score': 0.9468491077423096}]"
8333,24,34243850.0,Indonesia,Policy Research Working Paper,2024-01-23T00:00:00Z,Publications & Research,"Policy Research working paper ; no. WPS
            10681; Impact Evaluation series; PEOPLE","Leveraging Women’s Views to
            Influence Gender Norms around Women Working : Evidence from
            an Online Intervention in Indonesia",http://documents.worldbank.org/curated/en/099424001232435449/pdf/IDU1edba8d7d10b7214eb11bfe31bb7ad3731c0c.pdf,/research/2024/01/34243850/leveraging-women’s-views-influence-gender-norms-around-women-working-evidence-online-intervention-indonesia,http://documents.worldbank.org/curated/en/099424001232435449/IDU1edba8d7d10b7214eb11bfe31bb7ad3731c0c,2024/01/34243850/IDU1edba8d7d10b7214eb11bfe31bb7ad3731c0c,9.942400123243546e+16,Off of Sr VP Dev Econ/Chief Econ (DECVP),http://documents.worldbank.org/curated/en/099424001232435449/IDU1edba8d7d10b7214eb11bfe31bb7ad3731c0c,"Cameron,Lisa","Leveraging Women’s Views to Influence Gender
            Norms around Women Working : Evidence from an Online
            Intervention in Indonesia",34243850.0,,,,,,"How to influence social norms that
            drive behavior in relation to women’s participation in
            employment is not well understood. Providing randomly
            selected participants with information on the extent of (i)
            women’s support for women with children working; (ii)
            husband’s support for sharing day-to-day childcare with
            wives; and (iii) mothers’ and mother-in-law’s support for
            working women, increased the probability of choosing an
            online career mentoring course for women over a shopping
            voucher of equal value by 25 percent. Information beyond
            women’s support for working women further increased support
            for women working for some groups, although not strongly so.","Contreras Suarez,Diana Stella","Setyonaluri,Diahhadi",,,,,,,,,,,,,,,,,,,,,,,,,,,,,,,,,,,"Title: Leveraging Women’s Views to
            Influence Gender Norms around Women Working : Evidence from
            an Online Intervention in Indonesia. Abstract: How to influence social norms that
            drive behavior in relation to women’s participation in
            employment is not well understood. Providing randomly
            selected participants with information on the extent of (i)
            women’s support for women with children working; (ii)
            husband’s support for sharing day-to-day childcare with
            wives; and (iii) mothers’ and mother-in-law’s support for
            working women, increased the probability of choosing an
            online career mentoring course for women over a shopping
            voucher of equal value by 25 percent. Information beyond
            women’s support for working women further increased support
            for women working for some groups, although not strongly so.","[{'label': 'LABEL_0', 'score': 0.7734193801879883}]"
8334,25,34244968.0,World,Policy Research Working Paper,2024-01-24T00:00:00Z,Publications & Research,"Policy Research working paper ; no. WPS
            10682; PLANET","The Impact of Climate Change on
            Work : Lessons for Developing Countries",http://documents.worldbank.org/curated/en/099842001242436996/pdf/IDU13fb2bcd51c7f1140371b61811281e0957f86.pdf,/research/2024/01/34244968/impact-climate-change-work-lessons-developing-countries,http://documents.worldbank.org/curated/en/099842001242436996/IDU13fb2bcd51c7f1140371b61811281e0957f86,2024/01/34244968/IDU13fb2bcd51c7f1140371b61811281e0957f86,9.9842001242437e+16,Off of Sr VP Dev Econ/Chief Econ (DECVP),http://documents.worldbank.org/curated/en/099842001242436996/IDU13fb2bcd51c7f1140371b61811281e0957f86,"Feriga,Moustafa Amgad Moustafa Ahmed Moustafa","The Impact of Climate Change on Work :
            Lessons for Developing Countries",34244968.0,,,,,,"What is the impact of climate change
            on labor Reviewing the evidence, this paper finds five areas
            of potential impact. Climate change may have an immediate
            effect on labor demand, labor supply and time allocation,
            on-the-job productivity, and income and vulnerability among
            the self-employed. In the medium term, climate change may
            lead to a reallocation of labor across economic activities
            and across space. Impact estimates typically rely on fixed
            effect estimation. These estimates require care when
            interpreted as they typically reflect the short-term direct
            impact of past events and abstract from potential
            adaptation. The paper discusses emerging work trying to
            address this, analyzing the responses by firms, farms,
            households, and workers. Together, the existing evidence
            points toward six potential areas of government response.
            Potential labor policies include green jobs, green skills,
            labor-oriented adaptation, flexible work regulation, labor
            market integration, and social protection. The paper
            concludes by setting out avenues for future research in this field.","Lozano Gracia,Nancy","Serneels,Pieter Maria",,,,,,,,,,,,,,,,,,,,,,,,,,,,,,,,,,,"Title: The Impact of Climate Change on
            Work : Lessons for Developing Countries. Abstract: What is the impact of climate change
            on labor Reviewing the evidence, this paper finds five areas
            of potential impact. Climate change may have an immediate
            effect on labor demand, labor supply and time allocation,
            on-the-job productivity, and income and vulnerability among
            the self-employed. In the medium term, climate change may
            lead to a reallocation of labor across economic activities
            and across space. Impact estimates typically rely on fixed
            effect estimation. These estimates require care when
            interpreted as they typically reflect the short-term direct
            impact of past events and abstract from potential
            adaptation. The paper discusses emerging work trying to
            address this, analyzing the responses by firms, farms,
            households, and workers. Together, the existing evidence
            points toward six potential areas of government response.
            Potential labor policies include green jobs, green skills,
            labor-oriented adaptation, flexible work regulation, labor
            market integration, and social protection. The paper
            concludes by setting out avenues for future research in this field.","[{'label': 'LABEL_1', 'score': 0.8912898302078247}]"
8335,26,34247621.0,Africa,Policy Research Working Paper,2024-01-29T00:00:00Z,Publications & Research,"Policy Research working paper ; no. WPS
            10683; PLANET","The Welfare Cost of Drought in
            Sub-Saharan Africa",http://documents.worldbank.org/curated/en/099325301292478621/pdf/IDU1ae0eac0e145d214c6218002156b672eb8155.pdf,/research/2024/01/34247621/welfare-cost-drought-sub-saharan-africa,http://documents.worldbank.org/curated/en/099325301292478621/IDU1ae0eac0e145d214c6218002156b672eb8155,2024/01/34247621/IDU1ae0eac0e145d214c6218002156b672eb8155,9.932530129247862e+16,Off of Sr VP Dev Econ/Chief Econ (DECVP),http://documents.worldbank.org/curated/en/099325301292478621/IDU1ae0eac0e145d214c6218002156b672eb8155,"Gascoigne,Jon",The Welfare Cost of Drought in Sub-Saharan Africa,34247621.0,,,,,,"This paper quantifies the impact of
            drought on household consumption for five main
            agroecological zones in Africa, developing vulnerability (or
            damage) functions of the relationship between rainfall
            deficits and poverty. Damage functions are a key element in
            models that quantify the risk of extreme weather and the
            impacts of climate change. Although these functions are
            commonly estimated for storm or flood damages to buildings,
            they are less often available for income losses from
            droughts. The paper takes a regional approach to the
            analysis, developing standardized hazard definitions and
            methods for matching hazard and household data, allowing
            survey data from close to 100,000 households to be used in
            the analysis. The damage functions are used to quantify the
            impact of historical weather conditions on poverty for eight
            countries, highlighting the risk to poverty outcomes that
            weather variability causes. National poverty rates are 1–12
            percent higher, depending on the country, under the worst
            weather conditions relative to the best conditions observed
            in the past 13 years. This amounts to an increase in the
            total poverty gap that ranges from US$4 million to US$2.4
            billion (2011 purchasing power parity).","Baquie,Sandra","Vinha,Katja Pauliina","Skoufias,Emmanuel",,,,,,,,"Calcutt,Evie Isabel Neall",,,"Kshirsagar,Varun Sridhar",,"Meenan,Conor",,,,"Hill,Ruth",,,,,,,,,,,,,,,,,"Title: The Welfare Cost of Drought in
            Sub-Saharan Africa. Abstract: This paper quantifies the impact of
            drought on household consumption for five main
            agroecological zones in Africa, developing vulnerability (or
            damage) functions of the relationship between rainfall
            deficits and poverty. Damage functions are a key element in
            models that quantify the risk of extreme weather and the
            impacts of climate change. Although these functions are
            commonly estimated for storm or flood damages to buildings,
            they are less often available for income losses from
            droughts. The paper takes a regional approach to the
            analysis, developing standardized hazard definitions and
            methods for matching hazard and household data, allowing
            survey data from close to 100,000 households to be used in
            the analysis. The damage functions are used to quantify the
            impact of historical weather conditions on poverty for eight
            countries, highlighting the risk to poverty outcomes that
            weather variability causes. National poverty rates are 1–12
            percent higher, depending on the country, under the worst
            weather conditions relative to the best conditions observed
            in the past 13 years. This amounts to an increase in the
            total poverty gap that ranges from US$4 million to US$2.4
            billion (2011 purchasing power parity).","[{'label': 'LABEL_1', 'score': 0.6763354539871216}]"
8336,27,34247735.0,World,Policy Research Working Paper,2024-01-29T00:00:00Z,Publications & Research,"Policy Research working paper ; no. WPS
            10684; PEOPLE","Dysfunctional Family Management :
            Family-Managed Businesses and the Quality of Management Practices",http://documents.worldbank.org/curated/en/099626001292432099/pdf/IDU16da65b2c1ef8914b1a19d5e1ac4acf945a1b.pdf,/research/2024/01/34247735/dysfunctional-family-management-family-managed-businesses-quality-management-practices,http://documents.worldbank.org/curated/en/099626001292432099/IDU16da65b2c1ef8914b1a19d5e1ac4acf945a1b,2024/01/34247735/IDU16da65b2c1ef8914b1a19d5e1ac4acf945a1b,9.96260012924321e+16,Off of Sr VP Dev Econ/Chief Econ (DECVP),http://documents.worldbank.org/curated/en/099626001292432099/IDU16da65b2c1ef8914b1a19d5e1ac4acf945a1b,"Islam,Asif Mohammed","Dysfunctional Family Management :
            Family-Managed Businesses and the Quality of Management Practices",34247735.0,,,,,,"Better managed firms perform better.
            Existing evidence has shown that family-managed firms have
            poorer management practices. Several reasons have been
            proposed. Limiting to family members reduces the talent pool
            of potential managers. Family management creates
            disincentives for other talented workers given that the
            environment is not meritocratic. Family managers themselves
            may be less motivated given that they may not have to
            compete for the position. This study scales up the evidence
            by exploring the relationship between family managers and
            management practices for about 9,000 medium and large firms
            across 41 developing and advanced economies. The study
            contributes to the literature by investigating several
            internal and external operating factors that attenuate or
            accentuate the relationship between family management and
            the quality of management practices. The engagement of
            governments in terms of corruption and political connections
            is found to be influential.","Gatti,Roberta V.",,,,,,,,,,,,,,,,,,,,,,,,,,,,,,,,,,,,"Title: Dysfunctional Family Management :
            Family-Managed Businesses and the Quality of Management Practices. Abstract: Better managed firms perform better.
            Existing evidence has shown that family-managed firms have
            poorer management practices. Several reasons have been
            proposed. Limiting to family members reduces the talent pool
            of potential managers. Family management creates
            disincentives for other talented workers given that the
            environment is not meritocratic. Family managers themselves
            may be less motivated given that they may not have to
            compete for the position. This study scales up the evidence
            by exploring the relationship between family managers and
            management practices for about 9,000 medium and large firms
            across 41 developing and advanced economies. The study
            contributes to the literature by investigating several
            internal and external operating factors that attenuate or
            accentuate the relationship between family management and
            the quality of management practices. The engagement of
            governments in terms of corruption and political connections
            is found to be influential.","[{'label': 'LABEL_1', 'score': 0.7228538393974304}]"
8337,28,34248402.0,World,Policy Research Working Paper,2024-01-30T00:00:00Z,Publications & Research,"Policy Research working paper ; no. WPS
            10685; PROSPERITY","Just Transition : Issues for
            Central Banks and Financial Regulators",http://documents.worldbank.org/curated/en/099400201302418524/pdf/IDU1b60fc889152fd141721bc2a18de8e26e97cd.pdf,/research/2024/01/34248402/just-transition-issues-central-banks-financial-regulators,http://documents.worldbank.org/curated/en/099400201302418524/IDU1b60fc889152fd141721bc2a18de8e26e97cd,2024/01/34248402/IDU1b60fc889152fd141721bc2a18de8e26e97cd,9.940020130241853e+16,Off of Sr VP Dev Econ/Chief Econ (DECVP),http://documents.worldbank.org/curated/en/099400201302418524/IDU1b60fc889152fd141721bc2a18de8e26e97cd,"Calice,Pietro","Just Transition : Issues for Central Banks
            and Financial Regulators",34248402.0,,,,,,"Recent calls on central banks and
            financial regulators to use the tools at their disposal to
            help mitigate the negative economic and social impacts of
            climate policies are based on several false analogies
            between the energy transition and the “just” energy
            transition. The same false analogies explain why voluntary
            efforts to incorporate just transition considerations into
            private financial decisions and products copying approaches
            from climate finance have so far failed to gain traction.
            None of the above invalidates the just transition as a
            political aspiration. However, only the government has the
            legitimacy and authority to identify the regions or sectors
            where the negative impacts of the energy transition are to
            be mitigated, determine the extent and instruments for this
            mitigation, and adjust them over time in line with shifting
            social preferences. This is an essentially political task
            that cannot be delegated to technocratic agencies.
            Nevertheless, within the parameters established by the
            government, central banks and financial regulators can play
            a supporting role by ensuring accurate data on the social
            impact of the energy transition, enforcing disclosure
            requirements, sensitizing financial firms to just
            transition–related risks, and raising awareness among
            financial firms. However, they must be cautious not to
            overstep their mandate, and remain mindful of the
            limitations of their toolkit and of the risks and potential
            unintended consequences of their actions.","Demekas,Dimitri G.",,,,,,,,,,,,,,,,,,,,,,,,,,,,,,,,,,,,"Title: Just Transition : Issues for
            Central Banks and Financial Regulators. Abstract: Recent calls on central banks and
            financial regulators to use the tools at their disposal to
            help mitigate the negative economic and social impacts of
            climate policies are based on several false analogies
            between the energy transition and the “just” energy
            transition. The same false analogies explain why voluntary
            efforts to incorporate just transition considerations into
            private financial decisions and products copying approaches
            from climate finance have so far failed to gain traction.
            None of the above invalidates the just transition as a
            political aspiration. However, only the government has the
            legitimacy and authority to identify the regions or sectors
            where the negative impacts of the energy transition are to
            be mitigated, determine the extent and instruments for this
            mitigation, and adjust them over time in line with shifting
            social preferences. This is an essentially political task
            that cannot be delegated to technocratic agencies.
            Nevertheless, within the parameters established by the
            government, central banks and financial regulators can play
            a supporting role by ensuring accurate data on the social
            impact of the energy transition, enforcing disclosure
            requirements, sensitizing financial firms to just
            transition–related risks, and raising awareness among
            financial firms. However, they must be cautious not to
            overstep their mandate, and remain mindful of the
            limitations of their toolkit and of the risks and potential
            unintended consequences of their actions.","[{'label': 'LABEL_0', 'score': 0.8334892988204956}]"
8338,29,34248405.0,World,Policy Research Working Paper,2024-01-30T00:00:00Z,Publications & Research,"Policy Research working paper ; no. WPS
            10686; PEOPLE","Little Nomads : Economic and
            Social Impacts of Migration on Children",http://documents.worldbank.org/curated/en/099418301302435890/pdf/IDU113cacc80159c21491318dca10779c4990d0b.pdf,/research/2024/01/34248405/little-nomads-economic-social-impacts-migration-children,http://documents.worldbank.org/curated/en/099418301302435890/IDU113cacc80159c21491318dca10779c4990d0b,2024/01/34248405/IDU113cacc80159c21491318dca10779c4990d0b,9.941830130243589e+16,Off of Sr VP Dev Econ/Chief Econ (DECVP),http://documents.worldbank.org/curated/en/099418301302435890/IDU113cacc80159c21491318dca10779c4990d0b,"Cortina Toro,Magdalena","Little Nomads : Economic and Social Impacts
            of Migration on Children",34248405.0,,,,,,"This paper reviews the main findings
            from 113 studies produced between 1990 and 2023, focusing on
            the impact of migration on various child groups affected
            through the migration path, including left-behind, migrant
            (voluntary and forced), and native children. The findings
            reveal that migration influences children’s outcomes in
            complex and context-dependent ways, and it interacts
            dramatically with household demographics and public
            policies. Key results include the following: (i) left-behind
            children benefit from remittances but experience dramatic
            declines in their cognitive and non-cognitive development
            due to parental absence; (ii) immigrant children generally
            fare better than those in their origin countries but still
            underperform compared to native children in host countries;
            and (iii) the impacts of migration on native children
            largely depend on the adjustment of public service supply to
            meet increased demand. In cases where education services
            expand to meet rising demand, the effect on native children
            can be minimal or even positive. This paper emphasizes the
            need for more experimental or quasi-experimental research to
            examine the effectiveness of programs that support migrant
            and minor host children, and it calls for longitudinal data
            collection to better understand the challenges and needs of
            migrant children, particularly in developing countries.","Jimenez,Juan Miguel","Rozo Villarraga,Sandra Viviana",,,,,,,,,,,,,,,,,,,,,,,,,,,,,,,,,,,"Title: Little Nomads : Economic and
            Social Impacts of Migration on Children. Abstract: This paper reviews the main findings
            from 113 studies produced between 1990 and 2023, focusing on
            the impact of migration on various child groups affected
            through the migration path, including left-behind, migrant
            (voluntary and forced), and native children. The findings
            reveal that migration influences children’s outcomes in
            complex and context-dependent ways, and it interacts
            dramatically with household demographics and public
            policies. Key results include the following: (i) left-behind
            children benefit from remittances but experience dramatic
            declines in their cognitive and non-cognitive development
            due to parental absence; (ii) immigrant children generally
            fare better than those in their origin countries but still
            underperform compared to native children in host countries;
            and (iii) the impacts of migration on native children
            largely depend on the adjustment of public service supply to
            meet increased demand. In cases where education services
            expand to meet rising demand, the effect on native children
            can be minimal or even positive. This paper emphasizes the
            need for more experimental or quasi-experimental research to
            examine the effectiveness of programs that support migrant
            and minor host children, and it calls for longitudinal data
            collection to better understand the challenges and needs of
            migrant children, particularly in developing countries.","[{'label': 'LABEL_1', 'score': 0.9266547560691833}]"
8339,30,34248497.0,West Bank and Gaza,Policy Research Working Paper,2024-01-30T00:00:00Z,Publications & Research,"Policy Research working paper ; no. WPS
            10687; RRR; PROSPERITY","Fiscal Policy, Poverty, and
            Inequality in a Constrained Environment : The Case of the
            West Bank and Gaza",http://documents.worldbank.org/curated/en/099646401302432923/pdf/IDU11fba1aab1fb111482e1a1441122a743dfde3.pdf,/research/2024/01/34248497/fiscal-policy-poverty-inequality-constrained-environment-case-west-bank-gaza,http://documents.worldbank.org/curated/en/099646401302432923/IDU11fba1aab1fb111482e1a1441122a743dfde3,2024/01/34248497/IDU11fba1aab1fb111482e1a1441122a743dfde3,9.964640130243293e+16,Off of Sr VP Dev Econ/Chief Econ (DECVP),http://documents.worldbank.org/curated/en/099646401302432923/IDU11fba1aab1fb111482e1a1441122a743dfde3,"Amjad,Beenish","Fiscal Policy, Poverty, and Inequality in a
            Constrained Environment : The Case of the West Bank and Gaza",34248497.0,,,,,,"This report analyzes the
            distributional impacts of the main taxes and transfers on
            households’ welfare in the West Bank and Gaza. The analysis
            uses the Commitment to Equity methodology, enabling
            comparison of the results to other countries where this
            framework has been applied. The report assesses the effects
            of government taxation, social expenditure, and indirect
            subsidies on poverty and inequality in the West Bank and
            Gaza. The results indicate that the combination of taxes and
            transfers modelled in the West Bank and Gaza reduces
            inequality by 6.5 Gini points but increases the national
            poverty headcount by 8.4 percentage points. These fiscal
            policy outcomes on poverty and inequality reduction are
            below average in terms of desirability compared to other
            lower-middle-income countries. The taxes and transfers
            modelled in the West Bank and Gaza achieve most inequality
            reduction through in-kind benefits from public basic
            education and public hospitals, followed by the Cash
            Transfer Program and the value-added tax (VAT). Their large
            impact on inequality reduction is explained by a combination
            of their progressivity and their size relative to household
            income. The redistributive effect of direct taxes, customs
            duties, and indirect subsidies is zero or close to zero.
            Indirect taxes represent the fiscal interventions
            contributing most to the increase in national poverty;
            customs duties followed by VAT represent the largest burden
            on households’ incomes. Direct transfers from social
            protection cannot offset the impoverishment effect from
            indirect taxes because they have very limited coverage. Only
            the poorest decile is a net cash beneficiary after paying
            taxes and receiving cashable transfers. The rest of the
            deciles are net payers to the fiscal system. To decrease
            poverty and inequality in the West Bank and Gaza, the most
            significant policy recommendation to emerge from the
            analysis is to expand direct transfers to the second and
            third deciles to compensate for indirect tax burdens.
            Financing this reform is feasible through domestic tax
            mobilization or through rationalization of inefficient fuel
            and electricity subsidies that benefit the top income
            deciles most.","Carrasco Nunez,Haydeeliz","Finn,Arden Jeremy","Goldman,Maya Scott",,,,,,,,,,,,,,,,,,,,,,,,,,,,,,,,,,"Title: Fiscal Policy, Poverty, and
            Inequality in a Constrained Environment : The Case of the
            West Bank and Gaza. Abstract: This report analyzes the
            distributional impacts of the main taxes and transfers on
            households’ welfare in the West Bank and Gaza. The analysis
            uses the Commitment to Equity methodology, enabling
            comparison of the results to other countries where this
            framework has been applied. The report assesses the effects
            of government taxation, social expenditure, and indirect
            subsidies on poverty and inequality in the West Bank and
            Gaza. The results indicate that the combination of taxes and
            transfers modelled in the West Bank and Gaza reduces
            inequality by 6.5 Gini points but increases the national
            poverty headcount by 8.4 percentage points. These fiscal
            policy outcomes on poverty and inequality reduction are
            below average in terms of desirability compared to other
            lower-middle-income countries. The taxes and transfers
            modelled in the West Bank and Gaza achieve most inequality
            reduction through in-kind benefits from public basic
            education and public hospitals, followed by the Cash
            Transfer Program and the value-added tax (VAT). Their large
            impact on inequality reduction is explained by a combination
            of their progressivity and their size relative to household
            income. The redistributive effect of direct taxes, customs
            duties, and indirect subsidies is zero or close to zero.
            Indirect taxes represent the fiscal interventions
            contributing most to the increase in national poverty;
            customs duties followed by VAT represent the largest burden
            on households’ incomes. Direct transfers from social
            protection cannot offset the impoverishment effect from
            indirect taxes because they have very limited coverage. Only
            the poorest decile is a net cash beneficiary after paying
            taxes and receiving cashable transfers. The rest of the
            deciles are net payers to the fiscal system. To decrease
            poverty and inequality in the West Bank and Gaza, the most
            significant policy recommendation to emerge from the
            analysis is to expand direct transfers to the second and
            third deciles to compensate for indirect tax burdens.
            Financing this reform is feasible through domestic tax
            mobilization or through rationalization of inefficient fuel
            and electricity subsidies that benefit the top income
            deciles most.","[{'label': 'LABEL_1', 'score': 0.8311904668807983}]"
8340,31,34249073.0,Lebanon,Policy Research Working Paper,2024-02-01T00:00:00Z,Publications & Research,"Policy Research working paper ; no. WPS
            10688; PROSPERITY","Globalization, Dutch Disease, and
            Vulnerability to External Shocks in a Small Open Economy :
            The Case of Lebanon in 1916 and 2019",http://documents.worldbank.org/curated/en/099324301312410845/pdf/IDU16cf9281c16b28145b51b4fa17b1af694b7a9.pdf,/research/2024/02/34249073/globalization-dutch-disease-vulnerability-external-shocks-small-open-economy-case-lebanon-1916-2019,http://documents.worldbank.org/curated/en/099324301312410845/IDU16cf9281c16b28145b51b4fa17b1af694b7a9,2024/02/34249073/IDU16cf9281c16b28145b51b4fa17b1af694b7a9,9.932430131241085e+16,Off of Sr VP Dev Econ/Chief Econ (DECVP),http://documents.worldbank.org/curated/en/099324301312410845/IDU16cf9281c16b28145b51b4fa17b1af694b7a9,"Bou Habib,Chadi","Globalization, Dutch Disease, and
            Vulnerability to External Shocks in a Small Open Economy :
            The Case of Lebanon in 1916 and 2019",34249073.0,,,,,,"This paper investigates the
            similarities between the economy of 1912 Mount Lebanon on
            the eve of the famine of 1916 and the economy of 2004
            Lebanon that set the stage for the major economic and social
            crisis of 2019. A simple general equilibrium simulation
            shows that, as long as the Lebanese economy remains reliant
            on foreign inflows, crises will persist, with different
            manifestations. Regardless of the period considered, foreign
            inflows increase domestic prices and induce real
            appreciation. Low productive capacities and insufficient job
            creation lead to high emigration. Emigration increases the
            reliance on foreign inflows, which in turn increase domestic
            prices and reduce competitiveness, hence triggering further
            emigration and further reliance on foreign inflows. Income
            and prices increase, but exports decline, and growth remains
            volatile. The interruption of the flows of capital and goods
            and the impossibility to migrate due to the First World War
            drove Lebanon into starvation in 1916. The interruption of
            inflows of capital in 2019 led to a major crisis and massive
            outmigration, as predicted through the simulations based on
            the structure of the Lebanese economy in 2004. The
            simulations effectively capture the impact of external
            shocks on the Lebanese economy and closely align with the
            actual changes in economic variables during 2005 to 2020.",,,,,,,,,,,,,,,,,,,,,,,,,,,,,,,,,,,,,"Title: Globalization, Dutch Disease, and
            Vulnerability to External Shocks in a Small Open Economy :
            The Case of Lebanon in 1916 and 2019. Abstract: This paper investigates the
            similarities between the economy of 1912 Mount Lebanon on
            the eve of the famine of 1916 and the economy of 2004
            Lebanon that set the stage for the major economic and social
            crisis of 2019. A simple general equilibrium simulation
            shows that, as long as the Lebanese economy remains reliant
            on foreign inflows, crises will persist, with different
            manifestations. Regardless of the period considered, foreign
            inflows increase domestic prices and induce real
            appreciation. Low productive capacities and insufficient job
            creation lead to high emigration. Emigration increases the
            reliance on foreign inflows, which in turn increase domestic
            prices and reduce competitiveness, hence triggering further
            emigration and further reliance on foreign inflows. Income
            and prices increase, but exports decline, and growth remains
            volatile. The interruption of the flows of capital and goods
            and the impossibility to migrate due to the First World War
            drove Lebanon into starvation in 1916. The interruption of
            inflows of capital in 2019 led to a major crisis and massive
            outmigration, as predicted through the simulations based on
            the structure of the Lebanese economy in 2004. The
            simulations effectively capture the impact of external
            shocks on the Lebanese economy and closely align with the
            actual changes in economic variables during 2005 to 2020.","[{'label': 'LABEL_0', 'score': 0.6801487803459167}]"
8341,32,34249090.0,World,Policy Research Working Paper,2024-01-31T00:00:00Z,Publications & Research,"Policy Research working paper ; no. WPS
            10689; PLANET","In Most Low- and Middle-Income
            Countries Pollution Levels Are Higher in Wealthier Areas",http://documents.worldbank.org/curated/en/099449201312441737/pdf/IDU12354a7cd103c314993198571ea404b85aecb.pdf,/research/2024/01/34249090/most-low--middle-income-countries-pollution-levels-higher-wealthier-areas,http://documents.worldbank.org/curated/en/099449201312441737/IDU12354a7cd103c314993198571ea404b85aecb,2024/01/34249090/IDU12354a7cd103c314993198571ea404b85aecb,9.944920131244174e+16,Off of Sr VP Dev Econ/Chief Econ (DECVP),http://documents.worldbank.org/curated/en/099449201312441737/IDU12354a7cd103c314993198571ea404b85aecb,"Behrer,Arnold Patrick","In Most Low- and Middle-Income Countries
            Pollution Levels Are Higher in Wealthier Areas",34249090.0,,,,,,"Air pollution is a major threat to
            health, and the dangers are particularly acute in low- and
            middle-income countries. However, little is known about how
            the burden of pollution is spread across the wealth
            distribution in these countries. This paper uses new data
            providing high-resolution wealth estimates for more than 100
            low- and middle-income countries, combined with equally
            high-resolution estimates of air pollution, to estimate how
            wealth is correlated with ambient air pollution around the
            world. The findings show that on average air pollution is
            positively correlated with wealth, but the relationship is
            highly heterogeneous across countries. The fact that air
            pollution and wealth are both disproportionately high in
            urban areas, where economic activity is largely
            concentrated, appears to drive this relationship. When the
            analysis is limited to anthropogenic sources of pollution,
            the relationship becomes less heterogeneous and more
            systematically positive. The paper also examines the
            relationship between pollution exposure and wealth within
            large cities around the world. Again, the findings show
            substantial heterogeneity across cities. The paper explores
            several hypotheses for this heterogeneity but does not find
            a single explanation. Economic concentration within cities
            appears to explain some of the relationship. Cities with
            more concentrated economic opportunity tend to have more
            positive correlations between pollution and wealth.","Heft-Neal,Sam",,,,,,,,,,,,,,,,,,,,,,,,,,,,,,,,,,,,"Title: In Most Low- and Middle-Income
            Countries Pollution Levels Are Higher in Wealthier Areas. Abstract: Air pollution is a major threat to
            health, and the dangers are particularly acute in low- and
            middle-income countries. However, little is known about how
            the burden of pollution is spread across the wealth
            distribution in these countries. This paper uses new data
            providing high-resolution wealth estimates for more than 100
            low- and middle-income countries, combined with equally
            high-resolution estimates of air pollution, to estimate how
            wealth is correlated with ambient air pollution around the
            world. The findings show that on average air pollution is
            positively correlated with wealth, but the relationship is
            highly heterogeneous across countries. The fact that air
            pollution and wealth are both disproportionately high in
            urban areas, where economic activity is largely
            concentrated, appears to drive this relationship. When the
            analysis is limited to anthropogenic sources of pollution,
            the relationship becomes less heterogeneous and more
            systematically positive. The paper also examines the
            relationship between pollution exposure and wealth within
            large cities around the world. Again, the findings show
            substantial heterogeneity across cities. The paper explores
            several hypotheses for this heterogeneity but does not find
            a single explanation. Economic concentration within cities
            appears to explain some of the relationship. Cities with
            more concentrated economic opportunity tend to have more
            positive correlations between pollution and wealth.","[{'label': 'LABEL_1', 'score': 0.9074469804763794}]"
8342,33,34249700.0,Africa,Policy Research Working Paper,2024-02-01T00:00:00Z,Publications & Research,"Policy Research working paper ; no. WPS
            10690; PEOPLE","The Growth Elasticity of Poverty
            : Is Africa Any Different ?",http://documents.worldbank.org/curated/en/099312502012418681/pdf/IDU1e36a6afa14bb414e6c192e61c45a54f4b453.pdf,/research/2024/02/34249700/growth-elasticity-poverty-africa-different,http://documents.worldbank.org/curated/en/099312502012418681/IDU1e36a6afa14bb414e6c192e61c45a54f4b453,2024/02/34249700/IDU1e36a6afa14bb414e6c192e61c45a54f4b453,9.931250201241869e+16,Off of Sr VP Dev Econ/Chief Econ (DECVP),http://documents.worldbank.org/curated/en/099312502012418681/IDU1e36a6afa14bb414e6c192e61c45a54f4b453,"Wu,Haoyu","The Growth Elasticity of Poverty : Is Africa
            Any Different ?",34249700.0,,,,,,"On current trends, the future of
            global poverty reduction will be determined by Sub-Saharan
            Africa. Yet even during Sub-Saharan Africa’s period of high
            economic growth — roughly corresponding to the first decade
            and a half of the 2000s — the extent to which this growth
            translated into improved living standards for African
            households was hotly debated. This paper revisits the issue
            of Sub-Saharan Africa’s relatively low growth elasticity of
            poverty using a sample of 575 successive and comparable
            growth spells between 1981 and 2021. The findings confirm
            that, even controlling for initial differences in poverty,
            income levels, and inequality, Sub-Saharan Africa
            consistently had a significantly lower growth elasticity of
            poverty relative to other regions over this period. The
            lower growth elasticity of poverty, which has remained
            unchanged over time, is due to a lower passthrough between
            growth in gross domestic product per capita (or growth in
            household final consumption expenditure as measured by
            national accounts) and growth in household consumption
            expenditures as measured from surveys. Given the low
            passthrough of economic growth to households, Africa thus
            needs higher rates of economic growth than its peer
            countries in other regions to achieve equal rates of poverty
            reduction. Given the challenge of achieving this in the
            current global economic environment, success in reducing
            global poverty will require a focused effort to strengthen
            the effect of aggregate economic growth on household welfare
            in Sub-Saharan Africa. The results suggest that this will
            require (i) improved provision of basic education services
            and basic infrastructure, (ii) faster structural
            transformation, and (iii) a decrease in the occurrence and
            persistence of violent conflicts.","Atamanov,Aziz","Bundervoet,Tom","Paci,Pierella",,,,,,,,,,,,,,,,,,,,,,,,,,,,,,,,,,"Title: The Growth Elasticity of Poverty
            : Is Africa Any Different ?. Abstract: On current trends, the future of
            global poverty reduction will be determined by Sub-Saharan
            Africa. Yet even during Sub-Saharan Africa’s period of high
            economic growth — roughly corresponding to the first decade
            and a half of the 2000s — the extent to which this growth
            translated into improved living standards for African
            households was hotly debated. This paper revisits the issue
            of Sub-Saharan Africa’s relatively low growth elasticity of
            poverty using a sample of 575 successive and comparable
            growth spells between 1981 and 2021. The findings confirm
            that, even controlling for initial differences in poverty,
            income levels, and inequality, Sub-Saharan Africa
            consistently had a significantly lower growth elasticity of
            poverty relative to other regions over this period. The
            lower growth elasticity of poverty, which has remained
            unchanged over time, is due to a lower passthrough between
            growth in gross domestic product per capita (or growth in
            household final consumption expenditure as measured by
            national accounts) and growth in household consumption
            expenditures as measured from surveys. Given the low
            passthrough of economic growth to households, Africa thus
            needs higher rates of economic growth than its peer
            countries in other regions to achieve equal rates of poverty
            reduction. Given the challenge of achieving this in the
            current global economic environment, success in reducing
            global poverty will require a focused effort to strengthen
            the effect of aggregate economic growth on household welfare
            in Sub-Saharan Africa. The results suggest that this will
            require (i) improved provision of basic education services
            and basic infrastructure, (ii) faster structural
            transformation, and (iii) a decrease in the occurrence and
            persistence of violent conflicts.","[{'label': 'LABEL_0', 'score': 0.7683099508285522}]"
8343,34,34249732.0,"Iran (Islamic Republic Of,Iraq",Policy Research Working Paper,2024-02-01T00:00:00Z,Publications & Research,"Policy Research working paper ; no. WPS
            10691; MNACE labor and gender research programs; PEOPLE","The Long-Term and
            Gender-Equalizing Impacts of the Islamic Republic of
            Iran-Iraq War in 1980–88 on School Access and Labor Market Performance",http://documents.worldbank.org/curated/en/099349102012434554/pdf/IDU1f87e964d10cb614d3219bdd1759b52b0527b.pdf,/research/2024/02/34249732/long-term-gender-equalizing-impacts-islamic-republic-iran-iraq-war-1980–88-school-access-labor-market-performance,http://documents.worldbank.org/curated/en/099349102012434554/IDU1f87e964d10cb614d3219bdd1759b52b0527b,2024/02/34249732/IDU1f87e964d10cb614d3219bdd1759b52b0527b,9.934910201243456e+16,Off of Sr VP Dev Econ/Chief Econ (DECVP),http://documents.worldbank.org/curated/en/099349102012434554/IDU1f87e964d10cb614d3219bdd1759b52b0527b,"Xuan Hoang,Trung","The Long-Term and Gender-Equalizing Impacts
            of the Islamic Republic of Iran-Iraq War in 1980–88 on
            School Access and Labor Market Performance",34249732.0,,,,,,"This paper uses the context of the
            Islamic Republic of Iran-Iraq war in 1980–88 to study the
            long-term impacts of exposure to the war during school years
            on educational attainment and labor market outcomes in Iraq.
            The analysis uses an event study and the Iraq Household
            Socio-Economic Surveys 2006–2007. The findings show that the
            Islamic Republic of Iran-Iraq conflict had a negative impact
            on the social welfare of men who were exposed to the war,
            including on social security, pension plan, health care,
            paid leave, and job permanence, while little impact on women
            is found. Additionally, the conflict reduced wages for both
            men and women. Furthermore, men who were exposed to the
            conflict were more likely to work in dangerous jobs or
            without air conditioning, while no evidence on this is found
            for women. The paper also shows the impact of the intensity
            of the Islamic Republic of Iran-Iraq war on educational
            attainment and labor market outcomes. It documents the
            education channel through which the war affects labor market
            outcomes, showing that the war decreased the educational
            levels of men and women born between 1971 and 1981. The
            findings are robust to a variety of robustness checks and
            falsification tests.",,,,,,,,,,,,,,,,,,,,,,,,,,,,,,,,,,,,,"Title: The Long-Term and
            Gender-Equalizing Impacts of the Islamic Republic of
            Iran-Iraq War in 1980–88 on School Access and Labor Market Performance. Abstract: This paper uses the context of the
            Islamic Republic of Iran-Iraq war in 1980–88 to study the
            long-term impacts of exposure to the war during school years
            on educational attainment and labor market outcomes in Iraq.
            The analysis uses an event study and the Iraq Household
            Socio-Economic Surveys 2006–2007. The findings show that the
            Islamic Republic of Iran-Iraq conflict had a negative impact
            on the social welfare of men who were exposed to the war,
            including on social security, pension plan, health care,
            paid leave, and job permanence, while little impact on women
            is found. Additionally, the conflict reduced wages for both
            men and women. Furthermore, men who were exposed to the
            conflict were more likely to work in dangerous jobs or
            without air conditioning, while no evidence on this is found
            for women. The paper also shows the impact of the intensity
            of the Islamic Republic of Iran-Iraq war on educational
            attainment and labor market outcomes. It documents the
            education channel through which the war affects labor market
            outcomes, showing that the war decreased the educational
            levels of men and women born between 1971 and 1981. The
            findings are robust to a variety of robustness checks and
            falsification tests.","[{'label': 'LABEL_1', 'score': 0.8811492919921875}]"
8344,35,34249852.0,World,Policy Research Working Paper,2024-02-01T00:00:00Z,Publications & Research,"Policy Research working paper ; no. WPS
            10692; MNACE labor and gender research programs; PEOPLE; RRR","Breadwinners and Caregivers :
            Examining the Global Relationship between Gender Norms and
            Economic Behavior",http://documents.worldbank.org/curated/en/099821402012437374/pdf/IDU1bf06cd191699f1462f18236168ed5e5295bf.pdf,/research/2024/02/34249852/breadwinners-caregivers-examining-global-relationship-between-gender-norms-economic-behavior,http://documents.worldbank.org/curated/en/099821402012437374/IDU1bf06cd191699f1462f18236168ed5e5295bf,2024/02/34249852/IDU1bf06cd191699f1462f18236168ed5e5295bf,9.982140201243738e+16,,http://documents.worldbank.org/curated/en/099821402012437374/IDU1bf06cd191699f1462f18236168ed5e5295bf,"Goldstein,Markus P.","Breadwinners and Caregivers : Examining the
            Global Relationship between Gender Norms and Economic Behavior",34249852.0,,,,,,"Gender norms are often emphasized to
            help explain gender gaps in the labor market. This paper
            examines global patterns of gender attitudes and norms
            toward the stereotypical gender roles of the male
            breadwinner and female caregiver, and broad support for
            gender equality in opportunities, and studies their
            relationship with economic behavior. Using data collected
            via Facebook from 150,000 individuals across 111 countries
            the paper explores how gender beliefs and norms are related
            to labor supply, household production, and intrahousehold
            decision-making power within a country. The paper provides
            descriptive evidence that the more gender equitable or
            counter-stereotypical are beliefs and norms, the more likely
            women are to work, the more time men spend on household
            chores, and the higher the likelihood of joint
            decision-making among couples. The findings suggest an
            underestimation of the support for gender equality globally
            and the extent of underestimation varies by gender and
            region. The paper concludes with a discussion of potential
            entry points for policy to help address gender norms.","Gonzalez Martinez,Paula Lorena","Kilic,Talip","Papineni,Sreelakshmi",,,,,,,,"Wollburg,Philip Randolph",,,,,,,,,,,,,,,,,,,,,,,,,,"Title: Breadwinners and Caregivers :
            Examining the Global Relationship between Gender Norms and
            Economic Behavior. Abstract: Gender norms are often emphasized to
            help explain gender gaps in the labor market. This paper
            examines global patterns of gender attitudes and norms
            toward the stereotypical gender roles of the male
            breadwinner and female caregiver, and broad support for
            gender equality in opportunities, and studies their
            relationship with economic behavior. Using data collected
            via Facebook from 150,000 individuals across 111 countries
            the paper explores how gender beliefs and norms are related
            to labor supply, household production, and intrahousehold
            decision-making power within a country. The paper provides
            descriptive evidence that the more gender equitable or
            counter-stereotypical are beliefs and norms, the more likely
            women are to work, the more time men spend on household
            chores, and the higher the likelihood of joint
            decision-making among couples. The findings suggest an
            underestimation of the support for gender equality globally
            and the extent of underestimation varies by gender and
            region. The paper concludes with a discussion of potential
            entry points for policy to help address gender norms.","[{'label': 'LABEL_0', 'score': 0.6954577565193176}]"
8345,36,34252495.0,Tunisia,Policy Research Working Paper,2024-02-06T00:00:00Z,Publications & Research,"Policy Research working paper ; no. WPS
            10693; MNACE labor and gender research programs; PEOPLE","Tackling Gender Discriminatory
            Inheritance Law Privately : Lessons from a Survey Experiment
            in Tunisia",http://documents.worldbank.org/curated/en/099804402052432900/pdf/IDU16715ac0d1906814580188631d44bf194b848.pdf,/research/2024/02/34252495/tackling-gender-discriminatory-inheritance-law-privately-lessons-survey-experiment-tunisia,http://documents.worldbank.org/curated/en/099804402052432900/IDU16715ac0d1906814580188631d44bf194b848,2024/02/34252495/IDU16715ac0d1906814580188631d44bf194b848,9.98044020524329e+16,,http://documents.worldbank.org/curated/en/099804402052432900/IDU16715ac0d1906814580188631d44bf194b848,"Hauser,Christina Sarah","Tackling Gender Discriminatory Inheritance
            Law Privately : Lessons from a Survey Experiment in Tunisia",34252495.0,,,,,,"When reform of gender discriminatory
            law fails, individual action can offer a second-best
            solution. As most Muslim-majority countries, Tunisia applies
            Islamic inheritance law, systematically favoring sons over
            daughters. By making gifts to their daughter, parents can
            privately attenuate gender discrimination in inheritance.
            This study investigates to what extent gifting can represent
            an alternative to legal reform and for whom. Within a
            randomized experiment, this study tests whether providing
            information on public support for inheritance law reform
            and/or the possibility to make a gift to one’s daughter has
            a causal impact on individual attitudes towards women’s
            right to inheritance. The overall evidence on the
            effectiveness of the proposed informational treatments to
            encourage gifting is mixed. However, approval of gifting
            daughters is high—especially among the wealthy. Men are more
            likely to gift than women. By contrast, demand for legal
            reform is significantly higher among women and individuals
            with low educational attainment. The findings thus suggest
            that gifting indeed represents an alternative to legal
            reform; but mostly for a relatively well-off subset of the
            population, leaving the agency to the traditionally male
            head of the family.",,,,,,,,,,,,,,,,,,,,,,,,,,,,,,,,,,,,,"Title: Tackling Gender Discriminatory
            Inheritance Law Privately : Lessons from a Survey Experiment
            in Tunisia. Abstract: When reform of gender discriminatory
            law fails, individual action can offer a second-best
            solution. As most Muslim-majority countries, Tunisia applies
            Islamic inheritance law, systematically favoring sons over
            daughters. By making gifts to their daughter, parents can
            privately attenuate gender discrimination in inheritance.
            This study investigates to what extent gifting can represent
            an alternative to legal reform and for whom. Within a
            randomized experiment, this study tests whether providing
            information on public support for inheritance law reform
            and/or the possibility to make a gift to one’s daughter has
            a causal impact on individual attitudes towards women’s
            right to inheritance. The overall evidence on the
            effectiveness of the proposed informational treatments to
            encourage gifting is mixed. However, approval of gifting
            daughters is high—especially among the wealthy. Men are more
            likely to gift than women. By contrast, demand for legal
            reform is significantly higher among women and individuals
            with low educational attainment. The findings thus suggest
            that gifting indeed represents an alternative to legal
            reform; but mostly for a relatively well-off subset of the
            population, leaving the agency to the traditionally male
            head of the family.","[{'label': 'LABEL_0', 'score': 0.8684722185134888}]"
8346,37,34252504.0,Morocco,Policy Research Working Paper,2024-02-05T00:00:00Z,Publications & Research,"Policy Research working paper ; no. WPS
            10694; MNACE labor and gender research programs; PEOPLE","Gender Role Attitudes, Perceived
            Norms, and the ""Double Burden'' in Morocco",http://documents.worldbank.org/curated/en/099822202052424136/pdf/IDU18821daf01292214ebc1865c19a2c631d7d2f.pdf,/research/2024/02/34252504/gender-role-attitudes-perceived-norms-double-burden-morocco,http://documents.worldbank.org/curated/en/099822202052424136/IDU18821daf01292214ebc1865c19a2c631d7d2f,2024/02/34252504/IDU18821daf01292214ebc1865c19a2c631d7d2f,9.982220205242413e+16,Off of Sr VP Dev Econ/Chief Econ (DECVP),http://documents.worldbank.org/curated/en/099822202052424136/IDU18821daf01292214ebc1865c19a2c631d7d2f,"Barnett,Carolyn Louise","Gender Role Attitudes, Perceived Norms, and
            the ""Double Burden'' in Morocco",34252504.0,,,,,,"To what extent do attitudes and
            perceived norms around household roles hinder the emergence
            of more gender-equal distributions of labor in Morocco
            Moroccan women undertake a disproportionate share of unpaid
            household and care labor and participate in the labor force
            at low rates. Yet everyday practices are shifting, and
            normative expectations may be as well. From an online survey
            of predominantly urban, employed Moroccans, this paper finds
            that respondents aspire for men to be equal contributors in
            care tasks. Yet, unpaid labor burdens remain highly unequal,
            respondents disfavor men taking primary responsibility for
            cooking or cleaning, and women's share of household
            labor correlates with perceptions of what men prefer more
            than with individuals' actual preferences. Results from
            a conjoint survey experiment measuring preferences around
            employment and the household division of labor confirm
            respondents' interest in more egalitarian relations in
            principle, but also suggest that strong preferences for a
            male breadwinner family model will continue to drive an
            unequal distribution of labor at home.",,,,,,,,,,,,,,,,,,,,,,,,,,,,,,,,,,,,,"Title: Gender Role Attitudes, Perceived
            Norms, and the ""Double Burden'' in Morocco. Abstract: To what extent do attitudes and
            perceived norms around household roles hinder the emergence
            of more gender-equal distributions of labor in Morocco
            Moroccan women undertake a disproportionate share of unpaid
            household and care labor and participate in the labor force
            at low rates. Yet everyday practices are shifting, and
            normative expectations may be as well. From an online survey
            of predominantly urban, employed Moroccans, this paper finds
            that respondents aspire for men to be equal contributors in
            care tasks. Yet, unpaid labor burdens remain highly unequal,
            respondents disfavor men taking primary responsibility for
            cooking or cleaning, and women's share of household
            labor correlates with perceptions of what men prefer more
            than with individuals' actual preferences. Results from
            a conjoint survey experiment measuring preferences around
            employment and the household division of labor confirm
            respondents' interest in more egalitarian relations in
            principle, but also suggest that strong preferences for a
            male breadwinner family model will continue to drive an
            unequal distribution of labor at home.","[{'label': 'LABEL_0', 'score': 0.8747510313987732}]"
8347,38,34254016.0,World,Policy Research Working Paper,2024-02-07T00:00:00Z,Publications & Research,"Policy Research working paper ; no. WPS
            10695; LSMS; KCP; PEOPLE","Recording the Time Divide : A
            Comparative Study of Smartphone- and Recall-Based Approaches
            to Time Use Measurement",http://documents.worldbank.org/curated/en/099814102072416574/pdf/IDU195d006a6196d314cc21a96310b5efaaff3cd.pdf,/research/2024/02/34254016/recording-time-divide-comparative-study-smartphone--recall-based-approaches-time-use-measurement,http://documents.worldbank.org/curated/en/099814102072416574/IDU195d006a6196d314cc21a96310b5efaaff3cd,2024/02/34254016/IDU195d006a6196d314cc21a96310b5efaaff3cd,9.981410207241658e+16,Off of Sr VP Dev Econ/Chief Econ (DECVP),http://documents.worldbank.org/curated/en/099814102072416574/IDU195d006a6196d314cc21a96310b5efaaff3cd,"Kilic,Talip","Recording the Time Divide : A Comparative
            Study of Smartphone- and Recall-Based Approaches to Time Use Measurement",34254016.0,,,,,,"Based on a randomized survey
            experiment in Malawi, this study examines how innovative
            techniques in time use data collection could sidestep
            measurement concerns with traditional recall-based time use
            measurement. The experiment assigns random samples of
            households, and adult men and women within, to one of two
            treatment arms on time use measurement: a traditional
            24-hour recall time use diary, and a self-administered
            smartphone-based pictorial time diary, known as the
            TimeTracker app, for real-time data collection. Compared to
            the recall arm, participation in employment and unpaid
            domestic and care work is shown to be higher in the
            smartphone arm for both men and women. The resulting
            estimates of gender gaps, while continuing to be large, are
            narrower in the smartphone arm, except for care work where
            the estimated gender gap increases. The recall treatment
            leads to substantial underreporting of activities after 6
            pm, which otherwise accounts for nearly 30 percent of daily
            reported time in the smartphone arm. Likewise, the extent of
            simultaneous activities, particularly among women, is
            markedly lower in the recall arm. The overall reported time
            is, however, higher in the recall arm due to the minimum
            15-minute duration that was used for recording activities
            the 24-hour recall diary, while over one-third of activities
            lasted less than 15 minutes in the smartphone arm. The
            analysis also shows that using stylized time use questions
            with a 7-day recall, as opposed to a 24-hour recall diary,
            results in an even greater overestimation of reported time
            in employment and unpaid work.","Koolwal,Gayatri B.","Vundru,Wilbert Drazi","Daum,Thomas Lothar Georg",,,,,,,,"Buchwald,Hannes",,,"Seymour,Greg",,"Mvula,Peter Mathias",,,,"Munthali,Alister Chaundumuka","Kachinjika,Monice",,,,,,,,,,,,,,,,"Title: Recording the Time Divide : A
            Comparative Study of Smartphone- and Recall-Based Approaches
            to Time Use Measurement. Abstract: Based on a randomized survey
            experiment in Malawi, this study examines how innovative
            techniques in time use data collection could sidestep
            measurement concerns with traditional recall-based time use
            measurement. The experiment assigns random samples of
            households, and adult men and women within, to one of two
            treatment arms on time use measurement: a traditional
            24-hour recall time use diary, and a self-administered
            smartphone-based pictorial time diary, known as the
            TimeTracker app, for real-time data collection. Compared to
            the recall arm, participation in employment and unpaid
            domestic and care work is shown to be higher in the
            smartphone arm for both men and women. The resulting
            estimates of gender gaps, while continuing to be large, are
            narrower in the smartphone arm, except for care work where
            the estimated gender gap increases. The recall treatment
            leads to substantial underreporting of activities after 6
            pm, which otherwise accounts for nearly 30 percent of daily
            reported time in the smartphone arm. Likewise, the extent of
            simultaneous activities, particularly among women, is
            markedly lower in the recall arm. The overall reported time
            is, however, higher in the recall arm due to the minimum
            15-minute duration that was used for recording activities
            the 24-hour recall diary, while over one-third of activities
            lasted less than 15 minutes in the smartphone arm. The
            analysis also shows that using stylized time use questions
            with a 7-day recall, as opposed to a 24-hour recall diary,
            results in an even greater overestimation of reported time
            in employment and unpaid work.","[{'label': 'LABEL_1', 'score': 0.9394850134849548}]"
8348,39,34254084.0,World,Policy Research Working Paper,2024-02-07T00:00:00Z,Publications & Research,"Policy Research working paper ; no. WPS
            10696; PLANET","Turning Risks into Reward :
            Diversifying the Global Value Chains of Decarbonization Technologies",http://documents.worldbank.org/curated/en/099936402072438837/pdf/IDU127b390ef1155014bd91aea9110575d799ce6.pdf,/research/2024/02/34254084/turning-risks-reward-diversifying-global-value-chains-decarbonization-technologies,http://documents.worldbank.org/curated/en/099936402072438837/IDU127b390ef1155014bd91aea9110575d799ce6,2024/02/34254084/IDU127b390ef1155014bd91aea9110575d799ce6,9.993640207243883e+16,Off of Sr VP Dev Econ/Chief Econ (DECVP),http://documents.worldbank.org/curated/en/099936402072438837/IDU127b390ef1155014bd91aea9110575d799ce6,"Rosenow,Samuel Kaspar","Turning Risks into Reward : Diversifying the
            Global Value Chains of Decarbonization Technologies",34254084.0,,,,,,"Reaching net-zero emissions by 2050
            requires unprecedented scaling up in the global deployment
            of critical decarbonization technologies, such as solar
            photovoltaics, wind turbines, and electric vehicles. This
            challenge is currently rife with both risks and rewards:
            while securing an adequate supply of these technologies has
            become an urgent policy priority for many countries, their
            high-growth global value chains also offer lucrative
            benefits for those able to meet the burgeoning global
            demand. Although recent policy responses have sought to
            nearshore production to reduce risks and capitalize on
            rewards, this paper instead lays out an evidence-based
            strategy to help diversify the global value chains of
            decarbonization technologies across countries with latent
            production capabilities and resource endowments. To that
            end, it constructs a new dataset of traded products,
            components, and materials associated with decarbonization
            technologies; develops new indexes capturing countries’
            current export strengths and future diversification
            potential in these global value chains; and highlights
            products with supply risks due to high market concentration
            levels and those with development rewards in terms of their
            potential for growth, knowledge spillovers, and
            technological upgrading. Taken together, the evidence
            supports the idea that there is plenty of opportunity to
            diversify these value chains across a larger number of
            countries to avoid the risks associated with reliance on
            only a few countries.","Mealy,Penelope Ann",,,,,,,,,,,,,,,,,,,,,,,,,,,,,,,,,,,,"Title: Turning Risks into Reward :
            Diversifying the Global Value Chains of Decarbonization Technologies. Abstract: Reaching net-zero emissions by 2050
            requires unprecedented scaling up in the global deployment
            of critical decarbonization technologies, such as solar
            photovoltaics, wind turbines, and electric vehicles. This
            challenge is currently rife with both risks and rewards:
            while securing an adequate supply of these technologies has
            become an urgent policy priority for many countries, their
            high-growth global value chains also offer lucrative
            benefits for those able to meet the burgeoning global
            demand. Although recent policy responses have sought to
            nearshore production to reduce risks and capitalize on
            rewards, this paper instead lays out an evidence-based
            strategy to help diversify the global value chains of
            decarbonization technologies across countries with latent
            production capabilities and resource endowments. To that
            end, it constructs a new dataset of traded products,
            components, and materials associated with decarbonization
            technologies; develops new indexes capturing countries’
            current export strengths and future diversification
            potential in these global value chains; and highlights
            products with supply risks due to high market concentration
            levels and those with development rewards in terms of their
            potential for growth, knowledge spillovers, and
            technological upgrading. Taken together, the evidence
            supports the idea that there is plenty of opportunity to
            diversify these value chains across a larger number of
            countries to avoid the risks associated with reliance on
            only a few countries.","[{'label': 'LABEL_0', 'score': 0.8278792500495911}]"
8349,40,34254549.0,World,Policy Research Working Paper,2024-02-08T00:00:00Z,Publications & Research,"Policy Research working paper ; no. WPS
            10697; PEOPLE","Does Global Warming Worsen
            Poverty and Inequality ? An Updated Review",http://documents.worldbank.org/curated/en/099455202082432489/pdf/IDU1f816eef91ee7914e9f1ac0216dd1d09d0264.pdf,/research/2024/02/34254549/global-warming-worsen-poverty-inequality-updated-review,http://documents.worldbank.org/curated/en/099455202082432489/IDU1f816eef91ee7914e9f1ac0216dd1d09d0264,2024/02/34254549/IDU1f816eef91ee7914e9f1ac0216dd1d09d0264,9.94552020824325e+16,,http://documents.worldbank.org/curated/en/099455202082432489/IDU1f816eef91ee7914e9f1ac0216dd1d09d0264,"Dang,Hai-Anh H.","Does Global Warming Worsen Poverty and
            Inequality ? An Updated Review",34254549.0,,,,,,"This paper offers an updated and
            comprehensive review of recent studies on the impact of
            climate change, particularly global warming, on poverty and
            inequality, paying special attention to data sources as well
            as empirical methods. While studies consistently find
            negative impacts of higher temperature on poverty across
            different geographical regions, with higher vulnerability
            especially in poorer Sub-Saharan Africa, there is
            inconclusive evidence on climate change impacts on
            inequality. Further analysis of a recently constructed
            global database at the subnational unit level derived from
            official national household income and consumption surveys
            shows that temperature change has larger impacts in the
            short term and more impacts on chronic poverty than
            transient poverty. The results are robust to different model
            specifications and measures of chronic poverty and are more
            pronounced for poorer countries. The findings offer relevant
            inputs into current efforts to fight climate change.","Hallegatte,Stephane","Trinh,Trong-Anh",,,,,,,,,,,,,,,,,,,,,,,,,,,,,,,,,,,"Title: Does Global Warming Worsen
            Poverty and Inequality ? An Updated Review. Abstract: This paper offers an updated and
            comprehensive review of recent studies on the impact of
            climate change, particularly global warming, on poverty and
            inequality, paying special attention to data sources as well
            as empirical methods. While studies consistently find
            negative impacts of higher temperature on poverty across
            different geographical regions, with higher vulnerability
            especially in poorer Sub-Saharan Africa, there is
            inconclusive evidence on climate change impacts on
            inequality. Further analysis of a recently constructed
            global database at the subnational unit level derived from
            official national household income and consumption surveys
            shows that temperature change has larger impacts in the
            short term and more impacts on chronic poverty than
            transient poverty. The results are robust to different model
            specifications and measures of chronic poverty and are more
            pronounced for poorer countries. The findings offer relevant
            inputs into current efforts to fight climate change.","[{'label': 'LABEL_1', 'score': 0.926478922367096}]"
8350,41,34254581.0,Malawi,Policy Research Working Paper,2024-02-08T00:00:00Z,Publications & Research,"Policy Research working paper ; no. WPS
            10698; LSMS; PEOPLE; RRR","Are Unit Values Reliable Proxies
            for Prices ? Implications of Better Price Data for Household
            Consumption Measurement in a Low-Income Context",http://documents.worldbank.org/curated/en/099523402082423712/pdf/IDU1ca3149d119ea014c5c1a1f7114388f64a05e.pdf,/research/2024/02/34254581/unit-values-reliable-proxies-prices-implications-better-price-data-household-consumption-measurement-low-income-context,http://documents.worldbank.org/curated/en/099523402082423712/IDU1ca3149d119ea014c5c1a1f7114388f64a05e,2024/02/34254581/IDU1ca3149d119ea014c5c1a1f7114388f64a05e,9.952340208242371e+16,Off of Sr VP Dev Econ/Chief Econ (DECVP),http://documents.worldbank.org/curated/en/099523402082423712/IDU1ca3149d119ea014c5c1a1f7114388f64a05e,"Alimi,Omoniyi Babatunde","Are Unit Values Reliable Proxies for Prices
            ? Implications of Better Price Data for Household
            Consumption Measurement in a Low-Income Context",34254581.0,,,,,,"Household Consumption and Expenditure
            Surveys are key to consumption-based monetary poverty
            measurement. In the absence of market price surveys that are
            linked to Household Consumption and Expenditure Surveys,
            unit values are used as proxies for market prices in
            estimating nominal consumption aggregates, price deflators,
            poverty lines, and poverty statistics. This practice relies
            on the Hicksian separability assumption: within-commodity
            group relative prices are constant across space and the
            price of a single good is an accurate proxy for the
            commodity group price. To test, for the first time in a
            low-income context, whether Hicksian separability holds,
            this paper uses the price data collected for an extensive
            list of food items, including several
            variety/quality-differentiated products for specific items,
            in a national market survey that was conducted in Malawi in
            sync with the Household Consumption and Expenditure Survey
            that is the source of official poverty statistics. The
            analysis demonstrates that Hicksian separability fails to
            hold across space and time and that unit values are biased
            proxies for prices. Integrating the Household Consumption
            and Expenditure Survey and market survey data based on
            location and timing of fieldwork permits an assessment of
            consumption and poverty estimation based on market prices
            versus unit values. Relative to unit values, using market
            prices leads to higher food and overall consumption
            expenditures—both in nominal and real terms—while generating
            higher poverty lines and higher food and overall poverty
            rates. Compared to their counterparts based on unit values,
            spatially-disaggregated poverty estimates based on market
            prices exhibit a stronger correlation with nightlights —an
            objective proxy for living standards.","Vundru,Wilbert Drazi","Kilic,Talip",,,,,,,,,,,,,,,,,,,,,,,,,,,,,,,,,,,"Title: Are Unit Values Reliable Proxies
            for Prices ? Implications of Better Price Data for Household
            Consumption Measurement in a Low-Income Context. Abstract: Household Consumption and Expenditure
            Surveys are key to consumption-based monetary poverty
            measurement. In the absence of market price surveys that are
            linked to Household Consumption and Expenditure Surveys,
            unit values are used as proxies for market prices in
            estimating nominal consumption aggregates, price deflators,
            poverty lines, and poverty statistics. This practice relies
            on the Hicksian separability assumption: within-commodity
            group relative prices are constant across space and the
            price of a single good is an accurate proxy for the
            commodity group price. To test, for the first time in a
            low-income context, whether Hicksian separability holds,
            this paper uses the price data collected for an extensive
            list of food items, including several
            variety/quality-differentiated products for specific items,
            in a national market survey that was conducted in Malawi in
            sync with the Household Consumption and Expenditure Survey
            that is the source of official poverty statistics. The
            analysis demonstrates that Hicksian separability fails to
            hold across space and time and that unit values are biased
            proxies for prices. Integrating the Household Consumption
            and Expenditure Survey and market survey data based on
            location and timing of fieldwork permits an assessment of
            consumption and poverty estimation based on market prices
            versus unit values. Relative to unit values, using market
            prices leads to higher food and overall consumption
            expenditures—both in nominal and real terms—while generating
            higher poverty lines and higher food and overall poverty
            rates. Compared to their counterparts based on unit values,
            spatially-disaggregated poverty estimates based on market
            prices exhibit a stronger correlation with nightlights —an
            objective proxy for living standards.","[{'label': 'LABEL_1', 'score': 0.9027009010314941}]"
8351,42,34255210.0,Haiti,Policy Research Working Paper,2024-02-09T00:00:00Z,Publications & Research,"Policy Research working paper ; no. WPS
            10699; PROSPERITY","Household Vulnerability and
            Preparedness for Disasters in Haiti",http://documents.worldbank.org/curated/en/099410402092437974/pdf/IDU1a9bbd8131fc9b147fd182b912a5ee3360289.pdf,/research/2024/02/34255210/household-vulnerability-preparedness-disasters-haiti,http://documents.worldbank.org/curated/en/099410402092437974/IDU1a9bbd8131fc9b147fd182b912a5ee3360289,2024/02/34255210/IDU1a9bbd8131fc9b147fd182b912a5ee3360289,9.941040209243797e+16,Off of Sr VP Dev Econ/Chief Econ (DECVP),http://documents.worldbank.org/curated/en/099410402092437974/IDU1a9bbd8131fc9b147fd182b912a5ee3360289,"Canavire Bacarreza,Gustavo Javier","Household Vulnerability and Preparedness for
            Disasters in Haiti",34255210.0,,,,,,"This paper examines the socioeconomic
            factors correlated with vulnerability to natural hazards,
            using unique data from the High-Frequency Phone Surveys
            conducted in Haiti in 2021, 2022, and 2023. The results
            indicate a high overall exposure to hazards, with a
            significant number of individuals living in households
            facing the threat of multiple hazards. The analysis finds
            that disaster preparedness is generally low, with the
            poorest households experiencing the most significant
            challenges. Households in the bottom two wealth quintiles
            are less likely to have the necessary supplies to prepare
            adequately for and respond to disasters compared to those in
            the upper quintiles. Moreover, the level of education of the
            household head and access to the internet are found to be
            correlated with the likelihood of having better disaster
            preparedness. This suggests that higher levels of education
            and internet access play a significant role in improving
            preparedness levels among households. Overall, these
            findings highlight the importance of addressing
            socioeconomic factors when developing strategies to enhance
            resilience to natural hazards. By focusing on improving
            disaster preparedness among the most vulnerable households
            and promoting education and internet access, policy makers
            can mitigate the negative impacts of natural disasters on
            affected communities.","Carrasco,Naraya","Cardona Botero,Marlen Yamilet","Nsababera,Olive Umuhire",,,,,,,,,,,,,,,,,,,,,B,,,,,,,,,,,,,"Title: Household Vulnerability and
            Preparedness for Disasters in Haiti. Abstract: This paper examines the socioeconomic
            factors correlated with vulnerability to natural hazards,
            using unique data from the High-Frequency Phone Surveys
            conducted in Haiti in 2021, 2022, and 2023. The results
            indicate a high overall exposure to hazards, with a
            significant number of individuals living in households
            facing the threat of multiple hazards. The analysis finds
            that disaster preparedness is generally low, with the
            poorest households experiencing the most significant
            challenges. Households in the bottom two wealth quintiles
            are less likely to have the necessary supplies to prepare
            adequately for and respond to disasters compared to those in
            the upper quintiles. Moreover, the level of education of the
            household head and access to the internet are found to be
            correlated with the likelihood of having better disaster
            preparedness. This suggests that higher levels of education
            and internet access play a significant role in improving
            preparedness levels among households. Overall, these
            findings highlight the importance of addressing
            socioeconomic factors when developing strategies to enhance
            resilience to natural hazards. By focusing on improving
            disaster preparedness among the most vulnerable households
            and promoting education and internet access, policy makers
            can mitigate the negative impacts of natural disasters on
            affected communities.","[{'label': 'LABEL_1', 'score': 0.9313495755195618}]"
8352,43,34256610.0,Philippines,Policy Research Working Paper,2024-02-12T00:00:00Z,Publications & Research,"Policy Research working paper ; no. WPS
            10700; RRR; PEOPLE","Indigenous peoples, land and
            conflict in Mindanao, Philippines",http://documents.worldbank.org/curated/en/099605402122420595/pdf/IDU1344414f71079c143dd1826b1a7e6ecd4a71d.pdf,/research/2024/02/34256610/indigenous-peoples-land-conflict-mindanao-philippines,http://documents.worldbank.org/curated/en/099605402122420595/IDU1344414f71079c143dd1826b1a7e6ecd4a71d,2024/02/34256610/IDU1344414f71079c143dd1826b1a7e6ecd4a71d,9.960540212242059e+16,,http://documents.worldbank.org/curated/en/099605402122420595/IDU1344414f71079c143dd1826b1a7e6ecd4a71d,"Madrigal Correa,Alma Lucia","Indigenous peoples, land and conflict in
            Mindanao, Philippines",34256610.0,,,,,,"This article explores the links
            between conflict, land and indigenous peoples in several
            regions of Mindano, the Philippines, notorious for their
            levels of poverty and conflict. The analysis takes advantage
            of the unprecedented concurrence of data from the most
            recent, 2020, census; an independent conflict data monitor
            for Mindanao; and administrative sources on ancestral land
            titling for indigenous peoples in the Philippines. While
            evidence elsewhere compellingly links land titling with
            conflict reduction, a more nuanced story emerges in the
            Philippines. Conflicts, including land- and resource-related
            conflicts, are generally less likely in districts
            (barangays) with higher shares of indigenous peoples.
            Ancestral domain areas also have a lower likelihood for
            general conflict but a higher likelihood for land-related
            conflict. Ancestral domains titling does not automatically
            solve land-related conflicts. When administrative delays
            take place (from cumbersome bureaucratic processes,
            insufficient resources and weak institutional capacity),
            titling processes may lead to sustained, rather than
            decreased, conflict.","Cuesta Leiva,Jose Antonio","Somerville,Sergio Patrick",,,,,,,,,,,,,,,,,,,,,,,,,,,,,,,,,,,"Title: Indigenous peoples, land and
            conflict in Mindanao, Philippines. Abstract: This article explores the links
            between conflict, land and indigenous peoples in several
            regions of Mindano, the Philippines, notorious for their
            levels of poverty and conflict. The analysis takes advantage
            of the unprecedented concurrence of data from the most
            recent, 2020, census; an independent conflict data monitor
            for Mindanao; and administrative sources on ancestral land
            titling for indigenous peoples in the Philippines. While
            evidence elsewhere compellingly links land titling with
            conflict reduction, a more nuanced story emerges in the
            Philippines. Conflicts, including land- and resource-related
            conflicts, are generally less likely in districts
            (barangays) with higher shares of indigenous peoples.
            Ancestral domain areas also have a lower likelihood for
            general conflict but a higher likelihood for land-related
            conflict. Ancestral domains titling does not automatically
            solve land-related conflicts. When administrative delays
            take place (from cumbersome bureaucratic processes,
            insufficient resources and weak institutional capacity),
            titling processes may lead to sustained, rather than
            decreased, conflict.","[{'label': 'LABEL_1', 'score': 0.7034374475479126}]"
8353,44,34256684.0,India,Policy Research Working Paper,2024-02-12T00:00:00Z,Publications & Research,"Policy Research working paper ; no. WPS
            10701; INFRASTRUCTURE","Gender-Specific Transportation
            Costs and Female Time Use : Evidence from India’s Pink Slip Program",http://documents.worldbank.org/curated/en/099818202122438574/pdf/IDU1d307646a185e114fe31a5d5182d8e0dd0305.pdf,/research/2024/02/34256684/gender-specific-transportation-costs-female-time-use-evidence-india’s-pink-slip-program,http://documents.worldbank.org/curated/en/099818202122438574/IDU1d307646a185e114fe31a5d5182d8e0dd0305,2024/02/34256684/IDU1d307646a185e114fe31a5d5182d8e0dd0305,9.981820212243858e+16,Off of Sr VP Dev Econ/Chief Econ (DECVP),http://documents.worldbank.org/curated/en/099818202122438574/IDU1d307646a185e114fe31a5d5182d8e0dd0305,"Chen,Yutong","Gender-Specific Transportation Costs and
            Female Time Use : Evidence from India’s Pink Slip Program",34256684.0,,,,,,"This paper estimates a synthetic
            difference-in-differences specification on the roll-out of a
            program providing free bus transit for women in several
            Indian states, to examine the impact on women’s time
            allocation and labor supply. Household expenditures on buses
            fall and women save time on travel. However, there is
            substantial heterogeneity. Skilled employed women increase
            labor supply and reduce time on household chores.
            Low-skilled married women increase time on household
            activities and reduce labor supply. Unemployed women
            increase job search with no effect on employment. The
            findings show that gender roles within households undermine
            the effect of gender-specific travel subsidies on female
            labor supply.","Cosar,Kerem","Ghose,Devaki","Mahendru,Shirish",,,,,,,,"Sekhri,Sheetal",,,,,,,,,,,,,,,,,,,,,,,,,,"Title: Gender-Specific Transportation
            Costs and Female Time Use : Evidence from India’s Pink Slip Program. Abstract: This paper estimates a synthetic
            difference-in-differences specification on the roll-out of a
            program providing free bus transit for women in several
            Indian states, to examine the impact on women’s time
            allocation and labor supply. Household expenditures on buses
            fall and women save time on travel. However, there is
            substantial heterogeneity. Skilled employed women increase
            labor supply and reduce time on household chores.
            Low-skilled married women increase time on household
            activities and reduce labor supply. Unemployed women
            increase job search with no effect on employment. The
            findings show that gender roles within households undermine
            the effect of gender-specific travel subsidies on female
            labor supply.","[{'label': 'LABEL_1', 'score': 0.7636518478393555}]"
8354,45,34257481.0,Bolivia,Policy Research Working Paper,2024-02-13T00:00:00Z,Publications & Research,"Policy Research working paper ; no. WPS
            10702; PROSPERITY; RRR","Beyond the Usual : Understanding
            the Multidimensional Nature of Job Quality in Bolivia’s
            Labor Market",http://documents.worldbank.org/curated/en/099348302132436280/pdf/IDU18b26459614fd01419e187b114ef9dc2c94ee.pdf,/research/2024/02/34257481/beyond-usual-understanding-multidimensional-nature-job-quality-bolivia’s-labor-market,http://documents.worldbank.org/curated/en/099348302132436280/IDU18b26459614fd01419e187b114ef9dc2c94ee,2024/02/34257481/IDU18b26459614fd01419e187b114ef9dc2c94ee,9.934830213243629e+16,,http://documents.worldbank.org/curated/en/099348302132436280/IDU18b26459614fd01419e187b114ef9dc2c94ee,"Canavire Bacarreza,Gustavo Javier","Beyond the Usual : Understanding the
            Multidimensional Nature of Job Quality in Bolivia’s Labor Market",34257481.0,,,,,,"Job quality can impact workers’
            productivity and contribute to societal well-being. To
            analyze the evolution of job quality in Bolivia, this paper
            employs Bolivian household survey data spanning 2007 to 2021
            to construct a synthetic job quality index. The index
            incorporates a broad definition of a good job, encompassing
            six dimensions: adherence to regulations, working
            conditions, establishment of an appropriate wage-job
            linkage, productive usage and adaptability of skills,
            availability of career opportunities, and employment
            resilience. The findings indicate that job quality in
            Bolivia has mostly remained incessant, exhibiting limited
            change even during periods of high growth in economic
            output. However, this result masks heterogeneities, with
            significant variation in job quality associated with
            workers’ demographic and job-specific characteristics and
            across regions.","Cueva,Ronald A.","Davalos,Maria Eugenia",,,,,,,,,,,,,,,,,,,,,,,,,,,,,,,,,,,"Title: Beyond the Usual : Understanding
            the Multidimensional Nature of Job Quality in Bolivia’s
            Labor Market. Abstract: Job quality can impact workers’
            productivity and contribute to societal well-being. To
            analyze the evolution of job quality in Bolivia, this paper
            employs Bolivian household survey data spanning 2007 to 2021
            to construct a synthetic job quality index. The index
            incorporates a broad definition of a good job, encompassing
            six dimensions: adherence to regulations, working
            conditions, establishment of an appropriate wage-job
            linkage, productive usage and adaptability of skills,
            availability of career opportunities, and employment
            resilience. The findings indicate that job quality in
            Bolivia has mostly remained incessant, exhibiting limited
            change even during periods of high growth in economic
            output. However, this result masks heterogeneities, with
            significant variation in job quality associated with
            workers’ demographic and job-specific characteristics and
            across regions.","[{'label': 'LABEL_1', 'score': 0.913432240486145}]"
8355,46,34258473.0,Africa,Policy Research Working Paper,2024-02-14T00:00:00Z,Publications & Research,"Policy Research working paper ; no. WPS
            10703; PEOPLE","Urban Informality in Sub-Saharan
            Africa : Profiling Workers and Firms in an Urban Context",http://documents.worldbank.org/curated/en/099417402142413528/pdf/IDU1e9d2d68a110ad14aaa1af9a110e90bd603f1.pdf,/research/2024/02/34258473/urban-informality-sub-saharan-africa-profiling-workers-firms-urban-context,http://documents.worldbank.org/curated/en/099417402142413528/IDU1e9d2d68a110ad14aaa1af9a110e90bd603f1,2024/02/34258473/IDU1e9d2d68a110ad14aaa1af9a110e90bd603f1,9.941740214241354e+16,Off of Sr VP Dev Econ/Chief Econ (DECVP),http://documents.worldbank.org/curated/en/099417402142413528/IDU1e9d2d68a110ad14aaa1af9a110e90bd603f1,"Cunningham,Wendy","Urban Informality in Sub-Saharan Africa :
            Profiling Workers and Firms in an Urban Context",34258473.0,,,,,,"This paper describes the state of
            informal sector work in urban Sub-Saharan Africa, using
            household surveys from 26 countries representing 61 percent
            of the population of Sub-Saharan Africa and firm surveys
            from three countries. Five main conclusions emerge. First,
            the urban informal sector is large and persistent in
            Sub-Saharan Africa. Approximately 56 to 65 percent of urban
            workers are informal, half of whom are self-employed. Data
            from five countries suggest little systematic reduction in
            the prevalence of informality during the 2010s. Second,
            heterogeneity in the African informal sector cuts along
            demographic lines. Women are overrepresented in informal
            self-employment, men in informal wage work, and youth in
            unpaid employment. Third, while the urban informal workers
            are, on average, poorer and in less-skilled occupations than
            formal sector workers, the majority are not extremely poor
            and are in mid-skilled occupations. Fourth, informal
            enterprises are small and are challenged to survive and grow
            into job-creating firms. Few find much benefit from
            registration given the costs, both monetary (taxes) and
            transactional (information about the registration process).
            Fifth, access to urban public services (utilities) is weakly
            associated with the probability of working in an informal
            job, although access to mobile phones is high across all job
            types. If thriving urban jobs are to contribute to economic
            and social development in Africa, it will be crucial for
            policies and programs to take into consideration the
            heterogeneity in jobs, the profile of workers, and the urban context.","Newhouse,David Locke","Ricaldi,Federica","Tchuisseu Seuyong,Feraud",,,,,,,,"Viollaz,Mariana",,,"Edochie,Ifeanyi Nzegwu",,,,,,,,,,,,,,,,,,,,,,,"Title: Urban Informality in Sub-Saharan
            Africa : Profiling Workers and Firms in an Urban Context. Abstract: This paper describes the state of
            informal sector work in urban Sub-Saharan Africa, using
            household surveys from 26 countries representing 61 percent
            of the population of Sub-Saharan Africa and firm surveys
            from three countries. Five main conclusions emerge. First,
            the urban informal sector is large and persistent in
            Sub-Saharan Africa. Approximately 56 to 65 percent of urban
            workers are informal, half of whom are self-employed. Data
            from five countries suggest little systematic reduction in
            the prevalence of informality during the 2010s. Second,
            heterogeneity in the African informal sector cuts along
            demographic lines. Women are overrepresented in informal
            self-employment, men in informal wage work, and youth in
            unpaid employment. Third, while the urban informal workers
            are, on average, poorer and in less-skilled occupations than
            formal sector workers, the majority are not extremely poor
            and are in mid-skilled occupations. Fourth, informal
            enterprises are small and are challenged to survive and grow
            into job-creating firms. Few find much benefit from
            registration given the costs, both monetary (taxes) and
            transactional (information about the registration process).
            Fifth, access to urban public services (utilities) is weakly
            associated with the probability of working in an informal
            job, although access to mobile phones is high across all job
            types. If thriving urban jobs are to contribute to economic
            and social development in Africa, it will be crucial for
            policies and programs to take into consideration the
            heterogeneity in jobs, the profile of workers, and the urban context.","[{'label': 'LABEL_1', 'score': 0.9045485854148865}]"
8356,47,34258623.0,World,Policy Research Working Paper,2024-02-14T00:00:00Z,Publications & Research,"Policy Research working paper ; no. WPS
            10704; PROSPERITY","What Lies Behind “Good”
            Analytical Work on Development ? Four Years of Knowledge
            Products at the World Bank",http://documents.worldbank.org/curated/en/099903402142440751/pdf/IDU13f9a323e1cde614afd1a3ad14b8f54a61674.pdf,/research/2024/02/34258623/lies-behind-“good”-analytical-work-development-four-years-knowledge-products-world-bank,http://documents.worldbank.org/curated/en/099903402142440751/IDU13f9a323e1cde614afd1a3ad14b8f54a61674,2024/02/34258623/IDU13f9a323e1cde614afd1a3ad14b8f54a61674,9.990340214244075e+16,Off of Sr VP Dev Econ/Chief Econ (DECVP),http://documents.worldbank.org/curated/en/099903402142440751/IDU13f9a323e1cde614afd1a3ad14b8f54a61674,"Rama,Martin G.","What Lies Behind “Good” Analytical Work on
            Development ? Four Years of Knowledge Products at the World Bank",34258623.0,,,,,,"The World Bank’s analytical work has
            a strong reputation, but its knowledge products are also
            perceived to be of varying quality and relevance, and the
            drivers of this heterogeneity are only partially understood.
            Building on previous evaluations, this paper adopts a
            production function approach to assess how budget resources,
            time to completion, technical skills, and institutional
            responsibilities affect the internal ratings and external
            visibility of different types of analytical tasks at the
            World Bank. To this effect, the paper first matches records
            from three unconnected electronic platforms — for internal
            documents, budget codes, and external publications — to
            assemble a comprehensive database of knowledge products and
            their key characteristics. With analytical documents as its
            unit of observation, the exercise shows that: (1) devoting
            more resources to analytical tasks leads to both better
            ratings and greater visibility; (2) both outcomes are
            systematically worse when a greater share of resources comes
            from trust funds; (3) they are also consistently worse for
            tasks that take longer to complete; (4) more academically
            oriented team leaders underperform on ratings and
            overperform on visibility, whereas technically solid but
            less stellar team leaders overperform on ratings; and (5)
            everything else equal, performance varies systematically
            with the nature of the unit in charge. The findings of the
            paper can be read as a cautionary note against knowledge
            management that is based on the counting of analytical
            tasks. Instead, the findings call for much stronger
            information systems on knowledge products, a better
            alignment of incentives for the units in charge, and regular
            evaluations in the spirit of this paper.","Singh,Rucheta","Aslam,Aiza",,,,,,,,,,,,,,,,,,,,,,,,,,,,,,,,,,,"Title: What Lies Behind “Good”
            Analytical Work on Development ? Four Years of Knowledge
            Products at the World Bank. Abstract: The World Bank’s analytical work has
            a strong reputation, but its knowledge products are also
            perceived to be of varying quality and relevance, and the
            drivers of this heterogeneity are only partially understood.
            Building on previous evaluations, this paper adopts a
            production function approach to assess how budget resources,
            time to completion, technical skills, and institutional
            responsibilities affect the internal ratings and external
            visibility of different types of analytical tasks at the
            World Bank. To this effect, the paper first matches records
            from three unconnected electronic platforms — for internal
            documents, budget codes, and external publications — to
            assemble a comprehensive database of knowledge products and
            their key characteristics. With analytical documents as its
            unit of observation, the exercise shows that: (1) devoting
            more resources to analytical tasks leads to both better
            ratings and greater visibility; (2) both outcomes are
            systematically worse when a greater share of resources comes
            from trust funds; (3) they are also consistently worse for
            tasks that take longer to complete; (4) more academically
            oriented team leaders underperform on ratings and
            overperform on visibility, whereas technically solid but
            less stellar team leaders overperform on ratings; and (5)
            everything else equal, performance varies systematically
            with the nature of the unit in charge. The findings of the
            paper can be read as a cautionary note against knowledge
            management that is based on the counting of analytical
            tasks. Instead, the findings call for much stronger
            information systems on knowledge products, a better
            alignment of incentives for the units in charge, and regular
            evaluations in the spirit of this paper.","[{'label': 'LABEL_0', 'score': 0.8044894933700562}]"
8357,48,34259647.0,"Iran, Islamic Republic of",Policy Research Working Paper,2024-02-15T00:00:00Z,Publications & Research,"Policy Research working paper ; no. WPS
            10705; PROSPERITY; MNACE labor and gender research programs;
            COVID-19 (Coronavirus)","The Gendered Impact of the
            COVID-19 Crisis on the Iranian Labor Market",http://documents.worldbank.org/curated/en/099818302152432113/pdf/IDU11cf387c91f3f0147751b94213db464cbae01.pdf,/research/2024/02/34259647/gendered-impact-covid-19-crisis-iranian-labor-market,http://documents.worldbank.org/curated/en/099818302152432113/IDU11cf387c91f3f0147751b94213db464cbae01,2024/02/34259647/IDU11cf387c91f3f0147751b94213db464cbae01,9.981830215243211e+16,Off of Sr VP Dev Econ/Chief Econ (DECVP),http://documents.worldbank.org/curated/en/099818302152432113/IDU11cf387c91f3f0147751b94213db464cbae01,"Redaelli,Silvia","The Gendered Impact of the COVID-19 Crisis
            on the Iranian Labor Market",34259647.0,,,,,,"Despite sizable government
            interventions to sustain the economy, in the first year of
            the pandemic (2021/22), approximately 1 million jobs were
            lost in the Islamic Republic of Iran, and labor force
            participation contracted by 3 percentage points. Iranian
            women were the most affected: two out of three jobs lost
            between 2019/20 and 2020/21 were previously held by women.
            The gendered impact of the crisis contributed to widening
            Iranian women’s disadvantage in the labor market. Most
            importantly, the gains in female labor force participation
            that had slowly accumulated since 2011 vanished. Consistent
            with what is observed in other countries, women with young
            children were the most affected by the crisis. The combined
            effect of school closures and unequal intra-household
            allocation of care responsibilities, associated with
            prevailing gender norms, pushed Iranian women with children
            out of the labor force. Whether or not these trends will be
            reversed as the management of the COVID-19 pandemic is
            normalized and the economy recovers from the crisis remains
            an important policy question.",,,,,,,,,,,,,,,,,,,,,,,,,,,,,,,,,,,,,"Title: The Gendered Impact of the
            COVID-19 Crisis on the Iranian Labor Market. Abstract: Despite sizable government
            interventions to sustain the economy, in the first year of
            the pandemic (2021/22), approximately 1 million jobs were
            lost in the Islamic Republic of Iran, and labor force
            participation contracted by 3 percentage points. Iranian
            women were the most affected: two out of three jobs lost
            between 2019/20 and 2020/21 were previously held by women.
            The gendered impact of the crisis contributed to widening
            Iranian women’s disadvantage in the labor market. Most
            importantly, the gains in female labor force participation
            that had slowly accumulated since 2011 vanished. Consistent
            with what is observed in other countries, women with young
            children were the most affected by the crisis. The combined
            effect of school closures and unequal intra-household
            allocation of care responsibilities, associated with
            prevailing gender norms, pushed Iranian women with children
            out of the labor force. Whether or not these trends will be
            reversed as the management of the COVID-19 pandemic is
            normalized and the economy recovers from the crisis remains
            an important policy question.","[{'label': 'LABEL_1', 'score': 0.7641650438308716}]"
8358,49,34261583.0,Middle East and North Africa,Policy Research Working Paper,2024-02-20T00:00:00Z,Publications & Research,"Policy Research working paper ; no. WPS
            10706; PROSPERITY; RRR","How Large Are the Economic
            Dividends from Closing Gender Employment Gaps in the Middle
            East and North Africa ?",http://documents.worldbank.org/curated/en/099530002202434373/pdf/IDU1ab7478451463c145e41b0f412fced4be7ecd.pdf,/research/2024/02/34261583/large-economic-dividends-closing-gender-employment-gaps-middle-east-north-africa,http://documents.worldbank.org/curated/en/099530002202434373/IDU1ab7478451463c145e41b0f412fced4be7ecd,2024/02/34261583/IDU1ab7478451463c145e41b0f412fced4be7ecd,9.953000220243437e+16,,http://documents.worldbank.org/curated/en/099530002202434373/IDU1ab7478451463c145e41b0f412fced4be7ecd,"Fiuratti,Federico Ivan","How Large Are the Economic Dividends from
            Closing Gender Employment Gaps in the Middle East and North
            Africa ?",34261583.0,,,,,,"This paper quantifies the gains in
            gross domestic product per capita from closing gender
            employment gaps in the Middle East and North Africa, using
            three neoclassical growth models. The paper starts with
            baseline impacts from the Gender Employment Gap Index, which
            suggests that in the long run, gross domestic product per
            capita would be around 50 percent higher in the typical
            economy in the region if gender employment gaps were closed
            (mean 54 percent, median 49 percent). However, the gains are
            heterogeneous, ranging from less than 10 percent in Qatar to
            more than 80 percent in the Republic of Yemen. The paper
            then explores short-term gains, when capital is fixed (or
            adjusts slowly), and gains in the medium-term, with sluggish
            implementation of reforms using the Long Term Growth Model,
            which roughly halves the gains (and lowers the gains by more
            than half in resource-rich countries). Finally, the paper
            incorporates the effects of changes in the skill
            distribution in a model incorporating capital-skill
            complementarities in production. Because gender employment
            gaps in the Middle East and North Africa tend to be larger
            among the unskilled, closing these gaps reduces average
            skill levels, moderating long-term gains by 5-10 percentage
            points. However, if women in the Middle East and North
            Africa continue the current trend toward greater educational
            attainment, the gains will be greater than in the baseline.
            All three models—the Gender Employment Gap Index, the Long
            Term Growth Model, and capital-skill complementarities—point
            to large increases in gross domestic product per capita from
            closing gender employment gaps.","Pennings,Steven Michael","Torres Coronado,Jesica",,,,,,,,,,,,,,,,,,,,,,,,,,,,,,,,,,,"Title: How Large Are the Economic
            Dividends from Closing Gender Employment Gaps in the Middle
            East and North Africa ?. Abstract: This paper quantifies the gains in
            gross domestic product per capita from closing gender
            employment gaps in the Middle East and North Africa, using
            three neoclassical growth models. The paper starts with
            baseline impacts from the Gender Employment Gap Index, which
            suggests that in the long run, gross domestic product per
            capita would be around 50 percent higher in the typical
            economy in the region if gender employment gaps were closed
            (mean 54 percent, median 49 percent). However, the gains are
            heterogeneous, ranging from less than 10 percent in Qatar to
            more than 80 percent in the Republic of Yemen. The paper
            then explores short-term gains, when capital is fixed (or
            adjusts slowly), and gains in the medium-term, with sluggish
            implementation of reforms using the Long Term Growth Model,
            which roughly halves the gains (and lowers the gains by more
            than half in resource-rich countries). Finally, the paper
            incorporates the effects of changes in the skill
            distribution in a model incorporating capital-skill
            complementarities in production. Because gender employment
            gaps in the Middle East and North Africa tend to be larger
            among the unskilled, closing these gaps reduces average
            skill levels, moderating long-term gains by 5-10 percentage
            points. However, if women in the Middle East and North
            Africa continue the current trend toward greater educational
            attainment, the gains will be greater than in the baseline.
            All three models—the Gender Employment Gap Index, the Long
            Term Growth Model, and capital-skill complementarities—point
            to large increases in gross domestic product per capita from
            closing gender employment gaps.","[{'label': 'LABEL_1', 'score': 0.8927528858184814}]"
8359,50,34261590.0,Ethiopia,Policy Research Working Paper,2024-02-20T00:00:00Z,Publications & Research,"Policy Research working paper ; no. WPS
            10707; RRR; PROSPERITY; LSMS","Presumptive Tax on Small and
            Microenterprises with a Gender Lens in Ethiopia",http://documents.worldbank.org/curated/en/099610502202466295/pdf/IDU1a10001d614c4e1487c188fd1577ebc8aadf7.pdf,/research/2024/02/34261590/presumptive-tax-small-microenterprises-gender-lens-ethiopia,http://documents.worldbank.org/curated/en/099610502202466295/IDU1a10001d614c4e1487c188fd1577ebc8aadf7,2024/02/34261590/IDU1a10001d614c4e1487c188fd1577ebc8aadf7,9.961050220246629e+16,Off of Sr VP Dev Econ/Chief Econ (DECVP),http://documents.worldbank.org/curated/en/099610502202466295/IDU1a10001d614c4e1487c188fd1577ebc8aadf7,"Komatsu,Hitomi","Presumptive Tax on Small and
            Microenterprises with a Gender Lens in Ethiopia",34261590.0,,,,,,"Governments often use simplified
            business tax systems, such as presumptive tax regimes, to
            register and tax small and microenterprises. Despite
            concerns about how such regimes could disproportionately
            affect female-owned and low-revenue entrepreneurs, there is
            a lack of empirical analysis examining the tax burden. The
            presumptive tax in Ethiopia has a complex assessment system,
            where the tax liabilities are determined according to the
            activity type and turnover (99 activities and 19 turnover
            bands), and some activities do not have a tax-free
            threshold. This paper uses two rounds of data in the
            Ethiopian Socioeconomic Surveys and the tax code to analyze
            the equity and gender implications of the presumptive tax on
            small and microenterprises by imputing the effective tax
            rates. There are three key findings. First, the effective
            tax rates are higher for businesses in the lowest quartile
            at 4.3 percent of turnover compared to 1.5 percent for
            businesses in the highest quartile, using the most recent
            survey, resulting in a regressive system. Second, male-owned
            businesses tend to operate in sectors without a tax-free
            threshold and are more likely than female-owned businesses
            to face higher tax rates. Third, the effective tax rates are
            high for businesses in food and beverage services, which is
            female-dominated, and for transit services, which is
            male-dominated, due to the lack of a tax-free threshold for
            these sectors. The study finds that an alternative
            presumptive tax system with a single tax rate on turnover
            and an exemption for all low-revenue businesses would be
            simpler for tax assessment and more progressive.",,,,,,,,,,,,,,,,,,,,,,,,,,,,,,,,,,,,,"Title: Presumptive Tax on Small and
            Microenterprises with a Gender Lens in Ethiopia. Abstract: Governments often use simplified
            business tax systems, such as presumptive tax regimes, to
            register and tax small and microenterprises. Despite
            concerns about how such regimes could disproportionately
            affect female-owned and low-revenue entrepreneurs, there is
            a lack of empirical analysis examining the tax burden. The
            presumptive tax in Ethiopia has a complex assessment system,
            where the tax liabilities are determined according to the
            activity type and turnover (99 activities and 19 turnover
            bands), and some activities do not have a tax-free
            threshold. This paper uses two rounds of data in the
            Ethiopian Socioeconomic Surveys and the tax code to analyze
            the equity and gender implications of the presumptive tax on
            small and microenterprises by imputing the effective tax
            rates. There are three key findings. First, the effective
            tax rates are higher for businesses in the lowest quartile
            at 4.3 percent of turnover compared to 1.5 percent for
            businesses in the highest quartile, using the most recent
            survey, resulting in a regressive system. Second, male-owned
            businesses tend to operate in sectors without a tax-free
            threshold and are more likely than female-owned businesses
            to face higher tax rates. Third, the effective tax rates are
            high for businesses in food and beverage services, which is
            female-dominated, and for transit services, which is
            male-dominated, due to the lack of a tax-free threshold for
            these sectors. The study finds that an alternative
            presumptive tax system with a single tax rate on turnover
            and an exemption for all low-revenue businesses would be
            simpler for tax assessment and more progressive.","[{'label': 'LABEL_1', 'score': 0.5950218439102173}]"
8360,51,34263410.0,World,Policy Research Working Paper,2024-02-21T00:00:00Z,Publications & Research,"Policy Research working paper ; no. WPS
            10708; PLANET","Costs of Health Care Associated
            Infections from Inadequate Water and Sanitation in Health
            Care Facilities in Eastern and Southern Africa",http://documents.worldbank.org/curated/en/099428002212438578/pdf/IDU1fd9af37311cfe143471843c1e9de76a93d7e.pdf,/research/2024/02/34263410/costs-health-care-associated-infections-inadequate-water-sanitation-health-care-facilities-eastern-southern-africa,http://documents.worldbank.org/curated/en/099428002212438578/IDU1fd9af37311cfe143471843c1e9de76a93d7e,2024/02/34263410/IDU1fd9af37311cfe143471843c1e9de76a93d7e,9.942800221243858e+16,Off of Sr VP Dev Econ/Chief Econ (DECVP),http://documents.worldbank.org/curated/en/099428002212438578/IDU1fd9af37311cfe143471843c1e9de76a93d7e,"Hutton,Guy","Costs of Health Care Associated Infections
            from Inadequate Water and Sanitation in Health Care
            Facilities in Eastern and Southern Africa",34263410.0,,,,,,"In Sub-Saharan Africa, health care
            facilities face critical challenges in water supply,
            sanitation, and hygiene services; health care waste
            management; and environmental cleanliness. With coverage
            below 50 percent, these deficiencies pose significant health
            risks to patients and health care workers, contributing to
            health care–associated infections. Meta-analyses and
            individual studies estimate rates of health care–associated
            infections in Sub-Saharan Africa at between 13 and 30
            percent of hospital admissions, impacting patients,
            families, and health care providers. Rising antimicrobial
            resistance further exacerbates health outcomes and costs. In
            Eastern and Southern Africa, an estimated 3.1 million health
            care–associated infections in 2022 incurred over 320,000
            excess deaths, costing at least US$6 billion, or 1.14
            percent of combined gross domestic product in 2022.
            Investing in comprehensive water supply, sanitation, and
            hygiene and health care waste management can yield
            substantial benefits, with a benefit-cost ratio of 5.8 for
            all economic costs. Beyond preventing health care–associated
            infections, improved cleanliness and infrastructure are
            crucial for patient satisfaction, impacting future health
            care–seeking behavior and health care worker job
            satisfaction. Sub-Saharan African countries should
            prioritize infrastructure investment, budget allocation,
            staffing, and behavioral improvements to enhance the quality
            of health care and mitigate these pressing challenges.","Chase,Claire","Kennedy-Walker,Ruth Jane",,,,,,,,,,,,,,,,,,,,,,,,,,,,,,,,,,,"Title: Costs of Health Care Associated
            Infections from Inadequate Water and Sanitation in Health
            Care Facilities in Eastern and Southern Africa. Abstract: In Sub-Saharan Africa, health care
            facilities face critical challenges in water supply,
            sanitation, and hygiene services; health care waste
            management; and environmental cleanliness. With coverage
            below 50 percent, these deficiencies pose significant health
            risks to patients and health care workers, contributing to
            health care–associated infections. Meta-analyses and
            individual studies estimate rates of health care–associated
            infections in Sub-Saharan Africa at between 13 and 30
            percent of hospital admissions, impacting patients,
            families, and health care providers. Rising antimicrobial
            resistance further exacerbates health outcomes and costs. In
            Eastern and Southern Africa, an estimated 3.1 million health
            care–associated infections in 2022 incurred over 320,000
            excess deaths, costing at least US$6 billion, or 1.14
            percent of combined gross domestic product in 2022.
            Investing in comprehensive water supply, sanitation, and
            hygiene and health care waste management can yield
            substantial benefits, with a benefit-cost ratio of 5.8 for
            all economic costs. Beyond preventing health care–associated
            infections, improved cleanliness and infrastructure are
            crucial for patient satisfaction, impacting future health
            care–seeking behavior and health care worker job
            satisfaction. Sub-Saharan African countries should
            prioritize infrastructure investment, budget allocation,
            staffing, and behavioral improvements to enhance the quality
            of health care and mitigate these pressing challenges.","[{'label': 'LABEL_1', 'score': 0.6292901635169983}]"
8361,52,34264690.0,World,Policy Research Working Paper,2024-02-22T00:00:00Z,Publications & Research,"Policy Research working paper ; no. WPS
            10709; PROSPERITY; RRR",Stages of Diversification Redux,http://documents.worldbank.org/curated/en/099550102222412535/pdf/IDU16395fe8916f1a142331a82011cfc3941da57.pdf,/research/2024/02/34264690/stages-diversification-redux,http://documents.worldbank.org/curated/en/099550102222412535/IDU16395fe8916f1a142331a82011cfc3941da57,2024/02/34264690/IDU16395fe8916f1a142331a82011cfc3941da57,9.955010222241253e+16,Off of Sr VP Dev Econ/Chief Econ (DECVP),http://documents.worldbank.org/curated/en/099550102222412535/IDU16395fe8916f1a142331a82011cfc3941da57,"Assem Mohammed G Hassan Ahmed,Hoda",Stages of Diversification Redux,34264690.0,,,,,,"The existing literature on
            development and economic diversification finds an inverted-U
            function between these two variables, whereby economies
            diversify as they grow up to a point, after which they start
            specializing. This paper contributes to this literature by
            investigating the stages of diversification over the course
            of development during the past 57 years. The paper
            emphasizes the trajectories of resource-rich and
            resource-poor countries, an issue that has not been covered
            by the extant literature. In addition, the paper studies the
            stages of diversification across three dimensions, namely
            employment, value-added, and exports. Additionally, it
            examines the relationship for services. Non-parametric
            estimations suggest a U-shaped curve between measures of
            economic concentration and per capita income levels, which
            is in line with existing evidence. However, these patterns
            are mainly driven by between-country rather than
            within-country variation, a finding that had been ignored in
            the existing literature. Diversification patterns also
            differ across resource-rich and resource-poor countries:
            Employment and value added in resource-rich countries are on
            average more concentrated at low levels of development while
            in resource poor countries, they are more concentrated at
            high levels of development. In contrast, at all levels of
            development, exports are more concentrated in resource-rich countries.","Gatti,Roberta V.","Lederman,Daniel",,,,,,,,,,,,,,,,,,,,,,,,,,,,,,,,,,,"Title: Stages of Diversification Redux. Abstract: The existing literature on
            development and economic diversification finds an inverted-U
            function between these two variables, whereby economies
            diversify as they grow up to a point, after which they start
            specializing. This paper contributes to this literature by
            investigating the stages of diversification over the course
            of development during the past 57 years. The paper
            emphasizes the trajectories of resource-rich and
            resource-poor countries, an issue that has not been covered
            by the extant literature. In addition, the paper studies the
            stages of diversification across three dimensions, namely
            employment, value-added, and exports. Additionally, it
            examines the relationship for services. Non-parametric
            estimations suggest a U-shaped curve between measures of
            economic concentration and per capita income levels, which
            is in line with existing evidence. However, these patterns
            are mainly driven by between-country rather than
            within-country variation, a finding that had been ignored in
            the existing literature. Diversification patterns also
            differ across resource-rich and resource-poor countries:
            Employment and value added in resource-rich countries are on
            average more concentrated at low levels of development while
            in resource poor countries, they are more concentrated at
            high levels of development. In contrast, at all levels of
            development, exports are more concentrated in resource-rich countries.","[{'label': 'LABEL_0', 'score': 0.7928757667541504}]"
8362,53,34266383.0,"India,World",Policy Research Working Paper,2024-02-27T00:00:00Z,Publications & Research,"Policy Research working paper ; no. WPS
            10710; INFRASTRUCTURE","Which Firms Drive the Gains from
            Connectivity and Competition ? The Impact of India’s Golden
            Quadrilateral across the Firm Life Cycle",http://documents.worldbank.org/curated/en/099512302262439753/pdf/IDU10670799d15e61144091962a184bed7f1504a.pdf,/research/2024/02/34266383/firms-drive-gains-connectivity-competition-impact-india’s-golden-quadrilateral-across-firm-life-cycle,http://documents.worldbank.org/curated/en/099512302262439753/IDU10670799d15e61144091962a184bed7f1504a,2024/02/34266383/IDU10670799d15e61144091962a184bed7f1504a,9.951230226243976e+16,Off of Sr VP Dev Econ/Chief Econ (DECVP),http://documents.worldbank.org/curated/en/099512302262439753/IDU10670799d15e61144091962a184bed7f1504a,"Grover,Arti Goswami","Which Firms Drive the Gains from
            Connectivity and Competition ? The Impact of India’s Golden
            Quadrilateral across the Firm Life Cycle",34266383.0,,,,,,"This paper uses the construction of
            India's Golden Quadrilateral (GQ) highway to explore
            the impact of an exogenous increase in market access and
            competition across the firm life cycle and generates four
            findings. First, while exit rates fall for all plants,
            aggregate gains are driven by expansion of young plants.
            Older plants stagnate or contract, consistent with the
            challenges of increased competition for incumbents. Second,
            the benefits of connectivity to young plants depend on
            access to complementary factors, such as finance, and
            business conditions, although older plants respond better in
            more distorted districts, perhaps reflecting access to
            inputs while protecting output markets as in de Loecker et
            al. (2016). Third, expanding young plants correspond to
            capital intensive value chain embedded activities that do
            not require close coordination with final producers. Fourth,
            plant-level panel data confirms plant capabilities as
            central to both the magnitude of the response, and to the
            composition of plants driving it. Aggregate expansion among
            young plants is driven by high skill plants while
            contraction of old plants is driven by low skill plants,
            consistent with frontier firms being able to escape
            competition (Aghion et al. 2014).","Maloney,William F.","O'Connell,Stephen A.",,,,,,,,,,,,,,,,,,,,,,,,,,,,,,,,,,,"Title: Which Firms Drive the Gains from
            Connectivity and Competition ? The Impact of India’s Golden
            Quadrilateral across the Firm Life Cycle. Abstract: This paper uses the construction of
            India's Golden Quadrilateral (GQ) highway to explore
            the impact of an exogenous increase in market access and
            competition across the firm life cycle and generates four
            findings. First, while exit rates fall for all plants,
            aggregate gains are driven by expansion of young plants.
            Older plants stagnate or contract, consistent with the
            challenges of increased competition for incumbents. Second,
            the benefits of connectivity to young plants depend on
            access to complementary factors, such as finance, and
            business conditions, although older plants respond better in
            more distorted districts, perhaps reflecting access to
            inputs while protecting output markets as in de Loecker et
            al. (2016). Third, expanding young plants correspond to
            capital intensive value chain embedded activities that do
            not require close coordination with final producers. Fourth,
            plant-level panel data confirms plant capabilities as
            central to both the magnitude of the response, and to the
            composition of plants driving it. Aggregate expansion among
            young plants is driven by high skill plants while
            contraction of old plants is driven by low skill plants,
            consistent with frontier firms being able to escape
            competition (Aghion et al. 2014).","[{'label': 'LABEL_1', 'score': 0.6758140325546265}]"
8363,54,34266428.0,World,Policy Research Working Paper,2024-02-26T00:00:00Z,Publications & Research,"Policy Research working paper ; no. WPS
            10711: PEOPLE","Does Financial Development Reduce
            Gender Disparity in Top Manager Positions in Manufacturing
            SMEs in Developing Countries ?",http://documents.worldbank.org/curated/en/099559502262437941/pdf/IDU10d69f1e4178061466c1ad5017894d51e2cf3.pdf,/research/2024/02/34266428/financial-development-reduce-gender-disparity-top-manager-positions-manufacturing-smes-developing-countries,http://documents.worldbank.org/curated/en/099559502262437941/IDU10d69f1e4178061466c1ad5017894d51e2cf3,2024/02/34266428/IDU10d69f1e4178061466c1ad5017894d51e2cf3,9.955950226243794e+16,Off of Sr VP Dev Econ/Chief Econ (DECVP),http://documents.worldbank.org/curated/en/099559502262437941/IDU10d69f1e4178061466c1ad5017894d51e2cf3,Mohammad Amin,"Does Financial Development Reduce Gender
            Disparity in Top Manager Positions in Manufacturing SMEs in
            Developing Countries ?",34266428.0,,,,,,"Women often face more hurdles than
            men in obtaining finance. This is especially so when credit
            supply is limited and financial markets are less developed.
            As a result, owners of firms may prefer men over women as
            top managers of their firms, widening the gender gap in top
            manager positions. This paper tests this idea using
            firm-level survey data for small and medium-size formal
            manufacturing enterprises in 47 developing countries. The
            results confirm a positive relationship between credit
            supply and the likelihood of having a woman versus a man as
            the top manager. This positive relationship is much stronger
            in industries that are more dependent on external sources of
            finance for technological reasons. It is also stronger in
            countries with poor coverage by credit bureaus and low
            competition between banks, which is consistent with
            “statistical” and “taste-based” discrimination against women
            borrowers. The main result is robust to several endogeneity
            checks, sample alterations, and alternative measures of
            credit supply and financial development.","Gomez Caceres,Norma Janeth",,,,,,,,,,,,,,,,,,,,,,,,,,,,,,,,,,,,"Title: Does Financial Development Reduce
            Gender Disparity in Top Manager Positions in Manufacturing
            SMEs in Developing Countries ?. Abstract: Women often face more hurdles than
            men in obtaining finance. This is especially so when credit
            supply is limited and financial markets are less developed.
            As a result, owners of firms may prefer men over women as
            top managers of their firms, widening the gender gap in top
            manager positions. This paper tests this idea using
            firm-level survey data for small and medium-size formal
            manufacturing enterprises in 47 developing countries. The
            results confirm a positive relationship between credit
            supply and the likelihood of having a woman versus a man as
            the top manager. This positive relationship is much stronger
            in industries that are more dependent on external sources of
            finance for technological reasons. It is also stronger in
            countries with poor coverage by credit bureaus and low
            competition between banks, which is consistent with
            “statistical” and “taste-based” discrimination against women
            borrowers. The main result is robust to several endogeneity
            checks, sample alterations, and alternative measures of
            credit supply and financial development.","[{'label': 'LABEL_0', 'score': 0.7973453998565674}]"
8364,55,34267316.0,Ethiopia,Policy Research Working Paper,2024-02-27T00:00:00Z,Publications & Research,"Policy Research working paper ; no. WPS
            10712; RRR; LSMS; PROSPERITY","Does Unequal Tax Burden
            Contribute to Women-Owned Businesses Leaving the Tax Net ?",http://documents.worldbank.org/curated/en/099413302272427285/pdf/IDU11431b4861e05814b171b2d41d6bc9d75d28d.pdf,/research/2024/02/34267316/unequal-tax-burden-contribute-women-owned-businesses-leaving-tax-net,http://documents.worldbank.org/curated/en/099413302272427285/IDU11431b4861e05814b171b2d41d6bc9d75d28d,2024/02/34267316/IDU11431b4861e05814b171b2d41d6bc9d75d28d,9.941330227242728e+16,Off of Sr VP Dev Econ/Chief Econ (DECVP),http://documents.worldbank.org/curated/en/099413302272427285/IDU11431b4861e05814b171b2d41d6bc9d75d28d,"Ambel,Alemayehu A.","Does Unequal Tax Burden Contribute to
            Women-Owned Businesses Leaving the Tax Net ?",34267316.0,,,,,,"This study investigates gender
            disparities in the tax burden in Addis Ababa, Ethiopia,
            using data on 2,320 taxpayers for 2011 and 2012. A quantile
            regression analysis is employed to control for firm
            characteristics such as sector, size, and age. The results
            show that women-owned businesses are more likely to operate
            in low-profit sectors and report lower sales and tax
            liabilities than men-owned businesses. However, women-owned
            businesses pay as much as men-owned businesses in taxes,
            suggesting that they are subject to a higher effective tax
            rate. This, in turn, may lead to women-owned businesses
            exiting the tax net at a higher rate. These findings suggest
            that gender disparities in tax compliance are not simply due
            to differences in firm characteristics but may also be due
            to biases in tax declaration and enforcement processes.","Woldeyes,Firew Bekele",,,,,,,,,,,,,,,,,,,,,,,,,,,,,,,,,,,,"Title: Does Unequal Tax Burden
            Contribute to Women-Owned Businesses Leaving the Tax Net ?. Abstract: This study investigates gender
            disparities in the tax burden in Addis Ababa, Ethiopia,
            using data on 2,320 taxpayers for 2011 and 2012. A quantile
            regression analysis is employed to control for firm
            characteristics such as sector, size, and age. The results
            show that women-owned businesses are more likely to operate
            in low-profit sectors and report lower sales and tax
            liabilities than men-owned businesses. However, women-owned
            businesses pay as much as men-owned businesses in taxes,
            suggesting that they are subject to a higher effective tax
            rate. This, in turn, may lead to women-owned businesses
            exiting the tax net at a higher rate. These findings suggest
            that gender disparities in tax compliance are not simply due
            to differences in firm characteristics but may also be due
            to biases in tax declaration and enforcement processes.","[{'label': 'LABEL_1', 'score': 0.9344596862792969}]"
8365,56,34274045.0,Africa,Policy Research Working Paper,2024-03-04T00:00:00Z,Publications & Research,"Policy Research working paper ; no. WPS
            10713; PROSPERITY","Governance in Sub-Saharan Africa
            in the 21st Century : Four Trends and an Uncertain Outlook",http://documents.worldbank.org/curated/en/099808303042442715/pdf/IDU143e8beba17307142d319f8b1504c365946ed.pdf,/research/2024/03/34274045/governance-sub-saharan-africa-21st-century-four-trends-uncertain-outlook,http://documents.worldbank.org/curated/en/099808303042442715/IDU143e8beba17307142d319f8b1504c365946ed,2024/03/34274045/IDU143e8beba17307142d319f8b1504c365946ed,9.980830304244272e+16,Off of Sr VP Dev Econ/Chief Econ (DECVP),http://documents.worldbank.org/curated/en/099808303042442715/IDU143e8beba17307142d319f8b1504c365946ed,"Isser,Deborah Hannah","Governance in Sub-Saharan Africa in the 21st
            Century : Four Trends and an Uncertain Outlook",34274045.0,,,,,,"What can be learned from the
            governance trajectory of African countries since the
            beginning of the 21st century What is the quality of
            governance on the African continent and how does it shape
            development The first decade of the millennium saw promising
            growth and poverty reduction in much of the continent. Yet,
            Sub-Saharan Africa has also been the stage of a stream of
            governance reform failures and policy reversals, and many
            countries continue to suffer from the consequences of poor
            governance. This paper explores the dynamics of governance
            reform on the continent over the past two decades and points
            to four key trends. First, effective state institutions,
            capable of maintaining peace, fostering growth, and
            delivering services, have developed unevenly. Second,
            progress has been made on enhancing the inclusiveness and
            accountability of institutions, but it remains constrained
            by the weakness of checks and balances and the persistence
            of patterns of centralized and exclusive power arrangements.
            Third, civic capacity has risen considerably, but the
            inability of institutions to respond to social expectations
            and political mobilization threatens to turn liberal civic
            engagement into distrust, populism, and radicalization.
            Fourth, the combination of these three trends contributes to
            the rise of political instability, which constitutes a major
            threat for the continent.","Raballand,Gael J. R. F.","Watts,Michael John","Zovighian,Diane",,,,,,,,,,,,,,,,,,,,,,,,,,,,,,,,,,"Title: Governance in Sub-Saharan Africa
            in the 21st Century : Four Trends and an Uncertain Outlook. Abstract: What can be learned from the
            governance trajectory of African countries since the
            beginning of the 21st century What is the quality of
            governance on the African continent and how does it shape
            development The first decade of the millennium saw promising
            growth and poverty reduction in much of the continent. Yet,
            Sub-Saharan Africa has also been the stage of a stream of
            governance reform failures and policy reversals, and many
            countries continue to suffer from the consequences of poor
            governance. This paper explores the dynamics of governance
            reform on the continent over the past two decades and points
            to four key trends. First, effective state institutions,
            capable of maintaining peace, fostering growth, and
            delivering services, have developed unevenly. Second,
            progress has been made on enhancing the inclusiveness and
            accountability of institutions, but it remains constrained
            by the weakness of checks and balances and the persistence
            of patterns of centralized and exclusive power arrangements.
            Third, civic capacity has risen considerably, but the
            inability of institutions to respond to social expectations
            and political mobilization threatens to turn liberal civic
            engagement into distrust, populism, and radicalization.
            Fourth, the combination of these three trends contributes to
            the rise of political instability, which constitutes a major
            threat for the continent.","[{'label': 'LABEL_0', 'score': 0.870978593826294}]"
8366,57,34275300.0,Ethiopia,Policy Research Working Paper,2024-03-05T00:00:00Z,Publications & Research,"Policy Research working paper ; no. WPS
            10714; PLANET","High Temperature and Learning
            Outcomes : Evidence from Ethiopia",http://documents.worldbank.org/curated/en/099026303062419731/pdf/IDU1d26268e21171c147d21bed81a844d4d1d4b1.pdf,/research/2024/03/34275300/high-temperature-learning-outcomes-evidence-ethiopia,http://documents.worldbank.org/curated/en/099026303062419731/IDU1d26268e21171c147d21bed81a844d4d1d4b1,2024/03/34275300/IDU1d26268e21171c147d21bed81a844d4d1d4b1,9.902630306241973e+16,Off of Sr VP Dev Econ/Chief Econ (DECVP),http://documents.worldbank.org/curated/en/099026303062419731/IDU1d26268e21171c147d21bed81a844d4d1d4b1,"Srivastava,Bhavya","High Temperature and Learning Outcomes :
            Evidence from Ethiopia",34275300.0,,,,,,"This paper uses data from 2003–19 on
            2.47 million test takers of a national high stakes
            university entrance exam in Ethiopia to study the impacts of
            temperature on learning outcomes. It finds that high
            temperatures during the school year leading up to the exam
            reduce test scores, controlling for temperatures when the
            exam is taken. The results suggest that the scores of female
            students are less impacted by higher temperatures compared
            to their male counterparts. Additionally, the analysis finds
            that the scores of students from schools located in hotter
            regions are less impacted by higher temperatures compared to
            their counterparts from cooler regions. The evidence
            suggests that the adverse effects of temperature are driven
            by impacts from within-classroom temperatures, rather than
            from indirect impacts on agriculture.","Hirfrfot,Kibrom Tafere","Behrer,Arnold Patrick",,,,,,,,,,,,,,,,,,,,,,,,,,,,,,,,,,,"Title: High Temperature and Learning
            Outcomes : Evidence from Ethiopia. Abstract: This paper uses data from 2003–19 on
            2.47 million test takers of a national high stakes
            university entrance exam in Ethiopia to study the impacts of
            temperature on learning outcomes. It finds that high
            temperatures during the school year leading up to the exam
            reduce test scores, controlling for temperatures when the
            exam is taken. The results suggest that the scores of female
            students are less impacted by higher temperatures compared
            to their male counterparts. Additionally, the analysis finds
            that the scores of students from schools located in hotter
            regions are less impacted by higher temperatures compared to
            their counterparts from cooler regions. The evidence
            suggests that the adverse effects of temperature are driven
            by impacts from within-classroom temperatures, rather than
            from indirect impacts on agriculture.","[{'label': 'LABEL_1', 'score': 0.9381985664367676}]"
8367,58,34275344.0,Cambodia,Policy Research Working Paper,2024-03-05T00:00:00Z,Publications & Research,"Policy Research working paper ; no. WPS
            10715; PEOPLE","Environmental Hazards, Climate,
            and Health in Cambodia : The Shield of Sanitation",http://documents.worldbank.org/curated/en/099027103062441502/pdf/IDU1a6ed49c91591914f4e198a21bde2d796969f.pdf,/research/2024/03/34275344/environmental-hazards-climate-health-cambodia-shield-sanitation,http://documents.worldbank.org/curated/en/099027103062441502/IDU1a6ed49c91591914f4e198a21bde2d796969f,2024/03/34275344/IDU1a6ed49c91591914f4e198a21bde2d796969f,9.90271030624415e+16,Off of Sr VP Dev Econ/Chief Econ (DECVP),http://documents.worldbank.org/curated/en/099027103062441502/IDU1a6ed49c91591914f4e198a21bde2d796969f,World Bank,"Environmental Hazards, Climate, and Health
            in Cambodia : The Shield of Sanitation",34275344.0,,,,,,"Environmental degradation is the
            largest public health challenge of the century and is likely
            to be exacerbated by climate change. This study undertakes a
            comprehensive examination of the health implications of
            environmental hazards in Cambodia, simultaneously addressing
            extreme temperatures, precipitation patterns, and air
            pollution. It leverages data from the Demographic and Health
            Surveys and satellite-derived metrics on temperature,
            precipitation, and fine particulate matter. The analysis
            identifies a positive association between temperature and
            the occurrence of diarrhea and cough among children and a
            nonlinear relationship between precipitation and these
            health outcomes. Furthermore, the study demonstrates that
            pollution significantly impacts cough incidence. To
            anticipate future trends, climate simulations are employed
            to forecast the incidence of child diarrhea in Cambodia
            under different climate and development scenarios. The
            projections indicate that diarrhea incidence could increase
            to 19 percent by 2040 without significant adaptation
            measures that would lessen the adverse impact of weather.
            For instance, the acceleration in toilet ownership over the
            last decade reduced diarrhea incidence by at least 1.2 to
            1.4 percentage points. Nevertheless, the path ahead requires
            proactive efforts to improve sanitation and hygiene. The
            forecasts suggest that, without additional strategies to
            counter climate change’s adverse effects, only universal
            toilet ownership would contain the climate-driven increase
            in diarrhea incidence expected by 2040.",,,,,,,,,,,,,,,,,,,,,,,,,,,,,,,,,,,,,"Title: Environmental Hazards, Climate,
            and Health in Cambodia : The Shield of Sanitation. Abstract: Environmental degradation is the
            largest public health challenge of the century and is likely
            to be exacerbated by climate change. This study undertakes a
            comprehensive examination of the health implications of
            environmental hazards in Cambodia, simultaneously addressing
            extreme temperatures, precipitation patterns, and air
            pollution. It leverages data from the Demographic and Health
            Surveys and satellite-derived metrics on temperature,
            precipitation, and fine particulate matter. The analysis
            identifies a positive association between temperature and
            the occurrence of diarrhea and cough among children and a
            nonlinear relationship between precipitation and these
            health outcomes. Furthermore, the study demonstrates that
            pollution significantly impacts cough incidence. To
            anticipate future trends, climate simulations are employed
            to forecast the incidence of child diarrhea in Cambodia
            under different climate and development scenarios. The
            projections indicate that diarrhea incidence could increase
            to 19 percent by 2040 without significant adaptation
            measures that would lessen the adverse impact of weather.
            For instance, the acceleration in toilet ownership over the
            last decade reduced diarrhea incidence by at least 1.2 to
            1.4 percentage points. Nevertheless, the path ahead requires
            proactive efforts to improve sanitation and hygiene. The
            forecasts suggest that, without additional strategies to
            counter climate change’s adverse effects, only universal
            toilet ownership would contain the climate-driven increase
            in diarrhea incidence expected by 2040.","[{'label': 'LABEL_1', 'score': 0.7965327501296997}]"
8368,59,34275365.0,World,Policy Research Working Paper,2024-03-05T00:00:00Z,Publications & Research,"Policy Research working paper ; no. WPS
            10716; DIGITAL; Impact Evaluation series","Cross-Country Empirical Analysis
            of GovTech Platforms on Citizen Engagement",http://documents.worldbank.org/curated/en/099029103062432172/pdf/IDU1e2fc782f13ddb14ac41ae801f190d313322f.pdf,/research/2024/03/34275365/cross-country-empirical-analysis-govtech-platforms-citizen-engagement,http://documents.worldbank.org/curated/en/099029103062432172/IDU1e2fc782f13ddb14ac41ae801f190d313322f,2024/03/34275365/IDU1e2fc782f13ddb14ac41ae801f190d313322f,9.902910306243218e+16,,http://documents.worldbank.org/curated/en/099029103062432172/IDU1e2fc782f13ddb14ac41ae801f190d313322f,World Bank,"Cross-Country Empirical Analysis of GovTech
            Platforms on Citizen Engagement",34275365.0,,,,,,"Countries worldwide are implementing
            GovTech reforms to modernize the public sector and achieve
            better performance while responding to citizens’ needs. At
            its core, GovTech represents a whole-of-government approach
            to public sector modernization, which emphasizes three
            critical aspects: (i) citizen-centric public services that
            are universally accessible; (ii) a whole-of-government
            approach to digital government transformation; and (iii)
            simple, efficient, and transparent government systems.
            Within this context, strengthening citizen engagement is
            crucial to ensure accountability, improve public policy
            quality, and enhance service delivery. Accordingly, this
            study aims to be the first cross-country empirical
            assessment of the impact of GovTech platforms, which can
            allow citizens to: (i) participate in policy decision-making
            and (ii) provide feedback on public service delivery. Using
            a large sample of 176 countries, the study assesses the
            impact of the implementation of national platforms that
            allow citizens to participate more effectively. This
            research employs entropy balancing as the main
            identification strategy, as well as propensity score
            matching and ordinary least squares regressions on the
            matching sample as alternatives. Additional robustness
            checks were performed using alternative GovTech Maturity
            Index 2022 data and by considering the possibility of a
            slower diffusion of the technology. A sensitivity analysis,
            considering the role of governance, political and
            institutional factors, as well as the level of development,
            is likewise performed. The results show a significant and
            positive impact of GovTech platforms on citizen engagement.
            Similarly, democracy and the equal distribution of political
            power have strong and positive effects on citizen
            engagement. By contrast, public sector corruption negatively
            and significantly impacts citizen engagement. The findings
            also provide evidence that GovTech platforms are more
            effective in fostering citizen engagement in high-income
            economies and in countries where the government is
            efficient, institutional and social fragility is low, and
            there is no conflict or only low-intensity conflict. The
            results of an Africa-focused analysis indicate that African
            countries that have adopted such digital platforms likewise
            experience an increase in citizen engagement.",,,,,,,,,,,,,,,,,,,,,,,,,,,,,,,,,,,,,"Title: Cross-Country Empirical Analysis
            of GovTech Platforms on Citizen Engagement. Abstract: Countries worldwide are implementing
            GovTech reforms to modernize the public sector and achieve
            better performance while responding to citizens’ needs. At
            its core, GovTech represents a whole-of-government approach
            to public sector modernization, which emphasizes three
            critical aspects: (i) citizen-centric public services that
            are universally accessible; (ii) a whole-of-government
            approach to digital government transformation; and (iii)
            simple, efficient, and transparent government systems.
            Within this context, strengthening citizen engagement is
            crucial to ensure accountability, improve public policy
            quality, and enhance service delivery. Accordingly, this
            study aims to be the first cross-country empirical
            assessment of the impact of GovTech platforms, which can
            allow citizens to: (i) participate in policy decision-making
            and (ii) provide feedback on public service delivery. Using
            a large sample of 176 countries, the study assesses the
            impact of the implementation of national platforms that
            allow citizens to participate more effectively. This
            research employs entropy balancing as the main
            identification strategy, as well as propensity score
            matching and ordinary least squares regressions on the
            matching sample as alternatives. Additional robustness
            checks were performed using alternative GovTech Maturity
            Index 2022 data and by considering the possibility of a
            slower diffusion of the technology. A sensitivity analysis,
            considering the role of governance, political and
            institutional factors, as well as the level of development,
            is likewise performed. The results show a significant and
            positive impact of GovTech platforms on citizen engagement.
            Similarly, democracy and the equal distribution of political
            power have strong and positive effects on citizen
            engagement. By contrast, public sector corruption negatively
            and significantly impacts citizen engagement. The findings
            also provide evidence that GovTech platforms are more
            effective in fostering citizen engagement in high-income
            economies and in countries where the government is
            efficient, institutional and social fragility is low, and
            there is no conflict or only low-intensity conflict. The
            results of an Africa-focused analysis indicate that African
            countries that have adopted such digital platforms likewise
            experience an increase in citizen engagement.","[{'label': 'LABEL_0', 'score': 0.8463475108146667}]"
8369,60,34276185.0,World,Policy Research Working Paper,2024-03-06T00:00:00Z,Publications & Research,"Policy Research working paper ; no. WPS
            10717; PEOPLE; Paper is funded by the Knowledge for Change
            Program (KCP); RRR","Reviewing Assessment Tools for
            Measuring Country Statistical Capacity",http://documents.worldbank.org/curated/en/099452403062436721/pdf/IDU19f52d3a9112621410e192c4140dcbc9fad6e.pdf,/research/2024/03/34276185/reviewing-assessment-tools-measuring-country-statistical-capacity,http://documents.worldbank.org/curated/en/099452403062436721/IDU19f52d3a9112621410e192c4140dcbc9fad6e,2024/03/34276185/IDU19f52d3a9112621410e192c4140dcbc9fad6e,9.945240306243672e+16,Off of Sr VP Dev Econ/Chief Econ (DECVP),http://documents.worldbank.org/curated/en/099452403062436721/IDU19f52d3a9112621410e192c4140dcbc9fad6e,"Dang,Hai-Anh H.","Reviewing Assessment Tools for Measuring
            Country Statistical Capacity",34276185.0,,,,,,"Country statistical capacity is
            increasingly recognized as crucial for development, but no
            academic study exists that reviews the available assessment
            tools. This paper offers the first review study that fills
            this gap, paying particular attention to data and practical
            measurement challenges. It compares the World Bank’s
            recently developed Statistical Performance Indicators and
            Index with other widely used indexes, such as the Open Data
            Inventory index, the Global Data Barometer index, and other
            regional and self-assessment tools. The findings show that
            each index brings advantages in data sources, number of
            indicators, measurement focus, coverage of countries and
            time periods, and correlation with common development
            indexes. The Open Data Inventory index covers the most
            countries, the Global Data Barometer index collects data
            through its surveys, and the Statistical Performance
            Indicators and Index offer a broader framework for assessing
            statistical systems. The paper offers further thoughts on
            the potential mechanisms through which these tools can bring
            positive impacts on economic activities and some political
            economy concerns, as well as future directions for development.","Pullinger,John James","Serajuddin,Umar","Stacy,Brian William",,,,,,,,,,,,,,,,,,,,,,,,,,,,,,,,,,"Title: Reviewing Assessment Tools for
            Measuring Country Statistical Capacity. Abstract: Country statistical capacity is
            increasingly recognized as crucial for development, but no
            academic study exists that reviews the available assessment
            tools. This paper offers the first review study that fills
            this gap, paying particular attention to data and practical
            measurement challenges. It compares the World Bank’s
            recently developed Statistical Performance Indicators and
            Index with other widely used indexes, such as the Open Data
            Inventory index, the Global Data Barometer index, and other
            regional and self-assessment tools. The findings show that
            each index brings advantages in data sources, number of
            indicators, measurement focus, coverage of countries and
            time periods, and correlation with common development
            indexes. The Open Data Inventory index covers the most
            countries, the Global Data Barometer index collects data
            through its surveys, and the Statistical Performance
            Indicators and Index offer a broader framework for assessing
            statistical systems. The paper offers further thoughts on
            the potential mechanisms through which these tools can bring
            positive impacts on economic activities and some political
            economy concerns, as well as future directions for development.","[{'label': 'LABEL_1', 'score': 0.8728778958320618}]"
8370,61,34276412.0,Africa,Policy Research Working Paper,2024-03-06T00:00:00Z,Publications & Research,"Policy Research working paper ; no. WPS
            10718; DIGITAL","The Quality and Price of Africa’s
            Imports of Digital Goods",http://documents.worldbank.org/curated/en/099023203062417297/pdf/IDU139a4bb921ca441476b197eb159bcb1d2248a.pdf,/research/2024/03/34276412/quality-price-africa’s-imports-digital-goods,http://documents.worldbank.org/curated/en/099023203062417297/IDU139a4bb921ca441476b197eb159bcb1d2248a,2024/03/34276412/IDU139a4bb921ca441476b197eb159bcb1d2248a,9.90232030624173e+16,Off of Sr VP Dev Econ/Chief Econ (DECVP),http://documents.worldbank.org/curated/en/099023203062417297/IDU139a4bb921ca441476b197eb159bcb1d2248a,"Bastos,Paulo S. R.","The Quality and Price of Africa’s Imports of
            Digital Goods",34276412.0,,,,,,"Imported digital goods are critical
            for productivity growth in low-income countries. Using
            detailed data on international trade flows and tariffs, this
            paper finds that African nations tend to import relatively
            low quality, low price digital goods. It also finds that
            digital goods in Africa are subject to relatively higher
            tariffs, along with other factors that contribute to their
            higher cost in the domestic market compared to other
            regions, especially in some low-income countries. The
            findings show that the African Continental Free Trade Area
            will do little to reduce this tariff burden, as most digital
            goods are sourced from higher income nonmembers. In
            contrast, unilateral tariff liberalization toward all
            countries would significantly increase the imports of
            digital goods in Africa.","Castro,Lucio","Vargas Da Cruz,Marcio Jose",,,,,,,,,,,,,,,,,,,,,,,,,,,,,,,,,,,"Title: The Quality and Price of Africa’s
            Imports of Digital Goods. Abstract: Imported digital goods are critical
            for productivity growth in low-income countries. Using
            detailed data on international trade flows and tariffs, this
            paper finds that African nations tend to import relatively
            low quality, low price digital goods. It also finds that
            digital goods in Africa are subject to relatively higher
            tariffs, along with other factors that contribute to their
            higher cost in the domestic market compared to other
            regions, especially in some low-income countries. The
            findings show that the African Continental Free Trade Area
            will do little to reduce this tariff burden, as most digital
            goods are sourced from higher income nonmembers. In
            contrast, unilateral tariff liberalization toward all
            countries would significantly increase the imports of
            digital goods in Africa.","[{'label': 'LABEL_1', 'score': 0.8243845105171204}]"
8371,62,34277575.0,World,Policy Research Working Paper,2024-03-08T00:00:00Z,Publications & Research,"Policy Research working paper ; no. WPS
            10719; PLANET",Environmental Policy under Weak Institutions,http://documents.worldbank.org/curated/en/099521103082439941/pdf/IDU1d17d244f1b27a14b1c18cbe180694660faa3.pdf,/research/2024/03/34277575/environmental-policy-under-weak-institutions,http://documents.worldbank.org/curated/en/099521103082439941/IDU1d17d244f1b27a14b1c18cbe180694660faa3,2024/03/34277575/IDU1d17d244f1b27a14b1c18cbe180694660faa3,9.952110308243994e+16,,http://documents.worldbank.org/curated/en/099521103082439941/IDU1d17d244f1b27a14b1c18cbe180694660faa3,"Karayalcin,Cem",Environmental Policy under Weak Institutions,34277575.0,,,,,,"Developing countries are facing
            mounting pressures to incorporate environmental concerns
            into their policy reform agendas. This paper finds that
            common environmental policies, such as levying taxes to
            reduce the excessive exploitation of natural assets, can be
            self-defeating when (i) institutions are weak and (ii) the
            general equilibrium effects of such policy actions are
            overlooked. This seemingly paradoxical result is driven by
            fundamental mechanisms in structural transformation
            frameworks, without the need for strong assumptions. It also
            carries a clear policy implication: environmental policies
            should be considered within a country’s broader development
            context, rather than in isolation.","Onder,Harun",,,,,,,,,,,,,,,,,,,,,,,,,,,,,,,,,,,,"Title: Environmental Policy under Weak Institutions. Abstract: Developing countries are facing
            mounting pressures to incorporate environmental concerns
            into their policy reform agendas. This paper finds that
            common environmental policies, such as levying taxes to
            reduce the excessive exploitation of natural assets, can be
            self-defeating when (i) institutions are weak and (ii) the
            general equilibrium effects of such policy actions are
            overlooked. This seemingly paradoxical result is driven by
            fundamental mechanisms in structural transformation
            frameworks, without the need for strong assumptions. It also
            carries a clear policy implication: environmental policies
            should be considered within a country’s broader development
            context, rather than in isolation.","[{'label': 'LABEL_0', 'score': 0.8021575212478638}]"
8372,63,34279276.0,"Venezuela, Republica Bolivariana de,Colombia",Policy Research Working Paper,2024-03-12T00:00:00Z,Publications & Research,"Policy Research working paper ; no. WPS
            10720; PEOPLE","Right to Education : Forced
            Migration and Child Education Outcomes",http://documents.worldbank.org/curated/en/099217103122416095/pdf/IDU1762420931299014dab1884a149cfca999edc.pdf,/research/2024/03/34279276/right-education-forced-migration-child-education-outcomes,http://documents.worldbank.org/curated/en/099217103122416095/IDU1762420931299014dab1884a149cfca999edc,2024/03/34279276/IDU1762420931299014dab1884a149cfca999edc,9.92171031224161e+16,Off of Sr VP Dev Econ/Chief Econ (DECVP),http://documents.worldbank.org/curated/en/099217103122416095/IDU1762420931299014dab1884a149cfca999edc,"Vargas,Juan F.","Right to Education : Forced Migration and
            Child Education Outcomes",34279276.0,,,,,,"About a third of the 7.7 million
            Venezuelans who have left their country due to political and
            economic turmoil have settled in neighboring Colombia. The
            extent to which the Colombian schooling system can absorb
            the massive demand for education of Venezuelan children is
            key for their future trajectory of human capital
            accumulation, as well as that of Colombian students in
            receiving communities. This paper estimates the effect of
            Venezuelan migration on educational outcomes of children
            living in settlement municipalities in Colombia, distinguish
            between the effect of the migration shock on native and
            migrant students. Specifically, it estimates the effect of
            the migration shock on school enrollment, dropout/promotion
            rates and standardized test scores. The identification
            relies on a plausibly exogenous measure of the predicted
            migration shock faced by each Colombian municipality every
            year. The findings show that the migration shock increased
            the enrollment of Venezuelan students in both public and
            private schools and in all school grades, but also generated
            negative spillovers related to failing promotion rates and
            increasing dropout. This paper documents that these negative
            effects are explained by the differential enrollment
            capacity of schools, as well as by the deterioration of key
            school inputs.","Rozo Villarraga,Sandra Viviana",,,,,,,,,,,,,,,,,,,,,,,,,,,,,,,,,,,,"Title: Right to Education : Forced
            Migration and Child Education Outcomes. Abstract: About a third of the 7.7 million
            Venezuelans who have left their country due to political and
            economic turmoil have settled in neighboring Colombia. The
            extent to which the Colombian schooling system can absorb
            the massive demand for education of Venezuelan children is
            key for their future trajectory of human capital
            accumulation, as well as that of Colombian students in
            receiving communities. This paper estimates the effect of
            Venezuelan migration on educational outcomes of children
            living in settlement municipalities in Colombia, distinguish
            between the effect of the migration shock on native and
            migrant students. Specifically, it estimates the effect of
            the migration shock on school enrollment, dropout/promotion
            rates and standardized test scores. The identification
            relies on a plausibly exogenous measure of the predicted
            migration shock faced by each Colombian municipality every
            year. The findings show that the migration shock increased
            the enrollment of Venezuelan students in both public and
            private schools and in all school grades, but also generated
            negative spillovers related to failing promotion rates and
            increasing dropout. This paper documents that these negative
            effects are explained by the differential enrollment
            capacity of schools, as well as by the deterioration of key
            school inputs.","[{'label': 'LABEL_0', 'score': 0.8524673581123352}]"
8373,64,34280293.0,"WESTERN AND CENTRAL AFRICA,Cote dIvoire,Western Africa",Policy Research Working Paper,2024-03-13T00:00:00Z,Publications & Research,"Policy Research working paper ; no. WPS
            10721; PEOPLE; Impact Evaluation series","Empowering Adolescent Girls
            through Safe Spaces and Accompanying Measures in Côte d’Ivoire",http://documents.worldbank.org/curated/en/099314103132429536/pdf/IDU1c0b1991d1ba7714b8e19dc6176916e89e31f.pdf,/research/2024/03/34280293/empowering-adolescent-girls-through-safe-spaces-accompanying-measures-côte-d’ivoire,http://documents.worldbank.org/curated/en/099314103132429536/IDU1c0b1991d1ba7714b8e19dc6176916e89e31f,2024/03/34280293/IDU1c0b1991d1ba7714b8e19dc6176916e89e31f,9.931410313242954e+16,Off of Sr VP Dev Econ/Chief Econ (DECVP),http://documents.worldbank.org/curated/en/099314103132429536/IDU1c0b1991d1ba7714b8e19dc6176916e89e31f,"Boulhane,Othmane","Empowering Adolescent Girls through Safe
            Spaces and Accompanying Measures in Côte d’Ivoire",34280293.0,,,,,,"This study uses a cluster-randomized
            controlled trial to investigate the effects of a large-scale
            women and girls empowerment program on sexual and
            reproductive health and empowerment outcomes in Côte
            d’Ivoire. The study assesses and compares the impact of
            diverse strategies aimed at equipping girls with life skills
            and sexual and reproductive health knowledge, provided
            through well-established safe spaces, in isolation or in
            combination with livelihood support interventions, or with
            initiatives designed to engage boys and men and community
            and religious leaders. The findings show that one year after
            the end of the interventions, safe spaces alone have a
            moderate impact on girls’ empowerment, while safe spaces
            combined with husbands’ and future husbands’ clubs are the
            most impactful. Combining safe spaces with livelihood
            support interventions leads to improvements in adolescent
            girls’ employment outcomes, as expected. Finally, the
            findings show that engaging leaders in the context of safe
            spaces interventions yields mixed results on girls’ empowerment.","Boxho,Claire Elise","Kanga,Désiré","Koussoube,Mousson Estelle Jamel",,,,,,,,"Rouanet,Lea Marie",,,,,,,,,,,,,C,,,,,,,,,,,,,"Title: Empowering Adolescent Girls
            through Safe Spaces and Accompanying Measures in Côte d’Ivoire. Abstract: This study uses a cluster-randomized
            controlled trial to investigate the effects of a large-scale
            women and girls empowerment program on sexual and
            reproductive health and empowerment outcomes in Côte
            d’Ivoire. The study assesses and compares the impact of
            diverse strategies aimed at equipping girls with life skills
            and sexual and reproductive health knowledge, provided
            through well-established safe spaces, in isolation or in
            combination with livelihood support interventions, or with
            initiatives designed to engage boys and men and community
            and religious leaders. The findings show that one year after
            the end of the interventions, safe spaces alone have a
            moderate impact on girls’ empowerment, while safe spaces
            combined with husbands’ and future husbands’ clubs are the
            most impactful. Combining safe spaces with livelihood
            support interventions leads to improvements in adolescent
            girls’ employment outcomes, as expected. Finally, the
            findings show that engaging leaders in the context of safe
            spaces interventions yields mixed results on girls’ empowerment.","[{'label': 'LABEL_1', 'score': 0.9099372625350952}]"
8374,65,34282991.0,"Honduras,World",Policy Research Working Paper,2024-03-18T00:00:00Z,Publications & Research,"Policy Research working paper ; no. WPS
            10722; RRR; PROSPERITY","Two Decades of Top Income Shares
            in Honduras",http://documents.worldbank.org/curated/en/099302403182435474/pdf/IDU116a7803b1e2ff144e6196f8152799cced739.pdf,/research/2024/03/34282991/two-decades-top-income-shares-honduras,http://documents.worldbank.org/curated/en/099302403182435474/IDU116a7803b1e2ff144e6196f8152799cced739,2024/03/34282991/IDU116a7803b1e2ff144e6196f8152799cced739,9.930240318243547e+16,Off of Sr VP Dev Econ/Chief Econ (DECVP),http://documents.worldbank.org/curated/en/099302403182435474/IDU116a7803b1e2ff144e6196f8152799cced739,"Del Carmen,Giselle",Two Decades of Top Income Shares in Honduras,34282991.0,,,,,,"This paper presents distributional
            national accounts for Honduras over 2003–2019, using survey
            microdata, administrative tax records, and national account
            aggregates. It assembles comprehensive data on formal income
            for high-income individuals, including information on
            corporate shareholders, which allows corporate profits to be
            assigned to their owners. The estimates suggest a high and
            persistent inequality in the country: the top 1 percent
            highest earners received approximately 30 percent of the
            total income over the period, placing Honduras among the
            most unequal countries in the world. Undistributed corporate
            profits are the overwhelming income source at the very top
            of the distribution, highlighting its importance in the
            measurement of income inequality. Finally, using a panel of
            tax records, the paper also documents that not only is
            inequality persistent, but the same individuals are often
            observed at the top, suggesting that the observed inequality
            has deep roots.","Garriga,Santiago","Nuñez,Wilman","De Gouvea Scot De Arruda,Thiago",,,,,,,,,,,,,,,,,,,,,,,,,,,,,,,,,,"Title: Two Decades of Top Income Shares
            in Honduras. Abstract: This paper presents distributional
            national accounts for Honduras over 2003–2019, using survey
            microdata, administrative tax records, and national account
            aggregates. It assembles comprehensive data on formal income
            for high-income individuals, including information on
            corporate shareholders, which allows corporate profits to be
            assigned to their owners. The estimates suggest a high and
            persistent inequality in the country: the top 1 percent
            highest earners received approximately 30 percent of the
            total income over the period, placing Honduras among the
            most unequal countries in the world. Undistributed corporate
            profits are the overwhelming income source at the very top
            of the distribution, highlighting its importance in the
            measurement of income inequality. Finally, using a panel of
            tax records, the paper also documents that not only is
            inequality persistent, but the same individuals are often
            observed at the top, suggesting that the observed inequality
            has deep roots.","[{'label': 'LABEL_1', 'score': 0.7921056747436523}]"
8375,66,34283118.0,Africa,Policy Research Working Paper,2024-03-18T00:00:00Z,Publications & Research,"Policy Research working paper ; no. WPS
            10723; PEOPLE","New Evidence on Inequality of
            Opportunity in Sub-Saharan Africa : More Unequal Than We Thought",http://documents.worldbank.org/curated/en/099558203182421649/pdf/IDU1a3c568111b02514f9d19e221936be7486403.pdf,/research/2024/03/34283118/new-evidence-inequality-opportunity-sub-saharan-africa-more-unequal-thought,http://documents.worldbank.org/curated/en/099558203182421649/IDU1a3c568111b02514f9d19e221936be7486403,2024/03/34283118/IDU1a3c568111b02514f9d19e221936be7486403,9.955820318242165e+16,Off of Sr VP Dev Econ/Chief Econ (DECVP),http://documents.worldbank.org/curated/en/099558203182421649/IDU1a3c568111b02514f9d19e221936be7486403,"Atamanov,Aziz","New Evidence on Inequality of Opportunity in
            Sub-Saharan Africa : More Unequal Than We Thought",34283118.0,,,,,,"Unequal access to economic
            opportunity for individuals with different innate
            characteristics, such as ethnicity or parents’ socioeconomic
            status, is often seen as both morally undesirable and bad
            for economic growth. This paper estimates inequality of
            opportunity, or the share of inequality explained by birth
            characteristics, across 18 countries in Sub-Saharan Africa.
            For many countries, this is the first time inequality of
            opportunity is measured. The paper uses nationally
            representative household survey data harmonized to allow for
            cross-country comparisons. Using consumption per capita as
            the outcome, the findings show that inequality of
            opportunity in Sub-Saharan Africa is stark and more
            pronounced than previously estimated. On average, inherited
            circumstances explain more than half of inequality in the
            region. Estimates range from 40 to 60 percent in most
            countries and reach 74 percent in South Africa. The findings
            show that birthplace, parents’ education, and ethnicity tend
            to be the most significant contributors, but there is large
            variation in the importance of circumstances across
            countries. This represents the most comprehensive estimate
            of inequality of opportunity to date in the poorest and one
            of the most unequal regions in the world, and it underscores
            the pressing need for policy makers to intensify their
            efforts to address inequality of opportunity to foster
            societies that are more equitable and unlock the full
            potential for growth in the region.","Cuevas,Pablo Facundo","Lebow,Jeremy Aaron","Mahler,Daniel Gerszon",,,,,,,,,,,,,,,,,,,,,,,,,,,,,,,,,,"Title: New Evidence on Inequality of
            Opportunity in Sub-Saharan Africa : More Unequal Than We Thought. Abstract: Unequal access to economic
            opportunity for individuals with different innate
            characteristics, such as ethnicity or parents’ socioeconomic
            status, is often seen as both morally undesirable and bad
            for economic growth. This paper estimates inequality of
            opportunity, or the share of inequality explained by birth
            characteristics, across 18 countries in Sub-Saharan Africa.
            For many countries, this is the first time inequality of
            opportunity is measured. The paper uses nationally
            representative household survey data harmonized to allow for
            cross-country comparisons. Using consumption per capita as
            the outcome, the findings show that inequality of
            opportunity in Sub-Saharan Africa is stark and more
            pronounced than previously estimated. On average, inherited
            circumstances explain more than half of inequality in the
            region. Estimates range from 40 to 60 percent in most
            countries and reach 74 percent in South Africa. The findings
            show that birthplace, parents’ education, and ethnicity tend
            to be the most significant contributors, but there is large
            variation in the importance of circumstances across
            countries. This represents the most comprehensive estimate
            of inequality of opportunity to date in the poorest and one
            of the most unequal regions in the world, and it underscores
            the pressing need for policy makers to intensify their
            efforts to address inequality of opportunity to foster
            societies that are more equitable and unlock the full
            potential for growth in the region.","[{'label': 'LABEL_0', 'score': 0.617976188659668}]"
8376,67,34283178.0,World,Policy Research Working Paper,2024-03-18T00:00:00Z,Publications & Research,"Policy Research working paper ; no. WPS
            10724; RRR: PLANET; LSMS","Climate Immobility Traps : A
            Household-Level Test",http://documents.worldbank.org/curated/en/099733203182440391/pdf/IDU1ff17bb7c1820d14ea71b1a41f7b756657814.pdf,/research/2024/03/34283178/climate-immobility-traps-household-level-test,http://documents.worldbank.org/curated/en/099733203182440391/IDU1ff17bb7c1820d14ea71b1a41f7b756657814,2024/03/34283178/IDU1ff17bb7c1820d14ea71b1a41f7b756657814,9.973320318244038e+16,Off of Sr VP Dev Econ/Chief Econ (DECVP),http://documents.worldbank.org/curated/en/099733203182440391/IDU1ff17bb7c1820d14ea71b1a41f7b756657814,"Letta,Marco",Climate Immobility Traps : A Household-Level Test,34283178.0,,,,,,"The complex relationship between
            climate shocks, migration, and adaptation hampers a rigorous
            understanding of the heterogeneous mobility outcomes of farm
            households exposed to climate risk. To unpack this
            heterogeneity, the analysis combines longitudinal
            multi-topic household survey data from Nigeria with a causal
            machine learning approach, tailored to a conceptual
            framework bridging economic migration theory and the poverty
            traps literature. The results show that pre-shock asset
            levels, in situ adaptive capacity, and cumulative shock
            exposure drive not just the magnitude but also the sign of
            the impact of agriculture-relevant weather anomalies on the
            mobility outcomes of farming households. While local
            adaptation acts as a substitute for migration, the roles
            played by wealth constraints and repeated shock exposure
            suggest the presence of climate-induced immobility traps.","Montalbano,Pierluigi","Paolantonio,Adriana",,,,,,,,,,,,,,,,,,,,,,,,,,,,,,,,,,,"Title: Climate Immobility Traps : A
            Household-Level Test. Abstract: The complex relationship between
            climate shocks, migration, and adaptation hampers a rigorous
            understanding of the heterogeneous mobility outcomes of farm
            households exposed to climate risk. To unpack this
            heterogeneity, the analysis combines longitudinal
            multi-topic household survey data from Nigeria with a causal
            machine learning approach, tailored to a conceptual
            framework bridging economic migration theory and the poverty
            traps literature. The results show that pre-shock asset
            levels, in situ adaptive capacity, and cumulative shock
            exposure drive not just the magnitude but also the sign of
            the impact of agriculture-relevant weather anomalies on the
            mobility outcomes of farming households. While local
            adaptation acts as a substitute for migration, the roles
            played by wealth constraints and repeated shock exposure
            suggest the presence of climate-induced immobility traps.","[{'label': 'LABEL_1', 'score': 0.9294359087944031}]"
8377,68,34283949.0,Central African Republic,Policy Research Working Paper,2024-03-19T00:00:00Z,Publications & Research,"Policy Research working paper ; no. WPS
            10725; PROSPERITY","Comparing Internally Displaced
            Persons with Those Left Behind : Evidence from the Central
            African Republic",http://documents.worldbank.org/curated/en/099745503192422251/pdf/IDU127a68af61372d14c471a1841e1555d6c7542.pdf,/research/2024/03/34283949/comparing-internally-displaced-persons-left-behind-evidence-central-african-republic,http://documents.worldbank.org/curated/en/099745503192422251/IDU127a68af61372d14c471a1841e1555d6c7542,2024/03/34283949/IDU127a68af61372d14c471a1841e1555d6c7542,9.974550319242226e+16,Off of Sr VP Dev Econ/Chief Econ (DECVP),http://documents.worldbank.org/curated/en/099745503192422251/IDU127a68af61372d14c471a1841e1555d6c7542,"Lain,Jonathan William","Comparing Internally Displaced Persons with
            Those Left Behind : Evidence from the Central African Republic",34283949.0,,,,,,"Global poverty is increasingly
            becoming concentrated in conflict-affected settings.
            Therefore, assessing the welfare of those people displaced
            by conflict is of growing policy importance. Collecting and
            analyzing data on displaced people is challenging because
            sampling them is difficult, standard welfare metrics may not
            reflect their experiences, and they are highly
            heterogeneous. Assessing the welfare effects of displacement
            also hinges on constructing counterfactuals that show how
            internally displaced persons would have fared had they
            stayed in place. Displaced people typically come from a
            nonrandom subset of communities affected by conflict or
            other shocks, so comparing them with the rest of the
            population may be misleading. This paper addresses this
            issue using data from the Central African Republic, which
            recorded detailed information on displacement histories to
            isolate the communities from which those living in
            internally displaced person camps originated. Using these
            “catchment areas” for internally displaced person camps as a
            counterfactual suggests that although displaced households
            have lower monetary consumption and higher monetary poverty
            than the overall population, they may be no worse off on
            many key metrics than those left behind in the communities
            originally affected by conflict. Moreover, those left behind
            enjoy none of the benefits of being in camps, such as
            additional access to water and sanitation services. These
            results underline the importance of tailoring policies and
            data collection to consider those in communities originally
            affected by conflict, just as practitioners are doing for
            displaced populations.","Yama,Gervais Chamberlin","Hoogeveen,Johannes G.",,,,,,,,,,,,,,,,,,,,,,,,,,,,,,,,,,,"Title: Comparing Internally Displaced
            Persons with Those Left Behind : Evidence from the Central
            African Republic. Abstract: Global poverty is increasingly
            becoming concentrated in conflict-affected settings.
            Therefore, assessing the welfare of those people displaced
            by conflict is of growing policy importance. Collecting and
            analyzing data on displaced people is challenging because
            sampling them is difficult, standard welfare metrics may not
            reflect their experiences, and they are highly
            heterogeneous. Assessing the welfare effects of displacement
            also hinges on constructing counterfactuals that show how
            internally displaced persons would have fared had they
            stayed in place. Displaced people typically come from a
            nonrandom subset of communities affected by conflict or
            other shocks, so comparing them with the rest of the
            population may be misleading. This paper addresses this
            issue using data from the Central African Republic, which
            recorded detailed information on displacement histories to
            isolate the communities from which those living in
            internally displaced person camps originated. Using these
            “catchment areas” for internally displaced person camps as a
            counterfactual suggests that although displaced households
            have lower monetary consumption and higher monetary poverty
            than the overall population, they may be no worse off on
            many key metrics than those left behind in the communities
            originally affected by conflict. Moreover, those left behind
            enjoy none of the benefits of being in camps, such as
            additional access to water and sanitation services. These
            results underline the importance of tailoring policies and
            data collection to consider those in communities originally
            affected by conflict, just as practitioners are doing for
            displaced populations.","[{'label': 'LABEL_0', 'score': 0.7936230897903442}]"
8378,69,34283956.0,Africa,Policy Research Working Paper,2024-03-19T00:00:00Z,Publications & Research,"Policy Research working paper ; no. WPS
            10726; PEOPLE; RRR; COVID-19 (Coronavirus)","Who did Covid-19 hurt the most in
            Sub-Saharan Africa ?",http://documents.worldbank.org/curated/en/099811103192437778/pdf/IDU1b3e0a7951932214f961967411b4ad343096a.pdf,/research/2024/03/34283956/covid-19-hurt-most-sub-saharan-africa,http://documents.worldbank.org/curated/en/099811103192437778/IDU1b3e0a7951932214f961967411b4ad343096a,2024/03/34283956/IDU1b3e0a7951932214f961967411b4ad343096a,9.981110319243778e+16,Off of Sr VP Dev Econ/Chief Econ (DECVP),http://documents.worldbank.org/curated/en/099811103192437778/IDU1b3e0a7951932214f961967411b4ad343096a,"Tchuisseu Seuyong,Feraud","Who did Covid-19 hurt the most in
            Sub-Saharan Africa ?",34283956.0,,,,,,"How did the economic crisis caused by
            the Covid-19 pandemic impact poor households in Sub-Saharan
            Africa This paper tackles this question by combining 73
            High-Frequency Phone Surveys collected by national
            governments in 14 countries with older nationally
            representative surveys containing information on household
            consumption. In particular, it examines how outcomes
            differed according to predicted per capita consumption
            quintiles in the first wave of the survey, and in subsequent
            waves by households’ predicted per capita consumption. The
            initial shock affected households throughout the predicted
            welfare distribution. Households in the bottom 40 percent
            responded by sharply increasing farming activities between
            May and July of 2020 and gradually increasing ownership of
            non-farm enterprises starting in August. This coincided with
            an improvement in welfare, as measured by a decline in food
            insecurity and distressed asset sales among these households
            during the second half of 2020. With respect to education,
            children in the bottom quintile were 15 percentage points
            less likely to engage in learning activities than those in
            the top quintile in the immediate aftermath of the crisis,
            and the engagement gap between the bottom 40 and top 60
            widened in the summer before narrowing in the fall due to
            large declines in engagement among the top 60. Poorer
            households were slightly more likely to report receiving
            public assistance immediately following the shock, and this
            difference changed little over the course of 2020. The
            results highlight the widespread impacts of the crisis both
            on welfare and children’s educational engagement, the
            importance of agriculture and household non-farm enterprises
            as safety nets for the poor, and the substantial recovery
            made by the poorest households in the year following the crisis.","Edochie,Ifeanyi Nzegwu","Newhouse,David Locke","Silwal,Ani Rudra",,,,,,,,,,,,,,,,,,,,,,,,,,,,,,,,,,"Title: Who did Covid-19 hurt the most in
            Sub-Saharan Africa ?. Abstract: How did the economic crisis caused by
            the Covid-19 pandemic impact poor households in Sub-Saharan
            Africa This paper tackles this question by combining 73
            High-Frequency Phone Surveys collected by national
            governments in 14 countries with older nationally
            representative surveys containing information on household
            consumption. In particular, it examines how outcomes
            differed according to predicted per capita consumption
            quintiles in the first wave of the survey, and in subsequent
            waves by households’ predicted per capita consumption. The
            initial shock affected households throughout the predicted
            welfare distribution. Households in the bottom 40 percent
            responded by sharply increasing farming activities between
            May and July of 2020 and gradually increasing ownership of
            non-farm enterprises starting in August. This coincided with
            an improvement in welfare, as measured by a decline in food
            insecurity and distressed asset sales among these households
            during the second half of 2020. With respect to education,
            children in the bottom quintile were 15 percentage points
            less likely to engage in learning activities than those in
            the top quintile in the immediate aftermath of the crisis,
            and the engagement gap between the bottom 40 and top 60
            widened in the summer before narrowing in the fall due to
            large declines in engagement among the top 60. Poorer
            households were slightly more likely to report receiving
            public assistance immediately following the shock, and this
            difference changed little over the course of 2020. The
            results highlight the widespread impacts of the crisis both
            on welfare and children’s educational engagement, the
            importance of agriculture and household non-farm enterprises
            as safety nets for the poor, and the substantial recovery
            made by the poorest households in the year following the crisis.","[{'label': 'LABEL_1', 'score': 0.8965504169464111}]"
8379,70,34284780.0,Chad,Policy Research Working Paper,2024-03-20T00:00:00Z,Publications & Research,"Policy Research working paper ; no. WPS
            10727; PROSPERITY","Responsibility Sharing and the
            Economic Participation of Refugees in Chad",http://documents.worldbank.org/curated/en/099221203202438286/pdf/IDU11592a51f1caf3140421a05215944dbf51a27.pdf,/research/2024/03/34284780/responsibility-sharing-economic-participation-refugees-chad,http://documents.worldbank.org/curated/en/099221203202438286/IDU11592a51f1caf3140421a05215944dbf51a27,2024/03/34284780/IDU11592a51f1caf3140421a05215944dbf51a27,9.922120320243829e+16,Off of Sr VP Dev Econ/Chief Econ (DECVP),http://documents.worldbank.org/curated/en/099221203202438286/IDU11592a51f1caf3140421a05215944dbf51a27,"Coulibaly,Mohamed","Responsibility Sharing and the Economic
            Participation of Refugees in Chad",34284780.0,,,,,,"The Global Compact on Refugees
            recognizes the importance of responsibility sharing for
            hosting, protecting, and assisting refugees, while
            emphasizing the potential of economic participation to
            reduce the cost of humanitarian assistance. This note
            explores the relative importance of aid in caring for
            refugees hosted in Chad and the importance of the incomes
            earned by the refugees. It finds that the combination of aid
            and self-earned incomes falls far short of a minimum
            standard of living (the poverty line) as a consequence of
            which the vast majority of refugees lives in abject poverty.
            It is also finds that although refugees are hosted in camps
            with relatively few economic opportunities, self-generated
            income covers 54 percent of the poverty line and aid only 14
            percent. As Chad has adopted a policy of refugee inclusion
            and dispersion, the note then explores how much these
            progressive policies might increase the income earning
            potential of refugees. This is found to be substantial.
            Economic participation policies are estimated to reduce
            refugee poverty from 88 to 50 percent (thus increasing the
            self-sufficiency of refugees dramatically), while increasing
            the incomes generated by poor refugees by more than 50
            percent. The greatest participation benefits will be
            realized when refugees move to areas with more economic potential.","Hoogeveen,Johannes G.","Jourdan,Emilie Sandrine Celine",Aboudrahyme Savadogo,,,,,,,,,,,,,,,,,,,,,,,,,,,,,,,,,,"Title: Responsibility Sharing and the
            Economic Participation of Refugees in Chad. Abstract: The Global Compact on Refugees
            recognizes the importance of responsibility sharing for
            hosting, protecting, and assisting refugees, while
            emphasizing the potential of economic participation to
            reduce the cost of humanitarian assistance. This note
            explores the relative importance of aid in caring for
            refugees hosted in Chad and the importance of the incomes
            earned by the refugees. It finds that the combination of aid
            and self-earned incomes falls far short of a minimum
            standard of living (the poverty line) as a consequence of
            which the vast majority of refugees lives in abject poverty.
            It is also finds that although refugees are hosted in camps
            with relatively few economic opportunities, self-generated
            income covers 54 percent of the poverty line and aid only 14
            percent. As Chad has adopted a policy of refugee inclusion
            and dispersion, the note then explores how much these
            progressive policies might increase the income earning
            potential of refugees. This is found to be substantial.
            Economic participation policies are estimated to reduce
            refugee poverty from 88 to 50 percent (thus increasing the
            self-sufficiency of refugees dramatically), while increasing
            the incomes generated by poor refugees by more than 50
            percent. The greatest participation benefits will be
            realized when refugees move to areas with more economic potential.","[{'label': 'LABEL_0', 'score': 0.8283095359802246}]"
8380,71,34285119.0,World,Policy Research Working Paper,2024-03-20T00:00:00Z,Publications & Research,"Policy Research working paper ; no. WPS
            10728; COVID-19 (Coronavirus); RRR; PROSPERITY","Lives, Livelihoods, and Learning
            : A Global Perspective on the Well-Being Impacts of the
            COVID-19 Pandemic",http://documents.worldbank.org/curated/en/099537503202413127/pdf/IDU1f944e1ca18e2814ce0198221694a75dd5654.pdf,/research/2024/03/34285119/lives-livelihoods-learning-global-perspective-well-being-impacts-covid-19-pandemic,http://documents.worldbank.org/curated/en/099537503202413127/IDU1f944e1ca18e2814ce0198221694a75dd5654,2024/03/34285119/IDU1f944e1ca18e2814ce0198221694a75dd5654,9.953750320241312e+16,Off of Sr VP Dev Econ/Chief Econ (DECVP),http://documents.worldbank.org/curated/en/099537503202413127/IDU1f944e1ca18e2814ce0198221694a75dd5654,"Decerf,Benoit Marie A","Lives, Livelihoods, and Learning : A Global
            Perspective on the Well-Being Impacts of the COVID-19 Pandemic",34285119.0,,,,,,"This study compares the magnitude of
            national level losses that the COVID-19 pandemic inflicted
            across three critical dimensions: loss of life, loss of
            income, and loss of learning. The well-being consequences of
            excess mortality are expressed in years of life lost, while
            those of income losses and school closures are expressed in
            additional years spent in poverty (as measured by national
            poverty lines), either currently or in the future. While
            2020–21 witnessed a global drop in life expectancy and the
            largest one-year increase in global poverty in many decades,
            widespread school closures may cause almost twice as large
            an increase in future poverty. The estimates of well-being
            loss for the average global citizen include a loss of almost
            three weeks of life (19 days), an additional two and half
            weeks spent in poverty in 2020 and 2021 (17 days), and the
            possibility of an additional month of life in poverty in the
            future due to school closures (31 days). Well-being losses
            are not equitably distributed across countries. The typical
            high-income country suffered more total years of life lost
            than additional years in poverty, while the opposite holds
            for the typical low- or middle-income country. Aggregating
            total losses requires the valuation of a year of life lost
            vis-à-vis an additional year spent in poverty. If a year of
            life lost is valued at five or fewer additional years spent
            in poverty, low-income countries suffered greater total
            well-being loss than high-income countries. For a wide range
            of valuations, the greatest well-being losses fell on
            upper-middle-income countries and countries in the Latin
            America region. This set of countries suffered the largest
            mortality costs as well as large losses in learning and
            sharp increases in poverty.","Friedman,Jed","Galego Mendes,Arthur","Pennings,Steven Michael",,,,,,,,"Yonzan,Nishant",,,,,,,,,,,,,,,,,,,,,,,,,,"Title: Lives, Livelihoods, and Learning
            : A Global Perspective on the Well-Being Impacts of the
            COVID-19 Pandemic. Abstract: This study compares the magnitude of
            national level losses that the COVID-19 pandemic inflicted
            across three critical dimensions: loss of life, loss of
            income, and loss of learning. The well-being consequences of
            excess mortality are expressed in years of life lost, while
            those of income losses and school closures are expressed in
            additional years spent in poverty (as measured by national
            poverty lines), either currently or in the future. While
            2020–21 witnessed a global drop in life expectancy and the
            largest one-year increase in global poverty in many decades,
            widespread school closures may cause almost twice as large
            an increase in future poverty. The estimates of well-being
            loss for the average global citizen include a loss of almost
            three weeks of life (19 days), an additional two and half
            weeks spent in poverty in 2020 and 2021 (17 days), and the
            possibility of an additional month of life in poverty in the
            future due to school closures (31 days). Well-being losses
            are not equitably distributed across countries. The typical
            high-income country suffered more total years of life lost
            than additional years in poverty, while the opposite holds
            for the typical low- or middle-income country. Aggregating
            total losses requires the valuation of a year of life lost
            vis-à-vis an additional year spent in poverty. If a year of
            life lost is valued at five or fewer additional years spent
            in poverty, low-income countries suffered greater total
            well-being loss than high-income countries. For a wide range
            of valuations, the greatest well-being losses fell on
            upper-middle-income countries and countries in the Latin
            America region. This set of countries suffered the largest
            mortality costs as well as large losses in learning and
            sharp increases in poverty.","[{'label': 'LABEL_1', 'score': 0.9156267642974854}]"
8381,72,34285419.0,South Asia,Policy Research Working Paper,2024-03-20T00:00:00Z,Publications & Research,"Policy Research working paper ; no. WPS
            10729; PLANET","Climate Change Adaptation : What
            Does the Evidence Say ?",http://documents.worldbank.org/curated/en/099832003202474878/pdf/IDU1d6aad48f1890e142451b9d4113ed5f8de6b6.pdf,/research/2024/03/34285419/climate-change-adaptation-evidence-say,http://documents.worldbank.org/curated/en/099832003202474878/IDU1d6aad48f1890e142451b9d4113ed5f8de6b6,2024/03/34285419/IDU1d6aad48f1890e142451b9d4113ed5f8de6b6,9.983200320247488e+16,Off of Sr VP Dev Econ/Chief Econ (DECVP),http://documents.worldbank.org/curated/en/099832003202474878/IDU1d6aad48f1890e142451b9d4113ed5f8de6b6,"Rexer,Jonah Matthew","Climate Change Adaptation : What Does the
            Evidence Say ?",34285419.0,,,,,,"Adapting to climate change is an
            increasingly urgent policy priority in lower- and
            middle-income countries. This systematic review summarizes
            the current state of the literature on adaptation to climate
            change, and conducts a quantitative meta-analysis of the
            effectiveness of climate adaptation. The meta-analysis
            reveals that observed adaptations offset 46 percent of
            climate losses on average, with firms using more effective
            adaptation strategies than households and farmers. The
            review identifies several key lessons. First, purely private
            adaptations to climate shocks tend to be less effective than
            those from public infrastructure and services, although
            neither by itself is generally sufficient to fully offset
            the effects of climate change. Second, some adaptations may
            reduce climate losses in the present, but in the long-run,
            households, firms, and farmers might be better-served by
            reducing their climate exposure. Third, the literature tends
            to focus on adaptation by households and farmers, neglecting
            firms. Finally, productivity losses from climate shocks may
            be offset if capital and labor can adjust across sectors and
            locations, but constraints on these reallocations have not
            been sufficiently studied.","Sharma,Siddharth",,,,,,,,,,,,,,,,,,,,,,,,,,,,,,,,,,,,"Title: Climate Change Adaptation : What
            Does the Evidence Say ?. Abstract: Adapting to climate change is an
            increasingly urgent policy priority in lower- and
            middle-income countries. This systematic review summarizes
            the current state of the literature on adaptation to climate
            change, and conducts a quantitative meta-analysis of the
            effectiveness of climate adaptation. The meta-analysis
            reveals that observed adaptations offset 46 percent of
            climate losses on average, with firms using more effective
            adaptation strategies than households and farmers. The
            review identifies several key lessons. First, purely private
            adaptations to climate shocks tend to be less effective than
            those from public infrastructure and services, although
            neither by itself is generally sufficient to fully offset
            the effects of climate change. Second, some adaptations may
            reduce climate losses in the present, but in the long-run,
            households, firms, and farmers might be better-served by
            reducing their climate exposure. Third, the literature tends
            to focus on adaptation by households and farmers, neglecting
            firms. Finally, productivity losses from climate shocks may
            be offset if capital and labor can adjust across sectors and
            locations, but constraints on these reallocations have not
            been sufficiently studied.","[{'label': 'LABEL_1', 'score': 0.8749831914901733}]"
8382,73,34286105.0,Africa,Policy Research Working Paper,2024-03-21T00:00:00Z,Publications & Research,"Policy Research working paper ; no. WPS
            10730; INFRASTRUCTURE","Does Africa Need More Roads in
            the Digital Age ? Evidence of Complementarities in Infrastructure",http://documents.worldbank.org/curated/en/099205403212436510/pdf/IDU1e135d75d14e2014ce11bffe1bf74ec415a50.pdf,/research/2024/03/34286105/africa-need-more-roads-digital-age-evidence-complementarities-infrastructure,http://documents.worldbank.org/curated/en/099205403212436510/IDU1e135d75d14e2014ce11bffe1bf74ec415a50,2024/03/34286105/IDU1e135d75d14e2014ce11bffe1bf74ec415a50,9.920540321243651e+16,Off of Sr VP Dev Econ/Chief Econ (DECVP),http://documents.worldbank.org/curated/en/099205403212436510/IDU1e135d75d14e2014ce11bffe1bf74ec415a50,"Lebrand,Mathilde Sylvie Maria","Does Africa Need More Roads in the Digital
            Age ? Evidence of Complementarities in Infrastructure",34286105.0,,,,,,"This paper investigates whether the
            expansion of fast internet networks complements or
            substitutes for the development of roads to improve market
            access and create more and higher-skilled jobs in Africa.
            The paper combines the geographic locations of households
            and firms with the locations of main roads and optical-fiber
            nodes in 25 Sub-Saharan African countries. Using the
            difference-in-differences and instrumental variables
            approaches and leveraging the history of post-independence
            road building and the timing of the arrival of submarine
            internet, the paper examines the impacts of access to these
            two types of infrastructure, both in isolation and in
            combination. The findings show that improving access to both
            has large and positive complementary effects. On average,
            the additional impacts on employment from combining access
            to both types of infrastructure are 22 percent larger than
            the sum of their isolated effects. The findings suggest that
            a big push for combined investments in fast internet and
            road access could enhance economic development in Africa
            overall. Firms and workers in urban locations, female
            workers, and workers with higher levels of education gain
            the most from the complementarities that emerge.","Mongoue,Arcady","Pongou,Roland","Zhang,Fan",,,,,,,,,,,,,,,,,,,,,,,,,,,,,,,,,,"Title: Does Africa Need More Roads in
            the Digital Age ? Evidence of Complementarities in Infrastructure. Abstract: This paper investigates whether the
            expansion of fast internet networks complements or
            substitutes for the development of roads to improve market
            access and create more and higher-skilled jobs in Africa.
            The paper combines the geographic locations of households
            and firms with the locations of main roads and optical-fiber
            nodes in 25 Sub-Saharan African countries. Using the
            difference-in-differences and instrumental variables
            approaches and leveraging the history of post-independence
            road building and the timing of the arrival of submarine
            internet, the paper examines the impacts of access to these
            two types of infrastructure, both in isolation and in
            combination. The findings show that improving access to both
            has large and positive complementary effects. On average,
            the additional impacts on employment from combining access
            to both types of infrastructure are 22 percent larger than
            the sum of their isolated effects. The findings suggest that
            a big push for combined investments in fast internet and
            road access could enhance economic development in Africa
            overall. Firms and workers in urban locations, female
            workers, and workers with higher levels of education gain
            the most from the complementarities that emerge.","[{'label': 'LABEL_0', 'score': 0.7539522647857666}]"
8383,74,34286128.0,Cote d'Ivoire,Policy Research Working Paper,2024-03-21T00:00:00Z,Publications & Research,"Policy Research working paper ; no. WPS
            10731; PEOPLE; COVID-19 (Coronavirus)","Mortality Costs of and Policy
            Responses to the COVID-19 Pandemic in Côte d'Ivoire",http://documents.worldbank.org/curated/en/099314103212451924/pdf/IDU1b593876015fbb144631a18c1bce7ea0ce45d.pdf,/research/2024/03/34286128/mortality-costs-policy-responses-covid-19-pandemic-côte-divoire,http://documents.worldbank.org/curated/en/099314103212451924/IDU1b593876015fbb144631a18c1bce7ea0ce45d,2024/03/34286128/IDU1b593876015fbb144631a18c1bce7ea0ce45d,9.931410321245192e+16,Off of Sr VP Dev Econ/Chief Econ (DECVP),http://documents.worldbank.org/curated/en/099314103212451924/IDU1b593876015fbb144631a18c1bce7ea0ce45d,"Donfouet,Hermann Pythagore Pierre","Mortality Costs of and Policy Responses to
            the COVID-19 Pandemic in Côte d'Ivoire",34286128.0,,,,,,"Côte d'Ivoire, the largest
            economy in the West African Economic and Monetary Union, was
            hit by COVID-19, which claimed many lives. This paper
            estimates COVID-19 mortality costs over time using the value
            of a statistical life. Using a more conservative estimate of
            the value of a statistical life income elasticity ranging
            from 1 to 1.4, the overall COVID-19 mortality costs in Côte
            d'Ivoire since the pandemic range from US$ 100.4
            million to US$ 284.3 million. Considering age-related
            adjustments, a 3 percent discount rate, and a value of a
            statistical life income elasticity of 1 to 1.4, the COVID-19
            costs range from US$ 5.4 million to US$ 15.3 million.
            Similarly, the COVID-19 mortality costs range from US$ 6.8
            million to US$ 19.3 million with a 5 percent discount rate
            and a value of a statistical life income elasticity of 1 to
            1.4. More significantly, the findings suggest that COVID-19
            mortality costs started to decline in 2021. To enhance
            prevention, preparedness, and response to future pandemics,
            policy makers could consider allocating pandemic funding
            within national budgets. Exploring potential partnerships
            with philanthropic organizations and international entities
            could further enhance domestic resource matching efforts.","Sanogo,Ndoh Ashken","Gogoua,Amantchi Jean - Noel","Tshivuila Matala,Opope Oyaka",,,,,,,,"Traore,Adama-000558561",,,"Sorgho,Gaston",,,,,,,,,,,,,,,,,,,,,,,"Title: Mortality Costs of and Policy
            Responses to the COVID-19 Pandemic in Côte d'Ivoire. Abstract: Côte d'Ivoire, the largest
            economy in the West African Economic and Monetary Union, was
            hit by COVID-19, which claimed many lives. This paper
            estimates COVID-19 mortality costs over time using the value
            of a statistical life. Using a more conservative estimate of
            the value of a statistical life income elasticity ranging
            from 1 to 1.4, the overall COVID-19 mortality costs in Côte
            d'Ivoire since the pandemic range from US$ 100.4
            million to US$ 284.3 million. Considering age-related
            adjustments, a 3 percent discount rate, and a value of a
            statistical life income elasticity of 1 to 1.4, the COVID-19
            costs range from US$ 5.4 million to US$ 15.3 million.
            Similarly, the COVID-19 mortality costs range from US$ 6.8
            million to US$ 19.3 million with a 5 percent discount rate
            and a value of a statistical life income elasticity of 1 to
            1.4. More significantly, the findings suggest that COVID-19
            mortality costs started to decline in 2021. To enhance
            prevention, preparedness, and response to future pandemics,
            policy makers could consider allocating pandemic funding
            within national budgets. Exploring potential partnerships
            with philanthropic organizations and international entities
            could further enhance domestic resource matching efforts.","[{'label': 'LABEL_1', 'score': 0.9080301523208618}]"
8384,75,34286166.0,"Jordan,Armenia,World",Policy Research Working Paper,2024-03-21T00:00:00Z,Publications & Research,"Policy Research working paper ; no. WPS
            10733; PROSPERITY","Gender and Fiscal Policy — A
            Methodological Proposal and Its Application to Jordan and Armenia",http://documents.worldbank.org/curated/en/099353303212483027/pdf/IDU1e17bd9dd11435145f41a4cf146d8fcaf8bfe.pdf,/research/2024/03/34286166/gender-fiscal-policy-—-methodological-proposal-application-jordan-armenia,http://documents.worldbank.org/curated/en/099353303212483027/IDU1e17bd9dd11435145f41a4cf146d8fcaf8bfe,2024/03/34286166/IDU1e17bd9dd11435145f41a4cf146d8fcaf8bfe,9.935330321248302e+16,,http://documents.worldbank.org/curated/en/099353303212483027/IDU1e17bd9dd11435145f41a4cf146d8fcaf8bfe,"Jellema,Jon Robbert","Gender and Fiscal Policy — A Methodological
            Proposal and Its Application to Jordan and Armenia",34286166.0,,,,,,"Fiscal policies affect households and
            individuals in a variety of ways. Even though these effects
            are likely to be different for men and women, conventional
            tools of fiscal incidence analysis are typically unable to
            capture these gender differences. Using a particular type of
            incidence analysis known in the literature as the Commitment
            to Equity framework, this paper proposes a methodology to
            overcome this challenge. A particular novelty the paper
            introduces is the explicit incorporation of social
            reproduction into the fiscal incidence analysis framework,
            enabling the implicit valuation of unpaid work that is
            typically undertaken by women on activities such as cooking,
            cleaning, and caring for children and the elderly. Applying
            this methodology to the cases of Jordan and Armenia — two
            countries with very different approaches to fiscal policy
            and cultural norms around the economic and social roles of
            men and women — the paper also highlights some of the
            insights that this engendered perspective could add to
            standard fiscal incidence analysis.","Grown,Caren","Fuchs Tarlovsky,Alan","Wai-Poi,Matthew Grant",,,,,,,,"Tiwari,Sailesh",,,"Sosa,Mariano Ernesto",,,,,,,,,,,,,,,,,,,,,,,"Title: Gender and Fiscal Policy — A
            Methodological Proposal and Its Application to Jordan and Armenia. Abstract: Fiscal policies affect households and
            individuals in a variety of ways. Even though these effects
            are likely to be different for men and women, conventional
            tools of fiscal incidence analysis are typically unable to
            capture these gender differences. Using a particular type of
            incidence analysis known in the literature as the Commitment
            to Equity framework, this paper proposes a methodology to
            overcome this challenge. A particular novelty the paper
            introduces is the explicit incorporation of social
            reproduction into the fiscal incidence analysis framework,
            enabling the implicit valuation of unpaid work that is
            typically undertaken by women on activities such as cooking,
            cleaning, and caring for children and the elderly. Applying
            this methodology to the cases of Jordan and Armenia — two
            countries with very different approaches to fiscal policy
            and cultural norms around the economic and social roles of
            men and women — the paper also highlights some of the
            insights that this engendered perspective could add to
            standard fiscal incidence analysis.","[{'label': 'LABEL_1', 'score': 0.7547934055328369}]"
8385,76,34286293.0,Jordan,Policy Research Working Paper,2024-03-21T00:00:00Z,Publications & Research,"Policy Research working paper ; no. WPS
            10732; PROSPERITY","Fiscal Policy, Poverty and
            Inequality in Jordan : The Role of Taxes and Public Spending",http://documents.worldbank.org/curated/en/099744203212423312/pdf/IDU1907bcc9217a661407f183c21a5fa22ae0150.pdf,/research/2024/03/34286293/fiscal-policy-poverty-inequality-jordan-role-taxes-public-spending,http://documents.worldbank.org/curated/en/099744203212423312/IDU1907bcc9217a661407f183c21a5fa22ae0150,2024/03/34286293/IDU1907bcc9217a661407f183c21a5fa22ae0150,9.974420321242331e+16,Off of Sr VP Dev Econ/Chief Econ (DECVP),http://documents.worldbank.org/curated/en/099744203212423312/IDU1907bcc9217a661407f183c21a5fa22ae0150,"Rodriguez Takeuchi,Laura Kiku","Fiscal Policy, Poverty and Inequality in
            Jordan : The Role of Taxes and Public Spending",34286293.0,,,,,,"Analysing who benefits from different
            taxes and spending is important to understand how fiscal
            policy is affecting poverty and inequality in Jordan. This
            study traces how the Jordanian fiscal system affects
            different households, while paying income tax and GST and
            benefiting from social assistance, and services, such as,
            cash transfers, electricity and water subsidies, education
            and health. The study finds that Jordan’s current fiscal
            system is modestly progressive, but more could be achieved.
            Inequality, as measured by the Gini Index, falls 5.8 points
            between household market incomes and post-fiscal incomes
            (after paying income and consumption taxes as well as
            receiving government transfers and subsidized services).
            When considering only monetary taxes and benefits (that is,
            excluding non-cash education and health services),
            inequality falls by only 2.6 points and poverty would be
            almost the same as the official poverty rate. Nonetheless,
            the recent expansion of social assistance programs is making
            Jordan’s fiscal policies more equalizing and there is scope
            for other reforms which would both close the fiscal gap
            while further reducing poverty and inequality.","Wai-Poi,Matthew Grant",,,,,,,,,,,,,,,,,,,,,,,,,,,,,,,,,,,,"Title: Fiscal Policy, Poverty and
            Inequality in Jordan : The Role of Taxes and Public Spending. Abstract: Analysing who benefits from different
            taxes and spending is important to understand how fiscal
            policy is affecting poverty and inequality in Jordan. This
            study traces how the Jordanian fiscal system affects
            different households, while paying income tax and GST and
            benefiting from social assistance, and services, such as,
            cash transfers, electricity and water subsidies, education
            and health. The study finds that Jordan’s current fiscal
            system is modestly progressive, but more could be achieved.
            Inequality, as measured by the Gini Index, falls 5.8 points
            between household market incomes and post-fiscal incomes
            (after paying income and consumption taxes as well as
            receiving government transfers and subsidized services).
            When considering only monetary taxes and benefits (that is,
            excluding non-cash education and health services),
            inequality falls by only 2.6 points and poverty would be
            almost the same as the official poverty rate. Nonetheless,
            the recent expansion of social assistance programs is making
            Jordan’s fiscal policies more equalizing and there is scope
            for other reforms which would both close the fiscal gap
            while further reducing poverty and inequality.","[{'label': 'LABEL_1', 'score': 0.666619598865509}]"
8386,77,34288443.0,World,Policy Research Working Paper,2024-03-26T00:00:00Z,Publications & Research,"Policy Research working paper ; no. WPS
            10734; PEOPLE","Overcoming Left-Behindedness :
            Moving beyond the Efficiency versus Equity Debate in
            Territorial Development",http://documents.worldbank.org/curated/en/099224303262426681/pdf/IDU17dc414d91a08a142ad1a8da1e2c5bf4ade41.pdf,/research/2024/03/34288443/overcoming-left-behindedness-moving-beyond-efficiency-versus-equity-debate-territorial-development,http://documents.worldbank.org/curated/en/099224303262426681/IDU17dc414d91a08a142ad1a8da1e2c5bf4ade41,2024/03/34288443/IDU17dc414d91a08a142ad1a8da1e2c5bf4ade41,9.922430326242669e+16,Off of Sr VP Dev Econ/Chief Econ (DECVP),http://documents.worldbank.org/curated/en/099224303262426681/IDU17dc414d91a08a142ad1a8da1e2c5bf4ade41,"Rodríguez-Pose,Andrés","Overcoming Left-Behindedness : Moving beyond
            the Efficiency versus Equity Debate in Territorial Development",34288443.0,,,,,,"Territorial development theory and
            practice have witnessed significant change in recent times.
            This change has increasingly put the spatial dimension at
            the center of development policies. Although
            agglomeration-focused policies derived from urbanization and
            agglomeration economics were once prominent, their empirical
            limitations have become increasingly apparent. Greater
            territorial polarization and pervasive left-behindedness
            have underscored the need for a more inclusive territorial
            development approach, prompting increased interest in
            understanding and addressing regional disparities to ensure
            more equitable economic growth. This paper synthesizes the
            growing interest in territorial development, which has
            driven the adoption of what are increasingly place-based and
            place-sensitive approaches to development. The paper also
            emphasizes the need for complementarity between
            efficiency-driven and equity-focused interventions, while
            highlighting emerging topics in regional economics research,
            including the role of institutions, agency, and external
            megatrends such as the green transition. The paper concludes
            by advocating a place-sensitive approach that tailors
            policies to regional challenges, promoting economic
            potential, diversification, and inclusivity across all regions.","Bartalucci,Federico","Lozano Gracia,Nancy","Davalos,Maria Eugenia",,,,,,,,,,,,,,,,,,,,,,,,,,,,,,,,,,"Title: Overcoming Left-Behindedness :
            Moving beyond the Efficiency versus Equity Debate in
            Territorial Development. Abstract: Territorial development theory and
            practice have witnessed significant change in recent times.
            This change has increasingly put the spatial dimension at
            the center of development policies. Although
            agglomeration-focused policies derived from urbanization and
            agglomeration economics were once prominent, their empirical
            limitations have become increasingly apparent. Greater
            territorial polarization and pervasive left-behindedness
            have underscored the need for a more inclusive territorial
            development approach, prompting increased interest in
            understanding and addressing regional disparities to ensure
            more equitable economic growth. This paper synthesizes the
            growing interest in territorial development, which has
            driven the adoption of what are increasingly place-based and
            place-sensitive approaches to development. The paper also
            emphasizes the need for complementarity between
            efficiency-driven and equity-focused interventions, while
            highlighting emerging topics in regional economics research,
            including the role of institutions, agency, and external
            megatrends such as the green transition. The paper concludes
            by advocating a place-sensitive approach that tailors
            policies to regional challenges, promoting economic
            potential, diversification, and inclusivity across all regions.","[{'label': 'LABEL_0', 'score': 0.8298878073692322}]"
8387,78,34288578.0,World,Policy Research Working Paper,2024-03-26T00:00:00Z,Publications & Research,"Policy Research working paper ; no. WPS
            10735; PROSPERITY","Inelastic Demand Meets Optimal
            Supply of Risky Sovereign Bonds",http://documents.worldbank.org/curated/en/099556503262429115/pdf/IDU1ff661c041beb0143a21a16b1690f59425b69.pdf,/research/2024/03/34288578/inelastic-demand-meets-optimal-supply-risky-sovereign-bonds,http://documents.worldbank.org/curated/en/099556503262429115/IDU1ff661c041beb0143a21a16b1690f59425b69,2024/03/34288578/IDU1ff661c041beb0143a21a16b1690f59425b69,9.955650326242912e+16,,http://documents.worldbank.org/curated/en/099556503262429115/IDU1ff661c041beb0143a21a16b1690f59425b69,"Moretti,Matías","Inelastic Demand Meets Optimal Supply of
            Risky Sovereign Bonds",34288578.0,,,,,,"This paper presents evidence of
            inelastic demand in the market for risky sovereign bonds and
            examines its interplay with government policies. The
            methodology combines bond-level evidence with a structural
            model featuring endogenous bond issuances and default risk.
            Empirically, the paper exploits monthly changes in the
            composition of a major bond index to identify flow shocks
            that shift the available bond supply and are unrelated to
            country fundamentals. The paper finds that a 1 percentage
            point reduction in the available supply increases bond
            prices by 33 basis points. Although exogenous, these shocks
            might influence government policies and expected bond
            payoffs. The paper identifies a structural demand elasticity
            by feeding the estimated price reactions into a sovereign
            debt model that isolates endogenous government responses.
            These responses account for a third of the estimated price
            reactions. By penalizing additional borrowing, inelastic
            demand acts as a commitment device that reduces default risk.","Pandolfi,Lorenzo","Schmukler,Sergio L.","Villegas Bauer,Germán",,,,,,,,"Williams,Tomás",,,,,,,,,,,,,,,,,,,,,,,,,,"Title: Inelastic Demand Meets Optimal
            Supply of Risky Sovereign Bonds. Abstract: This paper presents evidence of
            inelastic demand in the market for risky sovereign bonds and
            examines its interplay with government policies. The
            methodology combines bond-level evidence with a structural
            model featuring endogenous bond issuances and default risk.
            Empirically, the paper exploits monthly changes in the
            composition of a major bond index to identify flow shocks
            that shift the available bond supply and are unrelated to
            country fundamentals. The paper finds that a 1 percentage
            point reduction in the available supply increases bond
            prices by 33 basis points. Although exogenous, these shocks
            might influence government policies and expected bond
            payoffs. The paper identifies a structural demand elasticity
            by feeding the estimated price reactions into a sovereign
            debt model that isolates endogenous government responses.
            These responses account for a third of the estimated price
            reactions. By penalizing additional borrowing, inelastic
            demand acts as a commitment device that reduces default risk.","[{'label': 'LABEL_1', 'score': 0.5704099535942078}]"
8388,79,34288659.0,Syrian Arab Republic,Policy Research Working Paper,2024-03-26T00:00:00Z,Publications & Research,"Policy Research working paper ; no. WPS
            10736; PROSPERITY","Assessing the Extent of Monetary
            Poverty in the Syrian Arab Republic after a Decade of Conflict",http://documents.worldbank.org/curated/en/099742403262440849/pdf/IDU1a73d3530135091482c18bb21deb250f995a4.pdf,/research/2024/03/34288659/assessing-extent-monetary-poverty-syrian-arab-republic-after-decade-conflict,http://documents.worldbank.org/curated/en/099742403262440849/IDU1a73d3530135091482c18bb21deb250f995a4,2024/03/34288659/IDU1a73d3530135091482c18bb21deb250f995a4,9.974240326244085e+16,Off of Sr VP Dev Econ/Chief Econ (DECVP),http://documents.worldbank.org/curated/en/099742403262440849/IDU1a73d3530135091482c18bb21deb250f995a4,"Redaelli,Silvia","Assessing the Extent of Monetary Poverty in
            the Syrian Arab Republic after a Decade of Conflict",34288659.0,,,,,,"The data for estimating monetary
            poverty in the Syrian Arab Republic are outdated. In the
            context of data scarcity, this paper aims to propose a
            methodological approach to address the knowledge gap
            regarding welfare in Syria over the past decade. In
            particular, the analysis provides (i) updated pre-conflict
            poverty baseline estimates based on grouped data from the
            2009 Household Income and Expenditure Survey; (ii)
            supporting evidence on the viability of using Humanitarian
            Needs Assessment Programme Demographic and Water Supply,
            Sanitation, and Hygiene 2022 survey data for the estimation
            of monetary poverty in 2022; and (iii) supporting
            theoretical and empirical evidence to identify growth in per
            capita gross domestic product in current prices deflated by
            Consumer Price Index as the best metric to project poverty
            using a nowcasting approach. Based on this analysis, the
            paper proposes to use 2022 Humanitarian Needs Assessment
            Programme–based poverty estimates to anchor the most recent
            estimates to the best available evidence, and to interpolate
            the poverty evolution obtained from back-casting 2022 and
            nowcasting 2009 poverty estimates over 2009–22 using the
            growth rate of per capita gross domestic product in current
            prices, deflated by the Consumer Price Index with a
            passthrough of 0.7.","Infanzon Guadarrama,Michelle","Moreno Herrera,Laura Liliana",,,,,,,,,,,,,,,,,,,,,,,,,,,,,,,,,,,"Title: Assessing the Extent of Monetary
            Poverty in the Syrian Arab Republic after a Decade of Conflict. Abstract: The data for estimating monetary
            poverty in the Syrian Arab Republic are outdated. In the
            context of data scarcity, this paper aims to propose a
            methodological approach to address the knowledge gap
            regarding welfare in Syria over the past decade. In
            particular, the analysis provides (i) updated pre-conflict
            poverty baseline estimates based on grouped data from the
            2009 Household Income and Expenditure Survey; (ii)
            supporting evidence on the viability of using Humanitarian
            Needs Assessment Programme Demographic and Water Supply,
            Sanitation, and Hygiene 2022 survey data for the estimation
            of monetary poverty in 2022; and (iii) supporting
            theoretical and empirical evidence to identify growth in per
            capita gross domestic product in current prices deflated by
            Consumer Price Index as the best metric to project poverty
            using a nowcasting approach. Based on this analysis, the
            paper proposes to use 2022 Humanitarian Needs Assessment
            Programme–based poverty estimates to anchor the most recent
            estimates to the best available evidence, and to interpolate
            the poverty evolution obtained from back-casting 2022 and
            nowcasting 2009 poverty estimates over 2009–22 using the
            growth rate of per capita gross domestic product in current
            prices, deflated by the Consumer Price Index with a
            passthrough of 0.7.","[{'label': 'LABEL_0', 'score': 0.6409262418746948}]"
8389,80,34288672.0,"Tanzania,World",Policy Research Working Paper,2024-03-26T00:00:00Z,Publications & Research,"Policy Research working paper ; no. WPS
            10738; PEOPLE; LSMS","Using Survey-to-Survey Imputation
            to Fill Poverty Data Gaps at a Low Cost : Evidence from a
            Randomized Survey Experiment",http://documents.worldbank.org/curated/en/099851203262433827/pdf/IDU1dce7aeb018793142f91aae715d889956cee9.pdf,/research/2024/03/34288672/using-survey-to-survey-imputation-fill-poverty-data-gaps-low-cost-evidence-randomized-survey-experiment,http://documents.worldbank.org/curated/en/099851203262433827/IDU1dce7aeb018793142f91aae715d889956cee9,2024/03/34288672/IDU1dce7aeb018793142f91aae715d889956cee9,9.985120326243382e+16,Off of Sr VP Dev Econ/Chief Econ (DECVP),http://documents.worldbank.org/curated/en/099851203262433827/IDU1dce7aeb018793142f91aae715d889956cee9,"Dang,Hai-Anh H.","Using Survey-to-Survey Imputation to Fill
            Poverty Data Gaps at a Low Cost : Evidence from a Randomized
            Survey Experiment",34288672.0,,,,,,"Survey data on household consumption
            are often unavailable or incomparable over time in many low-
            and middle-income countries. Based on a unique randomized
            survey experiment implemented in Tanzania, this study offers
            new and rigorous evidence demonstrating that
            survey-to-survey imputation can fill consumption data gaps
            and provide low-cost and reliable poverty estimates. Basic
            imputation models featuring utility expenditures, together
            with a modest set of predictors on demographics, employment,
            household assets, and housing, yield accurate predictions.
            Imputation accuracy is robust to varying the survey
            questionnaire length, the choice of base surveys for
            estimating the imputation model, different poverty lines,
            and alternative (quarterly or monthly) Consumer Price Index
            deflators. The proposed approach to imputation also performs
            better than multiple imputation and a range of machine
            learning techniques. In the case of a target survey with
            modified (shortened or aggregated) food or non-food
            consumption modules, imputation models including food or
            non-food consumption as predictors do well only if the
            distributions of the predictors are standardized vis-à-vis
            the base survey. For the best-performing models to reach
            acceptable levels of accuracy, the minimum required sample
            size should be 1,000 for both the base and target surveys.
            The discussion expands on the implications of the findings
            for the design of future surveys.","Kilic,Talip","Hlasny,Vladimir","Abanokova,Ksenia",,,,,,,,"Carletto,Calogero",,,,,,,,,,,,,,,,,,,,,,,,,,"Title: Using Survey-to-Survey Imputation
            to Fill Poverty Data Gaps at a Low Cost : Evidence from a
            Randomized Survey Experiment. Abstract: Survey data on household consumption
            are often unavailable or incomparable over time in many low-
            and middle-income countries. Based on a unique randomized
            survey experiment implemented in Tanzania, this study offers
            new and rigorous evidence demonstrating that
            survey-to-survey imputation can fill consumption data gaps
            and provide low-cost and reliable poverty estimates. Basic
            imputation models featuring utility expenditures, together
            with a modest set of predictors on demographics, employment,
            household assets, and housing, yield accurate predictions.
            Imputation accuracy is robust to varying the survey
            questionnaire length, the choice of base surveys for
            estimating the imputation model, different poverty lines,
            and alternative (quarterly or monthly) Consumer Price Index
            deflators. The proposed approach to imputation also performs
            better than multiple imputation and a range of machine
            learning techniques. In the case of a target survey with
            modified (shortened or aggregated) food or non-food
            consumption modules, imputation models including food or
            non-food consumption as predictors do well only if the
            distributions of the predictors are standardized vis-à-vis
            the base survey. For the best-performing models to reach
            acceptable levels of accuracy, the minimum required sample
            size should be 1,000 for both the base and target surveys.
            The discussion expands on the implications of the findings
            for the design of future surveys.","[{'label': 'LABEL_1', 'score': 0.9423009157180786}]"
8390,81,34288682.0,World,Policy Research Working Paper,2024-03-26T00:00:00Z,Publications & Research,"Policy Research working paper ; no. WPS
            10737; PROSPERITY","Linking Export Activities to
            Productivity and Wage Rate Growth",http://documents.worldbank.org/curated/en/099917103262437014/pdf/IDU16c0a77731bf9814c961896f14d6f9f32dc9b.pdf,/research/2024/03/34288682/linking-export-activities-productivity-wage-rate-growth,http://documents.worldbank.org/curated/en/099917103262437014/IDU16c0a77731bf9814c961896f14d6f9f32dc9b,2024/03/34288682/IDU16c0a77731bf9814c961896f14d6f9f32dc9b,9.991710326243701e+16,Off of Sr VP Dev Econ/Chief Econ (DECVP),http://documents.worldbank.org/curated/en/099917103262437014/IDU16c0a77731bf9814c961896f14d6f9f32dc9b,"Aguilar Luna,Luis Alejandro","Linking Export Activities to Productivity
            and Wage Rate Growth",34288682.0,,,,,,"This paper examines the relationship
            between trade and job quality, using productivity and wage
            rate data for export and non-export activities in a sample
            of 60 countries across all income levels and 45 sectors
            spanning the whole economy over 1995–2019. First, the
            analysis finds that workers involved in export activities
            are more productive and better paid than those in non-export
            activities. While the productivity premium for export
            activities is confirmed in low- and middle-income countries,
            there is no wage rate premium. Second, this study finds a
            positive relationship between exports and labor productivity
            at the country-sector level, which can be attributed to
            productivity gains within export activities as well as
            spillovers to non-export activities. Countries’
            specialization in global value chains and sectors also
            matters for the relationship between exports and job
            quality, with manufacturing, agriculture, and business
            services showing stronger associations. The link between
            exports and the wage rate is smaller than for productivity.
            Finally, productivity and wage rate growth decompositions
            suggest that growth within rather than between activities
            was the driving force. Within export activities,
            productivity and wage increases were dominated by
            within-sector growth, although labor movement toward more
            productive sectors also matters in low- and middle-income countries.","Winkler,Deborah Elisabeth",,,,,,,,,,,,,,,,,,,,,,,,,,,,,,,,,,,,"Title: Linking Export Activities to
            Productivity and Wage Rate Growth. Abstract: This paper examines the relationship
            between trade and job quality, using productivity and wage
            rate data for export and non-export activities in a sample
            of 60 countries across all income levels and 45 sectors
            spanning the whole economy over 1995–2019. First, the
            analysis finds that workers involved in export activities
            are more productive and better paid than those in non-export
            activities. While the productivity premium for export
            activities is confirmed in low- and middle-income countries,
            there is no wage rate premium. Second, this study finds a
            positive relationship between exports and labor productivity
            at the country-sector level, which can be attributed to
            productivity gains within export activities as well as
            spillovers to non-export activities. Countries’
            specialization in global value chains and sectors also
            matters for the relationship between exports and job
            quality, with manufacturing, agriculture, and business
            services showing stronger associations. The link between
            exports and the wage rate is smaller than for productivity.
            Finally, productivity and wage rate growth decompositions
            suggest that growth within rather than between activities
            was the driving force. Within export activities,
            productivity and wage increases were dominated by
            within-sector growth, although labor movement toward more
            productive sectors also matters in low- and middle-income countries.","[{'label': 'LABEL_1', 'score': 0.9412270784378052}]"
8391,82,34289093.0,Ecuador,Policy Research Working Paper,2024-03-27T00:00:00Z,Publications & Research,"Policy Research working paper ; no. WPS
            10739; PROSPERITY","The Role of Firm Dynamics in
            Aggregate Productivity, Job Flows, and Wage Inequality in Ecuador",http://documents.worldbank.org/curated/en/099210003272435670/pdf/IDU12ee097181a742148c01b05d15e384067ed0a.pdf,/research/2024/03/34289093/role-firm-dynamics-aggregate-productivity-job-flows-wage-inequality-ecuador,http://documents.worldbank.org/curated/en/099210003272435670/IDU12ee097181a742148c01b05d15e384067ed0a,2024/03/34289093/IDU12ee097181a742148c01b05d15e384067ed0a,9.921000327243566e+16,Off of Sr VP Dev Econ/Chief Econ (DECVP),http://documents.worldbank.org/curated/en/099210003272435670/IDU12ee097181a742148c01b05d15e384067ed0a,"Patino Pena,Fausto Andres","The Role of Firm Dynamics in Aggregate
            Productivity, Job Flows, and Wage Inequality in Ecuador",34289093.0,,,,,,"This paper examines the role of firm
            dynamics in aggregate total factor productivity, job flows,
            and wage inequality in Ecuador. Utilizing a comprehensive
            employer-employee dataset, the paper documents firm dynamics
            and job flow patterns that are consistent with the presence
            of market distortions. Also, the paper identifies factor
            misallocation as the main contributor to Ecuador's
            total factor productivity deceleration. Given these trends,
            the paper explores allocative inefficiency drivers through
            firm- and industry-level regressions. Firms in the top
            productivity quintile face distortive non-wage labor costs
            that are 3.7 times higher than the bottom quintile, after
            controlling for firm size and age. The findings also provide
            evidence of credit misallocation across firms. Additionally,
            industries with higher job mobility, credit access, and
            competition and lower non-wage labor costs, minimum wage
            incidence, and zombie firms demonstrate higher allocative
            efficiency. Moreover, worker-level regressions indicate that
            misallocation drivers explain up to 41 percent of wage
            inequality, with non-wage labor costs and product market
            frictions as distortions driving this inequality.","Ferro,Esteban",,,,,,,,,,,,,,,,,,,,,,,,,,,,,,,,,,,,"Title: The Role of Firm Dynamics in
            Aggregate Productivity, Job Flows, and Wage Inequality in Ecuador. Abstract: This paper examines the role of firm
            dynamics in aggregate total factor productivity, job flows,
            and wage inequality in Ecuador. Utilizing a comprehensive
            employer-employee dataset, the paper documents firm dynamics
            and job flow patterns that are consistent with the presence
            of market distortions. Also, the paper identifies factor
            misallocation as the main contributor to Ecuador's
            total factor productivity deceleration. Given these trends,
            the paper explores allocative inefficiency drivers through
            firm- and industry-level regressions. Firms in the top
            productivity quintile face distortive non-wage labor costs
            that are 3.7 times higher than the bottom quintile, after
            controlling for firm size and age. The findings also provide
            evidence of credit misallocation across firms. Additionally,
            industries with higher job mobility, credit access, and
            competition and lower non-wage labor costs, minimum wage
            incidence, and zombie firms demonstrate higher allocative
            efficiency. Moreover, worker-level regressions indicate that
            misallocation drivers explain up to 41 percent of wage
            inequality, with non-wage labor costs and product market
            frictions as distortions driving this inequality.","[{'label': 'LABEL_1', 'score': 0.8459920287132263}]"
8392,83,34289140.0,Uruguay,Policy Research Working Paper,2024-03-27T00:00:00Z,Publications & Research,"Policy Research working paper ; no. WPS
            10740; PROSPERITY","The Macroeconomic Impact of
            Climate Shocks in Uruguay",http://documents.worldbank.org/curated/en/099400003272435890/pdf/IDU13bfbac77199f81489e18f2319846d83a3953.pdf,/research/2024/03/34289140/macroeconomic-impact-climate-shocks-uruguay,http://documents.worldbank.org/curated/en/099400003272435890/IDU13bfbac77199f81489e18f2319846d83a3953,2024/03/34289140/IDU13bfbac77199f81489e18f2319846d83a3953,9.940000327243589e+16,Off of Sr VP Dev Econ/Chief Econ (DECVP),http://documents.worldbank.org/curated/en/099400003272435890/IDU13bfbac77199f81489e18f2319846d83a3953,"Giuliano,Fernando Mauro","The Macroeconomic Impact of Climate Shocks
            in Uruguay",34289140.0,,,,,,"Uruguay is an economy that is
            vulnerable to precipitation patterns, as evidenced during
            the country’s historic 2022/23 drought. Yet, and despite its
            rich macroeconomic and climate data environment, the country
            does not have a consistent macroeconomic model to address
            the aggregate impact of climate shocks, let alone the
            expected additional impact from climate change. This paper
            intends to fill this gap by integrating climate shocks into
            the World Bank’s Macro-Fiscal Model, its workhorse
            structural macroeconomic projection model. Building on
            existing country studies on the sectoral effects of droughts
            and floods, the analysis finds that the volatility of a
            simulated Uruguayan economy only subject to historical
            climate shocks reaches 22 percent of the historical
            volatility of gross domestic product. Moreover, as climate
            shocks are only one of many shocks that can simultaneously
            affect an economy, incorporating exogenous macroeconomic
            shocks into historical climate shocks exacerbates volatility
            and increases potential losses. Gross domestic product can
            fall by 2.3 percent under a combined negative climate and
            macroeconomic shock of the type witnessed once every six
            years on average, and 4.1 percent under a once-in-40-years
            combined negative shock. Climate change compounds these
            effects going forward, worsening the magnitude of the
            downside risks from droughts by between 18 and 30 percent,
            although estimates incorporating climate change are subject
            to large uncertainty. The order of magnitude of these
            effects calls for a more systematic consideration of climate
            shocks in macroeconomic projections and fiscal risk
            assessments for Uruguay.","Navia Simon,Daniel","Ruberl,Heather Jane",,,,,,,,,,,,,,,,,,,,,,,,,,,,,,,,,,,"Title: The Macroeconomic Impact of
            Climate Shocks in Uruguay. Abstract: Uruguay is an economy that is
            vulnerable to precipitation patterns, as evidenced during
            the country’s historic 2022/23 drought. Yet, and despite its
            rich macroeconomic and climate data environment, the country
            does not have a consistent macroeconomic model to address
            the aggregate impact of climate shocks, let alone the
            expected additional impact from climate change. This paper
            intends to fill this gap by integrating climate shocks into
            the World Bank’s Macro-Fiscal Model, its workhorse
            structural macroeconomic projection model. Building on
            existing country studies on the sectoral effects of droughts
            and floods, the analysis finds that the volatility of a
            simulated Uruguayan economy only subject to historical
            climate shocks reaches 22 percent of the historical
            volatility of gross domestic product. Moreover, as climate
            shocks are only one of many shocks that can simultaneously
            affect an economy, incorporating exogenous macroeconomic
            shocks into historical climate shocks exacerbates volatility
            and increases potential losses. Gross domestic product can
            fall by 2.3 percent under a combined negative climate and
            macroeconomic shock of the type witnessed once every six
            years on average, and 4.1 percent under a once-in-40-years
            combined negative shock. Climate change compounds these
            effects going forward, worsening the magnitude of the
            downside risks from droughts by between 18 and 30 percent,
            although estimates incorporating climate change are subject
            to large uncertainty. The order of magnitude of these
            effects calls for a more systematic consideration of climate
            shocks in macroeconomic projections and fiscal risk
            assessments for Uruguay.","[{'label': 'LABEL_1', 'score': 0.8202087879180908}]"
8393,84,34289887.0,World,Policy Research Working Paper,2024-03-28T00:00:00Z,Publications & Research,"Policy Research working paper ; no. WPS
            10741; RRR; PROSPERITY","The Sovereign Spread Compressing
            Effect of Fiscal Rules during Global Crises",http://documents.worldbank.org/curated/en/099249103282432838/pdf/IDU15cfa7f6d1d6ab1406518cfe157ccc6a3202a.pdf,/research/2024/03/34289887/sovereign-spread-compressing-effect-fiscal-rules-during-global-crises,http://documents.worldbank.org/curated/en/099249103282432838/IDU15cfa7f6d1d6ab1406518cfe157ccc6a3202a,2024/03/34289887/IDU15cfa7f6d1d6ab1406518cfe157ccc6a3202a,9.924910328243283e+16,,http://documents.worldbank.org/curated/en/099249103282432838/IDU15cfa7f6d1d6ab1406518cfe157ccc6a3202a,"Islamaj,Ergys","The Sovereign Spread Compressing Effect of
            Fiscal Rules during Global Crises",34289887.0,,,,,,"Do fiscal rules help suppress
            sovereign spreads during periods of global financial stress
            Yes! This paper examines whether fiscal rules contribute to
            mitigating sovereign spreads in emerging markets and
            developing economies during periods of heightened financial
            and economic volatility worldwide. It finds that the
            presence of fiscal rules is statistically significantly
            associated with lower sovereign spreads during the COVID-19
            crisis — about 350 basis points lower on average.
            Interestingly, this correlation persists even when nations
            deviate from these rules, indicating an expectation of
            post-crisis compliance. The study shows that deviations from
            fiscal rules are typically short-lived, with fiscal balance
            rules reinstated within 3.5 years. Robustness checks,
            including controls for institutional quality, fiscal rule
            strength, and global and regional factors confirm these
            results. Overall, the findings suggest that fiscal rules can
            help emerging markets and developing economies signal fiscal
            responsibility during episodes of global financial stress,
            reducing borrowing costs relative to countries without
            fiscal rules.","Samano Penaloza,Agustin","Sommers,Scott James",,,,,,,,,,,,,,,,,,,,,,,,,,,,,,,,,,,"Title: The Sovereign Spread Compressing
            Effect of Fiscal Rules during Global Crises. Abstract: Do fiscal rules help suppress
            sovereign spreads during periods of global financial stress
            Yes! This paper examines whether fiscal rules contribute to
            mitigating sovereign spreads in emerging markets and
            developing economies during periods of heightened financial
            and economic volatility worldwide. It finds that the
            presence of fiscal rules is statistically significantly
            associated with lower sovereign spreads during the COVID-19
            crisis — about 350 basis points lower on average.
            Interestingly, this correlation persists even when nations
            deviate from these rules, indicating an expectation of
            post-crisis compliance. The study shows that deviations from
            fiscal rules are typically short-lived, with fiscal balance
            rules reinstated within 3.5 years. Robustness checks,
            including controls for institutional quality, fiscal rule
            strength, and global and regional factors confirm these
            results. Overall, the findings suggest that fiscal rules can
            help emerging markets and developing economies signal fiscal
            responsibility during episodes of global financial stress,
            reducing borrowing costs relative to countries without
            fiscal rules.","[{'label': 'LABEL_0', 'score': 0.648562490940094}]"
8394,85,34290394.0,"World,Multi-Regional",Policy Research Working Paper,2024-03-28T00:00:00Z,Publications & Research,"Policy Research working paper ; no. WPS
            10743; PLANET; RRR","How Delayed Learning about
            Climate Uncertainty Impacts Decarbonization Investment Strategies",http://documents.worldbank.org/curated/en/099829103282438373/pdf/IDU1f2d86d77127091490d1a6df1dc342f15d10b.pdf,/research/2024/03/34290394/delayed-learning-climate-uncertainty-impacts-decarbonization-investment-strategies,http://documents.worldbank.org/curated/en/099829103282438373/IDU1f2d86d77127091490d1a6df1dc342f15d10b,2024/03/34290394/IDU1f2d86d77127091490d1a6df1dc342f15d10b,9.982910328243837e+16,Off of Sr VP Dev Econ/Chief Econ (DECVP),http://documents.worldbank.org/curated/en/099829103282438373/IDU1f2d86d77127091490d1a6df1dc342f15d10b,"Bauer,Adam Michael","How Delayed Learning about Climate
            Uncertainty Impacts Decarbonization Investment Strategies",34290394.0,,,,,,"The Paris Agreement established that
            global warming should be limited to “well below” 2◦C and
            encouraged efforts to limit warming to 1.5◦C. Achieving this
            goal presents a significant challenge, especially given the
            presence of (i) economic inertia and adjustment costs, which
            penalize a swift transition away from fossil fuels, and (ii)
            climate uncertainty that, for example, hinders the ability
            to predict the amount of emissions that can be emitted
            before a given temperature target is passed, which is often
            referred to as the remaining carbon budget. This paper
            presents a modeling framework that explores optimal
            decarbonization investment strategy when both delayed
            learning about the remaining carbon budget and adjustment
            costs are present. The findings show that delaying learning
            about the remaining carbon budget impacts investment in
            three ways: (i) the cost of policy increases, especially
            when adjustment costs are present; (ii) abatement investment
            is front-loaded relative to the certainty policy; and (iii)
            the sectoral allocation of investment changes to favor
            declining investment pathways rather than bell-shaped paths.
            The latter effect is especially pronounced in hard-to-abate
            sectors, such as heavy industry. Each of the effects can be
            traced back to the carbon price distribution inheriting a
            “heavy tail” when the remaining carbon budget is learned
            later in the century. The paper highlights how climate
            uncertainty and adjustment costs combined result in a more
            aggressive least-cost strategy for decarbonization investment.","Mcisaac,Florent John","Hallegatte,Stephane",,,,,,,,,,,,,,,,,,,,,,,,,,,,,,,,,,,"Title: How Delayed Learning about
            Climate Uncertainty Impacts Decarbonization Investment Strategies. Abstract: The Paris Agreement established that
            global warming should be limited to “well below” 2◦C and
            encouraged efforts to limit warming to 1.5◦C. Achieving this
            goal presents a significant challenge, especially given the
            presence of (i) economic inertia and adjustment costs, which
            penalize a swift transition away from fossil fuels, and (ii)
            climate uncertainty that, for example, hinders the ability
            to predict the amount of emissions that can be emitted
            before a given temperature target is passed, which is often
            referred to as the remaining carbon budget. This paper
            presents a modeling framework that explores optimal
            decarbonization investment strategy when both delayed
            learning about the remaining carbon budget and adjustment
            costs are present. The findings show that delaying learning
            about the remaining carbon budget impacts investment in
            three ways: (i) the cost of policy increases, especially
            when adjustment costs are present; (ii) abatement investment
            is front-loaded relative to the certainty policy; and (iii)
            the sectoral allocation of investment changes to favor
            declining investment pathways rather than bell-shaped paths.
            The latter effect is especially pronounced in hard-to-abate
            sectors, such as heavy industry. Each of the effects can be
            traced back to the carbon price distribution inheriting a
            “heavy tail” when the remaining carbon budget is learned
            later in the century. The paper highlights how climate
            uncertainty and adjustment costs combined result in a more
            aggressive least-cost strategy for decarbonization investment.","[{'label': 'LABEL_0', 'score': 0.8494118452072144}]"
8395,86,34290411.0,World,Policy Research Working Paper,2024-03-28T00:00:00Z,Publications & Research,"Policy Research working paper ; no. WPS
            10742; PLANET","Climate Shocks and the Poor : A
            Review of the Literature",http://documents.worldbank.org/curated/en/099019303282434041/pdf/IDU16f3c8dd41439514f901ad011ae6ae66b94ab.pdf,/research/2024/03/34290411/climate-shocks-poor-review-literature,http://documents.worldbank.org/curated/en/099019303282434041/IDU16f3c8dd41439514f901ad011ae6ae66b94ab,2024/03/34290411/IDU16f3c8dd41439514f901ad011ae6ae66b94ab,9.901930328243405e+16,Off of Sr VP Dev Econ/Chief Econ (DECVP),http://documents.worldbank.org/curated/en/099019303282434041/IDU16f3c8dd41439514f901ad011ae6ae66b94ab,"Triyana,Margaret Maggie","Climate Shocks and the Poor : A Review of
            the Literature",34290411.0,,,,,,"There is a rapidly growing literature
            on the link between climate change and poverty. This study
            reviews the existing literature on whether the poor are more
            exposed to climate shocks and whether they are more
            adversely affected. About two-thirds of the studies in our
            analyzed sample find that the poor are more exposed to
            climate shocks than is the rest of the population and
            four-fifths of the studies find that the poor are more
            adversely affected by climate shocks than is the rest of the
            population. Income and human capital losses tend to be
            concentrated among the poor. These findings highlight the
            potential long-term risk of a climate-change induced poverty
            trap and the need for targeted interventions to protect the
            poor from the adverse effects of climate shocks.","Jiang,Weicheng","Hu,Yurui","Naoaj,Md Shah",,,,,,,,,,,,,,,,,,,,,,,,,,,,,,,,,,"Title: Climate Shocks and the Poor : A
            Review of the Literature. Abstract: There is a rapidly growing literature
            on the link between climate change and poverty. This study
            reviews the existing literature on whether the poor are more
            exposed to climate shocks and whether they are more
            adversely affected. About two-thirds of the studies in our
            analyzed sample find that the poor are more exposed to
            climate shocks than is the rest of the population and
            four-fifths of the studies find that the poor are more
            adversely affected by climate shocks than is the rest of the
            population. Income and human capital losses tend to be
            concentrated among the poor. These findings highlight the
            potential long-term risk of a climate-change induced poverty
            trap and the need for targeted interventions to protect the
            poor from the adverse effects of climate shocks.","[{'label': 'LABEL_1', 'score': 0.8997287750244141}]"
8396,87,34294377.0,World,Policy Research Working Paper,2024-04-02T00:00:00Z,Publications & Research,"Policy Research working paper ; no. WPS
            10744; RRR; PROSPERITY","What Works in Supporting
            Women-Led Businesses ?",http://documents.worldbank.org/curated/en/099546304022426807/pdf/IDU17db26e461485d14f2e187e91bbfa867e0f87.pdf,/research/2024/04/34294377/works-supporting-women-led-businesses,http://documents.worldbank.org/curated/en/099546304022426807/IDU17db26e461485d14f2e187e91bbfa867e0f87,2024/04/34294377/IDU17db26e461485d14f2e187e91bbfa867e0f87,9.95463040224268e+16,Off of Sr VP Dev Econ/Chief Econ (DECVP),http://documents.worldbank.org/curated/en/099546304022426807/IDU17db26e461485d14f2e187e91bbfa867e0f87,"Ubfal,Diego Javier","What Works in Supporting Women-Led
            Businesses ?",34294377.0,,,,,,"Innovative women entrepreneurs can be
            agents of change and offer novel solutions to global
            challenges. However, they face multiple barriers to growing
            their businesses. This paper reviews the literature on
            strategies to support women entrepreneurs in improving their
            business outcomes. It focuses on interventions designed to
            address four areas of constraints that influence their
            decisions and can impact their business performance: gaps in
            human capital, access to finance, access to technology and
            markets, and contextual factors such as legal and regulatory
            constraints, social norms, access to care, and gender-based
            violence. The review concludes that evidence of modest
            average treatment effects and heterogeneity in treatment
            effects across various interventions suggest the need for
            more precise targeting. The multiple constraints faced by
            women entrepreneurs necessitates testing different packages
            of interventions. Moreover, the successful implementation
            and adoption of proposed solutions require consideration of
            the contextual constraints that differentially affect
            women-led businesses. While the review highlights several
            interventions that show promise in supporting women
            entrepreneurs, significant gaps remain in the evidence
            concerning the most effective strategies.",,,,,,,,,,,,,,,,,,,,,,,,,,,,,,,,,,,,,"Title: What Works in Supporting
            Women-Led Businesses ?. Abstract: Innovative women entrepreneurs can be
            agents of change and offer novel solutions to global
            challenges. However, they face multiple barriers to growing
            their businesses. This paper reviews the literature on
            strategies to support women entrepreneurs in improving their
            business outcomes. It focuses on interventions designed to
            address four areas of constraints that influence their
            decisions and can impact their business performance: gaps in
            human capital, access to finance, access to technology and
            markets, and contextual factors such as legal and regulatory
            constraints, social norms, access to care, and gender-based
            violence. The review concludes that evidence of modest
            average treatment effects and heterogeneity in treatment
            effects across various interventions suggest the need for
            more precise targeting. The multiple constraints faced by
            women entrepreneurs necessitates testing different packages
            of interventions. Moreover, the successful implementation
            and adoption of proposed solutions require consideration of
            the contextual constraints that differentially affect
            women-led businesses. While the review highlights several
            interventions that show promise in supporting women
            entrepreneurs, significant gaps remain in the evidence
            concerning the most effective strategies.","[{'label': 'LABEL_0', 'score': 0.6920772790908813}]"
8397,88,34295091.0,"Jordan,World",Policy Research Working Paper,2024-04-03T00:00:00Z,Publications & Research,"Policy Research working paper ; no. WPS
            10745; PROSPERITY","Taxes, Transfers, and Gender :
            Fiscal Policy Incidence across Fiscal and Care Categories in Jordan",http://documents.worldbank.org/curated/en/099442104032434602/pdf/IDU132d4f6011bcd8146401a7611055a8a85ab39.pdf,/research/2024/04/34295091/taxes-transfers-gender-fiscal-policy-incidence-across-fiscal-care-categories-jordan,http://documents.worldbank.org/curated/en/099442104032434602/IDU132d4f6011bcd8146401a7611055a8a85ab39,2024/04/34295091/IDU132d4f6011bcd8146401a7611055a8a85ab39,9.944210403243461e+16,Off of Sr VP Dev Econ/Chief Econ (DECVP),http://documents.worldbank.org/curated/en/099442104032434602/IDU132d4f6011bcd8146401a7611055a8a85ab39,"Rodriguez Takeuchi,Laura Kiku","Taxes, Transfers, and Gender : Fiscal Policy
            Incidence across Fiscal and Care Categories in Jordan",34295091.0,,,,,,"Fiscal incidence analysis helps in
            understanding who contributes to and benefits from the
            fiscal system, and assessing the impact of fiscal policies
            in reducing poverty and inequality. Traditionally, the
            incidence of fiscal policy is assessed for households along
            the income distribution. In an attempt to tease out the
            gendered impacts of the fiscal system, this paper instead
            looks at how much different types of households in Jordan
            contribute to and benefit from current fiscal policies and
            the extent to which the fiscal system is helping to equalize
            post-market outcomes within and across groups. A household
            typology is constructed for Jordan based on households’
            demographic characteristics, which not only determine which
            taxes and transfers a household experiences, but also
            influence the participation of women in economic activity
            outside the household because they affect the generation and
            allocation of care responsibilities. The paper shows that
            the receipt of in-kind benefits, primarily education, is
            what drives which groups that receive the largest net
            benefits from the fiscal system. The results also show that
            the fiscal system in Jordan is reducing within-group
            inequalities, which represent over 80 percent of total
            inequality for both fiscal and care groups. The fiscal
            system has a limited impact on inequalities across groups,
            but they are very small.","Wai-Poi,Matthew Grant","Woodham,Jeffrey Scott",,,,,,,,,,,,,,,,,,,,,,,,,,,,,,,,,,,"Title: Taxes, Transfers, and Gender :
            Fiscal Policy Incidence across Fiscal and Care Categories in Jordan. Abstract: Fiscal incidence analysis helps in
            understanding who contributes to and benefits from the
            fiscal system, and assessing the impact of fiscal policies
            in reducing poverty and inequality. Traditionally, the
            incidence of fiscal policy is assessed for households along
            the income distribution. In an attempt to tease out the
            gendered impacts of the fiscal system, this paper instead
            looks at how much different types of households in Jordan
            contribute to and benefit from current fiscal policies and
            the extent to which the fiscal system is helping to equalize
            post-market outcomes within and across groups. A household
            typology is constructed for Jordan based on households’
            demographic characteristics, which not only determine which
            taxes and transfers a household experiences, but also
            influence the participation of women in economic activity
            outside the household because they affect the generation and
            allocation of care responsibilities. The paper shows that
            the receipt of in-kind benefits, primarily education, is
            what drives which groups that receive the largest net
            benefits from the fiscal system. The results also show that
            the fiscal system in Jordan is reducing within-group
            inequalities, which represent over 80 percent of total
            inequality for both fiscal and care groups. The fiscal
            system has a limited impact on inequalities across groups,
            but they are very small.","[{'label': 'LABEL_1', 'score': 0.8267832398414612}]"
8398,89,34295842.0,Mali,Policy Research Working Paper,2024-04-04T00:00:00Z,Publications & Research,"Policy Research working paper ; no. WPS
            10746; PEOPLE; RRR; Impact Evaluation series","Do Patients Value High-Quality
            Medical Care ? Experimental Evidence from Malaria Diagnosis
            and Treatment",http://documents.worldbank.org/curated/en/099746004042478044/pdf/IDU17547a127149861475c1895a10c7fac248530.pdf,/research/2024/04/34295842/patients-value-high-quality-medical-care-experimental-evidence-malaria-diagnosis-treatment,http://documents.worldbank.org/curated/en/099746004042478044/IDU17547a127149861475c1895a10c7fac248530,2024/04/34295842/IDU17547a127149861475c1895a10c7fac248530,9.974600404247805e+16,Off of Sr VP Dev Econ/Chief Econ (DECVP),http://documents.worldbank.org/curated/en/099746004042478044/IDU17547a127149861475c1895a10c7fac248530,Carolina Lopez,"Do Patients Value High-Quality Medical Care
            ? Experimental Evidence from Malaria Diagnosis and Treatment",34295842.0,,,,,,"Can information about the value of
            diagnostic tests improve provider practice and help patients
            recognize higher quality of care In a randomized experiment
            at public clinics in Mali, health providers and patients
            received tailored information about the importance of rapid
            diagnostic tests (RDTs) for malaria. The provider training
            increased provider reliance on RDTs, improving the match
            between a patient’s malaria status and treatment with
            antimalarials by 15–30 percent. Nonetheless, patients were
            significantly less satisfied with the care they received,
            driven by those whose prior beliefs did not match their true
            malaria status. The patient information intervention did not
            affect treatment outcomes or patient satisfaction and
            reduced malaria testing. These findings are consistent with
            highly persistent patient beliefs that translate into low
            demand for diagnostic testing and limit patients’ ability to
            recognize improved quality of care.","Sautmann,Anja","Schaner,Simone Gabrielle",,,,,,,,,,,,,,,,,,,,,,,,,,,,,,,,,,,"Title: Do Patients Value High-Quality
            Medical Care ? Experimental Evidence from Malaria Diagnosis
            and Treatment. Abstract: Can information about the value of
            diagnostic tests improve provider practice and help patients
            recognize higher quality of care In a randomized experiment
            at public clinics in Mali, health providers and patients
            received tailored information about the importance of rapid
            diagnostic tests (RDTs) for malaria. The provider training
            increased provider reliance on RDTs, improving the match
            between a patient’s malaria status and treatment with
            antimalarials by 15–30 percent. Nonetheless, patients were
            significantly less satisfied with the care they received,
            driven by those whose prior beliefs did not match their true
            malaria status. The patient information intervention did not
            affect treatment outcomes or patient satisfaction and
            reduced malaria testing. These findings are consistent with
            highly persistent patient beliefs that translate into low
            demand for diagnostic testing and limit patients’ ability to
            recognize improved quality of care.","[{'label': 'LABEL_1', 'score': 0.7952194213867188}]"
8399,90,34295844.0,World,Policy Research Working Paper,2024-04-04T00:00:00Z,Publications & Research,"Policy Research working paper ; no. WPS
            10747; PEOPLE","Understanding the Links between
            Diet Quality, Malnutrition, and Economic Costs : An Evidence
            Review for LMICs",http://documents.worldbank.org/curated/en/099808404042441871/pdf/IDU1a906fa7a16a53148eb1adeb17f48e76432bf.pdf,/research/2024/04/34295844/understanding-links-between-diet-quality-malnutrition-economic-costs-evidence-review-lmics,http://documents.worldbank.org/curated/en/099808404042441871/IDU1a906fa7a16a53148eb1adeb17f48e76432bf,2024/04/34295844/IDU1a906fa7a16a53148eb1adeb17f48e76432bf,9.980840404244187e+16,Off of Sr VP Dev Econ/Chief Econ (DECVP),http://documents.worldbank.org/curated/en/099808404042441871/IDU1a906fa7a16a53148eb1adeb17f48e76432bf,"Siekmans,Kendra","Understanding the Links between Diet
            Quality, Malnutrition, and Economic Costs : An Evidence
            Review for LMICs",34295844.0,,,,,,"Understanding the economic costs
            attributable to unhealthy diets is crucial to inform health
            and agrifood investments in low- and middle-income countries
            experiencing nutrition transition. To review the current
            evidence on the association between diet quality and
            economic costs in low- and middle-income countries, this
            paper first conducted a literature search to identify
            studies that include a dietary exposure, nutrition, or
            health outcome, and a cost estimate. Given the limited
            studies in terms of life stage groups represented, a second
            search was conducted for systematic reviews and
            meta-analyses of observational studies, with effect size
            estimates for the risk of nutrition or health outcomes
            associated with diet quality. Of 21 studies (search 1), most
            were based on the Global Burden of Disease model and
            estimated the fraction of diet-related noncommunicable
            disease outcomes attributable to individual or groups of
            dietary risk factors. The search found 82 systematic reviews
            and meta-analyses (search 2) that estimated the burden of
            malnutrition associated with dietary risk factors. Low
            dietary diversity was associated with increased risk of
            undernutrition and anemia in pregnant women and children.
            Dairy consumption was protective for low birthweight, child
            obesity, and diabetes and hypertension. Low animal source
            food intake increased the risk of anemia and zinc deficiency
            during pregnancy. Unhealthy food consumption, including
            ultra-processed foods and sugar-sweetened beverages,
            increased the risk of overweight/obesity, diabetes, and
            hypertension. Healthy dietary patterns were protective
            during pregnancy for maternal and birth outcomes, and for
            diabetes and hypertension in adults. The results highlight
            gaps in quantifying the contribution of diet quality to
            multiple forms of malnutrition and noncommunicable diseases.","Fracassi,Patrizia","Kato,Tomoko","Seow,Ti Kian",,,,,,,,"Carter,Diana",,,"Horton,Susan E.",,"Dizon,Felipe Jr Fadullon",,,,"Shibata Okamura,Kyoko",,,,,,,,,,,,,,,,,"Title: Understanding the Links between
            Diet Quality, Malnutrition, and Economic Costs : An Evidence
            Review for LMICs. Abstract: Understanding the economic costs
            attributable to unhealthy diets is crucial to inform health
            and agrifood investments in low- and middle-income countries
            experiencing nutrition transition. To review the current
            evidence on the association between diet quality and
            economic costs in low- and middle-income countries, this
            paper first conducted a literature search to identify
            studies that include a dietary exposure, nutrition, or
            health outcome, and a cost estimate. Given the limited
            studies in terms of life stage groups represented, a second
            search was conducted for systematic reviews and
            meta-analyses of observational studies, with effect size
            estimates for the risk of nutrition or health outcomes
            associated with diet quality. Of 21 studies (search 1), most
            were based on the Global Burden of Disease model and
            estimated the fraction of diet-related noncommunicable
            disease outcomes attributable to individual or groups of
            dietary risk factors. The search found 82 systematic reviews
            and meta-analyses (search 2) that estimated the burden of
            malnutrition associated with dietary risk factors. Low
            dietary diversity was associated with increased risk of
            undernutrition and anemia in pregnant women and children.
            Dairy consumption was protective for low birthweight, child
            obesity, and diabetes and hypertension. Low animal source
            food intake increased the risk of anemia and zinc deficiency
            during pregnancy. Unhealthy food consumption, including
            ultra-processed foods and sugar-sweetened beverages,
            increased the risk of overweight/obesity, diabetes, and
            hypertension. Healthy dietary patterns were protective
            during pregnancy for maternal and birth outcomes, and for
            diabetes and hypertension in adults. The results highlight
            gaps in quantifying the contribution of diet quality to
            multiple forms of malnutrition and noncommunicable diseases.","[{'label': 'LABEL_1', 'score': 0.8943334221839905}]"
8400,91,34295886.0,World,Policy Research Working Paper,2024-04-04T00:00:00Z,Publications & Research,"Policy Research working paper ; no. WPS
            10748; PROSPERITY",Multidimensional and Specific Inequalities,http://documents.worldbank.org/curated/en/099824304042436172/pdf/IDU14cdd2e0f18cc21446918e281afbf0c2931e6.pdf,/research/2024/04/34295886/multidimensional-specific-inequalities,http://documents.worldbank.org/curated/en/099824304042436172/IDU14cdd2e0f18cc21446918e281afbf0c2931e6,2024/04/34295886/IDU14cdd2e0f18cc21446918e281afbf0c2931e6,9.982430404243618e+16,Off of Sr VP Dev Econ/Chief Econ (DECVP),http://documents.worldbank.org/curated/en/099824304042436172/IDU14cdd2e0f18cc21446918e281afbf0c2931e6,"Foster,James E.",Multidimensional and Specific Inequalities,34295886.0,,,,,,"Despite the multitude of measures of
            multidimensional inequality, none is regularly used in
            policymaking. This paper proposes multidimensional
            inequality measures that are easily implementable and
            transparent and overcome many deficiencies of existing
            measures. The measures follow a traditional two-stage
            format, which aggregates dimensions first and then applies a
            unidimensional measure like the Gini coefficient to the
            distribution of aggregates. A novel characterization result
            identifies the precise form of aggregation needed to obtain
            axiomatically sound measures. The paper derives an additive
            decomposition formula — breaking down multidimensional
            inequality into terms reflecting the average specific
            inequalities (within dimensions) and the joint distribution
            (across dimensions) — for any measure created using a
            standard unidimensional measure or the Lorenz curve. The
            paper also provides an approach to calibrating the measure
            for use with data over time, replacing the usual ad hoc
            normalization of variables with one that accounts for a
            policymaker’s normative weights. The technology is
            illustrated first using synthetic data to understand how the
            measure varies as the components are changed and then using
            data from Azerbaijan.","Lokshin,Michael M.",,,,,,,,,,,,,,,,,,,,,,,,,,,,,,,,,,,,"Title: Multidimensional and Specific Inequalities. Abstract: Despite the multitude of measures of
            multidimensional inequality, none is regularly used in
            policymaking. This paper proposes multidimensional
            inequality measures that are easily implementable and
            transparent and overcome many deficiencies of existing
            measures. The measures follow a traditional two-stage
            format, which aggregates dimensions first and then applies a
            unidimensional measure like the Gini coefficient to the
            distribution of aggregates. A novel characterization result
            identifies the precise form of aggregation needed to obtain
            axiomatically sound measures. The paper derives an additive
            decomposition formula — breaking down multidimensional
            inequality into terms reflecting the average specific
            inequalities (within dimensions) and the joint distribution
            (across dimensions) — for any measure created using a
            standard unidimensional measure or the Lorenz curve. The
            paper also provides an approach to calibrating the measure
            for use with data over time, replacing the usual ad hoc
            normalization of variables with one that accounts for a
            policymaker’s normative weights. The technology is
            illustrated first using synthetic data to understand how the
            measure varies as the components are changed and then using
            data from Azerbaijan.","[{'label': 'LABEL_0', 'score': 0.814032256603241}]"
8401,92,34295891.0,Bangladesh,Policy Research Working Paper,2024-04-04T00:00:00Z,Publications & Research,"Policy Research working paper ; no. WPS
            10749; PROSPERITY","Reconstructing 2010–2022 Poverty
            and Inequality Trends in Bangladesh : A Statistical Matching Approach",http://documents.worldbank.org/curated/en/099909004042424752/pdf/IDU1d09247aa11eea14880185151e814de37fa03.pdf,/research/2024/04/34295891/reconstructing-2010–2022-poverty-inequality-trends-bangladesh-statistical-matching-approach,http://documents.worldbank.org/curated/en/099909004042424752/IDU1d09247aa11eea14880185151e814de37fa03,2024/04/34295891/IDU1d09247aa11eea14880185151e814de37fa03,9.990900404242475e+16,Off of Sr VP Dev Econ/Chief Econ (DECVP),http://documents.worldbank.org/curated/en/099909004042424752/IDU1d09247aa11eea14880185151e814de37fa03,"Fernandez Romero,Jaime Estuardo","Reconstructing 2010–2022 Poverty and
            Inequality Trends in Bangladesh : A Statistical Matching Approach",34295891.0,,,,,,"The 2022 Household Income and
            Expenditure Survey enhances fieldwork, data management, and
            information quality but poses comparability challenges with
            previous rounds. This study proposes a two-step process
            based on statistical matching to fill the information gap in
            previous survey rounds. This methodology uses the more
            comprehensive 2022 information to reconstruct comparable
            consumption measures over time. This allows for a consistent
            assessment of poverty and inequality measures, providing
            insights into the changes for policy makers, researchers,
            and stakeholders over the years. The results reveal that
            integrating this correction into previous survey rounds
            would have reduced poverty rates by around 10.6 percentage
            points between 2010 and 2016 and a further decrease of 7.8
            percentage points between 2016 and 2022. Likewise, extreme
            poverty rates would have witnessed a decline of
            approximately 3 percentage points in the earlier period and
            a more substantial drop of 3.6 percentage points in the more
            recent one. These poverty reduction trends mirror
            improvements in other dimensions of well-being, like
            reductions in infant mortality and stunting and increases in
            access to electricity, sanitary toilets, and literacy rates.","Olivieri,Sergio Daniel","Wambile,Ayago Esmubancha",,,,,,,,,,,,,,,,,,,,,,,,,,,,,,,,,,,"Title: Reconstructing 2010–2022 Poverty
            and Inequality Trends in Bangladesh : A Statistical Matching Approach. Abstract: The 2022 Household Income and
            Expenditure Survey enhances fieldwork, data management, and
            information quality but poses comparability challenges with
            previous rounds. This study proposes a two-step process
            based on statistical matching to fill the information gap in
            previous survey rounds. This methodology uses the more
            comprehensive 2022 information to reconstruct comparable
            consumption measures over time. This allows for a consistent
            assessment of poverty and inequality measures, providing
            insights into the changes for policy makers, researchers,
            and stakeholders over the years. The results reveal that
            integrating this correction into previous survey rounds
            would have reduced poverty rates by around 10.6 percentage
            points between 2010 and 2016 and a further decrease of 7.8
            percentage points between 2016 and 2022. Likewise, extreme
            poverty rates would have witnessed a decline of
            approximately 3 percentage points in the earlier period and
            a more substantial drop of 3.6 percentage points in the more
            recent one. These poverty reduction trends mirror
            improvements in other dimensions of well-being, like
            reductions in infant mortality and stunting and increases in
            access to electricity, sanitary toilets, and literacy rates.","[{'label': 'LABEL_1', 'score': 0.9220317602157593}]"
8402,93,34298315.0,World,Policy Research Working Paper,2024-04-09T00:00:00Z,Publications & Research,"Policy Research working paper ; no. WPS
            10750; RRR; PEOPLE; COVID-19 (Coronavirus)","COVID-19 Increased Existing
            Gender Mortality Gaps in High-Income Countries More Than in
            Middle-Income Countries",http://documents.worldbank.org/curated/en/099750404092472550/pdf/IDU159044c8b1b3ee146b01928c1b9248d269cce.pdf,/research/2024/04/34298315/covid-19-increased-existing-gender-mortality-gaps-high-income-countries-more-middle-income-countries,http://documents.worldbank.org/curated/en/099750404092472550/IDU159044c8b1b3ee146b01928c1b9248d269cce,2024/04/34298315/IDU159044c8b1b3ee146b01928c1b9248d269cce,9.975040409247254e+16,Off of Sr VP Dev Econ/Chief Econ (DECVP),http://documents.worldbank.org/curated/en/099750404092472550/IDU159044c8b1b3ee146b01928c1b9248d269cce,"Beegle,Kathleen G.","COVID-19 Increased Existing Gender Mortality
            Gaps in High-Income Countries More Than in Middle-Income Countries",34298315.0,,,,,,"Men die at higher rates in nearly all
            places and at all ages beyond age 45. Using World Health
            Organization excess mortality estimates by sex and age
            groups for 75 countries in 2020 and 62 countries in 2021,
            this paper analyzes how patterns of excess mortality varied
            by sex and age groups across countries during the COVID-19
            pandemic and their association with country income level. In
            2020, the pandemic amplified the gender mortality gap for
            the world, but with variation across countries and by
            country income level. In high-income countries, rates of
            excess mortality were much higher for men than women. In
            contrast, in middle-income countries, the sex ratio of
            excess mortality was similar to the sex ratio of expected
            all-cause mortality. The exacerbation of the sex ratio of
            excess mortality observed in 2020 in high-income countries
            declined in 2021, likely as a result of the faster rollout
            of vaccination against COVID-19.","Demombynes,Gabriel","De Walque,Damien B. C. M.","Gubbins,Paul Michael",,,,,,,,"Veillard,Jeremy Henri Maurice",,,,,,,,,,,,,,,,,,,,,,,,,,"Title: COVID-19 Increased Existing
            Gender Mortality Gaps in High-Income Countries More Than in
            Middle-Income Countries. Abstract: Men die at higher rates in nearly all
            places and at all ages beyond age 45. Using World Health
            Organization excess mortality estimates by sex and age
            groups for 75 countries in 2020 and 62 countries in 2021,
            this paper analyzes how patterns of excess mortality varied
            by sex and age groups across countries during the COVID-19
            pandemic and their association with country income level. In
            2020, the pandemic amplified the gender mortality gap for
            the world, but with variation across countries and by
            country income level. In high-income countries, rates of
            excess mortality were much higher for men than women. In
            contrast, in middle-income countries, the sex ratio of
            excess mortality was similar to the sex ratio of expected
            all-cause mortality. The exacerbation of the sex ratio of
            excess mortality observed in 2020 in high-income countries
            declined in 2021, likely as a result of the faster rollout
            of vaccination against COVID-19.","[{'label': 'LABEL_1', 'score': 0.915507435798645}]"
8403,94,34298667.0,World,Policy Research Working Paper,2024-04-10T00:00:00Z,Publications & Research,"Policy Research working paper ; no. WPS
            10751; RRR; PROSPERITY","Leveraging Growth Regressions for
            Country Analysis",http://documents.worldbank.org/curated/en/099217304102412750/pdf/IDU141f597b31c20114fa718cac1466610c36a27.pdf,/research/2024/04/34298667/leveraging-growth-regressions-country-analysis,http://documents.worldbank.org/curated/en/099217304102412750/IDU141f597b31c20114fa718cac1466610c36a27,2024/04/34298667/IDU141f597b31c20114fa718cac1466610c36a27,9.921730410241275e+16,,http://documents.worldbank.org/curated/en/099217304102412750/IDU141f597b31c20114fa718cac1466610c36a27,"Wacker,Konstantin M.",Leveraging Growth Regressions for Country Analysis,34298667.0,,,,,,"This paper shows how growth
            regressions can be useful for analyzing a country’s growth
            performance. Growth regressions describe changes in key
            macroeconomic variables that countries typically experience
            during their growth process. Such partial correlations
            facilitate comparative analysis, can usually be linked to
            policies, and can hence be informative from a policy
            perspective. Against this background, the paper introduces a
            new data set of growth correlates spanning more than 150
            countries from 1970 to 2019. Additionally, it presents
            several econometric reference models and details their
            application for country-level growth analysis. Two distinct
            metrics highlight infrastructure and human capital as
            exhibiting the strongest correlations with growth.","Beyer,Robert Carl Michael","Moller,Lars Christian",,,,,,,,,,,,,,,,,,,,,,,,,,,,,,,,,,,"Title: Leveraging Growth Regressions for
            Country Analysis. Abstract: This paper shows how growth
            regressions can be useful for analyzing a country’s growth
            performance. Growth regressions describe changes in key
            macroeconomic variables that countries typically experience
            during their growth process. Such partial correlations
            facilitate comparative analysis, can usually be linked to
            policies, and can hence be informative from a policy
            perspective. Against this background, the paper introduces a
            new data set of growth correlates spanning more than 150
            countries from 1970 to 2019. Additionally, it presents
            several econometric reference models and details their
            application for country-level growth analysis. Two distinct
            metrics highlight infrastructure and human capital as
            exhibiting the strongest correlations with growth.","[{'label': 'LABEL_1', 'score': 0.9052525758743286}]"
8404,95,34299277.0,World,Policy Research Working Paper,2024-04-11T00:00:00Z,Publications & Research,"Policy Research working paper ; no. WPS
            10752; PROSPERITY","Refugee Education Financing : Key
            Facts and Findings — Insights into the Financing of Refugee
            Education in Low- and Middle-Income Countries",http://documents.worldbank.org/curated/en/099715204112433761/pdf/IDU18b15cbbd1e24e1435e183e218362bf22c142.pdf,/research/2024/04/34299277/refugee-education-financing-key-facts-findings-—-insights-financing-refugee-education-low--middle-income-countries,http://documents.worldbank.org/curated/en/099715204112433761/IDU18b15cbbd1e24e1435e183e218362bf22c142,2024/04/34299277/IDU18b15cbbd1e24e1435e183e218362bf22c142,9.971520411243376e+16,Off of Sr VP Dev Econ/Chief Econ (DECVP),http://documents.worldbank.org/curated/en/099715204112433761/IDU18b15cbbd1e24e1435e183e218362bf22c142,"Hopper,Robert Benjamin","Refugee Education Financing : Key Facts and
            Findings — Insights into the Financing of Refugee Education
            in Low- and Middle-Income Countries",34299277.0,,,,,,"This paper, along with its
            accompanying data, provides the first comprehensive analysis
            on financing for refugee education in low- and middle-income
            countries. By compiling and scrutinizing data on host
            government financing, foreign aid contributions, and
            philanthropic giving, a consolidated and quantified overview
            of all major sources of financing for refugee education in
            low- and middle-income countries is produced. This data is
            then analyzed to reveal key trends and patterns in refugee
            education financing, existing financing gaps, and potential
            biases in financing allocations. These findings are explored
            in the 10 facts and findings outlined in this paper, and
            summarized in Box 1 below. It is hoped that this dataset and
            analysis will help to improve the understanding of financing
            for refugee education in low- and middle-income countries
            and inform future discussion and debate on refugee education financing.",,,,,,,,,,,,,,,,,,,,,,,,,,,,,,,,,,,,,"Title: Refugee Education Financing : Key
            Facts and Findings — Insights into the Financing of Refugee
            Education in Low- and Middle-Income Countries. Abstract: This paper, along with its
            accompanying data, provides the first comprehensive analysis
            on financing for refugee education in low- and middle-income
            countries. By compiling and scrutinizing data on host
            government financing, foreign aid contributions, and
            philanthropic giving, a consolidated and quantified overview
            of all major sources of financing for refugee education in
            low- and middle-income countries is produced. This data is
            then analyzed to reveal key trends and patterns in refugee
            education financing, existing financing gaps, and potential
            biases in financing allocations. These findings are explored
            in the 10 facts and findings outlined in this paper, and
            summarized in Box 1 below. It is hoped that this dataset and
            analysis will help to improve the understanding of financing
            for refugee education in low- and middle-income countries
            and inform future discussion and debate on refugee education financing.","[{'label': 'LABEL_1', 'score': 0.7173249125480652}]"
8405,96,34303046.0,Indonesia,Policy Research Working Paper,2024-04-17T00:00:00Z,Publications & Research,"Policy Research working paper ; no. WPS
            10753; PEOPLE","Why Look at Tasks When Designing
            Skills Policy for the Green Transition ? A Methodological
            Note on How to Identify Green Occupations and the Skills
            They Require",http://documents.worldbank.org/curated/en/099507304172419760/pdf/IDU16ad6160713dd714cb81ba4f109325371b138.pdf,/research/2024/04/34303046/look-tasks-designing-skills-policy-green-transition-methodological-note-identify-green-occupations-skills-require,http://documents.worldbank.org/curated/en/099507304172419760/IDU16ad6160713dd714cb81ba4f109325371b138,2024/04/34303046/IDU16ad6160713dd714cb81ba4f109325371b138,9.950730417241976e+16,Off of Sr VP Dev Econ/Chief Econ (DECVP),http://documents.worldbank.org/curated/en/099507304172419760/IDU16ad6160713dd714cb81ba4f109325371b138,"Granata,Julia","Why Look at Tasks When Designing Skills
            Policy for the Green Transition ? A Methodological Note on
            How to Identify Green Occupations and the Skills They Require",34303046.0,,,,,,"The coexistence of several
            definitions of green jobs and measurement instruments gives
            room for mismatches between those concepts and their
            application to research questions. This paper first presents
            an organizing framework for the existing definitions,
            measurement instruments, and policy frameworks. It then
            delves into discussing two appropriate approaches for
            identifying green occupations to guide skills development
            policy: the task-content and the skills approaches. In the
            process, it introduces a novel methodology with a dictionary
            of green terms for identifying green tasks and occupations.
            This methodology, utilizing text analysis, demonstrates
            superior performance compared to the well-known O*NET Green
            Economic Project classification, particularly for developing
            countries. Lastly, the paper applies this methodology to
            Indonesia, a middle-income country, and utilizes various
            data sources to showcase the utility of the dictionary and
            text analysis exercise.","Posadas,Josefina",,,,,,,,,,,,,,,,,,,,,,,,,,,,,,,,,,,,"Title: Why Look at Tasks When Designing
            Skills Policy for the Green Transition ? A Methodological
            Note on How to Identify Green Occupations and the Skills
            They Require. Abstract: The coexistence of several
            definitions of green jobs and measurement instruments gives
            room for mismatches between those concepts and their
            application to research questions. This paper first presents
            an organizing framework for the existing definitions,
            measurement instruments, and policy frameworks. It then
            delves into discussing two appropriate approaches for
            identifying green occupations to guide skills development
            policy: the task-content and the skills approaches. In the
            process, it introduces a novel methodology with a dictionary
            of green terms for identifying green tasks and occupations.
            This methodology, utilizing text analysis, demonstrates
            superior performance compared to the well-known O*NET Green
            Economic Project classification, particularly for developing
            countries. Lastly, the paper applies this methodology to
            Indonesia, a middle-income country, and utilizes various
            data sources to showcase the utility of the dictionary and
            text analysis exercise.","[{'label': 'LABEL_0', 'score': 0.8095516562461853}]"
8406,97,34303056.0,Libya,Policy Research Working Paper,2024-04-17T00:00:00Z,Publications & Research,"Policy Research working paper ; no. WPS
            10754; PEOPLE","News Sentiment in Destination
            Countries and Migration Choices : Evidence from Libya",http://documents.worldbank.org/curated/en/099527304172429684/pdf/IDU15106e1d115d5e14819185f71a49e5ec89065.pdf,/research/2024/04/34303056/news-sentiment-destination-countries-migration-choices-evidence-libya,http://documents.worldbank.org/curated/en/099527304172429684/IDU15106e1d115d5e14819185f71a49e5ec89065,2024/04/34303056/IDU15106e1d115d5e14819185f71a49e5ec89065,9.952730417242968e+16,Off of Sr VP Dev Econ/Chief Econ (DECVP),http://documents.worldbank.org/curated/en/099527304172429684/IDU15106e1d115d5e14819185f71a49e5ec89065,"Di Maio,Michele","News Sentiment in Destination Countries and
            Migration Choices : Evidence from Libya",34303056.0,,,,,,"Changes in the sentiment of
            migration-related news published in destination countries
            affect the timing of migrants’ journeys to these countries.
            Using geo-localized data on migrants in Libya and the
            complete record of news articles in their country of
            destination, this paper shows that a worsening news
            sentiment leads to migrants staying longer in Libya, slowing
            down their journeys to their final destinations. The paper
            validates these results by showing that the effect is
            concentrated in locations with internet connections. The
            results indicate that changes in news sentiment have a
            significant impact only for some groups of migrants and
            under specific conditions, suggesting a limited effect on
            overall migrant movements. Finally, the paper provides
            suggestive evidence that a worsening news sentiment in the
            preferred destination induces substitution across
            destination countries, yet it does not make migrants return
            to their country of origin.","Elmallakh,Nelly Youssef Louis William","Leone Sciabolazza,Valerio",,,,,,,,,,,,,,,,,,,,,,,,,,,,,,,,,,,"Title: News Sentiment in Destination
            Countries and Migration Choices : Evidence from Libya. Abstract: Changes in the sentiment of
            migration-related news published in destination countries
            affect the timing of migrants’ journeys to these countries.
            Using geo-localized data on migrants in Libya and the
            complete record of news articles in their country of
            destination, this paper shows that a worsening news
            sentiment leads to migrants staying longer in Libya, slowing
            down their journeys to their final destinations. The paper
            validates these results by showing that the effect is
            concentrated in locations with internet connections. The
            results indicate that changes in news sentiment have a
            significant impact only for some groups of migrants and
            under specific conditions, suggesting a limited effect on
            overall migrant movements. Finally, the paper provides
            suggestive evidence that a worsening news sentiment in the
            preferred destination induces substitution across
            destination countries, yet it does not make migrants return
            to their country of origin.","[{'label': 'LABEL_1', 'score': 0.6978829503059387}]"
8407,98,34303151.0,Malaysia,Policy Research Working Paper,2024-04-17T00:00:00Z,Publications & Research,"Policy Research working paper ; no. WPS
            10755; PEOPLE","Soft Skills, Competition, and
            Hiring Discrimination",http://documents.worldbank.org/curated/en/099951104172438097/pdf/IDU140fa01051b52314c131b6ad1e5378c9e0c0b.pdf,/research/2024/04/34303151/soft-skills-competition-hiring-discrimination,http://documents.worldbank.org/curated/en/099951104172438097/IDU140fa01051b52314c131b6ad1e5378c9e0c0b,2024/04/34303151/IDU140fa01051b52314c131b6ad1e5378c9e0c0b,9.99511041724381e+16,Off of Sr VP Dev Econ/Chief Econ (DECVP),http://documents.worldbank.org/curated/en/099951104172438097/IDU140fa01051b52314c131b6ad1e5378c9e0c0b,"Valencia,Christian","Soft Skills, Competition, and Hiring Discrimination",34303151.0,,,,,,"This paper conducts a correspondence
            study to assess demand for soft skills in the context of
            hiring discrimination in Malaysia. No evidence of
            gender-based discrimination is found, including in science,
            technology, engineering, and mathematics occupations.
            However, in line with previous studies in the same context,
            there is evidence of ethnic discrimination. The paper then
            test the relevance of two soft skills: leadership and
            teamwork. These tests find some evidence that the labor
            market rewards simple signals of teamwork for the average
            applicant. Teamwork also plays an important role in the
            context of labor market discrimination, reducing the
            discrimination gap by 40 percent. In contrast, signaling
            leadership skills has no effect. Last, the paper considers
            the role of labor market competition. Companies facing
            competition in the labor market, measured by the number of
            competitors advertising similar positions, are 56 to 66
            percent less likely to discriminate. On the supply side,
            discrimination increases with the relative quality of the
            pool of applicants. The results provide novel evidence that
            soft skills and labor market competition both play important
            roles in understanding hiring discrimination. This
            underlines potential pathways to overcome labor market
            discrimination and improve job matching.","Janzen,Sarah Ann","Ghorpade,Yashodhan","Abdur Rahman,Amanina Binti",,,,,,,,,,,,,,,,,,,,,,,,,,,,,,,,,,"Title: Soft Skills, Competition, and
            Hiring Discrimination. Abstract: This paper conducts a correspondence
            study to assess demand for soft skills in the context of
            hiring discrimination in Malaysia. No evidence of
            gender-based discrimination is found, including in science,
            technology, engineering, and mathematics occupations.
            However, in line with previous studies in the same context,
            there is evidence of ethnic discrimination. The paper then
            test the relevance of two soft skills: leadership and
            teamwork. These tests find some evidence that the labor
            market rewards simple signals of teamwork for the average
            applicant. Teamwork also plays an important role in the
            context of labor market discrimination, reducing the
            discrimination gap by 40 percent. In contrast, signaling
            leadership skills has no effect. Last, the paper considers
            the role of labor market competition. Companies facing
            competition in the labor market, measured by the number of
            competitors advertising similar positions, are 56 to 66
            percent less likely to discriminate. On the supply side,
            discrimination increases with the relative quality of the
            pool of applicants. The results provide novel evidence that
            soft skills and labor market competition both play important
            roles in understanding hiring discrimination. This
            underlines potential pathways to overcome labor market
            discrimination and improve job matching.","[{'label': 'LABEL_1', 'score': 0.8616546392440796}]"
8408,99,34303649.0,Zambia,Policy Research Working Paper,2024-04-18T00:00:00Z,Publications & Research,"Policy Research working paper ; no. WPS
            10756; PROSPERITY","The Role of Firm Dynamics in
            Aggregate Productivity and Formal Job Flows in Zambia",http://documents.worldbank.org/curated/en/099258304182428569/pdf/IDU19eae6d98171dd14ad11ac9613b9d79fe3a29.pdf,/research/2024/04/34303649/role-firm-dynamics-aggregate-productivity-formal-job-flows-zambia,http://documents.worldbank.org/curated/en/099258304182428569/IDU19eae6d98171dd14ad11ac9613b9d79fe3a29,2024/04/34303649/IDU19eae6d98171dd14ad11ac9613b9d79fe3a29,9.925830418242858e+16,Off of Sr VP Dev Econ/Chief Econ (DECVP),http://documents.worldbank.org/curated/en/099258304182428569/IDU19eae6d98171dd14ad11ac9613b9d79fe3a29,"Simbeye,Laban","The Role of Firm Dynamics in Aggregate
            Productivity and Formal Job Flows in Zambia",34303649.0,,,,,,"Zambia’s private sector must deliver
            quality jobs at scale to keep up with its expanding working
            age population, contribute to economic transformation, and
            reduce poverty. This entails both the creation of
            high-quality jobs and productivity improvement among
            existing jobs and firms. This paper analyzes the dynamics of
            formal firms to identify the drivers and barriers to
            productivity, formal employment, and formal wage growth in
            Zambia. Leveraging firm and worker administrative tax data
            from Zambia, the paper decomposes labor productivity and
            wage growth among formal firms and workers in Zambia into
            within-firm, between-firm, inter-sectoral, and dynamic
            components. The findings show that the aggregate labor
            productivity of formal firms declined over 2014–21, driven
            by secular within-firm declines in the non-mining industry
            and service sectors. By contrast, labor productivity grew in
            agriculture and remained flat in mining over the same
            period. Real wage trends for formal workers have mostly
            mirrored labor productivity dynamics, declining 40-50
            percent across non-agriculture sectors but growing slightly
            in agriculture, largely driven by within-firm shifts rather
            than between-firm or between-sector dynamics. The declines
            in labor productivity and wages reflect business environment
            challenges related to access to finance and electricity, as
            well as burdensome formal compliance requirements and
            competition with the informal sector. Within-firm labor
            productivity challenges also reflect low skills and
            capacity—including low technology adoption—among both firms
            and workers.","Lungu,Eliya","Kumwenda,Andreya","Banda,Edna",,,,,,,,"Msoni,Jonathan",,,"Kuo,Ryan Chia",,,,,,,,,,,,,,,,,,,,,,,"Title: The Role of Firm Dynamics in
            Aggregate Productivity and Formal Job Flows in Zambia. Abstract: Zambia’s private sector must deliver
            quality jobs at scale to keep up with its expanding working
            age population, contribute to economic transformation, and
            reduce poverty. This entails both the creation of
            high-quality jobs and productivity improvement among
            existing jobs and firms. This paper analyzes the dynamics of
            formal firms to identify the drivers and barriers to
            productivity, formal employment, and formal wage growth in
            Zambia. Leveraging firm and worker administrative tax data
            from Zambia, the paper decomposes labor productivity and
            wage growth among formal firms and workers in Zambia into
            within-firm, between-firm, inter-sectoral, and dynamic
            components. The findings show that the aggregate labor
            productivity of formal firms declined over 2014–21, driven
            by secular within-firm declines in the non-mining industry
            and service sectors. By contrast, labor productivity grew in
            agriculture and remained flat in mining over the same
            period. Real wage trends for formal workers have mostly
            mirrored labor productivity dynamics, declining 40-50
            percent across non-agriculture sectors but growing slightly
            in agriculture, largely driven by within-firm shifts rather
            than between-firm or between-sector dynamics. The declines
            in labor productivity and wages reflect business environment
            challenges related to access to finance and electricity, as
            well as burdensome formal compliance requirements and
            competition with the informal sector. Within-firm labor
            productivity challenges also reflect low skills and
            capacity—including low technology adoption—among both firms
            and workers.","[{'label': 'LABEL_0', 'score': 0.5499940514564514}]"
8409,100,34305574.0,Zambia,Policy Research Working Paper,2024-04-22T00:00:00Z,Publications & Research,"Policy Research working paper ; no. WPS
            10757; RRR: DIGITAL","Spillovers in ICT Adoption from
            Formal to Informal Firms : Evidence from Zambia",http://documents.worldbank.org/curated/en/099420004222417764/pdf/IDU1132c9f691aaab14181180361a913d87dffc0.pdf,/research/2024/04/34305574/spillovers-ict-adoption-formal-informal-firms-evidence-zambia,http://documents.worldbank.org/curated/en/099420004222417764/IDU1132c9f691aaab14181180361a913d87dffc0,2024/04/34305574/IDU1132c9f691aaab14181180361a913d87dffc0,9.942000422241776e+16,Off of Sr VP Dev Econ/Chief Econ (DECVP),http://documents.worldbank.org/curated/en/099420004222417764/IDU1132c9f691aaab14181180361a913d87dffc0,"Jolevski,Filip","Spillovers in ICT Adoption from Formal to
            Informal Firms : Evidence from Zambia",34305574.0,,,,,,"This paper examines spillovers in the
            use of digital technologies from formal to informal
            businesses by exploring differences in geographic proximity.
            Using a unique set of geocoded data from the 2019 World Bank
            Enterprise Surveys in Zambia, the findings indicate that
            closer geographic proximity to formal firms is associated
            with a significantly higher likelihood of digital adoption
            by informal businesses. The finding holds for various types
            of digital technologies, ranging from computers, tablets,
            and cell phones to mobile money transactions, and is robust
            to various measures of geographic proximity and model
            modifications. The results vary by the owner’s level of
            education and business age. The results also suggest that
            the spillovers in information and communications technology
            use can be explained by competition in the local market and
            learning through enhanced interactions.","Nayyar,Gaurav","Pleninger,Regina",Shu Yu,,,,,,,,,,,,,,,,,,,,,,,,,,,,,,,,,,"Title: Spillovers in ICT Adoption from
            Formal to Informal Firms : Evidence from Zambia. Abstract: This paper examines spillovers in the
            use of digital technologies from formal to informal
            businesses by exploring differences in geographic proximity.
            Using a unique set of geocoded data from the 2019 World Bank
            Enterprise Surveys in Zambia, the findings indicate that
            closer geographic proximity to formal firms is associated
            with a significantly higher likelihood of digital adoption
            by informal businesses. The finding holds for various types
            of digital technologies, ranging from computers, tablets,
            and cell phones to mobile money transactions, and is robust
            to various measures of geographic proximity and model
            modifications. The results vary by the owner’s level of
            education and business age. The results also suggest that
            the spillovers in information and communications technology
            use can be explained by competition in the local market and
            learning through enhanced interactions.","[{'label': 'LABEL_1', 'score': 0.904052197933197}]"
8410,101,34306669.0,Nigeria,Policy Research Working Paper,2024-04-23T00:00:00Z,Publications & Research,"Policy Research working paper ; no. WPS
            10758; DIGITAL","Comparative Analysis of
            AI-Predicted and Crowdsourced Food Prices in an Economically
            Volatile Region",http://documents.worldbank.org/curated/en/099430004232434765/pdf/IDU18a5b99971429914e501ac101b25f11061d21.pdf,/research/2024/04/34306669/comparative-analysis-ai-predicted-crowdsourced-food-prices-economically-volatile-region,http://documents.worldbank.org/curated/en/099430004232434765/IDU18a5b99971429914e501ac101b25f11061d21,2024/04/34306669/IDU18a5b99971429914e501ac101b25f11061d21,9.943000423243477e+16,Off of Sr VP Dev Econ/Chief Econ (DECVP),http://documents.worldbank.org/curated/en/099430004232434765/IDU18a5b99971429914e501ac101b25f11061d21,"Adewopo,Julius Babatunde","Comparative Analysis of AI-Predicted and
            Crowdsourced Food Prices in an Economically Volatile Region",34306669.0,,,,,,"High-frequency monitoring of food
            commodity prices is important for assessing and responding
            to shocks, especially in fragile contexts where timely and
            targeted interventions for food security are critical.
            However, national price surveys are typically limited in
            temporal and spatial granularity. It is cost prohibitive to
            implement traditional data collection at frequent timescales
            to unravel spatiotemporal price evolution across market
            segments and at subnational geographic levels. Recent
            advancements in data innovation offer promising solutions to
            address the paucity of commodity price data and guide market
            intelligence for diverse development stakeholders. The use
            of artificial intelligence to estimate missing price data
            and a parallel effort to crowdsource commodity price data
            are both unlocking cost-effective opportunities to generate
            actionable price data. Yet, little is known about how the
            data from these alternative methods relate to independent
            ground truth data. To evaluate if these data strategies can
            meet the long-standing demand for real-time intelligence on
            food affordability, this paper analyzes open-source daily
            crowdsourced data (104,931 datapoints) from a recently
            published data set in Nature Journal, relative to
            complementary ground truth sample. The paper subsequently
            compares these data to open-source monthly artificial
            intelligence–generated price data for identical commodities
            over a 36-month period in northern Nigeria, from 2019 to
            2022. The results show that all the data sources share a
            high degree of comparability, with variation across
            commodity and market segments. Overall, the findings provide
            important support for leveraging these new and innovative
            data approaches to enable data-driven decision-making in
            near real time.","Andree,Bo Pieter Johannes","Peter,Helen","Solano-Hermosilla,Gloria",,,,,,,,"Micale,Fabio",,,,,,,,,,,,,,,,,,,,,,,,,,"Title: Comparative Analysis of
            AI-Predicted and Crowdsourced Food Prices in an Economically
            Volatile Region. Abstract: High-frequency monitoring of food
            commodity prices is important for assessing and responding
            to shocks, especially in fragile contexts where timely and
            targeted interventions for food security are critical.
            However, national price surveys are typically limited in
            temporal and spatial granularity. It is cost prohibitive to
            implement traditional data collection at frequent timescales
            to unravel spatiotemporal price evolution across market
            segments and at subnational geographic levels. Recent
            advancements in data innovation offer promising solutions to
            address the paucity of commodity price data and guide market
            intelligence for diverse development stakeholders. The use
            of artificial intelligence to estimate missing price data
            and a parallel effort to crowdsource commodity price data
            are both unlocking cost-effective opportunities to generate
            actionable price data. Yet, little is known about how the
            data from these alternative methods relate to independent
            ground truth data. To evaluate if these data strategies can
            meet the long-standing demand for real-time intelligence on
            food affordability, this paper analyzes open-source daily
            crowdsourced data (104,931 datapoints) from a recently
            published data set in Nature Journal, relative to
            complementary ground truth sample. The paper subsequently
            compares these data to open-source monthly artificial
            intelligence–generated price data for identical commodities
            over a 36-month period in northern Nigeria, from 2019 to
            2022. The results show that all the data sources share a
            high degree of comparability, with variation across
            commodity and market segments. Overall, the findings provide
            important support for leveraging these new and innovative
            data approaches to enable data-driven decision-making in
            near real time.","[{'label': 'LABEL_1', 'score': 0.8915172219276428}]"
8411,102,34308394.0,"World,United States,China,India,Nigeria,Pakistan,Bangladesh,Indonesia",Policy Research Working Paper,2024-04-25T00:00:00Z,Publications & Research,"Policy Research working paper ; no. WPS
            10759; RRR; PLANET","A Global Incentive Scheme to
            Reduce Carbon Emissions",http://documents.worldbank.org/curated/en/099441104252417894/pdf/IDU10dc0cd371c9301457f1bdd0103f4facbffc6.pdf,/research/2024/04/34308394/global-incentive-scheme-reduce-carbon-emissions,http://documents.worldbank.org/curated/en/099441104252417894/IDU10dc0cd371c9301457f1bdd0103f4facbffc6,2024/04/34308394/IDU10dc0cd371c9301457f1bdd0103f4facbffc6,9.944110425241789e+16,Off of Sr VP Dev Econ/Chief Econ (DECVP),http://documents.worldbank.org/curated/en/099441104252417894/IDU10dc0cd371c9301457f1bdd0103f4facbffc6,"Lall,Somik V.",A Global Incentive Scheme to Reduce Carbon Emissions,34308394.0,,,,,,"This paper proposes an objective way
            of estimating and allocating “differentiated”
            responsibilities for carbon emissions across countries.
            These responsibilities translate into specific obligations
            and incentives for future emission reductions and support
            for adaptation, mitigation, and development. The proposals
            in this paper should be seen as a starting point for an
            informed and productive debate. Under the Global Carbon
            Reduction Incentive, every country that emits more than the
            per capita global average pays into a global incentive fund.
            This annual payment will be calculated based on the “excess”
            emissions per capita, the country’s population, and a dollar
            amount called the Global Carbon Incentive. Countries below
            the global per capita average would receive a payout
            commensurate with their “under-emission.” The United States
            and China are the two biggest emitters and, assuming a
            Global Carbon Incentive of $10, they jointly would
            contribute more than $70 billion to the fund, from which
            nations such as India, Nigeria, Pakistan, Bangladesh, and
            Indonesia would be the major recipients. An important
            adjustment to the Global Carbon Reduction Incentive is to
            focus on consumption rather than production—a country should
            not avoid responsibility for the carbon it consumes by
            outsourcing production to another country. The proposal
            considers that countries that have used more of the
            collective carbon budget have benefited from the associated
            development and should pay for it. The proposal also
            considers methane emissions as well as crediting countries
            for their efforts toward preventing deforestation.","Rajan,Raghuram Govind","Schoder,Christian",,,,,,,,,,,,,,,,,,,,,,,,,,,,,,,,,,,"Title: A Global Incentive Scheme to
            Reduce Carbon Emissions. Abstract: This paper proposes an objective way
            of estimating and allocating “differentiated”
            responsibilities for carbon emissions across countries.
            These responsibilities translate into specific obligations
            and incentives for future emission reductions and support
            for adaptation, mitigation, and development. The proposals
            in this paper should be seen as a starting point for an
            informed and productive debate. Under the Global Carbon
            Reduction Incentive, every country that emits more than the
            per capita global average pays into a global incentive fund.
            This annual payment will be calculated based on the “excess”
            emissions per capita, the country’s population, and a dollar
            amount called the Global Carbon Incentive. Countries below
            the global per capita average would receive a payout
            commensurate with their “under-emission.” The United States
            and China are the two biggest emitters and, assuming a
            Global Carbon Incentive of $10, they jointly would
            contribute more than $70 billion to the fund, from which
            nations such as India, Nigeria, Pakistan, Bangladesh, and
            Indonesia would be the major recipients. An important
            adjustment to the Global Carbon Reduction Incentive is to
            focus on consumption rather than production—a country should
            not avoid responsibility for the carbon it consumes by
            outsourcing production to another country. The proposal
            considers that countries that have used more of the
            collective carbon budget have benefited from the associated
            development and should pay for it. The proposal also
            considers methane emissions as well as crediting countries
            for their efforts toward preventing deforestation.","[{'label': 'LABEL_0', 'score': 0.7855324149131775}]"
8412,103,34313044.0,"Latin America & Caribbean,Latin America",Policy Research Working Paper,2024-05-03T00:00:00Z,Publications & Research,"Policy Research working paper ; no. WPS
            10760; PLANET","Droughts Worsen Air Quality by
            Shifting Power Generation in Latin America and the Caribbean",http://documents.worldbank.org/curated/en/099200305032441685/pdf/IDU18158e2681ceeb14d7b1a4c119eb690ffe169.pdf,/research/2024/05/34313044/droughts-worsen-air-quality-shifting-power-generation-latin-america-caribbean,http://documents.worldbank.org/curated/en/099200305032441685/IDU18158e2681ceeb14d7b1a4c119eb690ffe169,2024/05/34313044/IDU18158e2681ceeb14d7b1a4c119eb690ffe169,9.920030503244168e+16,,http://documents.worldbank.org/curated/en/099200305032441685/IDU18158e2681ceeb14d7b1a4c119eb690ffe169,"Eriksson,Mathilda","Droughts Worsen Air Quality by Shifting
            Power Generation in Latin America and the Caribbean",34313044.0,,,,,,"This paper studies how air quality
            around combustion power plants changes in response to
            hydrological droughts that affect hydropower generation.
            Using fixed-effect and post-double selection methods, the
            paper analyzes a unique plant-level panel of fine
            particulate matter concentrations and meteorological
            conditions spanning 20 years at monthly frequency. The
            findings show that, on average, hydrological droughts lead
            to 0.83 micrograms per cubic meter excess fine particulate
            matter, equivalent to a 5.3 percent increase from
            non-drought conditions. Counterfactual simulations for the
            region indicate that this excess fine particulate matter may
            have resulted in up to 10,000 premature deaths annually.
            Combining the estimates with climate, demographic, and
            policy projections, the paper also shows that this health
            burden will likely persist over the next four decades.","del Valle,Alejandro","De La Fuente,Alejandro",,,,,,,,,,,,,,,,,,,,,,,,,,,,,,,,,,,"Title: Droughts Worsen Air Quality by
            Shifting Power Generation in Latin America and the Caribbean. Abstract: This paper studies how air quality
            around combustion power plants changes in response to
            hydrological droughts that affect hydropower generation.
            Using fixed-effect and post-double selection methods, the
            paper analyzes a unique plant-level panel of fine
            particulate matter concentrations and meteorological
            conditions spanning 20 years at monthly frequency. The
            findings show that, on average, hydrological droughts lead
            to 0.83 micrograms per cubic meter excess fine particulate
            matter, equivalent to a 5.3 percent increase from
            non-drought conditions. Counterfactual simulations for the
            region indicate that this excess fine particulate matter may
            have resulted in up to 10,000 premature deaths annually.
            Combining the estimates with climate, demographic, and
            policy projections, the paper also shows that this health
            burden will likely persist over the next four decades.","[{'label': 'LABEL_1', 'score': 0.767243504524231}]"
8413,104,34313235.0,World,Policy Research Working Paper,2024-05-03T00:00:00Z,Publications & Research,"Policy Research working paper ; no. WPS
            10761; PROSPERITY","Rules and Regulations, Managerial
            Time  and Economic Development",http://documents.worldbank.org/curated/en/099904405032412007/pdf/IDU148367d1e1418d148701abac1989a8a914819.pdf,/research/2024/05/34313235/rules-regulations-managerial-time-economic-development,http://documents.worldbank.org/curated/en/099904405032412007/IDU148367d1e1418d148701abac1989a8a914819,2024/05/34313235/IDU148367d1e1418d148701abac1989a8a914819,9.9904405032412e+16,Off of Sr VP Dev Econ/Chief Econ (DECVP),http://documents.worldbank.org/curated/en/099904405032412007/IDU148367d1e1418d148701abac1989a8a914819,"Tamkoc,Mehmet Nazim","Rules and Regulations, Managerial Time  and
            Economic Development",34313235.0,,,,,,"This paper documents that senior
            plant managers in less-developed countries spend more time
            dealing with government rules and regulations than their
            counterparts in richer countries. These facts are
            interpreted through the lens of a span-of-control growth
            model, in which top managers run heterogeneous production
            plants, employing middle managers as well as production
            workers. The model implies that increasing the time burden
            on top management leads to equilibrium changes in wages,
            occupational sorting, the size distribution of production
            plants and ultimately, to a reduction in aggregate output.
            These consequences hold even when the time burden is
            symmetric across all plants. Quantitative results show that
            increasing the burden on managers’ time from the levels
            observed in Denmark to the higher levels observed in poorer
            countries have substantial consequences. Imposing the
            average time spent on regulations in Argentina reduces
            aggregate output by about 1/3 and mean plant size by more
            than 5 employees. Results contribute to rationalizing
            differences in plant size and output across countries via a
            channel hitherto unexplored in the literature.","Ventura,Gustavo",,,,,,,,,,,,,,,,,,,,,,,,,,,,,,,,,,,,"Title: Rules and Regulations, Managerial
            Time  and Economic Development. Abstract: This paper documents that senior
            plant managers in less-developed countries spend more time
            dealing with government rules and regulations than their
            counterparts in richer countries. These facts are
            interpreted through the lens of a span-of-control growth
            model, in which top managers run heterogeneous production
            plants, employing middle managers as well as production
            workers. The model implies that increasing the time burden
            on top management leads to equilibrium changes in wages,
            occupational sorting, the size distribution of production
            plants and ultimately, to a reduction in aggregate output.
            These consequences hold even when the time burden is
            symmetric across all plants. Quantitative results show that
            increasing the burden on managers’ time from the levels
            observed in Denmark to the higher levels observed in poorer
            countries have substantial consequences. Imposing the
            average time spent on regulations in Argentina reduces
            aggregate output by about 1/3 and mean plant size by more
            than 5 employees. Results contribute to rationalizing
            differences in plant size and output across countries via a
            channel hitherto unexplored in the literature.","[{'label': 'LABEL_0', 'score': 0.7683507204055786}]"
8414,105,34313910.0,Pakistan,Policy Research Working Paper,2024-05-06T00:00:00Z,Publications & Research,"Policy Research working paper ; no. WPS
            10763; RRR; PEOPLE","Ensuring an Equal Start for All
            Pakistani Children: What Will It Cost ?",http://documents.worldbank.org/curated/en/099226005062427291/pdf/IDU1b0b7a0161caf6147a618ab0168995df4f111.pdf,/research/2024/05/34313910/ensuring-equal-start-all-pakistani-children-cost,http://documents.worldbank.org/curated/en/099226005062427291/IDU1b0b7a0161caf6147a618ab0168995df4f111,2024/05/34313910/IDU1b0b7a0161caf6147a618ab0168995df4f111,9.92260050624273e+16,,http://documents.worldbank.org/curated/en/099226005062427291/IDU1b0b7a0161caf6147a618ab0168995df4f111,"Alam,Abdullah","Ensuring an Equal Start for All Pakistani
            Children: What Will It Cost ?",34313910.0,,,,,,"Quality early childhood education
            improves childhood development outcomes and has long-term
            implications for school readiness, workforce participation,
            and economic growth. Despite this, in Pakistan, the net
            enrollment rate of children ages 3 to 5 in early childhood
            education was only 31 percent in 2022. This paper estimates
            the cost of expanding access to early childhood education
            using an adapted version of the early childhood education
            Accelerator Costing and Simulation model. Using available
            administrative data, the paper presents cost estimates for
            three packages: (i) a business-as-usual package, (ii) a core
            service delivery package, and (iii) an augmented service
            delivery package. It considers how these costs might vary
            using alternate delivery mechanisms, such as community
            construction and vouchers. To ensure 100 percent net
            enrollment in early childhood education by 2035, Pakistan
            must increase the amount of the education budget spent on
            early childhood education from the existing allocation of
            5.3 percent to 10.4 percent by 2035. This means increasing
            the early childhood education budget from PKR 71 billion
            (US$0.3 billion) in 2022 to PKR 418 billion (US$1.85
            billion) in 2035, suggesting an average annual increase of
            14 percent. Using alternate delivery mechanisms, such as
            community construction and vouchers, the required budget can
            be reduced to PKR 311 billion (US$1.37 billion) in 2035.","Hasan,Amer","Hentschel,Elizabeth Lauren",,,,,,,,,,,,,,,,,,,,,,,,,,,,,,,,,,,"Title: Ensuring an Equal Start for All
            Pakistani Children: What Will It Cost ?. Abstract: Quality early childhood education
            improves childhood development outcomes and has long-term
            implications for school readiness, workforce participation,
            and economic growth. Despite this, in Pakistan, the net
            enrollment rate of children ages 3 to 5 in early childhood
            education was only 31 percent in 2022. This paper estimates
            the cost of expanding access to early childhood education
            using an adapted version of the early childhood education
            Accelerator Costing and Simulation model. Using available
            administrative data, the paper presents cost estimates for
            three packages: (i) a business-as-usual package, (ii) a core
            service delivery package, and (iii) an augmented service
            delivery package. It considers how these costs might vary
            using alternate delivery mechanisms, such as community
            construction and vouchers. To ensure 100 percent net
            enrollment in early childhood education by 2035, Pakistan
            must increase the amount of the education budget spent on
            early childhood education from the existing allocation of
            5.3 percent to 10.4 percent by 2035. This means increasing
            the early childhood education budget from PKR 71 billion
            (US$0.3 billion) in 2022 to PKR 418 billion (US$1.85
            billion) in 2035, suggesting an average annual increase of
            14 percent. Using alternate delivery mechanisms, such as
            community construction and vouchers, the required budget can
            be reduced to PKR 311 billion (US$1.37 billion) in 2035.","[{'label': 'LABEL_1', 'score': 0.8507263660430908}]"
8415,106,34314247.0,Colombia,Policy Research Working Paper,2024-05-06T00:00:00Z,Publications & Research,"Policy Research working paper ; no. WPS
            10765; PEOPLE; Paper is funded by the Knowledge for Change
            Program (KCP)","Thriving beyond Borders ?
            Understanding Refugee Children’s Life Outcomes",http://documents.worldbank.org/curated/en/099912105062428250/pdf/IDU101b2662118a0a149241a06819d562ba9e087.pdf,/research/2024/05/34314247/thriving-beyond-borders-understanding-refugee-children’s-life-outcomes,http://documents.worldbank.org/curated/en/099912105062428250/IDU101b2662118a0a149241a06819d562ba9e087,2024/05/34314247/IDU101b2662118a0a149241a06819d562ba9e087,9.991210506242826e+16,DECRG: Poverty & Inequality (DECPI),http://documents.worldbank.org/curated/en/099912105062428250/IDU101b2662118a0a149241a06819d562ba9e087,"Hiller,Tatiana","Thriving beyond Borders ? Understanding
            Refugee Children’s Life Outcomes",34314247.0,,,,,,"By 2023, more than 108 million people
            were forcibly displaced worldwide, with children under 18
            constituting 45 percent. This study examines the human
            development gaps between forcibly displaced migrant and host
            children and adolescents, focusing on cognitive and
            socioemotional skills and physical and mental health. The
            study also explores how access to services and
            regularization programs are correlated with these
            disparities using a unique and comprehensive longitudinal
            data set of around 2,500 Venezuelan migrant and Colombian
            host children and adolescents, ages 5 to 17 and living in
            Medellín, Colombia. The findings reveal significant
            developmental delays among migrant children in physical and
            cognitive development, but interestingly, no significant
            differences in socioemotional and mental health outcomes.
            The research underscores how the availability of public
            services and engagement in regularization programs are
            crucial for mitigating these developmental gaps.","Moya,Andrés","Rozo Villarraga,Sandra Viviana",,,,,,,,,,,,,,,,,,,,,,,,,,,,,,,,,,,"Title: Thriving beyond Borders ?
            Understanding Refugee Children’s Life Outcomes. Abstract: By 2023, more than 108 million people
            were forcibly displaced worldwide, with children under 18
            constituting 45 percent. This study examines the human
            development gaps between forcibly displaced migrant and host
            children and adolescents, focusing on cognitive and
            socioemotional skills and physical and mental health. The
            study also explores how access to services and
            regularization programs are correlated with these
            disparities using a unique and comprehensive longitudinal
            data set of around 2,500 Venezuelan migrant and Colombian
            host children and adolescents, ages 5 to 17 and living in
            Medellín, Colombia. The findings reveal significant
            developmental delays among migrant children in physical and
            cognitive development, but interestingly, no significant
            differences in socioemotional and mental health outcomes.
            The research underscores how the availability of public
            services and engagement in regularization programs are
            crucial for mitigating these developmental gaps.","[{'label': 'LABEL_1', 'score': 0.8518570065498352}]"
8416,107,34314650.0,Pakistan,Policy Research Working Paper,2024-05-07T00:00:00Z,Publications & Research,"Policy Research working paper ; no. WPS
            10764; RRR; PEOPLE","Early Learning in South Punjab,
            Pakistan: Investigating Child Development and Classroom Quality",http://documents.worldbank.org/curated/en/099147405072416150/pdf/IDU1d0e678b71d5d11418d1839911b0d32bb5d25.pdf,/research/2024/05/34314650/early-learning-south-punjab-pakistan-investigating-child-development-classroom-quality,http://documents.worldbank.org/curated/en/099147405072416150/IDU1d0e678b71d5d11418d1839911b0d32bb5d25,2024/05/34314650/IDU1d0e678b71d5d11418d1839911b0d32bb5d25,9.914740507241614e+16,,http://documents.worldbank.org/curated/en/099147405072416150/IDU1d0e678b71d5d11418d1839911b0d32bb5d25,"Seiden,Jonathan Michael","Early Learning in South Punjab, Pakistan:
            Investigating Child Development and Classroom Quality",34314650.0,,,,,,"In Pakistan, learning poverty among
            primary school aged children is estimated to be as high as
            77 percent, but little data exist on early learning
            experiences. This paper describes the state of classroom
            quality in 1,395 classrooms and the early childhood
            development status of 8,249 children in a representative
            sample of 894 public schools in South Punjab, using two
            measurement tools: The Teach ECE classroom observation tool,
            which describes the structural and process quality features
            of classrooms, and the Anchor Items for the Measurement of
            Early Childhood Development Direct Assessment which reports
            on early learning and developmental outcomes of children
            aged 4 to 6 years. The paper finds key gaps in the
            foundational skills of young children and areas for
            improvement in both the physical classroom and teaching
            practices. In examining the relationships between teaching
            practices and early childhood development outcomes, the
            analysis finds a strong positive relationship across the
            areas of process quality and domains of childhood
            development. Children studying in a high-quality classroom
            have outcomes that are equivalent to having been in school
            nine months longer than children of similar ages in an
            average quality classroom, suggesting that a sharper focus
            on teaching quality may improve early childhood development
            outcomes and school readiness. The findings also show that
            after accounting for teaching quality, degrees and
            certification are not associated with early childhood
            development outcomes, but that classes taught by female
            teachers have better early childhood development outcomes.","Hasan,Amer","Luna Bazaldua,Diego Armando",,,,,,,,,,,,,,,,,,,,,,B,,,,,,,,,,,,,"Title: Early Learning in South Punjab,
            Pakistan: Investigating Child Development and Classroom Quality. Abstract: In Pakistan, learning poverty among
            primary school aged children is estimated to be as high as
            77 percent, but little data exist on early learning
            experiences. This paper describes the state of classroom
            quality in 1,395 classrooms and the early childhood
            development status of 8,249 children in a representative
            sample of 894 public schools in South Punjab, using two
            measurement tools: The Teach ECE classroom observation tool,
            which describes the structural and process quality features
            of classrooms, and the Anchor Items for the Measurement of
            Early Childhood Development Direct Assessment which reports
            on early learning and developmental outcomes of children
            aged 4 to 6 years. The paper finds key gaps in the
            foundational skills of young children and areas for
            improvement in both the physical classroom and teaching
            practices. In examining the relationships between teaching
            practices and early childhood development outcomes, the
            analysis finds a strong positive relationship across the
            areas of process quality and domains of childhood
            development. Children studying in a high-quality classroom
            have outcomes that are equivalent to having been in school
            nine months longer than children of similar ages in an
            average quality classroom, suggesting that a sharper focus
            on teaching quality may improve early childhood development
            outcomes and school readiness. The findings also show that
            after accounting for teaching quality, degrees and
            certification are not associated with early childhood
            development outcomes, but that classes taught by female
            teachers have better early childhood development outcomes.","[{'label': 'LABEL_1', 'score': 0.8995118141174316}]"
8417,108,34314674.0,Tunisia,Policy Research Working Paper,2024-05-07T00:00:00Z,Publications & Research,"Policy Research working paper ; no. WPS
            10766; PEOPLE","When the Rain Stops Falling :
            Effects of Droughts on the Tunisian Labor Market",http://documents.worldbank.org/curated/en/099212205072411678/pdf/IDU17a7c9a48121f714d881aa161861bb79f46e4.pdf,/research/2024/05/34314674/rain-stops-falling-effects-droughts-tunisian-labor-market,http://documents.worldbank.org/curated/en/099212205072411678/IDU17a7c9a48121f714d881aa161861bb79f46e4,2024/05/34314674/IDU17a7c9a48121f714d881aa161861bb79f46e4,9.921220507241168e+16,Off of Sr VP Dev Econ/Chief Econ (DECVP),http://documents.worldbank.org/curated/en/099212205072411678/IDU17a7c9a48121f714d881aa161861bb79f46e4,"Alfani,Federica","When the Rain Stops Falling : Effects of
            Droughts on the Tunisian Labor Market",34314674.0,,,,,,"This paper investigates the effects
            of severe drought shocks on Tunisia’s agriculture sector
            during 2000–19. Using labor force surveys aligned with
            granular weather data, it calculates the Standardized
            Potential Evapotranspiration Index to detect
            moderate-to-severe drought shocks at the governorate level
            and frames the analysis in a staggered
            difference-in-differences setting. The findings show that
            shocked areas experience a drop of 7.4 to 10.6 percentage
            points in agricultural employment with respect the untreated
            or not-yet-treated governorates. There is a contemporaneous
            opposite dynamic in the employment rate of low-skill and
            less climate-sensitive sectors, as well as a modest and
            transient increase in unemployment. The effects are largely
            heterogeneous across groups of workers, with very young
            individuals, women, and low-educated workers paying the
            highest toll.","Pallante,Giacomo","Palma,Alessandro","Talhaoui,Abdelkader",,,,,,,,,,,,,,,,,,,,,,,,,,,,,,,,,,"Title: When the Rain Stops Falling :
            Effects of Droughts on the Tunisian Labor Market. Abstract: This paper investigates the effects
            of severe drought shocks on Tunisia’s agriculture sector
            during 2000–19. Using labor force surveys aligned with
            granular weather data, it calculates the Standardized
            Potential Evapotranspiration Index to detect
            moderate-to-severe drought shocks at the governorate level
            and frames the analysis in a staggered
            difference-in-differences setting. The findings show that
            shocked areas experience a drop of 7.4 to 10.6 percentage
            points in agricultural employment with respect the untreated
            or not-yet-treated governorates. There is a contemporaneous
            opposite dynamic in the employment rate of low-skill and
            less climate-sensitive sectors, as well as a modest and
            transient increase in unemployment. The effects are largely
            heterogeneous across groups of workers, with very young
            individuals, women, and low-educated workers paying the
            highest toll.","[{'label': 'LABEL_1', 'score': 0.8990252017974854}]"
8418,109,34315484.0,Guinea-Bissau,Policy Research Working Paper,2024-05-08T00:00:00Z,Publications & Research,"Policy Research working paper ; no. WPS
            10767; PLANET","FTT-FLEX : Flexible Technology
            Diffusion Analysis Tool for Data Poor Countries",http://documents.worldbank.org/curated/en/099735005082423970/pdf/IDU117d8923a1226614d42196d115fb48f7c219b.pdf,/research/2024/05/34315484/ftt-flex-flexible-technology-diffusion-analysis-tool-data-poor-countries,http://documents.worldbank.org/curated/en/099735005082423970/IDU117d8923a1226614d42196d115fb48f7c219b,2024/05/34315484/IDU117d8923a1226614d42196d115fb48f7c219b,9.973500508242397e+16,Off of Sr VP Dev Econ/Chief Econ (DECVP),http://documents.worldbank.org/curated/en/099735005082423970/IDU117d8923a1226614d42196d115fb48f7c219b,Unnada Chewpreecha,"FTT-FLEX : Flexible Technology Diffusion
            Analysis Tool for Data Poor Countries",34315484.0,,,,,,"AbstractTo achieve substantial
            emission reductions, widespread low-carbon technology
            adoption is vital. The process by which new technologies are
            developed and adopted and how their costs evolve is critical
            to understanding decarbonization. Modeling of this process
            requires a tool that realistically describes several
            phenomena related to technology adoption in different
            sectors, including technology diffusion, investment
            decisions, evolution of technology costs, and technology
            lock-in, among others. This paper introduces FTT-FLEX, a
            simplification of the Future Technology Transformation
            model. FTT-FLEX is suitable for application as a
            single-country, standalone tool or in connection with a
            macroeconomic model. FTT-FLEX captures the core
            country-level of features of Future Technology
            Transformation (knowledge spillovers as the driver of
            technology cost and inertia in the adoption of new
            technologies) as they pertain to an individual country and
            greatly reduces the data required as compared with the
            global Future Technology Transformation model. As presented,
            FTT-FLEX is a natural complement to country-specific
            macroeconomic models that analyze the decarbonization of key
            emitting sectors in small developing countries. The utility
            of FTT-FLEX is demonstrated by a decarbonization analysis
            for the power sector in Guinea-Bissau.","Dennig,Francis","Hansen,Ib",,,,,,,,,,,,,,,,,,,,,,,,,,,,,,,,,,,"Title: FTT-FLEX : Flexible Technology
            Diffusion Analysis Tool for Data Poor Countries. Abstract: AbstractTo achieve substantial
            emission reductions, widespread low-carbon technology
            adoption is vital. The process by which new technologies are
            developed and adopted and how their costs evolve is critical
            to understanding decarbonization. Modeling of this process
            requires a tool that realistically describes several
            phenomena related to technology adoption in different
            sectors, including technology diffusion, investment
            decisions, evolution of technology costs, and technology
            lock-in, among others. This paper introduces FTT-FLEX, a
            simplification of the Future Technology Transformation
            model. FTT-FLEX is suitable for application as a
            single-country, standalone tool or in connection with a
            macroeconomic model. FTT-FLEX captures the core
            country-level of features of Future Technology
            Transformation (knowledge spillovers as the driver of
            technology cost and inertia in the adoption of new
            technologies) as they pertain to an individual country and
            greatly reduces the data required as compared with the
            global Future Technology Transformation model. As presented,
            FTT-FLEX is a natural complement to country-specific
            macroeconomic models that analyze the decarbonization of key
            emitting sectors in small developing countries. The utility
            of FTT-FLEX is demonstrated by a decarbonization analysis
            for the power sector in Guinea-Bissau.","[{'label': 'LABEL_0', 'score': 0.844814658164978}]"
8419,110,,,,,,,,,,,,,,,,,,,,,,,,,,,,,,,,,,,,,,,,,,,,,,,,,,,,,,,,,,,,Title: nan. Abstract: nan,"[{'label': 'LABEL_0', 'score': 0.8067874312400818}]"
