,id,count,docty,docdt,majdocty,colti,display_title,pdfurl,listing_relative_url,url_friendly_title,new_url,guid,origu,url,authors.0.author,authors.1.author,docna.0.docna,entityids.entityid,abstracts.cdata!,authors.2.author,authors.3.author,authors.4.author,authors.5.author,authors.6.author,authors.7.author,authors.8.author,EnvironmentalCategory
0,33974187,Indonesia,Policy Research Working Paper,2023-01-09T00:00:00Z,Publications & Research,"Policy Research working paper ; no. WPS
            10271; COVID-19 (Coronavirus)","Trade Policies and Sea and Air
            freight : The Impact of COVID-19 Lockdowns on Imports and Exports",http://documents.worldbank.org/curated/en/099337101092314052/pdf/IDU05ead83ae0582004dc40a4bd0ef7323feee94.pdf,/research/2023/01/33974187/trade-policies-sea-air-freight-impact-covid-19-lockdowns-imports-exports,http://documents.worldbank.org/curated/en/099337101092314052/IDU05ead83ae0582004dc40a4bd0ef7323feee94,2023/01/33974187/IDU05ead83ae0582004dc40a4bd0ef7323feee94,099337101092314052,Off of Sr VP Dev Econ/Chief Econ (DECVP),http://documents.worldbank.org/curated/en/099337101092314052/IDU05ead83ae0582004dc40a4bd0ef7323feee94,"Majune,Socrates Kraido","Montfaucon,Angella Faith Lapukeni","Trade Policies and Sea and Air freight : The
            Impact of COVID-19 Lockdowns on Imports and Exports",33974187,"This study analyzes how Indonesia’s
            international trade was affected by its own lockdown
            policies (domestic) and those of its trading partners
            (external) in response to COVID-19. The study differentiates
            between sea freight and air freight, as well as products
            affected by specific non-tariff measures. Event-study
            results show that the decline in imports (which were more
            negatively affected than exports) was mainly attributed to
            external lockdowns, the impacts of which were more
            pronounced and persistent for imports entering Indonesia by
            air (due to restrictions to international travel) and
            imports subject to port-related non-tariff measures.
            Domestic lockdowns adversely affected intermediate imports
            subject to non-tariff measures requiring physical
            inspection, testing, and approval processes. External
            lockdowns, which also had a larger impact on exports
            relative to domestic policies, affected sea and air exports
            evenly. Demand factors (specifically, workplace closures and
            stay-at-home orders) in the partner countries were the
            drivers of the decline in exports. Enhancing trade
            facilitation to keep goods moving as smoothly as possible,
            reforming specific non-tariff measures, and improving
            customs and other procedures would ensure fewer disruptions
            from shocks in a globally integrated world.",,,,,,,,
1,33974204,Afghanistan,Policy Research Working Paper,2023-01-09T00:00:00Z,Publications & Research,Policy Research working paper ; no. WPS 10272,Droughts and Welfare in Afghanistan,http://documents.worldbank.org/curated/en/099419201092321423/pdf/IDU08edcbfb706a2304b08084cd09848b36aa106.pdf,/research/2023/01/33974204/droughts-welfare-afghanistan,http://documents.worldbank.org/curated/en/099419201092321423/IDU08edcbfb706a2304b08084cd09848b36aa106,2023/01/33974204/IDU08edcbfb706a2304b08084cd09848b36aa106,099419201092321423,Off of Sr VP Dev Econ/Chief Econ (DECVP),http://documents.worldbank.org/curated/en/099419201092321423/IDU08edcbfb706a2304b08084cd09848b36aa106,"Kochhar,Nishtha","Knippenberg,Erwin Willem Yvonnick Leon",Droughts and Welfare in Afghanistan,33974204,"This paper studies the effect of the
            2018 drought on household consumption and poverty in
            Afghanistan, a semi-arid and conflict-affected country. The
            paper combines geolocated household data with remote-sensing
            weather data on precipitation, vegetation, and temperature.
            The findings show that drought-like conditions decreased
            monthly per capita consumption expenditures and hence
            increased poverty, with a highly nonlinear relationship
            between consumption and weather shocks. When forced to cut
            back, households reduced nonfood consumption to maintain
            their food consumption; only under severe stress did they
            reduce food consumption. Households that owned agricultural
            land were more resilient to the 2018 drought. Based on the
            historical distribution of weather shocks, estimates of
            vulnerability to poverty suggest that 62.5 percent of people
            have a one in four probability of falling into poverty due
            to weather shocks. Given that climate change will exacerbate
            the frequency and severity of future droughts, these
            findings highlight the importance of investments in
            resilience and shock-responsive social protection to
            supplement urgent humanitarian assistance.",,,,,,,,
2,33974218,"Central Asia,Kazakhstan",Policy Research Working Paper,2023-01-09T00:00:00Z,Publications & Research,Policy Research working paper ; no. WPS 10273,"Bank Bailouts and Fiscal
            Contingent Liabilities",http://documents.worldbank.org/curated/en/099458201092319414/pdf/IDU19770b6b41e14314efe185b111e114676ac3e.pdf,/research/2023/01/33974218/bank-bailouts-fiscal-contingent-liabilities,http://documents.worldbank.org/curated/en/099458201092319414/IDU19770b6b41e14314efe185b111e114676ac3e,2023/01/33974218/IDU19770b6b41e14314efe185b111e114676ac3e,099458201092319414,Off of Sr VP Dev Econ/Chief Econ (DECVP),http://documents.worldbank.org/curated/en/099458201092319414/IDU19770b6b41e14314efe185b111e114676ac3e,"Mare,Davide Salvatore","Melecky,Martin",Bank Bailouts and Fiscal Contingent Liabilities,33974218,"Government intervention to bail out
            troubled banks can produce a sizable fiscal contingent
            liability. Drawing on a rich history of various forms of
            staggered bailouts, this paper studies the link between bank
            bailouts and fiscal contingent liabilities using bank-level
            data for Kazakhstan—an upper-middle-income country in
            Central Asia. The paper first estimates the probability that
            a bank in distress is bailed out, conditioning on bank
            characteristics and financial soundness. Second, it
            estimates the magnitude of bailout costs depending on the
            size of banks, their ownership type, financial soundness,
            and the type of bailout instrument used by the government.
            The latter aims to contrast the fiscal costs when the
            government uses bailout instruments without recourse on bank
            future profits—such as government purchases of bad loans
            above market value—versus instruments that require repayment
            of the public support with adequate compensation for the
            government’s alternative costs—such as properly governed
            equity injections. Third, the paper illustrates how the
            estimations could be used for projecting the expected
            contingent liabilities from bank bailouts.","Murina,Hanna",,,,,,,
3,33974316,Colombia,Policy Research Working Paper,2023-01-09T00:00:00Z,Publications & Research,"Policy Research working paper ; no. WPS
            10274; Impact Evaluation series","Bayesian Impact Evaluation with
            Informative Priors : An Application to a Colombian
            Management and Export Improvement Program",http://documents.worldbank.org/curated/en/099807301092338354/pdf/IDU08080a50008e3c047f40a8de0e4e6b95c2d2c.pdf,/research/2023/01/33974316/bayesian-impact-evaluation-informative-priors-application-colombian-management-export-improvement-program,http://documents.worldbank.org/curated/en/099807301092338354/IDU08080a50008e3c047f40a8de0e4e6b95c2d2c,2023/01/33974316/IDU08080a50008e3c047f40a8de0e4e6b95c2d2c,099807301092338354,Off of Sr VP Dev Econ/Chief Econ (DECVP),http://documents.worldbank.org/curated/en/099807301092338354/IDU08080a50008e3c047f40a8de0e4e6b95c2d2c,"Iacovone,Leonardo","Mckenzie,David J.","Bayesian Impact Evaluation with Informative
            Priors : An Application to a Colombian Management and Export
            Improvement Program",33974316,"Policymakers often test expensive new
            programs on relatively small samples. Formally incorporating
            informative Bayesian priors into impact evaluation offers
            the promise to learn more from these experiments. A
            Colombian government program which aimed to increase
            exporting was trialed experimentally on 200 firms with this
            goal in mind. Priors were elicited from academics,
            policymakers, and firms. Contrary to these priors,
            frequentist estimation can not reject 0 effects in 2019, and
            finds some negative impacts in 2020. For binary outcomes
            like whether firms export, frequentist estimates are
            relatively precise, and Bayesian credible posterior
            intervals update to overlap almost completely with standard
            confidence intervals. For outcomes like increasing export
            variety, where the priors align with the data, the value of
            these priors is seen in posterior intervals that are
            considerably narrower than frequentist confidence intervals.
            Finally, for noisy outcomes like export value, posterior
            intervals show almost no updating from the priors,
            highlighting how uninformative the data are about such outcomes.","Meager,Rachael",,,,,,,
4,33977765,Africa,Policy Research Working Paper,2023-01-12T00:00:00Z,Publications & Research,"Policy Research working paper ; no. WPS
            10275; COVID-19 (Coronavirus); LSMS","The Evolution of COVID-19 Vaccine
            Hesitancy in Sub-Saharan Africa : Evidence from Panel Survey Data",http://documents.worldbank.org/curated/en/099622001122358675/pdf/IDU040a460160167704ede0bf7b03ec8150698fb.pdf,/research/2023/01/33977765/evolution-covid-19-vaccine-hesitancy-sub-saharan-africa-evidence-panel-survey-data,http://documents.worldbank.org/curated/en/099622001122358675/IDU040a460160167704ede0bf7b03ec8150698fb,2023/01/33977765/IDU040a460160167704ede0bf7b03ec8150698fb,099622001122358675,Off of Sr VP Dev Econ/Chief Econ (DECVP),http://documents.worldbank.org/curated/en/099622001122358675/IDU040a460160167704ede0bf7b03ec8150698fb,"Wollburg,Philip Randolph","Markhof,Yannick Valentin","The Evolution of COVID-19 Vaccine Hesitancy
            in Sub-Saharan Africa : Evidence from Panel Survey Data",33977765,"COVID-19 vaccination rates in
            Sub-Saharan Africa lag behind other world regions, with just
            over 20 percent of the population in Sub-Saharan Africa
            fully vaccinated. To reach widespread coverage, high
            willingness to get vaccinated for COVID-19 among the
            population is considered an important prerequisite. Drawing
            on two years of panel survey data, this paper studies the
            dynamics of vaccine acceptance, its correlates, and reasons
            for hesitancy over time. The data come from multiple rounds
            of national High-Frequency Phone Surveys in five countries
            in East and West Africa (Burkina Faso, Ethiopia, Malawi,
            Nigeria, and Uganda), covering the period between 2020 and
            2022. The surveys are cross-country comparable and draw
            their samples from nationally representative sampling
            frames. The paper finds that COVID-19 vaccine acceptance has
            been high throughout the study period (68 to 98 percent).
            However, acceptance levels were lower in 2022 than in 2020
            in three countries (Burkina Faso, Malawi, and Nigeria) and
            higher in one country (Uganda). Moreover, individuals are
            observed to change their stated vaccine attitudes between
            survey rounds, to a limited extent in some countries
            (Ethiopia) and more frequently in others (Burkina Faso,
            Malawi, Nigeria, and Uganda). Vaccine hesitancy is higher in
            richer households and among those residing in urban areas,
            women, and the better educated. Conversely, hesitancy is
            lower in larger households and among heads of the household.
            The main reasons for hesitancy are concerns about side
            effects of the vaccine, its safety and efficacy, as well as
            assessments of COVID-19 risk, although these reasons
            fluctuate over time. The findings suggest that vaccine
            hesitancy is not the primary obstacle to reaching greater
            vaccine coverage in Sub-Saharan Africa. Instead, low
            coverage rates may be related to access and delivery
            barriers as well as supply shortages. Nevertheless, vaccine
            attitudes appear malleable so that continued efforts are
            needed to retain high levels of vaccine acceptance.","Kanyanda,Shelton Sofiel Elisa","Zezza,Alberto",,,,,,
5,33978763,"World,Poland",Policy Research Working Paper,2023-01-13T00:00:00Z,Publications & Research,Policy Research working paper ; no. WPS 10276,"What Makes an Investment
            Promotion Agency Effective ? Findings from a Structural
            Gravity Model",http://documents.worldbank.org/curated/en/099144501132320106/pdf/IDU0db197ce406d740471308edd040f4f19f6f35.pdf,/research/2023/01/33978763/makes-investment-promotion-agency-effective-findings-structural-gravity-model,http://documents.worldbank.org/curated/en/099144501132320106/IDU0db197ce406d740471308edd040f4f19f6f35,2023/01/33978763/IDU0db197ce406d740471308edd040f4f19f6f35,099144501132320106,Off of Sr VP Dev Econ/Chief Econ (DECVP),http://documents.worldbank.org/curated/en/099144501132320106/IDU0db197ce406d740471308edd040f4f19f6f35,"Steenbergen,Victor",,"What Makes an Investment Promotion Agency
            Effective ? Findings from a Structural Gravity Model",33978763,"Although many countries have
            established investment promotion agencies over the past two
            decades, there is little evidence on what characteristics
            make them effective in attracting foreign direct investment
            into their home country. To provide new insight into this
            question, this paper brings together sectoral foreign direct
            investment data with survey data on investment promotion
            agency characteristics. Using a structural gravity model
            framework, it explores the effect of investment promotion
            agencies’ sectoral targeting on inward foreign direct
            investment stocks over 2013 to 2018, across a sample of 36
            middle- and high-income countries. The study finds that
            investment promotion agency sectoral targeting provides a
            significant positive effect on the sector’s foreign direct
            investment stock in that country. Yet, a gravity model with
            country-interaction effects suggests that not all countries
            are equally effective at promoting investment. The results
            from the model are used to define two groups:
            high-performing investment promotion agencies (those with
            positive, significant effects in attracting foreign direct
            investment) and other investment promotion agencies (those
            with insignificant or negative significant effects). Using
            t-tests, the study considers which investment promotion
            agency characteristics significantly differ between the two
            groups. The findings suggest that effective investment
            promotion agencies are more likely to be private or
            semi-private agencies. Their mandate tends to be focused
            narrowly on foreign investment and exclude responsibilities
            for domestic investment promotion. Such investment promotion
            agencies are more likely to have a board of directors, and
            their staff tends to be better compensated. Finally,
            high-performing investment promotion agencies tend to
            provide more investor services, partly by engaging smart,
            sectoral analytics and adopting systems for identifying
            investor complaints or disputes.",,,,,,,,
6,33980908,World,Policy Research Working Paper,2023-01-17T00:00:00Z,Publications & Research,Policy Research working paper ; no. WPS 10277,"Deep Trade Agreements and
            Heterogeneous Firms Exports",http://documents.worldbank.org/curated/en/099605501172327664/pdf/IDU04fec23710206704cba0ba590e69fb87bda98.pdf,/research/2023/01/33980908/deep-trade-agreements-heterogeneous-firms-exports,http://documents.worldbank.org/curated/en/099605501172327664/IDU04fec23710206704cba0ba590e69fb87bda98,2023/01/33980908/IDU04fec23710206704cba0ba590e69fb87bda98,099605501172327664,Off of Sr VP Dev Econ/Chief Econ (DECVP),http://documents.worldbank.org/curated/en/099605501172327664/IDU04fec23710206704cba0ba590e69fb87bda98,"Neri--Lainé,Matteo","Orefice,Gianluca","Deep Trade Agreements and Heterogeneous
            Firms Exports",33980908,"This paper studies the effect of
            regional trade agreements on firms’ exports. Using detailed
            information on the content of trade agreements and
            firm-level exports for 31 developing countries between 2000
            and 2020, the analysis shows that the depth of trade
            agreements matters for the export performance of firms.
            Moving from shallow to deep trade agreements boosts firms’
            exports, on average, by 3.6 percent. In line with models of
            trade with heterogeneous firms, the trade impact of deep
            trade agreements depends on firm’s characteristics. The
            impact is stronger for large firms and firms involved in
            global value chains and is negative for small firms.
            Robustness tests and an Instrumental Variable strategy
            confirm the causal interpretation of the results. These
            heterogeneous impacts on firms’ exports imply a selection
            effect of deep trade agreements with significant welfare consequences.","Ruta,Michele",,,,,,,
7,33981657,World,Policy Research Working Paper,2023-01-18T00:00:00Z,Publications & Research,Policy Research working paper ; no. WPS 10278,"Outcomes for Internally Displaced
            Persons and Refugees in Low and Middle-Income Countries",http://documents.worldbank.org/curated/en/099344301182317063/pdf/IDU01413862f0e0e004212092d20c1563ef562b1.pdf,/research/2023/01/33981657/outcomes-internally-displaced-persons-refugees-low-middle-income-countries,http://documents.worldbank.org/curated/en/099344301182317063/IDU01413862f0e0e004212092d20c1563ef562b1,2023/01/33981657/IDU01413862f0e0e004212092d20c1563ef562b1,099344301182317063,Off of Sr VP Dev Econ/Chief Econ (DECVP),http://documents.worldbank.org/curated/en/099344301182317063/IDU01413862f0e0e004212092d20c1563ef562b1,"Schuettler,Kirsten","Do,Quy-Toan","Outcomes for Internally Displaced Persons
            and Refugees in Low and Middle-Income Countries",33981657,"The paper takes stock of the growing
            quantitative literature on outcomes for the forcibly
            displaced in low- and middle-income countries, where 85
            percent of refugees and nearly all internally displaced
            persons live. The main takeaway is that forced dis-
            placement research has now become a full-fledged sub-field
            of the migration literature: it addresses the same questions
            of economic and social integration, returns, and the impact
            of conditions and policies in the destination country. Yet,
            the specificity of the sub-field lies in the analysis of
            migration of a particularly vulnerable population because of
            the forced selection into displacement and because those
            forcibly displaced have experienced shocks before and during
            displacement, including the loss of physical assets, human
            capital, and mental health.",,,,,,,,
8,33986022,Morocco,Policy Research Working Paper,2023-01-24T00:00:00Z,Publications & Research,Policy Research working paper ; no. WPS 10279,"Job Displacement and Reallocation
            Failure : Evidence from Climate Shocks in Morocco",http://documents.worldbank.org/curated/en/099339101242320780/pdf/IDU02473fb7e011d104a790ab0606dd5a41b0c10.pdf,/research/2023/01/33986022/job-displacement-reallocation-failure-evidence-climate-shocks-morocco,http://documents.worldbank.org/curated/en/099339101242320780/IDU02473fb7e011d104a790ab0606dd5a41b0c10,2023/01/33986022/IDU02473fb7e011d104a790ab0606dd5a41b0c10,099339101242320780,Off of Sr VP Dev Econ/Chief Econ (DECVP),http://documents.worldbank.org/curated/en/099339101242320780/IDU02473fb7e011d104a790ab0606dd5a41b0c10,"Alfani,Federica","Molini,Vasco","Job Displacement and Reallocation Failure :
            Evidence from Climate Shocks in Morocco",33986022,"This paper investigates the effects
            of severe drought shocks in Morocco’s agriculture sector.
            Using a staggered difference-in-differences design, the
            estimates show that climatic shocks produced job
            displacement of about 6.5 percentage points for workers who
            were exposed to severe drought events. Overall, about 45
            percent of these workers remained unemployed, generating a
            partial reallocation failure. The effects are significant
            only for severe and extreme shocks; they last for at least
            five years, and are more pronounced among females and the
            least educated workers.","Pallante,Giacomo","Palma,Alessandro",,,,,,
9,33986029,Philippines,Policy Research Working Paper,2023-01-24T00:00:00Z,Publications & Research,Policy Research working paper ; no. WPS 10281,"Do Cash Transfer Programs Protect
            from Poverty in the Case of Aggregate Shocks ? A Study on
            Typhoon Yolanda in the Philippines",http://documents.worldbank.org/curated/en/099350301242346703/pdf/IDU07673db600f27b043a108b1f0a2d1ee403854.pdf,/research/2023/01/33986029/cash-transfer-programs-protect-poverty-case-aggregate-shocks-study-typhoon-yolanda-philippines,http://documents.worldbank.org/curated/en/099350301242346703/IDU07673db600f27b043a108b1f0a2d1ee403854,2023/01/33986029/IDU07673db600f27b043a108b1f0a2d1ee403854,099350301242346703,Off of Sr VP Dev Econ/Chief Econ (DECVP),http://documents.worldbank.org/curated/en/099350301242346703/IDU07673db600f27b043a108b1f0a2d1ee403854,"Pfutze,Tobias",,"Do Cash Transfer Programs Protect from
            Poverty in the Case of Aggregate Shocks ? A Study on Typhoon
            Yolanda in the Philippines",33986029,"Cash transfer programs are regarded
            as providing effective protection against poverty and
            household-specific negative income shocks. Little research
            has been done on their performance in situations of
            aggregate negative shocks. This paper assesses the
            performance of the Philippines’ Conditional Cash Transfer
            Program in the aftermath of typhoon Yolanda in 2013. Using
            triple difference techniques, it finds that the program
            effectively protected households affected by the storm from
            falling into extreme poverty. It had the largest effect on
            nonfood consumption.",,,,,,,,
10,33986030,World,Policy Research Working Paper,2023-01-24T00:00:00Z,Publications & Research,Policy Research working paper ; no. WPS 10282,"Gendered Laws and Women’s
            Financial Inclusion",http://documents.worldbank.org/curated/en/099419001242331405/pdf/IDU01137fc5100ae204e9a0a0c20b39dddd48f92.pdf,/research/2023/01/33986030/gendered-laws-women’s-financial-inclusion,http://documents.worldbank.org/curated/en/099419001242331405/IDU01137fc5100ae204e9a0a0c20b39dddd48f92,2023/01/33986030/IDU01137fc5100ae204e9a0a0c20b39dddd48f92,099419001242331405,Off of Sr VP Dev Econ/Chief Econ (DECVP),http://documents.worldbank.org/curated/en/099419001242331405/IDU01137fc5100ae204e9a0a0c20b39dddd48f92,"Perrin,Caroline Sabine Marie","Hyland,Marie Caitriona",Gendered Laws and Women’s Financial Inclusion,33986030,"This paper documents the relationship
            between legal gender equality and the use of financial
            services, using individual-level data from 148 developed and
            developing economies. The analysis, which combines data from
            the Global Findex and Women, Business and the Law databases,
            highlights the existence of a significant and positive
            correlation between gender equality in the law and women’s
            access to financial products. The results show that greater
            legal equality alleviates women’s involuntary financial
            exclusion. The findings also suggest that prevailing adverse
            social norms can 0ify the beneficial effects of legal
            equality, and that better implementation of the law can
            facilitate a stronger relationship between legal frameworks
            and women’s financial inclusion.",,,,,,,,
11,33986055,Africa,Policy Research Working Paper,2023-01-24T00:00:00Z,Publications & Research,Policy Research working paper ; no. WPS 10280,"Digital Technology Uses among
            Microenterprises : Why Is Productive Use So Low across
            Sub-Saharan Africa ?",http://documents.worldbank.org/curated/en/099553001242342863/pdf/IDU03cab9d8307d8f04f0c0a82e0c1ac48d75560.pdf,/research/2023/01/33986055/digital-technology-uses-among-microenterprises-productive-use-so-low-across-sub-saharan-africa,http://documents.worldbank.org/curated/en/099553001242342863/IDU03cab9d8307d8f04f0c0a82e0c1ac48d75560,2023/01/33986055/IDU03cab9d8307d8f04f0c0a82e0c1ac48d75560,099553001242342863,Off of Sr VP Dev Econ/Chief Econ (DECVP),http://documents.worldbank.org/curated/en/099553001242342863/IDU03cab9d8307d8f04f0c0a82e0c1ac48d75560,"Atiyas,Izak","Dutz,Mark Andrew","Digital Technology Uses among
            Microenterprises : Why Is Productive Use So Low across
            Sub-Saharan Africa ?",33986055,"This paper explores the use of
            digital technologies, their association with performance
            outcomes, and the main constraints to greater use among
            microenterprises. The study uses a sample of more than 3,300
            firms across seven Sub-Saharan African countries, of which
            over 70 percent are informal and over half are self-employed
            enterprises with no full-time workers. The analysis finds
            that productive use of digital technologies is low: less
            than 7 percent of firms use a smartphone, less than 6
            percent use a computer, and roughly 20 percent still do not
            use a mobile phone. Even fewer firms use digital tools
            enabled by these access technologies: among firms with
            smartphones, less than half use the internet to find
            suppliers, and only half with a computer use accounting
            software or inventory control/point-of-sale software. Women
            are less likely to use all digital technologies than men. A
            greater range of uses based on internet-enabled computers or
            smartphones relative to uses based on 2G phones are
            conditionally associated with higher job levels. However,
            there may be a tension between higher productivity and more
            jobs: the highest productivity firms are not generators of
            the highest jobs, and vice versa. That formal high-sales and
            high-jobs firms are more strongly associated with the use of
            internet-enabled tools than high-productivity firms suggests
            that relaxing constraints preventing the latter from using
            more such digital tools and expanding sales and jobs could
            be important. Among these constraints, more than seven in
            ten non-users indicate that lack of attractiveness (“no
            need”) is the main impediment to productive use of digital
            technologies. The most important conditional correlates of
            smartphone and computer adoption are related to having a
            loan, having electricity, having business linkages with
            large firms as customers, and managers having vocational training.",,,,,,,,
12,33986129,World,Policy Research Working Paper,2023-01-24T00:00:00Z,Publications & Research,"Policy Research working paper ; no. WPS
            10283; Paper is funded by the Knowledge for Change Program (KCP)","Understanding the Global Drivers
            of Inflation : How Important Are Oil Prices ?",http://documents.worldbank.org/curated/en/099047501242316215/pdf/IDU0458baf2e0e6ed045bb095e70cbc841f24bed.pdf,/research/2023/01/33986129/understanding-global-drivers-inflation-important-oil-prices,http://documents.worldbank.org/curated/en/099047501242316215/IDU0458baf2e0e6ed045bb095e70cbc841f24bed,2023/01/33986129/IDU0458baf2e0e6ed045bb095e70cbc841f24bed,099047501242316215,Off of Sr VP Dev Econ/Chief Econ (DECVP),http://documents.worldbank.org/curated/en/099047501242316215/IDU0458baf2e0e6ed045bb095e70cbc841f24bed,"Ha,Jongrim","Kose,Ayhan","Understanding the Global Drivers of
            Inflation : How Important Are Oil Prices ?",33986129,"This paper examines the global
            drivers of inflation in 55 countries over 1970–2022. The
            paper estimates a Factor-Augmented Vector Autoregression
            model for each country and assess the importance of several
            global (demand, supply, and oil price) and domestic shocks.
            It reports three main results. First, global shocks have
            explained about 26 percent of inflation variation in a
            typical economy. Oil price shocks accounted for only about 4
            percent of inflation variation, but they had a statistically
            significant impact on inflation in three-quarters of the
            countries. Second, global shocks have become more important
            in driving inflation variation over time. The share of
            inflation variance caused by oil price shocks increased from
            4 percent prior to 2000 to roughly 9 percent during 2001–22.
            They also accounted for some of the steep runup in inflation
            between mid-2021 and mid-2022. Third, oil price shocks
            tended to contribute significantly more to inflation
            variation in advanced economies, countries with stronger
            global trade and financial linkages, commodity importers,
            net energy importers, countries without inflation-targeting
            regimes, and countries with pegged exchange rate regimes.
            The headline results are robust to a wide range of
            exercises—including alternative measures of global factors
            and oil prices—and aggregation of countries.","Ohnsorge,Franziska Lieselotte","Yilmazkuday,Hakan",,,,,,
13,33986888,World,Policy Research Working Paper,2023-01-25T00:00:00Z,Publications & Research,"Policy Research working paper ; no. WPS
            10284; COVID-19 (Coronavirus)","Firms’ Digitalization during the
            COVID-19 Pandemic : A Tale of Two Stories",http://documents.worldbank.org/curated/en/099906201252336913/pdf/IDU003954df4097d60473d0b65906fce19f25ce6.pdf,/research/2023/01/33986888/firms’-digitalization-during-covid-19-pandemic-tale-two-stories,http://documents.worldbank.org/curated/en/099906201252336913/IDU003954df4097d60473d0b65906fce19f25ce6,2023/01/33986888/IDU003954df4097d60473d0b65906fce19f25ce6,099906201252336913,Off of Sr VP Dev Econ/Chief Econ (DECVP),http://documents.worldbank.org/curated/en/099906201252336913/IDU003954df4097d60473d0b65906fce19f25ce6,"Avalos Almanza,Edgar Itamar","Cirera,Xavier","Firms’ Digitalization during the COVID-19
            Pandemic : A Tale of Two Stories",33986888,"The COVID-19 pandemic accelerated the
            digital transformation of businesses. Using a unique global
            panel dataset, this paper documents the patterns of digital
            adoption during the pandemic across firms in 57 (mostly
            developing) countries. The data show the tale of two
            stories. On one hand, the pandemic drove firms to increase
            the use of digital platforms and invest in digital
            solutions. On the other hand, there is evidence that the
            digital divide increased. There remain substantial gaps
            between small and large firms as well as across sectors,
            particularly for new investments in digital solutions. Firms
            that did not use any digital platform or channel before the
            pandemic, also lagged in their response to the pandemic,
            increasing the gap with those that were more digitally
            ready. Moreover, although the share of online sales across
            firms for all size groups increased, there is a growing
            concentration of online sales among top firms. The paper
            discusses some of the factors associated with this increase
            in the digital divide and find that changes in
            digitalization remain even after mobility restrictions have
            eased. The analysis suggests that the pandemic has
            accelerated digitalization, but some firms
            disproportionately benefited from the digital
            transformation, potentially increasing the digital divide.","Vargas Da Cruz,Marcio Jose","Iacovone,Leonardo","Medvedev,Denis","Nayyar,Gaurav","Reyes Ortega,Santiago",,,
14,33986889,World,Policy Research Working Paper,2023-01-25T00:00:00Z,Publications & Research,Policy Research working paper ; no. WPS 10285,"Growing Up Together : Sibling
            Correlation, Parental Influence, and Intergenerational
            Educational Mobility in Developing Countries",http://documents.worldbank.org/curated/en/099936501252316138/pdf/IDU0627246cd0f71204b130b3130f57c07720601.pdf,/research/2023/01/33986889/growing-up-together-sibling-correlation-parental-influence-intergenerational-educational-mobility-developing-countries,http://documents.worldbank.org/curated/en/099936501252316138/IDU0627246cd0f71204b130b3130f57c07720601,2023/01/33986889/IDU0627246cd0f71204b130b3130f57c07720601,099936501252316138,Off of Sr VP Dev Econ/Chief Econ (DECVP),http://documents.worldbank.org/curated/en/099936501252316138/IDU0627246cd0f71204b130b3130f57c07720601,"Ahsan,Md. Nazmul","Emran,M. Shahe","Growing Up Together : Sibling Correlation,
            Parental Influence, and Intergenerational Educational
            Mobility in Developing Countries",33986889,"This paper presents credible and
            comparable evidence on intergenerational educational
            mobility in 53 developing countries using sibling
            correlation as a measure, and data from 230 waves of
            Demographic and Health Surveys. It is the first paper to
            provide estimates of sibling correlation in schooling for a
            large number of developing countries using high quality
            standardized data. Sibling correlation is an omnibus measure
            of mobility as it captures observed and unobserved family
            and neighborhood factors shared by siblings when growing up
            together. The estimates suggest that sibling correlation in
            schooling in developing countries is much higher (average
            0.59) than that in developed countries (average 0.41). There
            is substantial spatial heterogeneity across regions, with
            Latin America and Caribbean having the highest (0.65) and
            Europe and Central Asia the lowest (0.48) estimates. Country
            level heterogeneity within a region is more pronounced. The
            evolution of sibling correlation suggests a variety of
            mobility experiences, with some regions registering a
            monotonically declining trend from the 1970s birth cohort to
            the 1990s birth cohort (Latin America and the Caribbean and
            East Asia and Pacific), while others remained trapped in
            stagnancy (South Asia and Sub-Saharan Africa). The only
            region that experienced monotonically increasing sibling
            correlation is the Middle East and North Africa. The recent
            approach of Bingley and Cappellari (2019) is used to
            estimate the share of sibling correlation due to
            intergenerational transmission. The estimates show that when
            the homogeneity and independence assumptions implicit in the
            standard model of intergenerational transmission are
            relaxed, the estimated share is much larger. In the sample
            of countries, on average 74 percent of sibling correlation
            can be attributed to intergenerational transmission, while
            there are some countries where the share is more than 80
            percent (most in Sub-Saharan Africa). This suggests a
            dominant role for parents in determining the educational
            opportunities of their children. Evidence on the evolution
            of the intergenerational share, however, suggests a
            declining importance of the intergenerational transmission
            component in many countries, but the pattern is diverse. In
            some cases, the trend in the intergenerational share is
            opposite to the trend in sibling correlation.","Jiang,Hanchen","Han,Qingyang","Shilpi,Forhad J.",,,,,
15,33986890,"India,World",Policy Research Working Paper,2023-01-25T00:00:00Z,Publications & Research,Policy Research working paper ; no. WPS 10286,"Does Market Integration Increase
            Rural Land Inequality ? Evidence from India",http://documents.worldbank.org/curated/en/099953301252340340/pdf/IDU1e49696831ba7a14db5198d61100af0140b23.pdf,/research/2023/01/33986890/market-integration-increase-rural-land-inequality-evidence-india,http://documents.worldbank.org/curated/en/099953301252340340/IDU1e49696831ba7a14db5198d61100af0140b23,2023/01/33986890/IDU1e49696831ba7a14db5198d61100af0140b23,099953301252340340,Off of Sr VP Dev Econ/Chief Econ (DECVP),http://documents.worldbank.org/curated/en/099953301252340340/IDU1e49696831ba7a14db5198d61100af0140b23,"Berg,Claudia N.","Blankespoor,Brian","Does Market Integration Increase Rural Land
            Inequality ? Evidence from India",33986890,"Investments in transport
            infrastructure lower trade costs and lead to integration of
            villages with urban markets. Does spatial market integration
            increase land inequality in rural areas Theoretical analysis
            by Braverman and Stiglitz (1989) suggests that the
            interactions of lower trade costs with credit market
            imperfections can increase land inequality. The primary
            mechanism is the adoption of increasing returns technology
            by large landowners facing lower trade costs which makes it
            more profitable to expand their scale by buying land from
            small, credit-constrained farmers. Using high- quality
            household survey data (the India Human Development Survey)
            on land ownership in rural districts of India, this paper
            provides the first evidence on the effects of market
            integration on land ownership inequality. It develops an
            instrumental variables approach exploiting two sources of
            exogenous variation: the location of a rural district
            relative to the Golden Quadrilateral network (an
            inconsequential place design) and the length of colonial
            railroad in the 1880s in a district (a historical
            infrastructure design). This paper discusses and deals with
            potential objections to the exclusion restrictions. The
            evidence suggests that a 10 percent increase in a gravity
            measure of market access increases the land Gini coefficient
            by 2.5 percent and the share of landless households by 6.8
            percent. This paper finds evidence consistent with the
            Braverman and Stiglitz (1989) hypothesis that the
            interaction of credit market imperfections with lower trade
            costs increases land inequality: a 10 percent increase in
            market access increases the adoption of increasing returns
            farming technology by 3.5 percent. There is a positive
            effect on land sales, but the instrumental variables
            estimates are imprecise. The robustness of the conclusions
            is checked by relaxing the exclusion restrictions using the
            Conley et al. (2012) approach, and the bias-adjusted
            ordinary least squares estimator of Oster (2019) that does
            not impose any exclusion restrictions. The estimated effects
            of market access cannot be accounted for by the colonial
            land revenue system, demographic pressure on land, and
            differences in inheritance law between the Hindu and Muslim
            population in a district.","Emran,M. Shahe","Shilpi,Forhad J.",,,,,,
16,33986895,"India,World",Policy Research Working Paper,2023-01-25T00:00:00Z,Publications & Research,Policy Research working paper ; no. WPS 10287,"Gender-Based Discounts on Taxes
            Related to Property : Role in Encouraging Female Ownership —
            A Case Study of Indian States and Cities",http://documents.worldbank.org/curated/en/099029201252327022/pdf/IDU03a00ec320338004e19099d405556942e75ed.pdf,/research/2023/01/33986895/gender-based-discounts-taxes-related-property-role-encouraging-female-ownership-—-case-study-indian-states-cities,http://documents.worldbank.org/curated/en/099029201252327022/IDU03a00ec320338004e19099d405556942e75ed,2023/01/33986895/IDU03a00ec320338004e19099d405556942e75ed,099029201252327022,,http://documents.worldbank.org/curated/en/099029201252327022/IDU03a00ec320338004e19099d405556942e75ed,"Awasthi,Rajul","Pyle,Katie","Gender-Based Discounts on Taxes Related to
            Property : Role in Encouraging Female Ownership — A Case
            Study of Indian States and Cities",33986895,"In India, state and city governments
            are making a simultaneous push to increase revenues through
            property-related taxes and to offer tax incentives to female
            property owners. This dual policy approach creates an
            opportunity to study the impact of gender-based tax
            incentives on property ownership patterns and tax
            compliance. This paper investigates linkages between
            gender-based discounts on taxes related to property (stamp
            duties and property taxes), female property ownership, and
            revenues from taxes related to property. The methodology
            designed for this paper deploys researchers to collect
            insights through focus group discussions with male and
            female property owners and taxpayers and to conduct
            one-to-one interviews with government officials in state and
            urban local body revenue and land administration
            departments. The study’s most important finding is that
            incentives related to property taxes and involving
            economically significant amounts, such as the stamp duty,
            encourage female property ownership. It is notable, however,
            that property ownership does not always translate into a
            greater role for females in the control and management of
            the property. Other factors — such as concessions in loan
            terms offered to females buying properties in their own
            names or through joint ownership, security of inheritance,
            and equal property ownership rights for females — can also
            positively contribute to encouraging female property ownership.","Aggarwal,Namita","Rakhimova,Parvina Sukhrobovna",,,,,,
17,33987263,"Egypt, Arab Republic of",Policy Research Working Paper,2023-01-26T00:00:00Z,Publications & Research,"Policy Research working paper ; no. WPS
            10288; MNACE labor and gender research programs","Returns to Education in the
            Marriage Market : Bride Price and School Reform in Egypt",http://documents.worldbank.org/curated/en/099356001262310975/pdf/IDU0c0a45c110089f046620a2940336f8eeec9bc.pdf,/research/2023/01/33987263/returns-education-marriage-market-bride-price-school-reform-egypt,http://documents.worldbank.org/curated/en/099356001262310975/IDU0c0a45c110089f046620a2940336f8eeec9bc,2023/01/33987263/IDU0c0a45c110089f046620a2940336f8eeec9bc,099356001262310975,Off of Sr VP Dev Econ/Chief Econ (DECVP),http://documents.worldbank.org/curated/en/099356001262310975/IDU0c0a45c110089f046620a2940336f8eeec9bc,"Deng,Jingyuan","Elmallakh,Nelly Youssef Louis William","Returns to Education in the Marriage Market
            : Bride Price and School Reform in Egypt",33987263,"This paper posits marriage market
            returns as a contributing factor to stagnant female labor
            force participation despite increasing female education. The
            paper examines the marriage market returns of female
            education by exploiting a very direct measure of returns:
            bride price, a significant amount of resources transferred
            by the groom at the time of marriage. The paper also looks
            at current and future husband's wages as additional
            sources of returns. It addresses endogeneity and
            identification issues by exploiting a school reform in Egypt
            that reduced the number of years required to complete
            primary education from six to five. The staggered rollout of
            the reform generates exogenous sources of variation in
            female schooling both across and within cohorts and
            administrative units. The analysis implements an
            instrumental variable estimator with fixed effects at the
            cohort and at the administrative unit level. The estimated
            return to a bride's compulsory education is about 100%
            for bride price, about 14% for husband's wage at the
            time of marriage, and about 16% for a measure of
            husband's permanent income. Importantly, these returns
            to education in the marriage market are much higher than the
            returns to education that Egyptian women experience in the
            labor market. Additional empirical evidence suggests that
            educational assortative mating could be an important
            mechanism through which the marriage market returns are
            taking place.","Flabbi,Luca","Gatti,Roberta V.",,,,,,
18,33992477,El Salvador,Policy Research Working Paper,2023-02-01T00:00:00Z,Publications & Research,Policy Research working paper ; no. WPS 10289,"Quantifying Vulnerability to
            Poverty in El Salvador",http://documents.worldbank.org/curated/en/099642102012330604/pdf/IDU0a3d39af50f12704d0d0889c0f48b6edbbedd.pdf,/research/2023/02/33992477/quantifying-vulnerability-poverty-el-salvador,http://documents.worldbank.org/curated/en/099642102012330604/IDU0a3d39af50f12704d0d0889c0f48b6edbbedd,2023/02/33992477/IDU0a3d39af50f12704d0d0889c0f48b6edbbedd,099642102012330604,Off of Sr VP Dev Econ/Chief Econ (DECVP),http://documents.worldbank.org/curated/en/099642102012330604/IDU0a3d39af50f12704d0d0889c0f48b6edbbedd,"Rude,Britta Laurin","Robayo,Monica",Quantifying Vulnerability to Poverty in El Salvador,33992477,"El Salvador is marked by high
            vulnerability to risks and hazards, such as crime, natural
            disasters, and migration. Therefore, it is crucial to
            understand the vulnerability patterns of its population.
            This paper applies an innovative approach to estimate the
            population's vulnerability to poverty and analyze its
            underlying drivers. The findings show that ex-ante
            vulnerability to poverty decreased over 2016 to 2019, a
            parallel trend to the poverty reduction observed in the
            country during this period. This finding comes hand in hand
            with an increase in the importance of risk factors relative
            to a low accumulation of assets driving vulnerability.
            Additionally, household-level shocks play a more significant
            role than community-level shocks. To address vulnerabilities
            in the country, the government should invest in adaptive
            safety nets and risk mitigation strategies.",,,,,,,,
19,33992586,World,Policy Research Working Paper,2023-02-01T00:00:00Z,Publications & Research,Policy Research working paper ; no. WPS 10290,"Alternative Delivery Channels and
            Impacts : Agent Banking",http://documents.worldbank.org/curated/en/099032402012335781/pdf/IDU0fcd7eb6100a390455a08a5e072caf3733bb0.pdf,/research/2023/02/33992586/alternative-delivery-channels-impacts-agent-banking,http://documents.worldbank.org/curated/en/099032402012335781/IDU0fcd7eb6100a390455a08a5e072caf3733bb0,2023/02/33992586/IDU0fcd7eb6100a390455a08a5e072caf3733bb0,099032402012335781,Off of Sr VP Dev Econ/Chief Econ (DECVP),http://documents.worldbank.org/curated/en/099032402012335781/IDU0fcd7eb6100a390455a08a5e072caf3733bb0,"Buri,Sinja","Cull,Robert J.","Alternative Delivery Channels and Impacts :
            Agent Banking",33992586,"This paper reviews evidence on agent
            networks of microfinance institutions and other financial
            services providers, which have expanded rapidly in recent
            years in some low- and middle-income contexts. There is
            emerging evidence that clients become more financially
            active as a result of the convenience and security of
            transacting with agents, especially with respect to
            depositing, withdrawing, and transferring funds. Agent
            networks could also help increase the savings of low-income
            clients, although evidence suggests that commitment devices
            may also be required, and there is little evidence that
            agents expand credit to clients, although they can
            facilitate loan repayment. Building on their physical and
            social proximity to customers, agents can become a potential
            gateway for expanding and deepening financial inclusion, but
            the pricing of agent transactions and consumer protection
            remain important considerations.","Gine,Xavier",,,,,,,
20,33993772,"Venezuela, Republica Bolivariana de",Policy Research Working Paper,2023-02-02T00:00:00Z,Publications & Research,"Policy Research working paper ; no. WPS
            10291; COVID-19 (Coronavirus)","Least Protected, Most Affected :
            Impacts of Migration Regularization Programs on Pandemic Resilience",http://documents.worldbank.org/curated/en/099434102022326620/pdf/IDU0d650c0b003639048f50b76b00b3f2e3f05a9.pdf,/research/2023/02/33993772/least-protected-most-affected-impacts-migration-regularization-programs-pandemic-resilience,http://documents.worldbank.org/curated/en/099434102022326620/IDU0d650c0b003639048f50b76b00b3f2e3f05a9,2023/02/33993772/IDU0d650c0b003639048f50b76b00b3f2e3f05a9,099434102022326620,Off of Sr VP Dev Econ/Chief Econ (DECVP),http://documents.worldbank.org/curated/en/099434102022326620/IDU0d650c0b003639048f50b76b00b3f2e3f05a9,"Urbina Florez,Maria Jose","Rozo Villarraga,Sandra Viviana","Least Protected, Most Affected : Impacts of
            Migration Regularization Programs on Pandemic Resilience",33993772,"How can regularization programs
            improve forced migrants’ resilience to shocks This paper
            leverages panel data collected during the COVID-19 pandemic
            to assess whether Venezuelan forced migrants who were
            eligible for a regularization program in Colombia were more
            resilient and less affected by the pandemic than similar but
            non-eligible forced migrants. The results indicate that
            access to the program promoted better health access for
            eligible migrants, facilitating adherence to prevention
            guidelines and increasing detection rates. Additionally,
            eligible migrants had better housing and labor conditions,
            relative to non-eligible migrants.","Moya,Andrés","Ibáñez,Ana María",,,,,,
21,33996426,World,Policy Research Working Paper,2023-02-06T00:00:00Z,Publications & Research,Policy Research working paper ; no. WPS 10292,"Efficiency and Equity in Urban
            Flood Management Policies : A Systematic Urban Economics Exploration",http://documents.worldbank.org/curated/en/099527102062332327/pdf/IDU0e0eee23a036c7040f20898009edeafa81b36.pdf,/research/2023/02/33996426/efficiency-equity-urban-flood-management-policies-systematic-urban-economics-exploration,http://documents.worldbank.org/curated/en/099527102062332327/IDU0e0eee23a036c7040f20898009edeafa81b36,2023/02/33996426/IDU0e0eee23a036c7040f20898009edeafa81b36,099527102062332327,Off of Sr VP Dev Econ/Chief Econ (DECVP),http://documents.worldbank.org/curated/en/099527102062332327/IDU0e0eee23a036c7040f20898009edeafa81b36,"Liotta,Charlotte","Avner,Paolo","Efficiency and Equity in Urban Flood
            Management Policies : A Systematic Urban Economics Exploration",33996426,"Flood exposure is likely to increase
            in the future as a direct consequence of more frequent and
            more intense flooding and the growth of populations and
            economic assets in flood-prone areas. Low-income households,
            which are more likely to be located in high-risk zones, will
            be particularly affected. This paper assesses the welfare
            and equity impacts of three flood management
            policies—risk-based insurance, zoning, and subsidized
            insurance—using an urban economics framework with two income
            groups and three potential flood locations. The paper shows
            that in a first-best setting, risk-based insurance maximizes
            social welfare. However, depending on flood characteristics,
            implementing a zoning policy or subsidized insurance is
            close to optimal and can be more feasible. Subsidizing
            insurance reduces upward pressure on housing rents but
            increases flood damage, and is recommended for rare floods
            occurring in a large part of a city. Zoning policies have
            the opposite effect, avoiding damage but increasing housing
            rents, and are recommended for frequent floods in small
            areas. The social welfare impact of choosing the wrong flood
            management policy depends on the location of floods relative
            to employment centers, with flooding close to employment
            centers being particularly harmful. Implementing flood
            management policies redistributes flood costs between high-
            and low-income households through land markets, irrespective
            of who is directly affected. As such, they are progressive
            in terms of equity, compared to a laissez-faire scenario
            with myopic anticipations, in the more common scenario where
            poorer populations are more exposed to urban floods. But
            their impacts on inequality depend on flood locations and
            urban configuration. For instance, in a city where floods
            are centrally located and low-income households live in the
            city center, subsidized insurance would mitigate a surge in
            inequality, whereas a zoning policy could substantially
            increase inequalities.","Hallegatte,Stephane",,,,,,,
22,33996475,Niger,Policy Research Working Paper,2023-02-06T00:00:00Z,Publications & Research,"Policy Research working paper ; no. WPS
            10293; Impact Evaluation series","Cash and Conflict: Large-Scale
            Experimental Evidence from Niger",http://documents.worldbank.org/curated/en/099651402062332589/pdf/IDU0914fd60d0df8f04091081fe042e6b84b58ec.pdf,/research/2023/02/33996475/cash-conflict-large-scale-experimental-evidence-niger,http://documents.worldbank.org/curated/en/099651402062332589/IDU0914fd60d0df8f04091081fe042e6b84b58ec,2023/02/33996475/IDU0914fd60d0df8f04091081fe042e6b84b58ec,099651402062332589,Off of Sr VP Dev Econ/Chief Econ (DECVP),http://documents.worldbank.org/curated/en/099651402062332589/IDU0914fd60d0df8f04091081fe042e6b84b58ec,"Premand,Patrick","Rohner,Dominic Patrick","Cash and Conflict: Large-Scale Experimental
            Evidence from Niger",33996475,"Conflict undermines development,
            while poverty, in turn, breeds conflict. Policy
            interventions such as cash transfers could lower engagement
            in conflict by raising poor households' welfare and
            productivity. However, cash transfers may also trigger
            appropriation or looting of cash or assets. The expansion of
            government programs may further attract attacks to undermine
            state legitimacy. To investigate the net effect across these
            forces, this paper studies the impact of cash transfers on
            conflict in Niger. The analysis relies on the large-scale
            randomization of a government-led cash transfer program
            among nearly 4,000 villages over seven years, combined with
            geo-referenced conflict events that draw on media and
            nongovernmental organization reports from a wide variety of
            international and domestic sources. The findings show that
            cash transfers did not result in greater pacification but—if
            anything—triggered a short-term increase in conflict events,
            which were to a large extent driven by terrorist attacks by
            foreign rebel groups (such as Boko Haram) that could have
            incentives to “sabotage” successful government programs.",,,,,,,,
23,33996535,Africa,Policy Research Working Paper,2023-02-06T00:00:00Z,Publications & Research,Policy Research working paper ; no. WPS 10294,"Labor Productivity Growth and
            Industrialization in Africa",http://documents.worldbank.org/curated/en/099854202062391425/pdf/IDU02125ef1d01d4904496091ca0f8683b886cf6.pdf,/research/2023/02/33996535/labor-productivity-growth-industrialization-africa,http://documents.worldbank.org/curated/en/099854202062391425/IDU02125ef1d01d4904496091ca0f8683b886cf6,2023/02/33996535/IDU02125ef1d01d4904496091ca0f8683b886cf6,099854202062391425,Off of Sr VP Dev Econ/Chief Econ (DECVP),http://documents.worldbank.org/curated/en/099854202062391425/IDU02125ef1d01d4904496091ca0f8683b886cf6,"Mcmillan,Margaret S.","Zeufack,Albert G.","Labor Productivity Growth and
            Industrialization in Africa",33996535,"Manufacturing has made an important
            contribution to raising living standards in many parts of
            the world. Concerns about premature deindustrialization have
            made some observers skeptical about the potential for
            manufacturing to play this role in Africa. But employment in
            African manufacturing has grown rapidly over the past 20
            years. These employment gains have been accompanied by: (i)
            large increases in the number of small manufacturing firms,
            (ii) limited employment gains in large firms, and (iii)
            robust labor productivity growth in Africa’s large firms.
            Limited employment growth in Africa’s large manufacturing
            firms is partly a result of the capital intensity of the
            manufacturing subsectors in which African countries are most
            engaged—the processing of resources—and partly a result of
            rising capital intensity in manufacturing. The potential for
            manufacturing to raise living standards in Africa depends on
            indirect job creation by large firms through backward and
            forward linkages and increasing labor productivity in small firms.",,,,,,,,
24,33996541,World,Policy Research Working Paper,2023-02-06T00:00:00Z,Publications & Research,Policy Research working paper ; no. WPS 10295,"A Deeper Dive into the
            Relationship between Economic Development and Migration",http://documents.worldbank.org/curated/en/099923302062340150/pdf/IDU0c80525c10457504e47095c304fd60e3bae30.pdf,/research/2023/02/33996541/deeper-dive-relationship-between-economic-development-migration,http://documents.worldbank.org/curated/en/099923302062340150/IDU0c80525c10457504e47095c304fd60e3bae30,2023/02/33996541/IDU0c80525c10457504e47095c304fd60e3bae30,099923302062340150,,http://documents.worldbank.org/curated/en/099923302062340150/IDU0c80525c10457504e47095c304fd60e3bae30,"Shrestha,Maheshwor",,"A Deeper Dive into the Relationship between
            Economic Development and Migration",33996541,"This descriptive paper provides a
            nuanced perspective on the relationship between development
            and migration, extending the non-parametric analysis in
            Clemens (2020). A few stylized patterns of migration emerge
            as countries develop. First, the migration response to
            development differs by the types of origin and destination
            countries. As low-income countries develop, their migration
            to high-income destinations increases slowly but steadily,
            whereas migration to other low-income or neighboring
            countries decreases at early levels of development. As
            middle-income countries develop, their migration to
            high-income countries increases steadily and plateaus once
            they reach sufficiently high levels of income. Second, the
            composition of migrants changes as countries develop. In
            particular, migrants to high-income destination countries
            become more educated. Third, the emigration response from
            middle-income countries is muted for countries with larger
            populations, particularly toward high-income destinations.
            These patterns suggest a strong role multiple
            transformations—such as increasing incomes, increased global
            integration, a demographic transition, increased human
            capital, and domestic structural change—play in changing
            migration patterns as countries develop. The paper explores
            these migration patterns in light of these transformations.",,,,,,,,
25,33996566,World,Policy Research Working Paper,2023-02-06T00:00:00Z,Publications & Research,Policy Research working paper ; no. WPS 10296,"A Metadata Schema for Data from
            Experiments in the Social Sciences",http://documents.worldbank.org/curated/en/099945502062327217/pdf/IDU081c960a8049b504197099ff0d12be0b95375.pdf,/research/2023/02/33996566/metadata-schema-data-experiments-social-sciences,http://documents.worldbank.org/curated/en/099945502062327217/IDU081c960a8049b504197099ff0d12be0b95375,2023/02/33996566/IDU081c960a8049b504197099ff0d12be0b95375,099945502062327217,Off of Sr VP Dev Econ/Chief Econ (DECVP),http://documents.worldbank.org/curated/en/099945502062327217/IDU081c960a8049b504197099ff0d12be0b95375,"Cavanagh,Jack","Fliegner,Jasmin Claire","A Metadata Schema for Data from Experiments
            in the Social Sciences",33996566,"The use of randomized controlled
            trials (RCTs) in the social sciences has greatly expanded,
            resulting in newly abundant, high-quality data that can be
            reused to perform methods research in program evaluation, to
            systematize evidence for policymakers, and for replication
            and training purposes. However, potential users of RCT data
            often face significant barriers to discovery and reuse. This
            paper proposes a metadata schema that standardizes RCT data
            documentation and can serve as the basis for one—or many,
            interoperable —data catalogs that make such data easily
            findable, searchable, and comparable, and thus more readily
            reusable for secondary research. The schema is designed to
            document the unique properties of RCT data. Its set of
            fields and associated encoding schemes (acceptable formats
            and values) can be used to describe any dataset associated
            with a social science RCT. The paper also makes
            recommendations for implementing a catalog or database based
            on this metadata schema.","Kopper,Sarah","Sautmann,Anja",,,,,,
26,33997201,World,Policy Research Working Paper,2023-02-07T00:00:00Z,Publications & Research,Policy Research working paper ; no. WPS 10297,"Scalable Tracking of CO2
            Emissions : A Global Analysis with Satellite Data",http://documents.worldbank.org/curated/en/099451002072317154/pdf/IDU0621a0ff30676804fa80a8c8057614023b215.pdf,/research/2023/02/33997201/scalable-tracking-co2-emissions-global-analysis-satellite-data,http://documents.worldbank.org/curated/en/099451002072317154/IDU0621a0ff30676804fa80a8c8057614023b215,2023/02/33997201/IDU0621a0ff30676804fa80a8c8057614023b215,099451002072317154,Off of Sr VP Dev Econ/Chief Econ (DECVP),http://documents.worldbank.org/curated/en/099451002072317154/IDU0621a0ff30676804fa80a8c8057614023b215,"Dasgupta,Susmita","Lall,Somik V.","Scalable Tracking of CO2 Emissions : A
            Global Analysis with Satellite Data",33997201,"This paper extends recent research on
            satellite-based carbon dioxide measurement to an easily
            updated template for tracking changes in carbon dioxide
            concentrations at local and regional scales. Using data from
            the National Aeronautics and Space Administration’s Orbiting
            Carbon Observatory-2 satellite platform and a large sample
            of urban areas, a comparison of trend estimation models
            suggests that the template can use a simple model that
            estimates trends directly from satellite data pre-filtered
            to isolate local concentration anomalies. Illustrative
            applications are developed for a long-period trend model and
            a short-period model focused on change in the most recent
            year. In addition, the paper estimates carbon dioxide
            emissions for thousands of urban areas and identifies cities
            whose emissions performance is above or below expectation.
            Although the tracking model is “simple,” it requires
            software and hardware that are beyond the means of many
            interested stakeholders. For this reason, the World Bank’s
            Development Economics Vice Presidency has established an
            open web facility that pre-filters data from the National
            Aeronautics and Space Administration’s Orbiting Carbon
            Observatory-2satellite and publishes monthly mean
            concentration anomalies for all terrestrial cells of a
            25-kilometer global grid. The website will also publish
            annual carbon dioxide tracking reports for urban areas and
            provide information that links the 25-kilometer global grid
            cell IDs to IDs for urban areas and national administrative
            units (levels 0, 1, and 2).","Wheeler,David",,,,,,,
27,33997256,World,Policy Research Working Paper,2023-02-07T00:00:00Z,Publications & Research,Policy Research working paper ; no. WPS 10298,Natural Disasters and Fiscal Drought,http://documents.worldbank.org/curated/en/099522502072316483/pdf/IDU07bc00319084e604479091310142907db69fd.pdf,/research/2023/02/33997256/natural-disasters-fiscal-drought,http://documents.worldbank.org/curated/en/099522502072316483/IDU07bc00319084e604479091310142907db69fd,2023/02/33997256/IDU07bc00319084e604479091310142907db69fd,099522502072316483,Off of Sr VP Dev Econ/Chief Econ (DECVP),http://documents.worldbank.org/curated/en/099522502072316483/IDU07bc00319084e604479091310142907db69fd,"Milivojevic,Lazar",,Natural Disasters and Fiscal Drought,33997256,"This paper examines to what extent
            slowdowns in economic growth after natural disasters are
            accompanied by widening fiscal deficits and corresponding
            pressures on public debt. Empirical analysis based on
            exogenous measures of physical disaster intensity shows that
            natural disasters lead not only to output losses but also to
            further deterioration of countries’ fiscal positions. The
            effects are persistent and driven by developments in
            emerging markets and developing economies. A dynamic
            stochastic general equilibrium model is used to show the
            propagation mechanism of an extreme event that affects
            agricultural productivity. The model features farmers
            endowed with land with time-varying productivity subject to
            economic and weather conditions. Simulation results
            illustrate the climate-fiscal nexus existence and highlight
            the role of structural resilience in limiting the impact of
            natural disasters.",,,,,,,,
28,33997261,Africa,Policy Research Working Paper,2023-02-07T00:00:00Z,Publications & Research,Policy Research working paper ; no. WPS 10299,"Cross-Border Exchange of
            Information and Tax Revenue Mobilization in Africa",http://documents.worldbank.org/curated/en/099540202072324975/pdf/IDU013802e10025a904c3f09cbc0d8ddfb3f7f88.pdf,/research/2023/02/33997261/cross-border-exchange-information-tax-revenue-mobilization-africa,http://documents.worldbank.org/curated/en/099540202072324975/IDU013802e10025a904c3f09cbc0d8ddfb3f7f88,2023/02/33997261/IDU013802e10025a904c3f09cbc0d8ddfb3f7f88,099540202072324975,Off of Sr VP Dev Econ/Chief Econ (DECVP),http://documents.worldbank.org/curated/en/099540202072324975/IDU013802e10025a904c3f09cbc0d8ddfb3f7f88,"Traore,Mohamed Lamine","Coulibaly,Seydou","Cross-Border Exchange of Information and Tax
            Revenue Mobilization in Africa",33997261,"Tax evasion and avoidance generate
            distortions in tax systems and cause significant revenue
            losses for African economies. International cooperation is
            one of the most effective methods of combating tax evasion
            and tax avoidance. As such, many countries are participating
            in global initiatives toward the exchange of information
            between national administrations for tax purposes. This
            paper provides the first empirical evidence on the revenue
            effects of tax-related exchange of information for African
            countries. The regressions are carried out on a sample of 54
            African countries on data from 1990–2020. The findings
            indicate that the exchange of information for tax purposes
            between national tax jurisdictions has a positive and
            statistically significant impact on tax revenue. The
            estimation results show that exchange of information could
            increase tax revenue collection by a magnitude ranging from
            5 to 19 percent. These findings reiterate the importance of
            international cooperation for combating tax evasion and
            stimulating tax collection in Africa.","Arvanitis,Yannis",,,,,,,
29,33997417,World,Policy Research Working Paper,2023-02-07T00:00:00Z,Publications & Research,"Policy Research working paper ; no. WPS
            10300; COVID-19 (Coronavirus)","Long COVID : The Evolution of
            Household Welfare in Developing Countries during the Pandemic",http://documents.worldbank.org/curated/en/099826402072318968/pdf/IDU07ef9152e081d904fcd09b0c08cd7f9ddb61e.pdf,/research/2023/02/33997417/long-covid-evolution-household-welfare-developing-countries-during-pandemic,http://documents.worldbank.org/curated/en/099826402072318968/IDU07ef9152e081d904fcd09b0c08cd7f9ddb61e,2023/02/33997417/IDU07ef9152e081d904fcd09b0c08cd7f9ddb61e,099826402072318968,Off of Sr VP Dev Econ/Chief Econ (DECVP),http://documents.worldbank.org/curated/en/099826402072318968/IDU07ef9152e081d904fcd09b0c08cd7f9ddb61e,"Brunckhorst,Ben James","Cojocaru,Alexandru","Long COVID : The Evolution of Household
            Welfare in Developing Countries during the Pandemic",33997417,"This paper examines the welfare
            impacts of the COVID-19 pandemic, using harmonized data from
            343 high-frequency phone surveys conducted in 80 economies
            during 2020 and 2021, representing more than 2.5 billion
            people. The analysis focuses on the scarring effects of the
            initial losses of employment and income by examining their
            evolution over time across and within countries, as
            restrictions on mobility and economic activity were
            introduced and then gradually relaxed. The employment and
            welfare outcomes of some groups that were impacted to a
            greater degree initially—including women, informal workers,
            and those with less education—have been improving at a
            slower pace. The social protection response in lower-income
            economies was largely insufficient to protect households
            from the pandemic shock. Unmitigated welfare losses, as seen
            for example from the large share of households indicating
            income losses well into 2021, are highly correlated with
            food insecurity, which likely led some households to sell
            physical assets and deplete their savings. Without proper
            remediation, the uneven welfare impacts associated with
            COVID-19 may be amplified over the medium to long term,
            leading to future increases in poverty and inequality.","Hill,Ruth","Kim,Yeon Soo","Kugler,Maurice David",,,,,
30,33997514,World,Policy Research Working Paper,2023-02-07T00:00:00Z,Publications & Research,Policy Research working paper ; no. WPS 10301,"Estimating House Prices in
            Emerging Markets and Developing Economies : A Big Data Approach",http://documents.worldbank.org/curated/en/099902502072329449/pdf/IDU0a13494320191f04f1508b99027642b859647.pdf,/research/2023/02/33997514/estimating-house-prices-emerging-markets-developing-economies-big-data-approach,http://documents.worldbank.org/curated/en/099902502072329449/IDU0a13494320191f04f1508b99027642b859647,2023/02/33997514/IDU0a13494320191f04f1508b99027642b859647,099902502072329449,Off of Sr VP Dev Econ/Chief Econ (DECVP),http://documents.worldbank.org/curated/en/099902502072329449/IDU0a13494320191f04f1508b99027642b859647,"Behr,Daniela Monika","Chen,Lixue","Estimating House Prices in Emerging Markets
            and Developing Economies : A Big Data Approach",33997514,"Despite the relevance of house prices
            for a variety of stakeholders as well as for macroeconomic
            and monetary policy making, reliable, publicly available
            house price data are largely absent in emerging markets and
            developing economies. Filling this void, this paper presents
            a systematic approach to collecting, analyzing, and
            assessing private property prices in emerging markets and
            developing economies. The paper uses data scraped from five
            countries’ largest real estate websites where private
            properties are listed for sale, to obtain price data and
            property attributes to establish a comprehensive data set
            that allows for both intra- and inter-country comparison of
            residential property prices. It then outlines the usability
            of these data by employing random forest estimation to
            predict the price of a standard housing unit—the basic house
            price—that is comparable across countries. While this
            approach is also applicable to filling wide data gaps in the
            provision of private property prices in developed economies,
            the paper focuses on how this approach can be applied to
            emerging markets and developing economies, where private
            property price data are particularly scarce.","Goel,Ankita","Haider,Khondoker Tanveer",Sandeep Singh,"Zaman,Asad",,,,
31,33998032,"Syrian Arab Republic,Europe,World",Policy Research Working Paper,2023-02-08T00:00:00Z,Publications & Research,Policy Research working paper ; no. WPS 10302,"Measuring Poverty in Forced
            Displacement Contexts",http://documents.worldbank.org/curated/en/099330002082336067/pdf/IDU0f21f2e9f0f7b704c420a5af038bbbbb4f592.pdf,/research/2023/02/33998032/measuring-poverty-forced-displacement-contexts,http://documents.worldbank.org/curated/en/099330002082336067/IDU0f21f2e9f0f7b704c420a5af038bbbbb4f592,2023/02/33998032/IDU0f21f2e9f0f7b704c420a5af038bbbbb4f592,099330002082336067,Off of Sr VP Dev Econ/Chief Econ (DECVP),http://documents.worldbank.org/curated/en/099330002082336067/IDU0f21f2e9f0f7b704c420a5af038bbbbb4f592,"Pape,Utz Johann","Verme,Paolo",Measuring Poverty in Forced Displacement Contexts,33998032,"Poverty measurement among forcibly
            displaced populations, including refugees and internally
            displaced persons, has been, for long, neglected by the
            economics profession and by poverty specialists working
            across the social sciences. This has changed since the
            beginning of the Syrian conflict in 2011 and the peak of the
            European migration crisis in 2015. This paper reviews the
            evolution, current status, and future prospects of the
            poverty measurement literature on forcibly displaced
            populations; discusses the main data and measurement
            challenges associated with this type of population;
            illustrates selected empirical findings that have emerged
            from the recent literature; and provides an overview of the
            substantial effort that humanitarian and development
            organizations are currently undertaking to close this
            historical gap in poverty measurement.",,,,,,,,
32,34001266,"World,United States",Policy Research Working Paper,2023-02-13T00:00:00Z,Publications & Research,"Policy Research working paper ; no. WPS
            10303; COVID-19 (Coronavirus)","The Aggregate Effects of Global
            and Local Supply Chain Disruptions : 2020–2022",http://documents.worldbank.org/curated/en/099358202132331977/pdf/IDU04fa983470a55e045cf086ea01ed3050976da.pdf,/research/2023/02/34001266/aggregate-effects-global-local-supply-chain-disruptions-2020–2022,http://documents.worldbank.org/curated/en/099358202132331977/IDU04fa983470a55e045cf086ea01ed3050976da,2023/02/34001266/IDU04fa983470a55e045cf086ea01ed3050976da,099358202132331977,Off of Sr VP Dev Econ/Chief Econ (DECVP),http://documents.worldbank.org/curated/en/099358202132331977/IDU04fa983470a55e045cf086ea01ed3050976da,"Alessandria,George","Khan,Shafaat Yar","The Aggregate Effects of Global and Local
            Supply Chain Disruptions : 2020–2022",34001266,"This paper studies the aggregate
            effects of supply chain disruptions in the post-pandemic
            period in a heterogeneous-firm, general equilibrium model
            with input-output linkages and a rich set of supply chain
            frictions: uncertain shipping delays, fixed order costs, and
            storage costs. Firms optimally hold inventories that depend
            on the source of sup- ply, domestic or imported. Increases
            in shipping times are contractionary, raise prices, and
            increase stockouts, particularly for goods intensive in
            delayed inputs. These effects are larger when inventories
            are already at low levels. The paper fits the model to the
            United States and global economies over 2020|2022 and
            estimates large aggregate effects of supply disruptions. The
            model predicts that the boost in output from reducing delays
            will be smaller than the contraction from the waning effects
            of stimulus.","Khederlarian,Armen","Mix,Carter","Ruhl,Kim J.",,,,,
33,34001367,World,Policy Research Working Paper,2023-02-13T00:00:00Z,Publications & Research,"Policy Research working paper ; no. WPS
            10304; COVID-19 (Coronavirus)","From Middle Class to Poverty :
            The Unequal Impacts of the COVID-19 Pandemic on Developing Countries",http://documents.worldbank.org/curated/en/099656502132311742/pdf/IDU03013bde50269504e01092b7030c1e1cf85c9.pdf,/research/2023/02/34001367/middle-class-poverty-unequal-impacts-covid-19-pandemic-developing-countries,http://documents.worldbank.org/curated/en/099656502132311742/IDU03013bde50269504e01092b7030c1e1cf85c9,2023/02/34001367/IDU03013bde50269504e01092b7030c1e1cf85c9,099656502132311742,Off of Sr VP Dev Econ/Chief Econ (DECVP),http://documents.worldbank.org/curated/en/099656502132311742/IDU03013bde50269504e01092b7030c1e1cf85c9,"Viollaz,Mariana","Vasconcellos Archer Duque,Daniel","From Middle Class to Poverty : The Unequal
            Impacts of the COVID-19 Pandemic on Developing Countries",34001367,"This study combines pre-COVID-19
            household surveys with 2020 macro data to simulate changes
            in household economic welfare and poverty rates through job
            losses, labor income changes, and non-labor (remittance)
            income changes during 2020 in Brazil, Sri Lanka, the
            Philippines, South Africa, and Türkiye. It first presents an
            in-depth analysis of employment elasticities projections—a
            critical input in microsimulations—for 15 developing
            countries. In 11 of the 15 countries, employment estimates
            for 2020 based on elasticities were within 5 percent of the
            actual employment level, but in four countries, where the
            labor markets were more disrupted by the pandemic, the
            projections considerably underestimated job losses due to
            the crisis. The study then presents the simulation results
            for the five countries, which show declines in per capita
            household income or consumption across the distribution, a
            decline in the middle class, and increased poverty, but no
            other clear pattern of impacts across the different
            quintiles. Finally, data from Brazil indicate that the
            simulation underestimated the magnitude of the shock
            throughout the distribution, especially for the wealthy,
            because it underestimated declines in earnings.","Diaz-Bonilla,Carolina","Newhouse,David Locke","Weber,Michael",,,,,
34,34002345,"World,East Asia and Pacific",Policy Research Working Paper,2023-02-14T00:00:00Z,Publications & Research,Policy Research working paper ; no. WPS 10305,"Maternal Work and Children’s
            Development : Examining 20 Years of Evidence",http://documents.worldbank.org/curated/en/099413302142327891/pdf/IDU0ddfa53760d59004f670a7a9049595a20ba6d.pdf,/research/2023/02/34002345/maternal-work-children’s-development-examining-20-years-evidence,http://documents.worldbank.org/curated/en/099413302142327891/IDU0ddfa53760d59004f670a7a9049595a20ba6d,2023/02/34002345/IDU0ddfa53760d59004f670a7a9049595a20ba6d,099413302142327891,Off of Sr VP Dev Econ/Chief Econ (DECVP),http://documents.worldbank.org/curated/en/099413302142327891/IDU0ddfa53760d59004f670a7a9049595a20ba6d,"Lo Bue,Maria C.","Perova,Elizaveta","Maternal Work and Children’s Development :
            Examining 20 Years of Evidence",34002345,"Maternal work may affect children
            positively through increased household income, higher
            control of mothers over available income, and expansion of
            maternal information networks through work contacts and
            greater decision-making power of mothers as they become more
            economically empowered. However, maternal work may reduce
            maternal time spent with children. If maternal time is not
            substituted for time of equal quality by other caregivers,
            children’s development may be penalized. Stress associated
            with work may also decrease the quality of parenting. This
            review summarizes causal evidence on the relationship
            between maternal work and children’s development. The
            majority causal studies find positive or 0 impacts of
            maternal work on children’s development.","Reynolds,Sarah",,,,,,,
35,34002354,South Asia,Policy Research Working Paper,2023-02-14T00:00:00Z,Publications & Research,Policy Research working paper ; no. WPS 10306,"How Selling Online Is Affecting
            Informal Firms in South Asia",http://documents.worldbank.org/curated/en/099444202142334446/pdf/IDU0039fe5d30b540042bd0aa8a0fc249451de56.pdf,/research/2023/02/34002354/selling-online-affecting-informal-firms-south-asia,http://documents.worldbank.org/curated/en/099444202142334446/IDU0039fe5d30b540042bd0aa8a0fc249451de56,2023/02/34002354/IDU0039fe5d30b540042bd0aa8a0fc249451de56,099444202142334446,Off of Sr VP Dev Econ/Chief Econ (DECVP),http://documents.worldbank.org/curated/en/099444202142334446/IDU0039fe5d30b540042bd0aa8a0fc249451de56,"Bussolo,Maurizio","Dixit,Akshay Govind","How Selling Online Is Affecting Informal
            Firms in South Asia",34002354,"Understanding how e-commerce
            platforms are affecting the small, informal firms that sell
            on them is a question of growing importance to researchers
            and policy makers in developing countries. This paper
            examines this question using data from surveys of firms
            selling on two e-commerce platforms in South Asia. The
            businesses selling on these platforms range widely in terms
            of size, degree of formalization, and other characteristics.
            However, these firms -- even the micro and small ones, which
            tend to be informal -- are from a selected group, being
            owned and managed by individuals who are more educated and
            younger than the owners and managers of more typical firms
            in this setting. The sellers' main reason for joining
            the platforms is to access more customers. Most of the
            sellers report an expansion of their business after joining
            the platforms. They also report an increase in their
            incentive to register their business and their visibility to
            tax authorities. Other, less widespread channels of impact
            reported by the firms include the adoption of new or
            improved business practices and technologies, better access
            to finance, and greater flexibility in balancing home and
            work life. In general, these reported impacts do not vary
            significantly by firm size or degree of formalization,
            suggesting that even informal, small firms that have
            (selectively) joined e-commerce platforms can benefit from
            the greater market access facilitated by the platforms.
            Finally, given size and age, firms that have been selling on
            the platform for a longer period are more likely to
            experience these impacts, suggesting that firms learn how to
            use the platform more effectively over time.","Golla,Anne Marie","Kotia,Ananya","Lee,Jean Nahrae","Sharma,Siddharth",,,,
36,34002366,World,Policy Research Working Paper,2023-02-14T00:00:00Z,Publications & Research,Policy Research working paper ; no. WPS 10307,"Stock Market Liberalizations and
            Export Dynamics",http://documents.worldbank.org/curated/en/099457502142334690/pdf/IDU08d80297d09e290404508a050d45015c723f5.pdf,/research/2023/02/34002366/stock-market-liberalizations-export-dynamics,http://documents.worldbank.org/curated/en/099457502142334690/IDU08d80297d09e290404508a050d45015c723f5,2023/02/34002366/IDU08d80297d09e290404508a050d45015c723f5,099457502142334690,Off of Sr VP Dev Econ/Chief Econ (DECVP),http://documents.worldbank.org/curated/en/099457502142334690/IDU08d80297d09e290404508a050d45015c723f5,"Jaud,Melise","Kukenova,Madina",Stock Market Liberalizations and Export Dynamics,34002366,"Foreign investors facilitate
            efficiency-enhancing structural change in the recipient
            countries. After countries liberalize their stock markets
            and allow foreign investors to acquire equity stakes in
            domestic firms, products that do not correspond to the
            liberalizing countries' comparative advantage disappear
            disproportionately faster from their export portfolios. At
            the same time, the overall long-term export performance of
            the liberalizing countries improves. Domestic stock market
            development does not have the same disciplining effect in
            terminating inefficient exports. Foreign investors thus play
            a unique role in improving resource allocation in the real economy.","Strieborny,Martin",,,,,,,
37,34003110,Guatemala,Policy Research Working Paper,2023-02-15T00:00:00Z,Publications & Research,"Policy Research working paper ; no. WPS
            10308; COVID-19 (Coronavirus)","The Effects of Differential
            Exposure to COVID-19 on Educational Outcomes in Guatemala",http://documents.worldbank.org/curated/en/099328302152325447/pdf/IDU0dea7cb7a0fb2904d5209894085b37e7db944.pdf,/research/2023/02/34003110/effects-differential-exposure-covid-19-educational-outcomes-guatemala,http://documents.worldbank.org/curated/en/099328302152325447/IDU0dea7cb7a0fb2904d5209894085b37e7db944,2023/02/34003110/IDU0dea7cb7a0fb2904d5209894085b37e7db944,099328302152325447,Off of Sr VP Dev Econ/Chief Econ (DECVP),http://documents.worldbank.org/curated/en/099328302152325447/IDU0dea7cb7a0fb2904d5209894085b37e7db944,"Ham,Andres","Vazquez,Emmanuel Jose","The Effects of Differential Exposure to
            COVID-19 on Educational Outcomes in Guatemala",34003110,"This paper studies the effects of
            differential exposure to COVID-19 on educational outcomes in
            Guatemala. The government adopted a warning index (ranging
            from 0 to 10) to classify municipalities by infection rates
            in 2020, which was then used by the Ministry of Education in
            2021 to establish a “stoplight” system for in-person
            instruction. Using administrative panel data for all
            students in Guatemala, the study employs a
            difference-in-differences strategy that leverages municipal
            differences over time in the warning index to estimate the
            effects of the pandemic on dropout, promotion, and school
            switching. The results show that municipalities with a
            higher warning index had significantly larger dropout, lower
            promotion rates, and a greater share of students switching
            from private to public schools. These effects were more
            pronounced during the first year of the pandemic. The
            findings show differential effects by the level of
            instruction, with greater losses for younger children in
            initial and primary education. The results are robust to
            specification choice, multiple hypothesis adjustments, and
            placebo experiments, suggesting that the pandemic has had
            heterogeneous consequences.","Yanez Pagans,Monica",,,,,,,
38,34003118,Pakistan,Policy Research Working Paper,2023-02-15T00:00:00Z,Publications & Research,Policy Research working paper ; no. WPS 10309,"Cognitive and Socioemotional
            Skills in Low-Income Countries : Measurement and
            Associations with Schooling and Earnings",http://documents.worldbank.org/curated/en/099350502152318182/pdf/IDU0c9063062040cc0474d08e7909de4bcedb74d.pdf,/research/2023/02/34003118/cognitive-socioemotional-skills-low-income-countries-measurement-associations-schooling-earnings,http://documents.worldbank.org/curated/en/099350502152318182/IDU0c9063062040cc0474d08e7909de4bcedb74d,2023/02/34003118/IDU0c9063062040cc0474d08e7909de4bcedb74d,099350502152318182,Off of Sr VP Dev Econ/Chief Econ (DECVP),http://documents.worldbank.org/curated/en/099350502152318182/IDU0c9063062040cc0474d08e7909de4bcedb74d,"Danon,Alice Madeleine","Das,Jishnu","Cognitive and Socioemotional Skills in
            Low-Income Countries : Measurement and Associations with
            Schooling and Earnings",34003118,"This paper assesses the reliability
            and validity of cognitive and socioemotional skills measures
            and investigates the correlation between schooling, skills
            acquisition, and labor earnings. The primary data from
            Pakistan incorporates two innovations related to measurement
            and sampling. On measurement, the paper develops and
            implements a battery of instruments intended to capture
            cognitive and socioemotional skills among young adults. On
            sampling, the paper uses a panel that follows respondents
            from their original rural locations in 2003 to their
            residences in 2018, a period over which 38 percent of the
            respondents left their native villages. In terms of their
            validity and reliability, our skills measures compare
            favorably to previous measurement attempts in low- and
            middle-income countries. The following are documented in the
            data: (a) more years of schooling are correlated with higher
            cognitive and socioemotional skills; (b) labor earnings are
            correlated with cognitive and socioemotional skills as well
            as years of schooling; and (c) the earnings-skills
            correlations depend on respondents’ migration status. The
            magnitudes of the correlations between schooling and skills
            on the one hand and earnings and skills on the other are
            consistent with a widespread concern that such skills are
            underproduced in the schooling system.","De Barros,Andreas","Filmer,Deon P.",,,,,,
39,34003897,Africa,Policy Research Working Paper,2023-02-16T00:00:00Z,Publications & Research,"Policy Research working paper ; no. WPS
            10310; Paper is funded by the Knowledge for Change Program (KCP)","Long-Lived Consequences of Rapid
            Scale-Up ? The Case of Free Primary Education in Six
            Sub-Saharan African Countries",http://documents.worldbank.org/curated/en/099420102162335749/pdf/IDU073c7329b03ccb046520ab9f009f20eada03e.pdf,/research/2023/02/34003897/long-lived-consequences-rapid-scale-up-case-free-primary-education-six-sub-saharan-african-countries,http://documents.worldbank.org/curated/en/099420102162335749/IDU073c7329b03ccb046520ab9f009f20eada03e,2023/02/34003897/IDU073c7329b03ccb046520ab9f009f20eada03e,099420102162335749,Off of Sr VP Dev Econ/Chief Econ (DECVP),http://documents.worldbank.org/curated/en/099420102162335749/IDU073c7329b03ccb046520ab9f009f20eada03e,"Filmer,Deon P.",,"Long-Lived Consequences of Rapid Scale-Up ?
            The Case of Free Primary Education in Six Sub-Saharan
            African Countries",34003897,"Across six Sub-Saharan African
            countries, grade 4 students of teachers who were hired after
            a free primary education reform perform worse, on average,
            on language and math tests—statistically significantly so in
            language—than students of teachers who were hired before the
            reform. Teachers who were hired just after the reform also
            perform worse, on average, on tests of subject content
            knowledge than those hired before the reform. The results
            are sensitive to the time frames considered in the analysis,
            and aggregate results mask substantial variation across
            countries—gaps are large and significant in some countries
            but negligible in others. Analysis of teacher demographic
            and education characteristics—including education level or
            teacher certification—as well as teacher classroom-level
            behaviors reveals few systematic differences associated with
            being hired pre- or post-reform.",,,,,,,,
40,34006441,"France,Spain",Policy Research Working Paper,2023-02-21T00:00:00Z,Publications & Research,Policy Research working paper ; no. WPS 10311,"Understanding Home Bias in
            Procurement : Evidence from National and Subnational Governments",http://documents.worldbank.org/curated/en/099457302212337722/pdf/IDU01b9079cc0ec6f04cc40a4b008ee999add33a.pdf,/research/2023/02/34006441/understanding-home-bias-procurement-evidence-national-subnational-governments,http://documents.worldbank.org/curated/en/099457302212337722/IDU01b9079cc0ec6f04cc40a4b008ee999add33a,2023/02/34006441/IDU01b9079cc0ec6f04cc40a4b008ee999add33a,099457302212337722,Off of Sr VP Dev Econ/Chief Econ (DECVP),http://documents.worldbank.org/curated/en/099457302212337722/IDU01b9079cc0ec6f04cc40a4b008ee999add33a,"Garcia Santana,Manuel Jose","Santamaría,Marta","Understanding Home Bias in Procurement :
            Evidence from National and Subnational Governments",34006441,"Are governments locally biased when
            buying goods and services Can this home bias explain the low
            integration of procurement markets Using one million
            procurement contracts awarded in France and Spain, this
            paper explores whether the home bias follows the
            government's geographical scope: national governments
            have a national bias, while subnational governments have a
            local bias. The relative home bias across governments is
            estimated by comparing how local and non-local
            establishments sell the same product to national and
            subnational governments in the same destination. This paper
            finds that the governments’ home bias explains a big part of
            the high local concentration in procurement.",,,,,,,,
41,34006492,World,Policy Research Working Paper,2023-02-23T00:00:00Z,Publications & Research,"Policy Research working paper ; no. WPS
            10312; Paper is funded by the Knowledge for Change Program (KCP)",Effective Tax Rates and Firm Size,http://documents.worldbank.org/curated/en/099539402212317506/pdf/IDU08faf90b4005d704ec60b3990298765abeaa1.pdf,/research/2023/02/34006492/effective-tax-rates-firm-size,http://documents.worldbank.org/curated/en/099539402212317506/IDU08faf90b4005d704ec60b3990298765abeaa1,2023/02/34006492/IDU08faf90b4005d704ec60b3990298765abeaa1,099539402212317506,Off of Sr VP Dev Econ/Chief Econ (DECVP),http://documents.worldbank.org/curated/en/099539402212317506/IDU08faf90b4005d704ec60b3990298765abeaa1,"Bachas,Pierre Jean","Brockmeyer,Anne",Effective Tax Rates and Firm Size,34006492,"This paper provides novel evidence on
            the relationship between firm size and effective corporate
            tax rates, using full-population administrative tax data
            from 13 countries. In all countries, small firms face lower
            effective corporate tax rates than mid-sized firms due to
            reduced statutory tax rates and a higher propensity to
            register losses. In most countries, effective corporate tax
            rates fall for the largest firms due to the take-up of tax
            incentives. As a result, a third of the top 1 percent of
            firms face effective corporate tax rates below the global
            minimum tax of 15 percent. The minimum tax could raise
            corporate tax revenue by 27 percent in the median sample country.","Dom,Roel","Semelet,Camille Marine",,,,,,
42,34007528,World,Policy Research Working Paper,2023-02-22T00:00:00Z,Publications & Research,Policy Research working paper ; no. WPS 10313,"The Prices in the Crises : What
            We Are Learning from Twenty Years of Health Insurance in
            Low- and Middle-Income Countries",http://documents.worldbank.org/curated/en/099646102222328569/pdf/IDU09939e0140545c040490b24d0db206215ee67.pdf,/research/2023/02/34007528/prices-crises-learning-twenty-years-health-insurance-low--middle-income-countries,http://documents.worldbank.org/curated/en/099646102222328569/IDU09939e0140545c040490b24d0db206215ee67,2023/02/34007528/IDU09939e0140545c040490b24d0db206215ee67,099646102222328569,Off of Sr VP Dev Econ/Chief Econ (DECVP),http://documents.worldbank.org/curated/en/099646102222328569/IDU09939e0140545c040490b24d0db206215ee67,"Das,Jishnu","Do,Quy-Toan","The Prices in the Crises : What We Are
            Learning from Twenty Years of Health Insurance in Low- and
            Middle-Income Countries",34007528,"Governments in many low- and
            middle-income countries are developing health insurance
            products as a complement to tax-funded, subsidized provision
            of health care through publicly operated facilities. This
            paper discusses two rationales for this transition. First,
            health insurance would boost fiscal revenues for health
            care, as post-treatment out-of-pocket payments to providers
            would be replaced by pre-treatment insurance premia to
            health ministries. Second, increased patient choice and
            carefully designed physician reimbursements would increase
            quality in the health care sector. This essay shows that, at
            best, these objectives have only been partially met. Despite
            evidence that health insurance has provided financial
            protection, consumers are not willing to pay for
            unsubsidized premia. Health outcomes have not improved
            despite an increase in utilization. The authors argue that
            this is not because there was no room to improve the quality
            of care but because behavioral responses among health care
            providers have systematically undermined the objectives of
            these insurance schemes.",,,,,,,,
43,34008300,World,Policy Research Working Paper,2023-02-23T00:00:00Z,Publications & Research,Policy Research working paper ; no. WPS 10314,Food Insecurity Erodes Trust,http://documents.worldbank.org/curated/en/099954402232322083/pdf/IDU0724d109d0876d04394098c4087944f3aacb7.pdf,/research/2023/02/34008300/food-insecurity-erodes-trust,http://documents.worldbank.org/curated/en/099954402232322083/IDU0724d109d0876d04394098c4087944f3aacb7,2023/02/34008300/IDU0724d109d0876d04394098c4087944f3aacb7,099954402232322083,Off of Sr VP Dev Econ/Chief Econ (DECVP),http://documents.worldbank.org/curated/en/099954402232322083/IDU0724d109d0876d04394098c4087944f3aacb7,"Kassa,Woubet","Smith,Michael Dean",Food Insecurity Erodes Trust,34008300,"This study examines the relationship
            between food insecurity and trust using the 2014-17 waves of
            the Gallup World Poll and the Food and Agriculture
            Organization’s Food Insecurity Experience Scale. Trust
            improves public institutions, social capital, public health
            interventions, and economic development. Vertical trust is
            represented as an index of trust in national institutions,
            while horizontal trust is represented as a measure of trust
            in friends and family. The findings show that food
            insecurity is associated with a decrease in both measures of
            trust. The study further document heterogeneous effects of
            food insecurity across economic development rankings. The
            results suggest a need for governments to increase food
            security to bolster public trust, strengthen the social
            contract, and enhance the effectiveness of development efforts.","Wesselbaum,Dennis",,,,,,,
44,34008307,World,Policy Research Working Paper,2023-02-23T00:00:00Z,Publications & Research,Policy Research working paper ; no. WPS 10315,"Internal Conflicts and Shocks. A
            Narrative Meta-Analysis",http://documents.worldbank.org/curated/en/099024402232348023/pdf/IDU0580a732f0160c04a690950100390349bc4d5.pdf,/research/2023/02/34008307/internal-conflicts-shocks-narrative-meta-analysis,http://documents.worldbank.org/curated/en/099024402232348023/IDU0580a732f0160c04a690950100390349bc4d5,2023/02/34008307/IDU0580a732f0160c04a690950100390349bc4d5,099024402232348023,Off of Sr VP Dev Econ/Chief Econ (DECVP),http://documents.worldbank.org/curated/en/099024402232348023/IDU0580a732f0160c04a690950100390349bc4d5,"Laville,Camille","Mandon,Pierre Jean-Claude",Internal Conflicts and Shocks. A Narrative Meta-Analysis,34008307,"Do income shocks locally affect
            internal conflicts To address this question, this paper
            employs a meta-regression analysis of 2,464 infranational
            estimates from 64 recent empirical studies on conflicts and
            income-related shocks in developing countries. After
            accounting for publication selection bias, the analysis
            finds that, on average, wealth-increasing shocks in the
            agriculture sector are negatively associated with the local
            risk of conflict. Nonetheless, the analysis finds no average
            effect of wealth-decreasing shocks in the agriculture sector
            or wealth-increasing shocks in the extractive sector on the
            local risk of conflict. The paper also shows that studies
            that fail to uncover empirical effects that conform to
            researchers’ expectations on the theoretical mechanisms are
            less likely to be published. Differences in the geographical
            area of study, the choice of control variables, and the way
            shocks are measured substantially explain the heterogeneity
            among estimates in the literature.",,,,,,,,
45,34008850,Europe,Policy Research Working Paper,2023-02-24T00:00:00Z,Publications & Research,Policy Research working paper ; no. WPS 10316,Human Capital and Climate Change,http://documents.worldbank.org/curated/en/099509302242338718/pdf/IDU054e742ca083900487a0955e0f1e36d80c5db.pdf,/research/2023/02/34008850/human-capital-climate-change,http://documents.worldbank.org/curated/en/099509302242338718/IDU054e742ca083900487a0955e0f1e36d80c5db,2023/02/34008850/IDU054e742ca083900487a0955e0f1e36d80c5db,099509302242338718,Off of Sr VP Dev Econ/Chief Econ (DECVP),http://documents.worldbank.org/curated/en/099509302242338718/IDU054e742ca083900487a0955e0f1e36d80c5db,"Angrist,Noam","Winseck,Kevin",Human Capital and Climate Change,34008850,"Addressing climate change requires
            individual behavior change and voter support for pro-climate
            policies, yet surprisingly little is known about how to
            achieve these outcomes. This paper estimates causal effects
            of additional education on pro-climate outcomes using new
            compulsory schooling law data across 16 European countries.
            It analyzes effects on pro-climate beliefs, behaviors,
            policy preferences, and novel data on voting for green
            parties—a particularly consequential outcome to combat
            climate change. Results show a year of education increases
            pro-climate beliefs, behaviors, most policy preferences, and
            green voting, with voting gains equivalent to a substantial
            35% increase.","Patrinos,Harry Anthony","Zivin,Joshua S. Graff",,,,,,
46,34008861,"Egypt, Arab Republic of",Policy Research Working Paper,2023-02-24T00:00:00Z,Publications & Research,Policy Research working paper ; no. WPS 10317,"Quality and Inequality in
            Pre-Primary and Home Environment Inputs to Early Childhood
            Development in Egypt",http://documents.worldbank.org/curated/en/099535302242324608/pdf/IDU008d8940502703041580928805343fa98e651.pdf,/research/2023/02/34008861/quality-inequality-pre-primary-home-environment-inputs-early-childhood-development-egypt,http://documents.worldbank.org/curated/en/099535302242324608/IDU008d8940502703041580928805343fa98e651,2023/02/34008861/IDU008d8940502703041580928805343fa98e651,099535302242324608,Off of Sr VP Dev Econ/Chief Econ (DECVP),http://documents.worldbank.org/curated/en/099535302242324608/IDU008d8940502703041580928805343fa98e651,"Krafft,Caroline Gould","Raikes,Abbie","Quality and Inequality in Pre-Primary and
            Home Environment Inputs to Early Childhood Development in Egypt",34008861,"By the time children in low- and
            middle-income countries start primary school, large
            socioeconomic disparities are evident in children’s learning
            and development. Both pre-primary and home environments can
            play important roles in influencing school readiness and can
            contribute to disparities in early childhood development,
            but there is limited evidence on their relative roles in
            low- and middle-income countries. This paper examines how
            pre-primary quality, stimulation at home, and early
            childhood development vary by socioeconomic status for
            pre-primary students in the Arab Republic of Egypt. The
            results demonstrate substantial socioeconomic inequality in
            stimulation at home, more so than in pre-primary quality and
            inputs, although there is variation in the degree of
            inequality across different dimensions of pre-primary
            quality. “Double inequality” is observed, where students
            with less stimulating home environments experience slightly
            lower quality pre-primary inputs. There are particularly
            large pre-primary inequities in structural quality (physical
            environment) and less inequity in process quality
            (pedagogy). These results suggest that targeted investments
            in pre-primary education in Egypt are necessary to reduce
            inequality in school readiness but are likely insufficient
            to close the socioeconomic status gap in children’s
            development. Investing in interventions to improve
            vulnerable children’s home learning environments, as well as
            investing in quality pre-primary, is critical to address
            disparities in children’s development.","Nikaein Towfighian,Samira","Mojgani,Rebecca Sayre",,,,,,
47,34008886,World,Policy Research Working Paper,2023-02-24T00:00:00Z,Publications & Research,Policy Research working paper ; no. WPS 10318,"The Climate Implications of
            Ending Global Poverty",http://documents.worldbank.org/curated/en/099557002242323911/pdf/IDU1bbf17510161a9145531b57a1ccaba7a1dc79.pdf,/research/2023/02/34008886/climate-implications-ending-global-poverty,http://documents.worldbank.org/curated/en/099557002242323911/IDU1bbf17510161a9145531b57a1ccaba7a1dc79,2023/02/34008886/IDU1bbf17510161a9145531b57a1ccaba7a1dc79,099557002242323911,Off of Sr VP Dev Econ/Chief Econ (DECVP),http://documents.worldbank.org/curated/en/099557002242323911/IDU1bbf17510161a9145531b57a1ccaba7a1dc79,"Wollburg,Philip Randolph","Hallegatte,Stephane",The Climate Implications of Ending Global Poverty,34008886,"Previous studies have explored
            potential conflicts between ending poverty and limiting
            global warming, by focusing on the carbon emissions of the
            world’s poorest. This paper instead focuses on economic
            growth as the driver of poverty alleviation and estimates
            the emissions associated with the growth needed to eradicate
            poverty. With this framing, eradicating poverty requires not
            only increasing the consumption of poor people, but also the
            consumption of non-poor people in poor countries. Even in
            this more pessimistic framing, the global emissions increase
            associated with eradicating extreme poverty is small, at
            2.37 gigatonnes of equivalent carbon dioxide in 2050, or 4.9
            percent of 2019 global emissions. These additional emissions
            would not materially affect the global climate change
            challenge: global emissions would need to be reduced by 2.08
            gigatonnes of equivalent carbon dioxide per year, instead of
            the 2.0 gigatonnes of equivalent carbon dioxide per year
            needed in the absence of any extreme poverty eradication.
            Lower inequality, higher energy efficiency, and
            decarbonization of energy can significantly ease this
            trade-off: assuming the best historical performance in all
            countries, the additional emissions for poverty eradication
            are reduced by 90 percent. Therefore, the need to eradicate
            extreme poverty cannot be used as a justification for
            reducing the world’s climate ambitions. When trade-offs
            exist, the eradication of extreme poverty can be prioritized
            with negligible emissions implications. The estimated
            emissions of eradicating poverty are 15.3 percent of 2019
            emissions with the lower-middle-income poverty line at $3.65
            per day and or 45.7 percent of 2019 emissions with the $6.85
            upper-middle-income poverty line. The challenge to align the
            world’s development and climate objectives is not in
            reconciling extreme poverty alleviation with climate
            objectives but in providing middle-income standards of
            living in a sustainable manner.","Mahler,Daniel Gerszon",,,,,,,
48,34009804,World,Policy Research Working Paper,2023-02-27T00:00:00Z,Publications & Research,Policy Research working paper ; no. WPS 10319,"Trade, Emissions, and
            Environmental Spillovers : Issue linkages in Regional Trade Agreements∗",http://documents.worldbank.org/curated/en/099516402272337866/pdf/IDU0ce0d30d905c860405608abe0265634a5c22f.pdf,/research/2023/02/34009804/trade-emissions-environmental-spillovers-issue-linkages-regional-trade-agreements∗,http://documents.worldbank.org/curated/en/099516402272337866/IDU0ce0d30d905c860405608abe0265634a5c22f,2023/02/34009804/IDU0ce0d30d905c860405608abe0265634a5c22f,099516402272337866,Off of Sr VP Dev Econ/Chief Econ (DECVP),http://documents.worldbank.org/curated/en/099516402272337866/IDU0ce0d30d905c860405608abe0265634a5c22f,"Lundberg,Clark Christopher","Szmurlo,Daniel Anthony","Trade, Emissions, and Environmental
            Spillovers : Issue linkages in Regional Trade Agreements∗",34009804,"Reducing trade barriers offers
            tremendous potential for economic growth and productivity
            gains. However, higher incomes and increased industrial
            output can negatively impact the environment. This paper
            studies the impacts of trade liberalization on the emissions
            of ozone depleting substances regulated under the Montreal
            Protocol. While freer trade might challenge the gains
            achieved by the Montreal Protocol by increasing domestic use
            of ozone depleting substances, environmental provisions in
            regional trade agreements linked to Montreal Protocol
            participation might mitigate such negative environmental
            outcomes. The paper provides causal evidence that signing a
            new regional trade agreement leads to increases in
            consumption of ozone depleting substances relative to
            Montreal Protocol targets. Environmental provisions aimed at
            controlling ozone depleting substances offset the increase
            in consumption of ozone depleting substances observed in
            regional trade agreements without such provisions. The
            findings show that the effect is rooted in preventing a
            “reduction in overcompliance” with the Montreal Protocol
            observed in regional trade agreements without provisions.
            The findings also show that cumulative exposure to trade
            agreements, especially those with ozone depleting substances
            provisions, increases the speed at which countries ratify
            the Montreal Protocol amendments.","Abman,Ryan Michael",,,,,,,
49,34009816,World,Policy Research Working Paper,2023-02-27T00:00:00Z,Publications & Research,Policy Research working paper ; no. WPS 10320,"The Impacts of Intellectual
            Property–Related Preferential Trade Agreements on Bilateral
            Patent Applications",http://documents.worldbank.org/curated/en/099542502272322978/pdf/IDU0b016b1000edc904e7b09a5b07cc7a41e8287.pdf,/research/2023/02/34009816/impacts-intellectual-property–related-preferential-trade-agreements-bilateral-patent-applications,http://documents.worldbank.org/curated/en/099542502272322978/IDU0b016b1000edc904e7b09a5b07cc7a41e8287,2023/02/34009816/IDU0b016b1000edc904e7b09a5b07cc7a41e8287,099542502272322978,Off of Sr VP Dev Econ/Chief Econ (DECVP),http://documents.worldbank.org/curated/en/099542502272322978/IDU0b016b1000edc904e7b09a5b07cc7a41e8287,"Tobochnik,Howard Jacob","Maskus,Keith E.","The Impacts of Intellectual Property–Related
            Preferential Trade Agreements on Bilateral Patent Applications",34009816,"Intellectual property rights have
            become a central emphasis in the negotiation of “deep”
            preferential trade agreements containing provisions on
            regulatory environments besides trade policy. These
            provisions typically require member countries to implement
            heightened standards on various aspects of intellectual
            property rights, such as coverage and enforcement, that go
            beyond the baseline requirements of international
            intellectual property rights agreements such as the World
            Tarde Organization’s Trade-Related Aspects of Intellectual
            Property Rights agreement. This study implements a
            structural gravity framework to investigate empirically the
            impacts of these agreements on bilateral international
            patenting, to quantify the effects of countries’ membership
            in intellectual property–related preferential trade
            agreements on within-agreement patent applications at
            national patent offices, as well as extra–preferential trade
            agreement patenting at member country destinations
            originating from non-member countries. The study further
            explores the heterogeneity of these effects as originating
            from the attributes of the agreements, such as whether the
            major partner in the agreement is the United States or the
            European Union/European Free Trade Association, and the
            presence of key “Trade-Related Aspects of Intellectual
            Property Rights–Plus” provisions in the agreement texts. The
            findings suggest that intellectual property rights standards
            in preferential trade agreements tend to generate positive
            impacts on international patenting, and that the specific
            features of the agreements give rise to significant
            disparities in these impacts. Most intriguing is that those
            agreements involving multiple Trade-Related Aspects of
            Intellectual Property Rights–Plus norms significantly
            increase patenting within members compared to patenting from
            outside those areas, while other types of intellectual
            property rights encourage more patenting from non-members.","Ridley,William Clifton",,,,,,,
50,34009855,World,Policy Research Working Paper,2023-02-27T00:00:00Z,Publications & Research,Policy Research working paper ; no. WPS 10321,"Deep Trade Agreements and Firm
            Ownership in GVCs",http://documents.worldbank.org/curated/en/099603102272341164/pdf/IDU018c1fb550cc56044a50aa5704129d5856f79.pdf,/research/2023/02/34009855/deep-trade-agreements-firm-ownership-gvcs,http://documents.worldbank.org/curated/en/099603102272341164/IDU018c1fb550cc56044a50aa5704129d5856f79,2023/02/34009855/IDU018c1fb550cc56044a50aa5704129d5856f79,099603102272341164,Off of Sr VP Dev Econ/Chief Econ (DECVP),http://documents.worldbank.org/curated/en/099603102272341164/IDU018c1fb550cc56044a50aa5704129d5856f79,"Egger,Peter H.","Masllorens,Gerard",Deep Trade Agreements and Firm Ownership in GVCs,34009855,"This paper focuses on the effect of
            preferential trade agreements and their depth on firm
            ownership, in particular, along global value chains. It
            measures shareholder-affiliate ownership links at the
            country-sector-pair level to discern between vertical and
            horizontal links. The findings show that preferential trade
            agreements boost vertical international investment links
            (both backward and forward) while reducing horizontal
            investment. Deep preferential trade agreements stimulate
            investment particularly for sector pairs, where a high input
            specificity prevails.",,,,,,,,
51,34009866,World,Policy Research Working Paper,2023-02-27T00:00:00Z,Publications & Research,Policy Research working paper ; no. WPS 10322,"Revisiting the Trade-Creating
            Effects of Non-Tariff Barriers",http://documents.worldbank.org/curated/en/099618302272351037/pdf/IDU08ddcaa260b1ed047e80b4950d3f0a1acbd2f.pdf,/research/2023/02/34009866/revisiting-trade-creating-effects-non-tariff-barriers,http://documents.worldbank.org/curated/en/099618302272351037/IDU08ddcaa260b1ed047e80b4950d3f0a1acbd2f,2023/02/34009866/IDU08ddcaa260b1ed047e80b4950d3f0a1acbd2f,099618302272351037,Off of Sr VP Dev Econ/Chief Econ (DECVP),http://documents.worldbank.org/curated/en/099618302272351037/IDU08ddcaa260b1ed047e80b4950d3f0a1acbd2f,"Felbermayr,Gabriel Johannes","Teti,Feodora Francesca Angelika","Revisiting the Trade-Creating Effects of
            Non-Tariff Barriers",34009866,"Modern regional trade agreements
            focus on promoting bilateral exchange mostly by lowering
            non-tariff barriers to trade. But do existing regional trade
            agreements actually deliver what they promise This paper
            argues that existing results in the literature are upward
            biased because of measurement error in a crucial control
            variable: tariff rates. Using a novel data set of
            high-quality tariff information, the paper shows that, on
            average, non-tariff barriers reductions in deep regional
            trade agreements boost services trade but not goods trade.
            Estimating separate non-tariff barrier effects for each
            regional trade agreement reveals strong heterogeneity: only
            23 percent of all regional trade agreements seem to lower
            non-tariff barriers. For most regional trade agreements, we
            fail to find any significant effect, while 9 percent appear
            to reduce trade, possibly because a more balanced regulation
            evens out comparative advantages. The trade agreements that
            foster trade the most include non-discriminatory trade
            policy changes.",,,,,,,,
52,34009881,World,Policy Research Working Paper,2023-02-27T00:00:00Z,Publications & Research,Policy Research working paper ; no. WPS 10323,"Pursuing Environmental and Social
            Objectives through Trade Agreements",http://documents.worldbank.org/curated/en/099631202272324220/pdf/IDU0050349190b34e04d5d0bb0207d21e212bed9.pdf,/research/2023/02/34009881/pursuing-environmental-social-objectives-through-trade-agreements,http://documents.worldbank.org/curated/en/099631202272324220/IDU0050349190b34e04d5d0bb0207d21e212bed9,2023/02/34009881/IDU0050349190b34e04d5d0bb0207d21e212bed9,099631202272324220,Off of Sr VP Dev Econ/Chief Econ (DECVP),http://documents.worldbank.org/curated/en/099631202272324220/IDU0050349190b34e04d5d0bb0207d21e212bed9,"Perrot De Champ,Francois Marie Jean Fernand Joseph","Hoekman,Bernard M.","Pursuing Environmental and Social Objectives
            through Trade Agreements",34009881,"Using a data set covering more than
            120 countries spanning several decades, this paper employs a
            synthetic difference in difference estimator to study
            whether non-trade provisions on labor standards,
            environmental protection and civil and human rights in trade
            agreements yield improvements in corresponding indicators.
            The paper distinguishes between binding (enforceable) and
            non-binding provisions and investigates linkages between
            non-trade provisions and official development assistance.
            The analysis finds no evidence that provisions related
            labour or civil rights improved the associated outcome
            indicators, while evidence on environmental outcomes is
            mixed. Official development assistance is significantly
            greater with non-binding environmental and civil rights
            provisions, but not with labor standards.","Manchin,Miriam","Santi,Filippo",,,,,,
53,34009912,World,Policy Research Working Paper,2023-02-27T00:00:00Z,Publications & Research,Policy Research working paper ; no. WPS 10324,"Deep Trade Agreements and
            International Migration: The Role of Visa Provisions",http://documents.worldbank.org/curated/en/099646002272321826/pdf/IDU05e085f5f0183f04eec08c620b6242b80ca1f.pdf,/research/2023/02/34009912/deep-trade-agreements-international-migration-role-visa-provisions,http://documents.worldbank.org/curated/en/099646002272321826/IDU05e085f5f0183f04eec08c620b6242b80ca1f,2023/02/34009912/IDU05e085f5f0183f04eec08c620b6242b80ca1f,099646002272321826,Off of Sr VP Dev Econ/Chief Econ (DECVP),http://documents.worldbank.org/curated/en/099646002272321826/IDU05e085f5f0183f04eec08c620b6242b80ca1f,"Levelu,Anthonin","Mayda,Anna Maria","Deep Trade Agreements and International
            Migration: The Role of Visa Provisions",34009912,"An increasing number of regional
            trade agreements contains provisions that ease access to
            visas among member countries, which reduces the
            administrative cost of crossing the border. Combining United
            Nations data on bilateral stocks of immigrants in the period
            1990-2020 with World Bank data on the content of 279
            regional trade agreements, this paper presents robust
            evidence of a positive effect of visa provisions in regional
            trade agreements on bilateral migration: the presence of
            visa provisions in regional trade agreements increases the
            bilateral stock of immigrants by 5.9 percent. This result is
            robust to an instrumental variable strategy addressing the
            endogeneity problem. The effect of the inclusion of visa
            provisions in regional trade agreements is particularly
            effective among country pairs with different income levels
            (such as North-South). For this type of country pairs, the
            presence of visa provisions in regional trade agreements
            increases the bilateral stock of immigrants by 13 percent.
            Finally, the paper shows that the effectiveness of visa
            provisions in regional trade agreements reduces with the
            anti-immigration sentiment of voters in the destination.","Orefice,Gianluca",,,,,,,
54,34009942,World,Policy Research Working Paper,2023-02-27T00:00:00Z,Publications & Research,Policy Research working paper ; no. WPS 10325,"Take-Up and Labor Supply
            Responses to Disability Insurance Earnings Limits",http://documents.worldbank.org/curated/en/099928202272315939/pdf/IDU0a761abfd0b018047420af4b019446b8275fa.pdf,/research/2023/02/34009942/take-up-labor-supply-responses-disability-insurance-earnings-limits,http://documents.worldbank.org/curated/en/099928202272315939/IDU0a761abfd0b018047420af4b019446b8275fa,2023/02/34009942/IDU0a761abfd0b018047420af4b019446b8275fa,099928202272315939,Off of Sr VP Dev Econ/Chief Econ (DECVP),http://documents.worldbank.org/curated/en/099928202272315939/IDU0a761abfd0b018047420af4b019446b8275fa,"Krekó,Judit","Prinz,Daniel","Take-Up and Labor Supply Responses to
            Disability Insurance Earnings Limits",34009942,"In most disability insurance
            programs, beneficiaries lose some or all of their benefits
            if they earn above an earnings threshold. While intended to
            screen out applicants with high remaining working capacity,
            earnings limits can also distort the labor supply of
            beneficiaries. This paper develops a simple framework to
            evaluate this trade-off. It uses a reduction in the earnings
            limit in Hungary to examine screening and labor supply
            responses. The findings show that the policy changed
            selection into the program modestly, but it reduced labor
            supply significantly. Viewed through the lens of the model,
            these findings suggest that the earnings threshold should be higher.","Weber,Andrea",,,,,,,
55,34010561,World,Policy Research Working Paper,2023-02-28T00:00:00Z,Publications & Research,Policy Research working paper ; no. WPS 10326,"Banking Sector Risk in the
            Aftermath of Climate Change and Environmental-Related
            Natural Disasters",http://documents.worldbank.org/curated/en/099614202282325736/pdf/IDU010b823eb0a253042430a92f0c19e5f0c80bc.pdf,/research/2023/02/34010561/banking-sector-risk-aftermath-climate-change-environmental-related-natural-disasters,http://documents.worldbank.org/curated/en/099614202282325736/IDU010b823eb0a253042430a92f0c19e5f0c80bc,2023/02/34010561/IDU010b823eb0a253042430a92f0c19e5f0c80bc,099614202282325736,Off of Sr VP Dev Econ/Chief Econ (DECVP),http://documents.worldbank.org/curated/en/099614202282325736/IDU010b823eb0a253042430a92f0c19e5f0c80bc,"Nie,Ou","Regelink,Martijn Gert Jan","Banking Sector Risk in the Aftermath of
            Climate Change and Environmental-Related Natural Disasters",34010561,"Climate change and environmental
            risks are increasingly recognized as a concern for financial
            authorities, yet empirical evidence of the damage for bank
            balance sheets is relatively scant. This paper provides
            preliminary estimates of the aggregate impact of physical
            risks from climate and environmental-related natural
            disasters on bank balance sheets across 184 countries over
            nearly 40 years. Using the local projection method, the
            analysis finds that severe disaster episodes lead to an
            increase in the level of systemwide non-performing loans,
            which is persistent over time. The paper complements the
            cross-country results with a country-specific example, which
            finds that typhoon damages lead to a significant increase in
            non-performing loans in the Philippines between 2011 and
            2018. The results suggest a role for financial policy and
            supervision to monitor, assess, and mitigate climate and
            environmental related physical risks to the banking sector.","Wang,Dieter",,,,,,,
56,34010566,Zimbabwe,Policy Research Working Paper,2023-02-28T00:00:00Z,Publications & Research,Policy Research working paper ; no. WPS 10327,"The Importance of Maintenance :
            Geospatial Analysis of Cholera Risk and Water and Sanitation
            Infrastructure in Harare, Zimbabwe",http://documents.worldbank.org/curated/en/099631202282320091/pdf/IDU1d0474b1510f5414def1b645112a4f569be12.pdf,/research/2023/02/34010566/importance-maintenance-geospatial-analysis-cholera-risk-water-sanitation-infrastructure-harare-zimbabwe,http://documents.worldbank.org/curated/en/099631202282320091/IDU1d0474b1510f5414def1b645112a4f569be12,2023/02/34010566/IDU1d0474b1510f5414def1b645112a4f569be12,099631202282320091,Off of Sr VP Dev Econ/Chief Econ (DECVP),http://documents.worldbank.org/curated/en/099631202282320091/IDU1d0474b1510f5414def1b645112a4f569be12,George Joseph,Sveta Milusheva,"The Importance of Maintenance : Geospatial
            Analysis of Cholera Risk and Water and Sanitation
            Infrastructure in Harare, Zimbabwe",34010566,"Understanding the specific factors
            associated with cholera outbreaks is an integral part of
            designing better approaches to mitigate their impact. This
            paper uses georeferenced case data from the cholera epidemic
            that occurred in Harare, Zimbabwe, from September 2018 to
            January 2019. The paper applies spatio-temporal modeling to
            understand how the outbreak unfolded and the factors
            associated with higher risk of being a reported case. The
            study highlighted a number of findings. First, using call
            detail records to estimate weekly population movement
            throughout the city, the results suggest that human movement
            helps to explain the spatiotemporal patterns of the cases
            observed. In addition, the results highlight a number of
            sociodemographic risk factors and suggest that there is a
            relationship between cholera risk and water infrastructure,
            with populations living in close proximity to the sewer
            network with high access to piped water being at higher
            risk. A possible explanation for this surprising observation
            is that sewer bursts led to the contamination of the piped
            water network, turning access to piped water, usually
            assumed to be protective, into a risk factor. Although
            further studies are required to test this hypothesis, if it
            is true, it highlights the importance of maintenance for
            achieving the Sustainable Development Goals of improved
            water and sanitation infrastructure.","Sturrock,Hugh James William","Kashangura,Faith Maidei","Ayling,Sophie Charlotte Emi","Hoo,Yi Rong",,,,
57,34010570,Zimbabwe,Policy Research Working Paper,2023-02-28T00:00:00Z,Publications & Research,"Policy Research working paper ; no. WPS
            10328; COVID-19 (Coronavirus)","Estimating spatially
            disaggregated probability of severe COVID-19 and the impact
            of handwashing interventions : The case of Zimbabwe",http://documents.worldbank.org/curated/en/099652002282334052/pdf/IDU08f85d845039ee0445409abe0ddfb696636e5.pdf,/research/2023/02/34010570/estimating-spatially-disaggregated-probability-severe-covid-19-impact-handwashing-interventions-case-zimbabwe,http://documents.worldbank.org/curated/en/099652002282334052/IDU08f85d845039ee0445409abe0ddfb696636e5,2023/02/34010570/IDU08f85d845039ee0445409abe0ddfb696636e5,099652002282334052,Off of Sr VP Dev Econ/Chief Econ (DECVP),http://documents.worldbank.org/curated/en/099652002282334052/IDU08f85d845039ee0445409abe0ddfb696636e5,George Joseph,Sveta Milusheva,"Estimating spatially disaggregated
            probability of severe COVID-19 and the impact of handwashing
            interventions : The case of Zimbabwe",34010570,"The severity of COVID-19 disease
            varies substantially between individuals, with some
            infections being asymptomatic while others are fatal.
            Several risk factors have been identified that affect the
            progression of SARS-CoV-2 to severe COVID-19. They include
            age, smoking and presence of underlying comorbidities such
            as respiratory illness, HIV, anemia and obesity. Given that
            respiratory illness is one such comorbidity and is affected
            by hand hygiene, it is plausible that improving access to
            handwashing could lower the risk of severe COVID-19 among a
            population. In this paper, the authors estimate the
            potential impact of improved access to handwashing on the
            risk of respiratory illness and its knock-on impact on the
            risk of developing severe COVID-19 disease across Zimbabwe.
            They use a geospatial model that allows us to estimate
            differential clinical risk at the district level. Results
            show that the current risk of severe disease is
            heterogeneous across the country, due to differences in
            individual characteristics and household conditions. This
            study demonstrates how household level improved access to
            handwashing could lead to reductions in the risk of severe
            COVID-19 of up to 16% from the estimated current levels
            across all districts. Taken alongside the likely impact on
            transmission of SARS-CoV-2 itself, as well as countless
            other pathogens, this result adds further support for the
            expansion of access to handwashing across the country. It
            also highlights the spatial differences in risk of severe
            COVID-19, and thus the opportunity for better planning to
            focus limited resources in high risk areas in order to
            potentially reduce the number of severe cases.","Sturrock,Hugh James William","Mapako,Tonderai","Ayling,Sophie Charlotte Emi","Hoo,Yi Rong",,,,
58,34010609,World,Policy Research Working Paper,2023-02-28T00:00:00Z,Publications & Research,Policy Research working paper ; no. WPS 10329,"Assessing the Impact of Renewable
            Energy Policies on Decarbonization in Developing Countries",http://documents.worldbank.org/curated/en/099802502282336539/pdf/IDU0ed74462202af9043e70ab2309774e83a9d93.pdf,/research/2023/02/34010609/assessing-impact-renewable-energy-policies-decarbonization-developing-countries,http://documents.worldbank.org/curated/en/099802502282336539/IDU0ed74462202af9043e70ab2309774e83a9d93,2023/02/34010609/IDU0ed74462202af9043e70ab2309774e83a9d93,099802502282336539,,http://documents.worldbank.org/curated/en/099802502282336539/IDU0ed74462202af9043e70ab2309774e83a9d93,"Galeazzi,Clara","Steinbuks,Jevgenijs","Assessing the Impact of Renewable Energy
            Policies on Decarbonization in Developing Countries",34010609,"This study offers the first
            consistent attempt to identify how energy sector
            decarbonization policies have affected the energy mix over
            the past four decades across more than 100 developing
            countries. It applies systematic regression analysis to five
            energy sector decarbonization outcomes and more than 75
            policy instruments aggregated into seven policy packages.
            Combining instrumental variables with country interactions
            and country and time fixed effects in regional panels helps
            address potential endogeneity issues. Only a handful of
            energy policy packages significantly affect the
            decarbonization of developing countries' energy mix,
            and the packages more often achieve a negligible or opposite
            result than intended three years after implementation.
            Policies that address counterparty risk have the highest
            immediate effects. Effects of renewable policies on various
            decarbonization outcomes improve slightly five and seven
            years after their implementation.","Anadón,Laura Diaz",,,,,,,
59,34010638,"Ghana,Rwanda",Policy Research Working Paper,2023-02-28T00:00:00Z,Publications & Research,"Policy Research working paper ; no. WPS
            10330; COVID-19 (Coronavirus)","Energy Demand during a Pandemic:
            Evidence from Ghana and Rwanda",http://documents.worldbank.org/curated/en/099829402282385780/pdf/IDU03708fc080cc11042590bd3b0e01f66981ddd.pdf,/research/2023/02/34010638/energy-demand-during-pandemic-evidence-ghana-rwanda,http://documents.worldbank.org/curated/en/099829402282385780/IDU03708fc080cc11042590bd3b0e01f66981ddd,2023/02/34010638/IDU03708fc080cc11042590bd3b0e01f66981ddd,099829402282385780,Off of Sr VP Dev Econ/Chief Econ (DECVP),http://documents.worldbank.org/curated/en/099829402282385780/IDU03708fc080cc11042590bd3b0e01f66981ddd,"Mensah,Justice Tei","Nsabimana,Aimable","Energy Demand during a Pandemic: Evidence
            from Ghana and Rwanda",34010638,"The COVID-19 pandemic caused
            significant disruptions to economies around the world. In
            response to this, some developing countries offered reliefs
            such as electricity subsidies while others did not. How did
            the pandemic affect the electricity consumption of
            households and firms Did the utility subsidies enable a
            quick recovery from the pandemic And what are the
            distributional impacts of the utility subsidies This paper
            leverages unique administrative billing data on electricity
            consumption from two African countries, Ghana and Rwanda,
            with differing policy responses to the pandemic to document
            the demand response of households and firms to the COVID-19
            pandemic, and the role of utility subsidies during the
            period. Findings from the paper indicate that the pandemic
            led to higher consumption of electricity in both countries,
            albeit with variations across countries and sectors. While
            residential consumption soared, consumption of
            non-residential customers such as hotels and industries
            declined during the period. Electricity subsidies in Ghana
            during the pandemic explain the sharp increase in
            residential consumption. These findings highlight the
            potential effects of pandemic relief measures on household welfare.","Dzansi,James","Nshunguyinka,Alexandre",,,,,,
60,34010662,World,Policy Research Working Paper,2023-02-28T00:00:00Z,Publications & Research,Policy Research working paper ; no. WPS 10331,"Child Labor Standards in Regional
            Trade Agreements : Theory and Evidence",http://documents.worldbank.org/curated/en/099936202282351628/pdf/IDU03cd56b1b0fad904bda0ac8a03363b9ea0b98.pdf,/research/2023/02/34010662/child-labor-standards-regional-trade-agreements-theory-evidence,http://documents.worldbank.org/curated/en/099936202282351628/IDU03cd56b1b0fad904bda0ac8a03363b9ea0b98,2023/02/34010662/IDU03cd56b1b0fad904bda0ac8a03363b9ea0b98,099936202282351628,Off of Sr VP Dev Econ/Chief Econ (DECVP),http://documents.worldbank.org/curated/en/099936202282351628/IDU03cd56b1b0fad904bda0ac8a03363b9ea0b98,"Abman,Ryan Michael","Lundberg,Clark Christopher","Child Labor Standards in Regional Trade
            Agreements : Theory and Evidence",34010662,"This paper studies the impact of
            child labor standards in regional trade agreements on a
            variety of child labor market outcomes, including
            employment, education, and household inequality. It develops
            a stylized general equilibrium model of child labor in an
            economy open to international trade and considers the impact
            of regional trade agreements with and without child labor
            bans. The paper empirically investigates the effects of
            these clauses in trade agreements in a broad international
            panel of 101 developing countries, using harmonized survey
            microdata. Exploiting quasi-experimental methods to obtain
            plausibly causal estimates, the analysis finds that regional
            trade agreements without child-labor bans lead to reductions
            in child employment and increases in school enrollment,
            particularly for older children aged 14–17 years. Child
            labor bans in regional trade agreements perversely increase
            employment of children aged 14–17 years and decrease school
            enrollment for both young and older children. These effects
            appear to decrease inter-household income inequality through
            increased child earnings. The findings are consistent with
            the theoretical predictions from the model and the
            literature on child labor bans.","Mclaren,John Edward","Ruta,Michele",,,,,,
61,34010670,"Mexico,World",Policy Research Working Paper,2023-02-28T00:00:00Z,Publications & Research,Policy Research working paper ; no. WPS 10332,"Trade and Local Labor Market
            Outcomes in Mexico : Disentangling the Channels and the Role
            of Geography, Sectors, and Trade Types",http://documents.worldbank.org/curated/en/099006002282317148/pdf/IDU1a575bd3e12aac14c4d181451a75e0cdce4c5.pdf,/research/2023/02/34010670/trade-local-labor-market-outcomes-mexico-disentangling-channels-role-geography-sectors-trade-types,http://documents.worldbank.org/curated/en/099006002282317148/IDU1a575bd3e12aac14c4d181451a75e0cdce4c5,2023/02/34010670/IDU1a575bd3e12aac14c4d181451a75e0cdce4c5,099006002282317148,,http://documents.worldbank.org/curated/en/099006002282317148/IDU1a575bd3e12aac14c4d181451a75e0cdce4c5,"Vazquez,Emmanuel Jose","Winkler,Deborah Elisabeth","Trade and Local Labor Market Outcomes in
            Mexico : Disentangling the Channels and the Role of
            Geography, Sectors, and Trade Types",34010670,"This study provides new evidence on
            the local labor market impacts of trade, differentiating
            between the employment, income, migration, and informality
            channels. It uses a unique dataset matching information on
            exports and imports from customs with indicators on
            employment and labor incomes for around 2,000 Mexican
            municipalities over 2004–14. The analysis uses an
            instrumental variable approach that combines the initial
            structure of trade across municipalities with global trends
            in trade between low- and middle-income countries (excluding
            Mexico) and the United States by sector. First, the study
            finds that expanding exports per worker in Mexico’s
            municipalities increased labor force participation but not
            employment rates. Exports also raised total labor incomes
            but not average labor incomes, implying a growing labor
            supply. The results also find that export and import
            expansion increased immigration and lowered the rate of
            informal workers. Second, the analysis examines differences
            by geography and sectors. It finds that trade affected labor
            markets in the North through the income and migration
            channels and in the South through the employment and
            informality channels. Exports benefitted the total incomes
            of workers in both the manufacturing and service sectors but
            reduced informality only in manufacturing. Third, the study
            suggests a more favorable role of intermediate relative to
            final imports, driven by manufacturing imports. It also
            finds evidence for positive spillovers from global value
            chain participation through the employment and income
            channels. Finally, it examines how local policy mediates the
            labor market effects from trade, focusing on connectivity,
            labor market flexibility, and education spending.",,,,,,,,
62,34011241,World,Policy Research Working Paper,2023-03-01T00:00:00Z,Publications & Research,Policy Research working paper ; no. WPS 10333,"The Global Survey of Public
            Servants : A Foundation for Research on Public Servants
            around the World",http://documents.worldbank.org/curated/en/099617503012340767/pdf/IDU047b7124c0f40a04bcc0a117076bab6917024.pdf,/research/2023/03/34011241/global-survey-public-servants-foundation-research-public-servants-around-world,http://documents.worldbank.org/curated/en/099617503012340767/IDU047b7124c0f40a04bcc0a117076bab6917024,2023/03/34011241/IDU047b7124c0f40a04bcc0a117076bab6917024,099617503012340767,Off of Sr VP Dev Econ/Chief Econ (DECVP),http://documents.worldbank.org/curated/en/099617503012340767/IDU047b7124c0f40a04bcc0a117076bab6917024,"Schuster,Christian","Mikkelsen,Kim Sass","The Global Survey of Public Servants : A
            Foundation for Research on Public Servants around the World",34011241,"How do civil service management
            practices differ within and across governments How do core
            attitudes of public servants—such as their motivation or
            satisfaction—differ within and across governments
            Understanding how public administrations around the world
            function and differ is crucial for strengthening their
            effectiveness. Most comparative measures of bureaucracy rely
            on surveys of experts, households, or firms, rather than
            directly questioning bureaucrats. Direct surveys of public
            officials enable governments to benchmark themselves and
            scholars to study comparative public administration and the
            state differently, based on micro-data from actors who
            experience government first-hand. This paper introduces the
            Global Survey of Public Servants, a global initiative to
            collect and harmonize large-scale, comparable survey data on
            public servants. The Global Survey of Public Servants can
            help scholars compare public administrations around the
            world and understand the internal dynamics of governments,
            with the published Global Survey of Public Servants data
            freely available online.","Rogger,Daniel Oliver","Fukuyama,Francis","Hasnain,Zahid","Mistree,Dinsha","Meyer-Sahling,Jan","Bersch,Katherine","Kay,Kerenssa Mayo",
63,34011247,Nigeria,Policy Research Working Paper,2023-03-01T00:00:00Z,Publications & Research,"Policy Research working paper ; no. WPS
            10334; LSMS","Poorer than Adults and Deprived
            in Almost All Counts : Welfare Status of Children in Nigeria",http://documents.worldbank.org/curated/en/099642003012335809/pdf/IDU00fa913480b2b90434b0b10702c52d01168a0.pdf,/research/2023/03/34011247/poorer-adults-deprived-almost-all-counts-welfare-status-children-nigeria,http://documents.worldbank.org/curated/en/099642003012335809/IDU00fa913480b2b90434b0b10702c52d01168a0,2023/03/34011247/IDU00fa913480b2b90434b0b10702c52d01168a0,099642003012335809,Off of Sr VP Dev Econ/Chief Econ (DECVP),http://documents.worldbank.org/curated/en/099642003012335809/IDU00fa913480b2b90434b0b10702c52d01168a0,"Schimanski,Caroline","Azad,Mohammad Abul Kalam-1228442","Poorer than Adults and Deprived in Almost
            All Counts : Welfare Status of Children in Nigeria",34011247,"Analyzing data from four waves of the
            Nigerian General Household Survey and the Nigerian Multiple
            Indicator Cluster Survey, covering the period from 2010
            through 2019, this study provides evidence that poverty
            levels of children exceed those of adults. Overall, rural
            children throughout the country and children in the North
            face higher poverty and chronic poverty rates than urban
            children and those living in the South without clear trends
            of a closing of those gaps. These findings hold for monetary
            poverty as well as, for severe health, education, food,
            shelter, water, information deprivation and improved
            sanitation deprivation across Nigeria’s six regions. One
            exception is severe sanitation deprivation, for which
            especially rural areas in the Southwest stand out with
            higher levels of severe sanitation deprivation than in rural
            areas in the north and any other region. Large inter-state
            heterogeneity of estimates within regions, ranging up to 50
            percentage points, for all except severe food deprivation
            however highlight the importance of looking beyond regional
            poverty estimates and regional differences. Only state
            specific, but no systematic evidence has been found for a
            gender difference in severe educational deprivation and
            school enrollment rates. Existing gender gaps though seem
            negligible compared to the overall level of deprivation and
            urban-rural and north-south gaps. Moreover, the parents’
            literacy and more so the educational level is highly
            correlated with the probability of being poor or deprived in
            any dimension, in particular in rural and northern areas.
            Interestingly, up to about half of the monetary non-poor
            children at the top of the consumption distribution still
            face at least one severe deprivation.",,,,,,,,
64,34011290,"Latin America & Caribbean,World",Policy Research Working Paper,2023-03-01T00:00:00Z,Publications & Research,Policy Research working paper ; no. WPS 10335,"Citizen Participation and
            Political Trust in Latin America and the Caribbean : A
            Machine Learning Approach",http://documents.worldbank.org/curated/en/099802503012312593/pdf/IDU0fa010bf800531041e90979c05d07d685a381.pdf,/research/2023/03/34011290/citizen-participation-political-trust-latin-america-caribbean-machine-learning-approach,http://documents.worldbank.org/curated/en/099802503012312593/IDU0fa010bf800531041e90979c05d07d685a381,2023/03/34011290/IDU0fa010bf800531041e90979c05d07d685a381,099802503012312593,Off of Sr VP Dev Econ/Chief Econ (DECVP),http://documents.worldbank.org/curated/en/099802503012312593/IDU0fa010bf800531041e90979c05d07d685a381,"Pecorari,Natalia Gisel","Cuesta Leiva,Jose Antonio","Citizen Participation and Political Trust in
            Latin America and the Caribbean : A Machine Learning Approach",34011290,"This paper advances the understanding
            of the linkages between trust in government and citizen
            participation in Latin America and the Caribbean, using
            machine learning techniques and Latinobarómetro 2020 data.
            Proponents of the concept of stealth democracy argue that an
            inverse relationship exists between political trust and
            citizen participation, while deliberative democracy
            theorists claim the opposite. The paper estimates that trust
            in national governments or other governmental institutions
            plays neither a dominant nor consistent role in driving
            political participation. Instead, interest in politics,
            personal circumstances such as experience of crime and
            discrimination, and socioeconomic aspects appear to drive
            citizen participation much more strongly in the Latin
            America and the Caribbean region. This is true across models
            imposing simple linear trends (logit and lasso) and others
            allowing for nonlinear and complex relations (decision
            trees). The results vary across the type of
            participation—signing a petition, participation in
            demonstrations, or involvement in a community issue—which
            the paper attributes to increasing net costs associated with participation.",,,,,,,,
65,34011322,Burkina Faso,Policy Research Working Paper,2023-03-01T00:00:00Z,Publications & Research,"Policy Research working paper ; no. WPS
            10336; Impact Evaluation series; RRR","Combatting Forest Fires in the
            Drylands of Sub-Saharan Africa : Quasi-Experimental Evidence
            from Burkina Faso",http://documents.worldbank.org/curated/en/099828303012329594/pdf/IDU1a84e9a2a1effa145751afdc153f3dfe87798.pdf,/research/2023/03/34011322/combatting-forest-fires-drylands-sub-saharan-africa-quasi-experimental-evidence-burkina-faso,http://documents.worldbank.org/curated/en/099828303012329594/IDU1a84e9a2a1effa145751afdc153f3dfe87798,2023/03/34011322/IDU1a84e9a2a1effa145751afdc153f3dfe87798,099828303012329594,Off of Sr VP Dev Econ/Chief Econ (DECVP),http://documents.worldbank.org/curated/en/099828303012329594/IDU1a84e9a2a1effa145751afdc153f3dfe87798,"Nguyen Huy,Tung","Adjognon,Guigonan Serge","Combatting Forest Fires in the Drylands of
            Sub-Saharan Africa : Quasi-Experimental Evidence from
            Burkina Faso",34011322,"Forest fires are among the main
            drivers of deforestation and forest degradation in the
            drylands of Sub-Saharan Africa. This paper uses remote
            sensing data on forest fires and remaining tree cover to
            estimate the effectiveness of a project targeted at reducing
            fire incidences in twelve protected forests in arid Burkina
            Faso. The project consisted of two components that were
            implemented in the villages surrounding the target forests:
            a campaign aimed at raising community awareness about the
            detrimental effects of forest fires, and a program to
            support establishing and maintaining forest fire prevention
            infrastructures. Using the Synthetic Control Method the
            paper finds that the project resulted in a 35% reduction in
            forest fire occurrences in the period of the year when they
            tend to be most prevalent —in November, at the very end of
            the agricultural season. However, this impact is short-lived
            (as the reduction only occurred in the first four years of
            the program). The reduction in forest fires also did not
            result in a detectable increase in vegetation cover—because
            the reduction in November was not sufficiently large to be
            captured via remote sensing, or because the duration of the
            reduction was too short for the vegetation to recover. The
            paper then tries to uncover the underlying mechanisms to
            shed light on which of the project’s components were
            effective and to also learn how the program can be improved.","van Soest,Daan",,,,,,,
66,34011328,Indonesia,Policy Research Working Paper,2023-03-01T00:00:00Z,Publications & Research,Policy Research working paper ; no. WPS 10337,"Not All That It Seems : Narrowing
            of Gender Gaps in Employment during the Onset of COVID-19 in Indonesia",http://documents.worldbank.org/curated/en/099847503012372120/pdf/IDU0af18d6630517704e7a09b9b003262aacb4b2.pdf,/research/2023/03/34011328/not-all-seems-narrowing-gender-gaps-employment-during-onset-covid-19-indonesia,http://documents.worldbank.org/curated/en/099847503012372120/IDU0af18d6630517704e7a09b9b003262aacb4b2,2023/03/34011328/IDU0af18d6630517704e7a09b9b003262aacb4b2,099847503012372120,Off of Sr VP Dev Econ/Chief Econ (DECVP),http://documents.worldbank.org/curated/en/099847503012372120/IDU0af18d6630517704e7a09b9b003262aacb4b2,"Halim,Daniel Zefanya","Hambali,Sean","Not All That It Seems : Narrowing of Gender
            Gaps in Employment during the Onset of COVID-19 in Indonesia",34011328,"This paper studies the impacts of the
            COVID-19 pandemic on Indonesia’s labor market by exploiting
            the exogeneous timing of the pandemic in a seasonal
            difference-in-differences framework. The analysis uses
            multiple rounds of Indonesia’s National Labor Force Survey
            from 2016 to 2020 to establish a pre-pandemic employment
            trend and then attribute any excess difference in employment
            outcomes from this trend as the estimated effect of the
            pandemic on individual employment outcomes. The results
            suggest that the pandemic has had mixed effects on the
            Indonesian labor market. While the pandemic has narrowed the
            gender gaps in employment participation through the “added
            worker effect” among women, it has also lowered the overall
            employment quality among both gender groups. The findings
            show that the increase in female employment is primarily
            driven by women in rural areas without high school
            education, entering informal work, agricultural employment,
            or unpaid family work. For men, the pandemic has had adverse
            impacts on their employment across the board in all
            sub-populations. Consistent with findings from other
            studies, steeper employment declines are observed in urban
            areas, particularly among males. Among those employed, both
            women and men work fewer hours and earn lower wages.","Purnamasari,Ririn Salwa",,,,,,,
67,34011336,World,Policy Research Working Paper,2023-03-01T00:00:00Z,Publications & Research,Policy Research working paper ; no. WPS 10338,"Deep Trade Agreements and FDI in
            Partial and General Equilibrium: A Structural Estimation Framework",http://documents.worldbank.org/curated/en/099905303012343392/pdf/IDU0806e214f0558104e9509204065b6826b43ea.pdf,/research/2023/03/34011336/deep-trade-agreements-fdi-partial-general-equilibrium-structural-estimation-framework,http://documents.worldbank.org/curated/en/099905303012343392/IDU0806e214f0558104e9509204065b6826b43ea,2023/03/34011336/IDU0806e214f0558104e9509204065b6826b43ea,099905303012343392,Off of Sr VP Dev Econ/Chief Econ (DECVP),http://documents.worldbank.org/curated/en/099905303012343392/IDU0806e214f0558104e9509204065b6826b43ea,"Larch,Mario","Yotov,Yoto Valentinov","Deep Trade Agreements and FDI in Partial and
            General Equilibrium: A Structural Estimation Framework",34011336,"This paper quantifies the
            relationships between deep trade liberalization and foreign
            direct investment. To this end, it focuses on the effects of
            deep trade agreements. The analysis relies on a structural
            framework that simultaneously enables (i) estimating the
            direct impact of deep trade agreements on foreign direct
            investment, (ii) translating the partial deep trade
            agreement estimates into general equilibrium effects on
            foreign direct investment; and (iii) obtaining partial deep
            trade agreement effects on trade and quantifying the impact
            of deep trade agreements on foreign direct investment
            through trade. The paper obtains sizeable, positive, and
            statistically significant estimates of the effects of deep
            trade agreements on both trade and foreign direct
            investment. A counterfactual analysis suggests that together
            with direct and indirect channels deep trade agreements have contributed.",,,,,,,,
68,34012597,World,Policy Research Working Paper,2023-03-02T00:00:00Z,Publications & Research,Policy Research working paper ; no. WPS 10339,"Natural Resource Dependence and
            Monopolized Imports",http://documents.worldbank.org/curated/en/099736303022315150/pdf/IDU07511c9350456304ed20a7a506b67b716cb7a.pdf,/research/2023/03/34012597/natural-resource-dependence-monopolized-imports,http://documents.worldbank.org/curated/en/099736303022315150/IDU07511c9350456304ed20a7a506b67b716cb7a,2023/03/34012597/IDU07511c9350456304ed20a7a506b67b716cb7a,099736303022315150,Off of Sr VP Dev Econ/Chief Econ (DECVP),http://documents.worldbank.org/curated/en/099736303022315150/IDU07511c9350456304ed20a7a506b67b716cb7a,"Arezki,Rabah","Fernandes,Ana Margarida",Natural Resource Dependence and Monopolized Imports,34012597,"Countries with greater commodity
            export intensity have more concentrated markets for imported
            goods. Within countries over time, import market
            concentration is associated with higher domestic prices,
            suggesting that markups due to greater concentration
            outweigh any potential cost efficiency. Hydrocarbon fuel
            exporting economies especially have higher tariffs, tariff
            evasion, and non-tariff measures that concentrate markets.
            These results suggest a novel channel for the resource curse
            stemming from the monopolization of imports.","Merchán,Federico","Nguyen,Ha","Reed,Tristan",,,,,
69,34015996,"Uruguay,Argentina",Policy Research Working Paper,2023-03-06T00:00:00Z,Publications & Research,"Policy Research working paper ; no. WPS
            10340; Impact Evaluation series","Sharing Parental Leave between
            Mothers and Fathers : Experimental Evidence from a Messaging
            Intervention in Uruguay",http://documents.worldbank.org/curated/en/099412503062319628/pdf/IDU0925668940173d04def08a880459bb5f201fa.pdf,/research/2023/03/34015996/sharing-parental-leave-between-mothers-fathers-experimental-evidence-messaging-intervention-uruguay,http://documents.worldbank.org/curated/en/099412503062319628/IDU0925668940173d04def08a880459bb5f201fa,2023/03/34015996/IDU0925668940173d04def08a880459bb5f201fa,099412503062319628,Off of Sr VP Dev Econ/Chief Econ (DECVP),http://documents.worldbank.org/curated/en/099412503062319628/IDU0925668940173d04def08a880459bb5f201fa,"Querejeta Rabosto,Martina","Olivieri,Cecilia","Sharing Parental Leave between Mothers and
            Fathers : Experimental Evidence from a Messaging
            Intervention in Uruguay",34015996,"Parental leave has been increasingly
            used as a family policy to facilitate balancing care and
            work responsibilities and promoting gender equality.
            However, fathers' parental leave participation is still
            low, even when it offers both job and wage protection. This
            paper examines the effects of an information and
            awareness-raising intervention, delivered via email and text
            messages on men’s and women’s awareness and intentions of
            shared take-up of a parental leave program. The experiment
            provided recent and prospective parents meeting the social
            security requirements to benefit from parental leave with
            information about the program. Additionally, a subset of
            recent parents received messages that told them about (i)
            the benefits of fathers’ involvement in childcare, or (ii)
            the importance of planning parental childcare. The
            intervention was successful in increasing knowledge about
            the parental leave program and shifting traditional gender
            norm views among women, regarding father’s involvement and
            care planning. For men, knowledge about the program
            increased. However, the strong association between parental
            leave and breastfeeding led to fathers privileging mothers’
            use of the leave benefit. The findings show limited impact
            on actual leave taking, with the message about couples’
            leave planning increasing the effective use of parental
            leave among fathers compared to the information message. The
            results show that low-cost, targeted information
            interventions can have substantial effects on program
            knowledge among potential future beneficiaries. Although
            these interventions can support more equal gender roles and
            change gendered attitudes toward care responsibilities, they
            are not sufficient to shift behaviors.","Tomio,Andrea Ailin","Castaneda Nunez,Jorge Luis","Munoz Boudet,Ana Maria",,,,,
70,34016000,Brazil,Policy Research Working Paper,2023-03-06T00:00:00Z,Publications & Research,Policy Research working paper ; no. WPS 10341,"Carbon Pricing and Transit
            Accessibility to Jobs : Impacts on Inequality in Rio de
            Janeiro and Kinshasa",http://documents.worldbank.org/curated/en/099434503062310151/pdf/IDU05a4ae20c0a79d042a40a09c01721e4239201.pdf,/research/2023/03/34016000/carbon-pricing-transit-accessibility-jobs-impacts-inequality-rio-de-janeiro-kinshasa,http://documents.worldbank.org/curated/en/099434503062310151/IDU05a4ae20c0a79d042a40a09c01721e4239201,2023/03/34016000/IDU05a4ae20c0a79d042a40a09c01721e4239201,099434503062310151,Off of Sr VP Dev Econ/Chief Econ (DECVP),http://documents.worldbank.org/curated/en/099434503062310151/IDU05a4ae20c0a79d042a40a09c01721e4239201,"Nell,Andrew David","Herszenhut,Daniel","Carbon Pricing and Transit Accessibility to
            Jobs : Impacts on Inequality in Rio de Janeiro and Kinshasa",34016000,"Urban transport is a major driver of
            global carbon dioxide emissions. Without strong mitigation
            policies, rapid urbanization, especially in developing
            countries, is expected to exacerbate the problem. There is a
            growing consensus on the fundamental role of carbon pricing
            for achieving reductions in carbon dioxide emissions.
            However, carbon pricing policies are frequently criticized
            and resisted for having adverse distributional impacts,
            which could hinder their implementation, particularly when
            implemented as a fuel levy—which would impact private
            vehicle usage but may also affect transit services such as
            buses. Currently, there is a lack of evidence that
            quantifies these negative impacts, especially on people’s
            ability to reach economic opportunities and services. To
            this end, this paper studies the impact of a uniform carbon
            price, as one of the most commonly discussed climate
            policies, on access to employment opportunities via transit
            services in Kinshasa and Rio de Janeiro. Reduced access to
            jobs would contribute to fragmented urban labor markets and
            thus lead to negative social outcomes. Unlike most previous
            studies, this study defines access as being constrained by
            both travel time and travel budget. The results indicate
            that fuel price increases (simulating increases induced by a
            carbon tax) reduce accessibility, but the effect is lower in
            more compact and walkable cities as well as in cities that
            have green transit options. The paper also shows that fuel
            price increases have spatially and socially disparate
            outcomes, with the lowest income communities not necessarily
            being the most affected, in part because even in the absence
            of carbon pricing, they are found to be priced out of using
            transit services. The results demonstrate the importance of
            strategies and investments, such as land use planning and
            decarbonized transit services, but also possibly
            complementary social protection programs (such as targeted
            subsidies, or even cash transfers), to mitigate the negative
            distributional consequences of carbon pricing policies.","Knudsen,Camilla","Nakamura,Shohei","Saraiva,Marcus","Avner,Paolo",,,,
71,34016055,"Venezuela, Republica Bolivariana de,Colombia",Policy Research Working Paper,2023-03-06T00:00:00Z,Publications & Research,Policy Research working paper ; no. WPS 10342,"The Electoral Consequences of
            Easing the Integration of Forced Migrants : Evidence from a
            Southern Country",http://documents.worldbank.org/curated/en/099453403062358456/pdf/IDU0648a8a010bd8904f8b0a2020f868f6eb861f.pdf,/research/2023/03/34016055/electoral-consequences-easing-integration-forced-migrants-evidence-southern-country,http://documents.worldbank.org/curated/en/099453403062358456/IDU0648a8a010bd8904f8b0a2020f868f6eb861f,2023/03/34016055/IDU0648a8a010bd8904f8b0a2020f868f6eb861f,099453403062358456,Off of Sr VP Dev Econ/Chief Econ (DECVP),http://documents.worldbank.org/curated/en/099453403062358456/IDU0648a8a010bd8904f8b0a2020f868f6eb861f,"Rozo Villarraga,Sandra Viviana","Quintana,Alejandra","The Electoral Consequences of Easing the
            Integration of Forced Migrants : Evidence from a Southern Country",34016055,"How does easing the economic
            integration of forced migrants affect native voting
            behaviors in the Global South This paper assesses how the
            regularization of half a million Venezuelan forced migrants
            affected the electoral choices of Colombian natives by
            comparing election results in municipalities with higher and
            lower take-up rates for a program that supports forced
            migrants. The findings show negligible impacts on native
            voting behavior. The study then conducted a survey
            experiment to investigate the lack of voter response. Even
            after receiving information about the pro-gram, Colombian
            voters showed no changes in voting intentions or prosocial
            views toward migrants. This suggests that their indifference
            did not stem from a lack of awareness about the program. In
            contrast, the electoral indifference of natives may be
            explained by the fact that the program did not change labor
            and crime outcomes for native Colombians, and most migrants
            remained in the informal sector despite benefiting from the
            program through improvements in labor conditions and better
            access to public services.","Urbina Florez,Maria Jose",,,,,,,
72,34016090,World,Policy Research Working Paper,2023-03-06T00:00:00Z,Publications & Research,Policy Research working paper ; no. WPS 10343,"The Impact of Infrastructure on
            Development Outcomes: A Qualitative Review of Four Decades
            of Literature",http://documents.worldbank.org/curated/en/099529203062342252/pdf/IDU0e42ae32f0048304f74086d102b6d7a900223.pdf,/research/2023/03/34016090/impact-infrastructure-development-outcomes-qualitative-review-four-decades-literature,http://documents.worldbank.org/curated/en/099529203062342252/IDU0e42ae32f0048304f74086d102b6d7a900223,2023/03/34016090/IDU0e42ae32f0048304f74086d102b6d7a900223,099529203062342252,,http://documents.worldbank.org/curated/en/099529203062342252/IDU0e42ae32f0048304f74086d102b6d7a900223,"Foster,Vivien","Gorgulu,Nisan","The Impact of Infrastructure on Development
            Outcomes: A Qualitative Review of Four Decades of Literature",34016090,"Policy makers have long used
            investing in public infrastructure as a means of reducing
            geographical disparities and promoting growth. The goal of
            this paper is to provide insights to development
            practitioners on designing interventions to maximize the
            development impact of infrastructure. For this, the paper
            presents a systematic qualitative overview of the
            literature, covering more than 300 studies conducted between
            1983 and 2022, focusing on specific infrastructure sectors,
            namely digital, energy, and transport. The study also
            considers various dimensions of development impact,
            including output and productivity, poverty and inequality,
            labor market outcomes, human capital formation, and trade,
            to develop a nuanced understanding of the mechanisms through
            which infrastructure contributes to these development
            outcomes, focusing on low- and middle-income countries. As
            such, it is the most substantive effort of its kind to date.
            Overall, despite some mixed results, the overwhelming
            balance of evidence suggests that infrastructure
            improvements are critical in supporting the development
            process. Studies on digital infrastructure show that firm
            productivity, employment, and welfare increase with the
            arrival of broadband internet coverage. In addition, the
            availability of mobile phones improves coordination between
            producers and traders and hence reduces the price dispersion
            of agricultural products. Turning to rural electrification,
            significant literature documents the positive impact of
            infrastructure on household welfare, structural
            transformation, and human capital formation through
            increased labor force participation, more time spent on
            education, and increased indoor air quality. Investments in
            the reliability of power supply also contribute to firms’
            productivity. However, studies based on randomized
            controlled trials have not tended to find a substantial
            short-term impact in the context of dispersed rural
            populations. Finally, there is rich literature on various
            transport infrastructure-to-development linkages,
            particularly for rural roads and for Sub-Saharan Africa.
            While households’ income and consumption benefit from the
            existence of rural roads, highways are also found to
            contribute to firms’ competitiveness. Similarly, public
            transportation, railways, and ports have positive impacts on
            the development process.","Straub,Stéphane","Vagliasindi,Maria",,,,,,
73,34016757,World,Policy Research Working Paper,2023-03-07T00:00:00Z,Publications & Research,Policy Research working paper ; no. WPS 10344,On the Welfare Costs of Premature Deindustrialization,http://documents.worldbank.org/curated/en/099333003072358323/pdf/IDU034de5b2804a2e043c70b7c8013c71527bc07.pdf,/research/2023/03/34016757/welfare-costs-premature-deindustrialization,http://documents.worldbank.org/curated/en/099333003072358323/IDU034de5b2804a2e043c70b7c8013c71527bc07,2023/03/34016757/IDU034de5b2804a2e043c70b7c8013c71527bc07,099333003072358323,Off of Sr VP Dev Econ/Chief Econ (DECVP),http://documents.worldbank.org/curated/en/099333003072358323/IDU034de5b2804a2e043c70b7c8013c71527bc07,"Fattal Jaef,Roberto N.",,On the Welfare Costs of Premature Deindustrialization,34016757,"Developing countries are
            deindustrializing at earlier stages of development than
            experienced by advanced economies. Is this trend symptomatic
            of inefficiency If so, what are the welfare costs This paper
            proposes a definition of premature deindustrialization based
            on whether the pace of deindustrialization diverges from the
            one implied by a theoretical benchmark of efficient sectoral
            allocation. It identifies 10 episodes of premature
            deindustrialization, carrying negligible welfare costs,
            below 1 percent of aggregate consumption.",,,,,,,,
74,34016763,World,Policy Research Working Paper,2023-03-07T00:00:00Z,Publications & Research,Policy Research working paper ; no. WPS 10345,"The Importance of Financial
            Education for the Effective Use of Formal Financial Services",http://documents.worldbank.org/curated/en/099346003072335535/pdf/IDU06db1d7f504f4e04bdc086250f256d40d4253.pdf,/research/2023/03/34016763/importance-financial-education-effective-use-formal-financial-services,http://documents.worldbank.org/curated/en/099346003072335535/IDU06db1d7f504f4e04bdc086250f256d40d4253,2023/03/34016763/IDU06db1d7f504f4e04bdc086250f256d40d4253,099346003072335535,Off of Sr VP Dev Econ/Chief Econ (DECVP),http://documents.worldbank.org/curated/en/099346003072335535/IDU06db1d7f504f4e04bdc086250f256d40d4253,"Ansar,Saniya","Klapper,Leora","The Importance of Financial Education for
            the Effective Use of Formal Financial Services",34016763,"This paper examines global data on
            unbanked and underbanked consumers to highlight the role
            that improved financial literacy and capability could play
            in motivating and enabling the safe and beneficial use of
            financial services. The paper uses data from Global Findex,
            a demand-side survey on ownership and use of accounts at
            formal financial institutions. The paper reviews the
            self-reported barriers to account ownership and use cited by
            unbanked adults, and identifies the challenges faced by
            account owners who could not use an account without help.
            Together, these issues point to the importance of financial
            education to improve digital and financial literacy skills,
            in addition to product design that considers customer
            abilities, and strong consumer safeguards to ensure that
            customers benefit from financial access.","Singer,Dorothe",,,,,,,
75,34016771,Middle East and North Africa,Policy Research Working Paper,2023-03-07T00:00:00Z,Publications & Research,Policy Research working paper ; no. WPS 10346,"Data Transparency in the Middle
            East and North Africa",http://documents.worldbank.org/curated/en/099414203072321426/pdf/IDU0b0991d7303fce046db08a1f0bd14a3e00419.pdf,/research/2023/03/34016771/data-transparency-middle-east-north-africa,http://documents.worldbank.org/curated/en/099414203072321426/IDU0b0991d7303fce046db08a1f0bd14a3e00419,2023/03/34016771/IDU0b0991d7303fce046db08a1f0bd14a3e00419,099414203072321426,Off of Sr VP Dev Econ/Chief Econ (DECVP),http://documents.worldbank.org/curated/en/099414203072321426/IDU0b0991d7303fce046db08a1f0bd14a3e00419,"Islam,Asif Mohammed",,"Data Transparency in the Middle East and
            North Africa",34016771,"Data transparency about critical
            economic issues may be key to driving growth and enhancing
            trust in government in the Middle East and North Africa.
            Several knowledge products and technical analyses on the
            region have been greatly constrained by the lack of
            availability of detailed data, and the relatively outdated
            nature of many available datasets. The goal of this study is
            to ascertain the state of data systems in the Middle East
            and North Africa region. Through analysis of several
            indicators, with their limitations in mind, the study uses
            descriptive analyses and uncovers six stylized facts of the
            region: (i) developing economies in the Middle East and
            North Africa have poor data ecosystems, largely due to the
            prevalence of conflict; (ii) developing economies in the
            Middle East and North Africa as a group have experienced the
            largest deterioration in data systems over time; (iii) data
            systems in richer economies in the Middle East and North
            Africa region underperform relative to their income peers;
            (iv) Gulf Cooperation Council economies underperform in data
            openness, especially online access, despite having the
            resources for online features; (v) the regulatory framework
            for data (data infrastructure) is poor throughout the
            region, especially in Gulf Cooperation Council economies;
            and (vi) the dispersion of source data scores – a measure of
            availability and timeliness of micro data – in the region
            suggests that national statistical offices in the region
            could learn from each other. Furthermore, the study
            summarizes data availability and timeliness for specific
            macro, micro, and public health indicators for countries
            across the region. The need for forging a social contract
            for data is discussed, as well as the role international
            institutions can play through a statistics compact for the region.",,,,,,,,
76,34016815,World,Policy Research Working Paper,2023-03-07T00:00:00Z,Publications & Research,Policy Research working paper ; no. WPS 10347,Behavioral Aspects of Healthy Longevity,http://documents.worldbank.org/curated/en/099506003072359397/pdf/IDU0650acf42088b7042e009a490186c736e3ea8.pdf,/research/2023/03/34016815/behavioral-aspects-healthy-longevity,http://documents.worldbank.org/curated/en/099506003072359397/IDU0650acf42088b7042e009a490186c736e3ea8,2023/03/34016815/IDU0650acf42088b7042e009a490186c736e3ea8,099506003072359397,Off of Sr VP Dev Econ/Chief Econ (DECVP),http://documents.worldbank.org/curated/en/099506003072359397/IDU0650acf42088b7042e009a490186c736e3ea8,"Rojas Mendez,Ana Maria","Munoz Boudet,Ana Maria",Behavioral Aspects of Healthy Longevity,34016815,"Addressing the growing burden of
            noncommunicable diseases to achieve healthy longevity for an
            aging population has become central to global health policy
            goals. New policy tools are needed for effectively and
            efficiently tackling health and lifestyle behaviors and
            habits linked to the development of noncommunicable disease
            risk factors. Behavioral science offers insights into
            psychological barriers, mental models, biases, and other
            factors that influence decision making and habit formation.
            Applying these insights can support current policy efforts
            toward healthy longevity. This paper develops a framework to
            clarify the relationships between noncommunicable disease
            formation, detection, and management and behavioral
            determinants at the individual, community, and health system
            levels. Following the framework, the paper documents
            frequently identified behavioral barriers at the three key
            stages of patients’ noncommunicable disease trajectories. It
            identifies policy lessons from the behavioral science
            literature to address such barriers and, together with other
            policies, reduce the incidence of noncommunicable diseases
            and improve treatment effectiveness.","Moscoe,Ellen Elizabeth","Jamison,Julian C","Herl,Carlos Rumiallo",,,,,
77,34017585,World,Policy Research Working Paper,2023-03-08T00:00:00Z,Publications & Research,"Policy Research working paper ; no. WPS
            10348; Paper is funded by the Knowledge for Change Program (KCP)","Improving Estimates of Mean
            Welfare and Uncertainty in Developing Countries",http://documents.worldbank.org/curated/en/099413503082334933/pdf/IDU0ddd4b90a0930204352095e1087657f2c9ec9.pdf,/research/2023/03/34017585/improving-estimates-mean-welfare-uncertainty-developing-countries,http://documents.worldbank.org/curated/en/099413503082334933/IDU0ddd4b90a0930204352095e1087657f2c9ec9,2023/03/34017585/IDU0ddd4b90a0930204352095e1087657f2c9ec9,099413503082334933,Off of Sr VP Dev Econ/Chief Econ (DECVP),http://documents.worldbank.org/curated/en/099413503082334933/IDU0ddd4b90a0930204352095e1087657f2c9ec9,"Merfeld,Joshua David","Newhouse,David Locke","Improving Estimates of Mean Welfare and
            Uncertainty in Developing Countries",34017585,"Reliable estimates of economic
            welfare for small areas are valuable inputs into the design
            and evaluation of development policies. This paper compares
            the accuracy of point estimates and confidence intervals for
            small area estimates of wealth and poverty derived from four
            different prediction methods: linear mixed models, Cubist
            regression, extreme gradient boosting, and boosted
            regression forests. The evaluation draws samples from
            unit-level household census data from four developing
            countries, combines them with publicly and globally
            available geospatial indicators to generate small area
            estimates, and evaluates these estimates against aggregates
            calculated using the full census. Predictions of wealth are
            evaluated in four countries and poverty in one. All three
            machine learning methods outperform the traditional linear
            mixed model, with extreme gradient boosting and boosted
            regression forests generally outperforming the other
            alternatives. The proposed residual bootstrap procedure
            reliably estimates confidence intervals for the machine
            learning estimators, with estimated coverage rates across
            simulations falling between 94 and 97 percent. These results
            demonstrate that predictions obtained using tree-based
            gradient boosting with a random effect block bootstrap
            generate more accurate point and uncertainty estimates than
            prevailing methods for generating small area welfare estimates.",,,,,,,,
78,34018459,"Tajikistan,Uzbekistan,Kazakhstan",Policy Research Working Paper,2023-03-09T00:00:00Z,Publications & Research,Policy Research working paper ; no. WPS 10349,"Can Vaccination Incentives
            Backfire? Experimental Evidence That Offering Cash
            Incentives Can Reduce Vaccination Intentions in Some Contexts",http://documents.worldbank.org/curated/en/099452203092332479/pdf/IDU0016740ca0e87b0431a08cf406f5b7aeae50b.pdf,/research/2023/03/34018459/can-vaccination-incentives-backfire-experimental-evidence-offering-cash-incentives-can-reduce-vaccination-intentions-some-contexts,http://documents.worldbank.org/curated/en/099452203092332479/IDU0016740ca0e87b0431a08cf406f5b7aeae50b,2023/03/34018459/IDU0016740ca0e87b0431a08cf406f5b7aeae50b,099452203092332479,,http://documents.worldbank.org/curated/en/099452203092332479/IDU0016740ca0e87b0431a08cf406f5b7aeae50b,"Seitz,William Hutchins","Yamada,Eiji","Can Vaccination Incentives Backfire?
            Experimental Evidence That Offering Cash Incentives Can
            Reduce Vaccination Intentions in Some Contexts",34018459,"This paper studies the effect of
            proposing a monetary incentive for vaccination intentions,
            with a survey-based randomized controlled experiment
            conducted separately in three countries, Tajikistan,
            Uzbekistan, and Kazakhstan. Respondents from nationally
            representative surveys were randomly assigned to a control
            group (for which no incentive was proposed) or to one of
            several treatment groups with varying levels of hypothetical
            compensation. Offering incentives markedly reduced overall
            vaccination intentions —all three counties. Country-level
            results ranged from no meaningful effect on vaccination
            intentions (Tajikistan) to a decline of up to 22 percent
            (Uzbekistan and Kazakhstan). In follow-up questions, most
            respondents said they disapprove of offering financial
            incentives for vaccination, and especially in contexts with
            strong negative effects in the experiment. The results
            contrast with the well-established efficacy of monetary
            incentives to influence vaccination behavior in other
            settings, but they are consistent with findings from the
            behavioral literature in which incentive payments signal
            inferiority or disutility. The findings suggest that policy
            makers and practitioners should use caution when considering
            extrinsic incentives for vaccination and other health
            interventions where effects have not been tested.","Shimizutani,Satoshi",,,,,,,
79,34018461,World,Policy Research Working Paper,2023-03-09T00:00:00Z,Publications & Research,Policy Research working paper ; no. WPS 10350,"The Impact of Infrastructure on
            Development Outcomes: A Meta-Analysis",http://documents.worldbank.org/curated/en/099510203092318515/pdf/IDU08a9d8af40f7d50487e0837208744c048b215.pdf,/research/2023/03/34018461/impact-infrastructure-development-outcomes-meta-analysis,http://documents.worldbank.org/curated/en/099510203092318515/IDU08a9d8af40f7d50487e0837208744c048b215,2023/03/34018461/IDU08a9d8af40f7d50487e0837208744c048b215,099510203092318515,Off of Sr VP Dev Econ/Chief Econ (DECVP),http://documents.worldbank.org/curated/en/099510203092318515/IDU08a9d8af40f7d50487e0837208744c048b215,"Foster,Vivien","Gorgulu,Nisan","The Impact of Infrastructure on Development
            Outcomes: A Meta-Analysis",34018461,"This paper presents a meta-analysis
            of the infrastructure research done over more than three
            decades, using a database of close to a thousand estimates
            from 201 papers conducted between 1983–2022, reporting
            outcome elasticities. The analysis casts a wide net to
            include the transport, energy, and digital or information
            and communications technology sectors and the whole set of
            outcomes covered in the literature, including output,
            employment and wages, inequality and poverty, trade,
            education and health, population, and environmental aspects.
            The results allow for an update of the underlying parameters
            of interest, the “true” underlying infrastructure
            elasticities, accounting for publication bias, as well as
            for heterogeneity stemming from both study design and
            context, with a particular focus on policy relevant
            subsectors and developing countries.","Jain,Dhruv","Straub,Stéphane","Vagliasindi,Maria",,,,,
80,34018462,World,Policy Research Working Paper,2023-03-09T00:00:00Z,Publications & Research,"Policy Research working paper ; no. WPS
            10351; COVID-19 (Coronavirus)","The Impact of COVID-19 on
            Mobility and Congestion",http://documents.worldbank.org/curated/en/099523003092341258/pdf/IDU03a959b5c03bce0477d0ab8a0e2c422b81b7a.pdf,/research/2023/03/34018462/impact-covid-19-mobility-congestion,http://documents.worldbank.org/curated/en/099523003092341258/IDU03a959b5c03bce0477d0ab8a0e2c422b81b7a,2023/03/34018462/IDU03a959b5c03bce0477d0ab8a0e2c422b81b7a,099523003092341258,Off of Sr VP Dev Econ/Chief Econ (DECVP),http://documents.worldbank.org/curated/en/099523003092341258/IDU03a959b5c03bce0477d0ab8a0e2c422b81b7a,"Vagliasindi,Maria",,The Impact of COVID-19 on Mobility and Congestion,34018462,"The COVID-19 pandemic has been posing
            unprecedented challenges for the transport sector. Urban
            travel has declined all over the world, but not uniformly
            for all modes; public transportation has taken the hardest
            blow. As a result, there has been a widespread reduction in
            public transport ridership: according to recent estimates,
            passenger numbers in cities around the world have been at
            the peak of the pandemic down 70 to 90 percent. This paper
            examines the short-run economic impact of the pandemic, as
            well as the generic and sector-specific restrictions that
            were adopted to control the outbreak of the pandemic, based
            on a rich database tracking on a daily basis public
            transport usage and traffic congestion. The analysis
            confirms the significant impact of sector-specific
            restrictions and broader lockdown measures in terms of
            reduction in urban mobility and congestion. The analysis
            finds that the spread of the disease itself had an economic
            impact distinct from that of the lockdown measures. There
            are also different results on the magnitude of impact of
            cross-sectoral vis-à-vis sectoral restrictions on urban
            mobility and congestion. Whereas the magnitude of the spread
            of the disease is higher than the overall stringency of the
            lockdown, the impact of restrictions of public transit has
            been much greater than the spread of the disease and acts
            indirectly as a disincentive to move on the road. More
            effective safety measures, such as those related to the use
            of facial covering, are associated with higher use of public
            transport and an increase in the likelihood of low
            congestion. There is no evidence of intermodal competition
            between public transportation and road transport. In
            particular, the expansion of car registration has not led to
            a decrease in public transport mobility, but it is
            significantly associated with an increase in traffic
            congestion, particularly in mega-cities.",,,,,,,,
81,34018586,World,Policy Research Working Paper,2023-03-09T00:00:00Z,Publications & Research,Policy Research working paper ; no. WPS 10652,"Growth and Transformative Effects
            of ICT Adoption :  A Survey",http://documents.worldbank.org/curated/en/099554003092330716/pdf/IDU0d9338f7201a08048bb088650a4f928761e4b.pdf,/research/2023/03/34018586/growth-transformative-effects-ict-adoption-survey,http://documents.worldbank.org/curated/en/099554003092330716/IDU0d9338f7201a08048bb088650a4f928761e4b,2023/03/34018586/IDU0d9338f7201a08048bb088650a4f928761e4b,099554003092330716,,http://documents.worldbank.org/curated/en/099554003092330716/IDU0d9338f7201a08048bb088650a4f928761e4b,"Vergara Cobos,Estefania Belen","Malasquez Carbonel,Eduardo Alonso","Growth and Transformative Effects of ICT
            Adoption :  A Survey",34018586,"This paper provides a compressive
            synthesis of the most recent and widely cited literature on
            the economic effects of information and communications
            technology adoption at the country, firm, and individual
            levels. The study surveys and analyzes the available
            literature on the topics of economic growth and
            transformation, and highlights the main conclusions drawn by
            scholars, areas of ongoing debate, and remaining research
            questions that need to be addressed in future work. Over 85
            percent of the reviewed papers are of quantitative nature,
            and approximately 32% of those show causal effects. The
            majority of the studies find a positive relationship between
            the adoption of information and communications technology
            and country economic growth, firm level growth,
            household/individual welfare, or labor conditions, with most
            showing statistically significant results. The paper shows
            that, for policy making purposes, the effects of information
            and communications technology adoption should be thoroughly
            evaluated at all levels to ensure that the benefits outweigh
            any potential negative consequences.",,,,,,,,
82,34018592,Guinea,Policy Research Working Paper,2023-03-09T00:00:00Z,Publications & Research,Policy Research working paper ; no. WPS 10353,"Prevalence of Catastrophic and
            Impoverishing Health Expenditures and Potential Protection
            against Financial Risks through Subsidies in Guinea",http://documents.worldbank.org/curated/en/099615403092324466/pdf/IDU097afb21b0970104d330b3150d3880f9cde32.pdf,/research/2023/03/34018592/prevalence-catastrophic-impoverishing-health-expenditures-potential-protection-against-financial-risks-through-subsidies-guinea,http://documents.worldbank.org/curated/en/099615403092324466/IDU097afb21b0970104d330b3150d3880f9cde32,2023/03/34018592/IDU097afb21b0970104d330b3150d3880f9cde32,099615403092324466,Off of Sr VP Dev Econ/Chief Econ (DECVP),http://documents.worldbank.org/curated/en/099615403092324466/IDU097afb21b0970104d330b3150d3880f9cde32,"Porgo,Teegwende Valerie","Magazi,Ibrahim","Prevalence of Catastrophic and Impoverishing
            Health Expenditures and Potential Protection against
            Financial Risks through Subsidies in Guinea",34018592,"Universal health coverage initiatives
            in Guinea have been hampered by insufficient budget
            allocations and inefficiencies. Nevertheless, data on the
            extent of catastrophic and impoverishing health expenditures
            in Guinea are scarce and outdated. The objectives of this
            study were to (1) identify the drivers of total health
            expenditures, (2) estimate the prevalence of catastrophic
            and impoverishing health expenditures, and (3) estimate the
            drivers of and potential financial risk protection against
            catastrophic and impoverishing health expenditures through
            subsidies in Guinea. A retrospective cohort study was
            conducted using the 2018–19 Guinea Living Standards
            Measurement Study. All 41,449 individuals in the Study were
            eligible, but 15 individuals who lacked consumption
            expenditure data were excluded. Expenditure data were
            converted to 2019 international dollars. Based on means and
            medians, the primary drivers of total health expenditures
            were hospitalizations ($78 and $51, respectively) and
            medications ($72 and $61, respectively). Based on the
            distribution of total health expenditures by expenditure
            categories, the primary driver was medications (75 percent).
            The main driver of hospitalization expenditures was fever
            and malaria (21 percent of hospitalization expenditures).
            The prevalences of catastrophic and health expenditures
            (equal to or greater than 10 percent threshold) and
            impoverishing health expenditures were 13 and 4 percent,
            respectively. Subsidizing medications would prevent 46
            percent of the cases of catastrophic health expenditures and
            73 percent of the cases of impoverishing health
            expenditures. It is recommended that the Guinean government
            (1) strengthen the country’s pharmaceutical sector by
            reinforcing existing laws and regulations and the
            operational aspects of the sector; (2) implement subsidy
            programs for rational use of medicines (notwithstanding the
            Bamako Initiative); (3) strengthen the National Malaria
            Control Program; and (4) establish an evidence-based
            operational financing strategy for universal health coverage.","Djallo,Ezechiel Abouro",,,,,,,B
83,34019195,World,Policy Research Working Paper,2023-03-10T00:00:00Z,Publications & Research,"Policy Research working paper ; no. WPS
            10354;  COVID-19 (Coronavirus)",Potential Growth : A Global Database,http://documents.worldbank.org/curated/en/099426303102336406/pdf/IDU0f9f2613e0a18e0486c0a2710e80b2c21a128.pdf,/research/2023/03/34019195/potential-growth-global-database,http://documents.worldbank.org/curated/en/099426303102336406/IDU0f9f2613e0a18e0486c0a2710e80b2c21a128,2023/03/34019195/IDU0f9f2613e0a18e0486c0a2710e80b2c21a128,099426303102336406,Off of Sr VP Dev Econ/Chief Econ (DECVP),http://documents.worldbank.org/curated/en/099426303102336406/IDU0f9f2613e0a18e0486c0a2710e80b2c21a128,"Kilic Celik,Sinem","Kose,Ayhan",Potential Growth : A Global Database,34019195,"Potential growth—the rate of
            expansion an economy can sustain at full capacity and
            employment—is a critical driver of development progress. It
            is also a major input in the formulation of fiscal and
            monetary policies over the business cycle. This paper
            introduces the most comprehensive database to date, covering
            the nine most commonly used measures of potential growth for
            up to 173 countries over 1981–2021. Based on this database,
            the paper presents three findings. First, all measures of
            global potential growth show a steady and widespread decline
            over the past decade, with all the fundamental drivers of
            growth losing momentum over time. In 2011–21, potential
            growth was below its 2000–10 average in nearly all advanced
            economies and roughly 60 percent of emerging market and
            developing economies. Second, adverse events, such as the
            global financial crisis and the COVID-19 pandemic,
            contributed to the decline. At the country-level also,
            national recessions lowered potential growth even five years
            after their onset. Third, the persistent impact of
            recessions on potential growth operated through weaker
            growth of investment, employment, and productivity.","Ohnsorge,Franziska Lieselotte","Ruch,Franz Ulrich",,,,,,
84,34019197,World,Policy Research Working Paper,2023-03-10T00:00:00Z,Publications & Research,Policy Research working paper ; no. WPS 10355,"Potential Growth Prospects :
            Risks, Rewards, and Policies",http://documents.worldbank.org/curated/en/099439203102334334/pdf/IDU01dc8e11c0d0ab047d80b7a60e220b64efa9d.pdf,/research/2023/03/34019197/potential-growth-prospects-risks-rewards-policies,http://documents.worldbank.org/curated/en/099439203102334334/IDU01dc8e11c0d0ab047d80b7a60e220b64efa9d,2023/03/34019197/IDU01dc8e11c0d0ab047d80b7a60e220b64efa9d,099439203102334334,Off of Sr VP Dev Econ/Chief Econ (DECVP),http://documents.worldbank.org/curated/en/099439203102334334/IDU01dc8e11c0d0ab047d80b7a60e220b64efa9d,"Kilic Celik,Sinem","Kose,Ayhan","Potential Growth Prospects : Risks, Rewards,
            and Policies",34019197,"Potential output growth around the
            world slowed over the past two decades. This slowdown is
            expected to continue in the remainder of the 2020s: global
            potential growth is projected to average 2.2 percent per
            year in 2022–30, 0.4 percentage point below its 2011-21
            average. Emerging market and developing economies (EMDEs)
            will face an even steeper slowdown, of about 1.0 percentage
            point to 4.0 percent per year on average during 2022–30. The
            slowdown will be widespread, affecting most EMDEs and
            countries accounting for 70 percent of global GDP. Global
            potential growth over the remainder of this decade could be
            even slower than projected in the baseline scenario—by
            another 0.2–0.9 percentage point a year—if investment
            growth, improvements in health and education outcomes, or
            developments in labor markets disappoint, or if adverse
            events materialize. A menu of policy options is available to
            help reverse the trend of weakening economic growth,
            including policies to enhance physical and human capital
            accumulation; to encourage labor force participation by
            women and older adults; to improve the efficiency of public
            spending; and to mitigate and adapt to climate change,
            including infrastructure investment to facilitate the green transition.","Ohnsorge,Franziska Lieselotte",,,,,,,
85,34019198,World,Policy Research Working Paper,2023-03-10T00:00:00Z,Publications & Research,"Policy Research working paper ; no. WPS
            10356;  COVID-19 (Coronavirus)","Trade as an Engine of Growth :
            Sputtering but Fixable",http://documents.worldbank.org/curated/en/099450203102326513/pdf/IDU0f731bf7c0ba660447f089fe0353b4723e925.pdf,/research/2023/03/34019198/trade-engine-growth-sputtering-fixable,http://documents.worldbank.org/curated/en/099450203102326513/IDU0f731bf7c0ba660447f089fe0353b4723e925,2023/03/34019198/IDU0f731bf7c0ba660447f089fe0353b4723e925,099450203102326513,Off of Sr VP Dev Econ/Chief Econ (DECVP),http://documents.worldbank.org/curated/en/099450203102326513/IDU0f731bf7c0ba660447f089fe0353b4723e925,"Ohnsorge,Franziska Lieselotte","Quaglietti,Lucia","Trade as an Engine of Growth : Sputtering
            but Fixable",34019198,"International trade has been an
            important engine of output and productivity growth
            historically. But since the global financial crisis, world
            trade growth has slowed, reflecting cyclical and structural
            forces. The COVID-19 pandemic and Russia’s invasion of
            Ukraine have further disrupted commodity markets, global
            supply chains and the trade that accompanies them. A removal
            of impediments that raise trade costs could reinvigorate
            world trade. Trade costs, on average, roughly double the
            cost of internationally traded goods relative to
            domestically sold goods. Tariffs amount to only
            one-twentieth of average trade costs; the bulk are incurred
            in shipping and logistics, and trade procedures and
            processes at and behind the border. Despite a decline since
            1995, trade costs remain about one-half higher in EMDEs than
            in advanced economies; about two-fifths of this gap appears
            to be due to higher shipping and logistics costs and a
            further two-fifths due to trade policy. A comprehensive
            reform package to lower trade costs could yield large
            dividends. It is estimated that among the worst-performing
            EMDEs, a hypothetical reform package to improve logistics
            and maritime connectivity to the standards of the
            best-performing EMDEs would halve trade costs.",,,,,,,,
86,34019231,World,Policy Research Working Paper,2023-03-10T00:00:00Z,Publications & Research,Policy Research working paper ; no. WPS 10357,"Modeling Transition Paths for the
            Energy and Transport Sectors : A Literature Review",http://documents.worldbank.org/curated/en/099547303102370652/pdf/IDU0de4353580090f04ff70a6d20a8f793c51fc6.pdf,/research/2023/03/34019231/modeling-transition-paths-energy-transport-sectors-literature-review,http://documents.worldbank.org/curated/en/099547303102370652/IDU0de4353580090f04ff70a6d20a8f793c51fc6,2023/03/34019231/IDU0de4353580090f04ff70a6d20a8f793c51fc6,099547303102370652,Off of Sr VP Dev Econ/Chief Econ (DECVP),http://documents.worldbank.org/curated/en/099547303102370652/IDU0de4353580090f04ff70a6d20a8f793c51fc6,"Vagliasindi,Maria",,"Modeling Transition Paths for the Energy and
            Transport Sectors : A Literature Review",34019231,"Meeting the dual challenge of
            providing reliable and affordable energy and transport to a
            growing population while reducing environmental impacts,
            including mitigating greenhouse gas emissions, requires a
            deep understanding of both the unit- and system-level
            responses. These responses arise from the ongoing energy and
            transport system evolution, such as the transition toward
            lower carbon fuels and the expanded deployment of new
            low-carbon generation technologies. This literature review
            takes stock of the advantages and disadvantages of
            alternative approaches, by offering a taxonomy of the
            current modeling approach, focusing inter alia on the
            characteristics of the models. Current analyses often employ
            integrated assessment models to quantify the effects (for
            example, economywide greenhouse gas emissions) of various
            policies and decision processes on representative unit
            operations. The accuracy of the modeling approaches used to
            estimate these costs depends on several factors: for
            example, modeling approaches (ranging from partial
            equilibrium energy-land models to computable general
            equilibrium models of the global economy, from myopic to
            perfect foresight models, and from models with or without
            endogenous technological change), covered area, time
            horizon, determination of baseline scenarios, detailed
            sectoral representation, emissions sources, inclusion of
            efficiency and renewable energy options, and so forth. Some
            of the biggest challenges for improving the design and use
            of integrated assessment models include accounting for the
            trade-off between efficiency and equity, capturing
            interactions between impact sectors and feedbacks to the
            climate system, and dealing with uncertainty and risk. This
            review focuses on the treatment of the energy and transport sectors.",,,,,,,,
87,34019255,World,Policy Research Working Paper,2023-03-10T00:00:00Z,Publications & Research,Policy Research working paper ; no. WPS 10358,"How Do Borrowers Respond to a
            Debt Moratorium ? Experimental Evidence from Consumer Loans
            in India",http://documents.worldbank.org/curated/en/099612503102338755/pdf/IDU0a5f925c709613045820a0a50535cb8013812.pdf,/research/2023/03/34019255/borrowers-respond-debt-moratorium-experimental-evidence-consumer-loans-india,http://documents.worldbank.org/curated/en/099612503102338755/IDU0a5f925c709613045820a0a50535cb8013812,2023/03/34019255/IDU0a5f925c709613045820a0a50535cb8013812,099612503102338755,Off of Sr VP Dev Econ/Chief Econ (DECVP),http://documents.worldbank.org/curated/en/099612503102338755/IDU0a5f925c709613045820a0a50535cb8013812,"Fiorin,Stefano","Hall,Joseph","How Do Borrowers Respond to a Debt
            Moratorium ? Experimental Evidence from Consumer Loans in India",34019255,"Debt moratoria that allow borrowers
            to postpone loan payments are a frequently used tool
            intended to soften the impact of economic crises. This paper
            reports results from a nationwide experiment with a large
            consumer lender in India, designed to study how debt
            forbearance offers affect loan repayment and banking
            relationships. In the experiment, borrowers receive
            forbearance offers that are presented either as an
            initiative of their lender or the result of government
            regulation. The results show that delinquent borrowers who
            are offered a debt moratorium by their lender are 4
            percentage points (7 percent) less likely to default on
            their loan, while forbearance has no effect on repayment if
            it is granted by the regulator. Borrowers who are offered
            forbearance by their lender also have causally higher demand
            for future interactions with the lender: in a follow-up
            experiment conducted several months after the main
            intervention demand for a non-credit product offered by the
            lender is 10 percentage points (27 percent) higher among
            customers who were offered repayment flexibility by the
            lender than among customers who received a moratorium offer
            presented as an initiative of the regulator. Overall, the
            results suggest that, rather than generating moral hazard,
            debt forbearance can improve loan repayment and support the
            creation of longer-term banking relationships not only for
            liquidity but also for relational contracting reasons. This
            provides a rationale for offering repayment flexibility even
            in settings where lenders are not required to provide forbearance.","Kanz,Martin",,,,,,,
88,34020263,World,Policy Research Working Paper,2023-03-13T00:00:00Z,Publications & Research,"Policy Research working paper ; no. WPS
            10359;  COVID-19 (Coronavirus)","How Well Do Internet-Based
            Surveys Track Labor Market Indicators in Middle-Income
            Countries ?",http://documents.worldbank.org/curated/en/099254503132376827/pdf/IDU06596cf9a09dbd0473a09c6e0c4dc3e9383bd.pdf,/research/2023/03/34020263/well-internet-based-surveys-track-labor-market-indicators-middle-income-countries,http://documents.worldbank.org/curated/en/099254503132376827/IDU06596cf9a09dbd0473a09c6e0c4dc3e9383bd,2023/03/34020263/IDU06596cf9a09dbd0473a09c6e0c4dc3e9383bd,099254503132376827,,http://documents.worldbank.org/curated/en/099254503132376827/IDU06596cf9a09dbd0473a09c6e0c4dc3e9383bd,"Soundararajan,Vidhya","Soubeiga,Sidiki","How Well Do Internet-Based Surveys Track
            Labor Market Indicators in Middle-Income Countries ?",34020263,"Online surveys are convenient,
            cost-effective, speedy, and increasingly popular instruments
            for data collection. This study investigates whether online
            surveys that used Random Domain Intercept Technology to
            recruit respondents were accurately measured labor market
            outcomes in six middle-income countries in the aftermath of
            the COVID-19 pandemic. Compared with the national average,
            online surveys oversampled males, youth, those with higher
            levels of education, and those in smaller households.
            Reweighting using propensity score estimates fails to
            equalize the means of variables excluded from the model.
            When comparing the employment-to-population ratio from the
            internet surveys to the most recent relevant nationally
            representative surveys, the average deviation is 30 percent.
            Reweighting using propensity scores in that case worsened
            the bias. Internet survey estimates of informal and
            self-employment rates also tend to be inconsistent with
            benchmark data, although the latter are available for fewer
            countries. Overall, the results suggest that despite the
            advantages and convenience of recruiting internet survey
            participants through Random Domain Intercept Technology, the
            resulting sample is not representative and even after
            propensity score reweighting, it can yield estimates that
            are at odds with nationally representative surveys.","Newhouse,David Locke","Palacios-Lopez,Amparo","Pape,Utz Johann","Weber,Michael",,,,
89,34020275,Africa,Policy Research Working Paper,2023-03-13T00:00:00Z,Publications & Research,"Policy Research working paper ; no. WPS
            10360;  COVID-19 (Coronavirus)","How Did Urban Household
            Enterprises in Sub-Saharan Africa Fare during COVID-19 ?
            Evidence from High-Frequency Phone Surveys",http://documents.worldbank.org/curated/en/099348503132322233/pdf/IDU05bdb518202c21042910b4a901cbe0cc9b544.pdf,/research/2023/03/34020275/urban-household-enterprises-sub-saharan-africa-fare-during-covid-19-evidence-high-frequency-phone-surveys,http://documents.worldbank.org/curated/en/099348503132322233/IDU05bdb518202c21042910b4a901cbe0cc9b544,2023/03/34020275/IDU05bdb518202c21042910b4a901cbe0cc9b544,099348503132322233,Off of Sr VP Dev Econ/Chief Econ (DECVP),http://documents.worldbank.org/curated/en/099348503132322233/IDU05bdb518202c21042910b4a901cbe0cc9b544,"Cunningham,Wendy","Tchuisseu,Feraud","How Did Urban Household Enterprises in
            Sub-Saharan Africa Fare during COVID-19 ? Evidence from
            High-Frequency Phone Surveys",34020275,"While the impact of COVID-19 on
            Sub-Saharan African labor markets is well documented, there
            is suggestive evidence that urban households may have fared
            particularly poorly. This paper uses data from
            high-frequency phone surveys in 27 Sub-Saharan African
            countries to investigate which kinds of urban household
            enterprises were most affected, what coping strategies were
            utilized, and heterogeneity by sociodemographic
            characteristics in the short and medium run. Using linear
            probability models, the paper finds that households that
            relied on income from non-farm enterprises were hit
            particularly hard during the early stage of the crisis, with
            20-26 percent reporting income declines, and women
            experiencing even greater losses. Few coping strategies were
            utilized in the short run to counterbalance the loss of
            enterprise income. As the crisis progressed, wage employment
            recovered more quickly than self-employment, with faster
            gains for non-farm household enterprises, less poor
            households, and those headed by males and adults. Women,
            adults, and non-poor self-employed household heads were more
            successful at leveraging external sources of support early
            in the pandemic, but these supports largely dropped off by
            August 2020. These results demonstrate the vulnerability of
            non-farm household enterprises in urban Sub-Saharan Africa
            to the COVID-19 shock and highlight the need to expand
            publicly and privately financed coping mechanisms,
            particularly for women, youth, and poor household heads who
            are self-employed.","Viollaz,Mariana","Edochie,Ifeanyi Nzegwu","Newhouse,David Locke","Ricaldi,Federica",,,,
90,34020331,World,Policy Research Working Paper,2023-03-13T00:00:00Z,Publications & Research,Policy Research working paper ; no. WPS 10361,"Toward Environmentally
            Sustainable Public Institutions : The Green Government IT Index",http://documents.worldbank.org/curated/en/099534203132365941/pdf/IDU0d73e349a023ba04dc0098430696549205733.pdf,/research/2023/03/34020331/toward-environmentally-sustainable-public-institutions-green-government-index,http://documents.worldbank.org/curated/en/099534203132365941/IDU0d73e349a023ba04dc0098430696549205733,2023/03/34020331/IDU0d73e349a023ba04dc0098430696549205733,099534203132365941,Off of Sr VP Dev Econ/Chief Econ (DECVP),http://documents.worldbank.org/curated/en/099534203132365941/IDU0d73e349a023ba04dc0098430696549205733,"Lokshin,Michael M.","Widmar,Eduardo Martin","Toward Environmentally Sustainable Public
            Institutions : The Green Government IT Index",34020331,"This paper proposes a new Green
            Government IT index to assess the environmentally
            responsible use of computers and other resources by the
            information technology departments of government
            institutions and nonprofit organizations. The methodology
            used in the paper relies on the established literature on
            index construction and the existing models for evaluating
            the environmental sustainability of information and
            communications technologies. The paper discusses the
            conceptual and theoretical foundations behind the new index
            and defines a set of verifiable, comparable, and transparent
            indicators for index construction. This framework allows for
            future index revisions as the green agenda evolves. The new
            index could be the first step before more resource-intensive
            assessments to inform an organization’s long-term
            environmentally sustainable strategy.",,,,,,,,
91,34020417,World,Policy Research Working Paper,2023-03-13T00:00:00Z,Publications & Research,Policy Research working paper ; no. WPS 10362,The Fragility and Resilience of Nations,http://documents.worldbank.org/curated/en/099717103132331477/pdf/IDU03f0080c40ac2f0496308b2a03d516ab9a9a6.pdf,/research/2023/03/34020417/fragility-resilience-nations,http://documents.worldbank.org/curated/en/099717103132331477/IDU03f0080c40ac2f0496308b2a03d516ab9a9a6,2023/03/34020417/IDU03f0080c40ac2f0496308b2a03d516ab9a9a6,099717103132331477,Off of Sr VP Dev Econ/Chief Econ (DECVP),http://documents.worldbank.org/curated/en/099717103132331477/IDU03f0080c40ac2f0496308b2a03d516ab9a9a6,"Karayalcin,Cem","Onder,Harun",The Fragility and Resilience of Nations,34020417,"Climate change will impose large and
            differentiated tolls across countries. This paper suggests
            that economic fragility and resilience against climate
            change-driven natural shocks are shaped by: (i) the
            elasticity of input substitution in resource-intensive
            sectors, (ii) the trade regime, and (iii) the property
            rights regime in nature-based assets. Using a structural
            transformation model, the paper shows, inter alia, that
            openness increases resilience against natural shocks,
            regardless of the property right regime. Additionally,
            openness reduces fragility when a social planner
            internalizes the social cost of natural resource
            degradation. However, it increases fragility in a
            decentralized economy with incomplete property rights in
            nature-based assets.",,,,,,,,
92,34021295,World,Policy Research Working Paper,2023-03-14T00:00:00Z,Publications & Research,Policy Research working paper ; no. WPS 10363,"Unlocking SME Finance in Fragile
            and Conflict Affected Situations",http://documents.worldbank.org/curated/en/099351103142316396/pdf/IDU021ba8d170d7d8041d808fae039c668326869.pdf,/research/2023/03/34021295/unlocking-sme-finance-fragile-conflict-affected-situations,http://documents.worldbank.org/curated/en/099351103142316396/IDU021ba8d170d7d8041d808fae039c668326869,2023/03/34021295/IDU021ba8d170d7d8041d808fae039c668326869,099351103142316396,Off of Sr VP Dev Econ/Chief Econ (DECVP),http://documents.worldbank.org/curated/en/099351103142316396/IDU021ba8d170d7d8041d808fae039c668326869,"Calice,Pietro",,"Unlocking SME Finance in Fragile and
            Conflict Affected Situations",34021295,"Access to finance is a key obstacle
            for the growth and development of small and medium-sized
            enterprises in fragile and conflict affected situations.
            This paper provides empirical evidence on the key
            macrofinancial and institutional drivers of financial
            inclusion of small and medium-sized enterprises in a large
            sample of countries, highlighting the comparative importance
            of factors affecting countries with and without fragile and
            conflict affected situations. The results show that
            macroeconomic and institutional stability, along with
            reduced informality, banking sector soundness, and improved
            credit information environment, are associated with higher
            financial inclusion of small and medium-sized enterprises.
            The results also show that strengthening the rule of law,
            government effectiveness, and control of corruption while
            increasing financial depth and reducing public sector
            borrowing and banking market concentration could help close
            the small and medium-sized enterprise financial inclusion
            gap between fragile and conflict affected situation
            countries and the best performing countries. These effects
            are generally stronger in middle-income countries with
            fragile and conflict affected situations than in low-income
            countries with fragile and conflict affected situations. The
            results point to the importance of adopting comprehensive
            macrofinancial and institutional strategies to improve
            financial inclusion of small and medium-sized enterprises in
            countries with fragile and conflict affected situations,
            tailoring reforms to country contexts.",,,,,,,,
93,34021991,World,Policy Research Working Paper,2023-03-15T00:00:00Z,Publications & Research,Policy Research working paper ; no. WPS 10364,"The Global Investment Slowdown :
            Challenges and Policies",http://documents.worldbank.org/curated/en/099351003152335049/pdf/IDU0726e2460074a604ccb0be1e003a8396efcce.pdf,/research/2023/03/34021991/global-investment-slowdown-challenges-policies,http://documents.worldbank.org/curated/en/099351003152335049/IDU0726e2460074a604ccb0be1e003a8396efcce,2023/03/34021991/IDU0726e2460074a604ccb0be1e003a8396efcce,099351003152335049,,http://documents.worldbank.org/curated/en/099351003152335049/IDU0726e2460074a604ccb0be1e003a8396efcce,"Stamm,Kersten Kevin","Vorisek,Dana Lauren","The Global Investment Slowdown : Challenges
            and Policies",34021991,"Investment growth in emerging market
            and developing economies (EMDEs) is expected to remain below
            its average rate of the past two decades through the medium
            term. This subdued outlook follows a decade-long,
            geographically widespread investment growth slowdown before
            the COVID-19 pandemic. An empirical analysis covering
            2000-21 finds that periods of strong investment growth were
            associated with strong real output growth, robust real
            credit growth, terms of trade improvements, growth in
            capital inflows, and investment climate reform spurts. Each
            of these factors has been decreasingly supportive of
            investment growth since the 2007-09 global financial crisis.
            Weak investment growth is a concern because it dampens
            potential growth, is associated with weak trade, and makes
            achieving the development and climate-related goals more
            difficult. Policies to boost investment growth need to be
            tailored to country circumstances, but include comprehensive
            fiscal and structural reforms, including repurposing of
            expenditure on inefficient subsidies. Given EMDEs’ limited
            fiscal space, the international community will need to
            significantly increase international cooperation, official
            financing and grants, and leverage private sector financing
            for adequate investment to materialize.",,,,,,,,
94,34022031,World,Policy Research Working Paper,2023-03-15T00:00:00Z,Publications & Research,Policy Research working paper ; no. WPS 10365,"Exciting, Boring, and Nonexistent
            Skylines : Vertical Building Gaps in Global Perspective",http://documents.worldbank.org/curated/en/099420203152314749/pdf/IDU0bedb1cec0e34c0495f0b7c40e02a3428c91b.pdf,/research/2023/03/34022031/exciting-boring-nonexistent-skylines-vertical-building-gaps-global-perspective,http://documents.worldbank.org/curated/en/099420203152314749/IDU0bedb1cec0e34c0495f0b7c40e02a3428c91b,2023/03/34022031/IDU0bedb1cec0e34c0495f0b7c40e02a3428c91b,099420203152314749,Off of Sr VP Dev Econ/Chief Econ (DECVP),http://documents.worldbank.org/curated/en/099420203152314749/IDU0bedb1cec0e34c0495f0b7c40e02a3428c91b,"Jedwab,Remi Camille","Barr,Jason","Exciting, Boring, and Nonexistent Skylines :
            Vertical Building Gaps in Global Perspective",34022031,"Despite the widespread prevalence and
            economic importance of tall buildings, little is known about
            how their patterns vary across space and time. This paper
            focuses on vertical real estate, aiming to quantify
            differences across major world regions over time
            (1950–2020). The paper exploits a novel database on the
            location, height (above 55 meters), and year of construction
            of nearly all the tall buildings in the world. It proposes a
            new methodology to estimate the extent to which some world
            regions build up more than others given similar economic and
            geographic conditions, city size distributions, and other
            features. The analyses reveal that many skylines may
            visually appear more prominent than they really are once all
            the tall buildings and core controls are included, which
            alters how regions are ranked in terms of tall building
            stocks. Using results by city size, centrality, height of
            buildings, and building function, the paper classifies world
            regions into different groups, finding that international
            tall building stocks are mostly driven by boring skylines of
            residential high-rises, and to a lesser extent exciting
            skylines of skyscrapers and supertall office towers.
            Finally, land use regulations and preferences, not
            historical preservation nor dispersed ownership, likely
            account for most of the observed differences.",,,,,,,,
95,34022828,India,Policy Research Working Paper,2023-03-16T00:00:00Z,Publications & Research,"Policy Research working paper ; no. WPS
            10366; COVID-19 (Coronavirus)","Synthesis of the Impacts of
            Covid-19 on India’s Labor Market : Looking at People, Places
            and Policies",http://documents.worldbank.org/curated/en/099335003162316683/pdf/IDU0033327e00090c04ed90b88900e2290079692.pdf,/research/2023/03/34022828/synthesis-impacts-covid-19-india’s-labor-market-looking-people-places-policies,http://documents.worldbank.org/curated/en/099335003162316683/IDU0033327e00090c04ed90b88900e2290079692,2023/03/34022828/IDU0033327e00090c04ed90b88900e2290079692,099335003162316683,Off of Sr VP Dev Econ/Chief Econ (DECVP),http://documents.worldbank.org/curated/en/099335003162316683/IDU0033327e00090c04ed90b88900e2290079692,"Guo,Yiming","Narayan,Ambar","Synthesis of the Impacts of Covid-19 on
            India’s Labor Market : Looking at People, Places and Policies",34022828,"This paper examines the impact of
            Covid-19 on a host of labor market outcomes in India, using
            a continuous household survey. Cross-sectional trends of
            headline indicators like unemployment and labor force
            participation indicate a quick recovery after the
            unprecedented shock of the pandemic. However, women,
            marginalized social groups, and youth were more adversely
            affected, largely due to the nature of their employment
            before the pandemic. Next, a fixed-cohort analysis with a
            difference-in-differences regression framework is used to
            follow the labor market trajectories of a Covid-affected
            cohort and a pre-Covid cohort for comparison, over a span of
            12-16 months. A story of downward transitions emerges, with
            movements out of the labor force, into more informal and
            lower-paid types of work in agriculture and rural areas.
            Higher education and being located in dense, urban areas
            partially mediated the adverse shocks of Covid-19. Lastly,
            India’s extensive vaccination campaign had significant
            positive impacts on employment recovery.","Olinto,Pedro","Sinha Roy,Sutirtha","Sarma,Nayantara",,,,,
96,34022860,"Türkiye,Turkiye",Policy Research Working Paper,2023-03-16T00:00:00Z,Publications & Research,Policy Research working paper ; no. WPS 10367,"The Macroeconomic Implications of
            a Transition to Zero Net Emissions : A Modeling Framework",http://documents.worldbank.org/curated/en/099404203162310400/pdf/IDU0599eff88052ac04a990b738060858a1d0bef.pdf,/research/2023/03/34022860/macroeconomic-implications-transition-zero-net-emissions-modeling-framework,http://documents.worldbank.org/curated/en/099404203162310400/IDU0599eff88052ac04a990b738060858a1d0bef,2023/03/34022860/IDU0599eff88052ac04a990b738060858a1d0bef,099404203162310400,Off of Sr VP Dev Econ/Chief Econ (DECVP),http://documents.worldbank.org/curated/en/099404203162310400/IDU0599eff88052ac04a990b738060858a1d0bef,"Hallegatte,Stephane","Mcisaac,Florent John","The Macroeconomic Implications of a
            Transition to Zero Net Emissions : A Modeling Framework",34022860,"Analyzing the macroeconomic
            consequences of a transition to a net-zero economy creates
            specific modeling challenges, including those related to the
            non-marginal nature of the required transformation, the role
            of technologies, and the replacement of fossil fuel-based
            assets with greener ones. To address these challenges, this
            paper proposes a hybrid modeling approach that starts from a
            set of sectoral techno-economic scenarios to construct an
            illustrative resilient and net-zero decarbonization
            trajectory. It then assesses the macroeconomic implications
            by linking sectoral dynamics to two macroeconomic
            frameworks: a multisector general equilibrium framework and
            an aggregate macrostructural model. This approach combines
            the advantages of multiple tools and captures the various
            dimensions of the transition, including the need to tackle
            simultaneously multiple market failures beyond the carbon
            externality. The paper illustrates this methodology with
            Türkiye’s objective to reach net zero emissions by 2053. The
            multisector general equilibrium framework suggests that the
            transition could contribute positively to Türkiye’s economic
            growth despite the large investment needs, especially when
            indirect mitigation benefits are taken into account and if
            labor market frictions can be reduced. Improved energy
            efficiency in the transportation and building sectors drives
            the growth benefits in the short and medium terms. The
            growth benefits depend on how transition investments are
            financed: if they crowd out other productive investments,
            the benefits are significantly reduced and can even become
            slightly negative in the long term. The macrostructural
            model focuses on implications for public debt and the
            current account, using two extreme scenarios in which
            additional investments are triggered by higher productivity
            or a set of budget-neutral incentives (taxes and subsidies).
            The model concludes that the transition would have moderate
            impacts on the current account and public debt. With
            budget-neutral incentives, there is a small increase in
            gross domestic product (GDP) growth, the debt-to-GDP ratio
            increases by 1 to 3 percent, and the current account remains
            unchanged thanks to the reduction in fuel imports.","Dudu,Hasan","Jooste,Charl","Knudsen,Camilla","Beck,Hans Anand",,,,
97,34022910,World,Policy Research Working Paper,2023-03-16T00:00:00Z,Publications & Research,Policy Research working paper ; no. WPS 10369,"The Past and Future of Regional
            Potential Growth :  Hopes, Fears, and Realities",http://documents.worldbank.org/curated/en/099526403162313663/pdf/IDU0c4dda37c03d960446c09eb30112c481152dc.pdf,/research/2023/03/34022910/past-future-regional-potential-growth-hopes-fears-realities,http://documents.worldbank.org/curated/en/099526403162313663/IDU0c4dda37c03d960446c09eb30112c481152dc,2023/03/34022910/IDU0c4dda37c03d960446c09eb30112c481152dc,099526403162313663,Off of Sr VP Dev Econ/Chief Econ (DECVP),http://documents.worldbank.org/curated/en/099526403162313663/IDU0c4dda37c03d960446c09eb30112c481152dc,"Kasyanenko,Sergiy","Kenworthy,Philip George","The Past and Future of Regional Potential
            Growth :  Hopes, Fears, and Realities",34022910,"Potential growth slowed in most
            emerging market and developing economy (EMDE) regions in the
            past decade. The steepest slowdown occurred in the Middle
            East and North Africa (MNA), followed by East Asia and the
            Pacific (EAP), although potential growth in EAP remained one
            of the two highest among EMDE regions, the other being South
            Asia (SAR), where potential growth remained broadly
            unchanged. Projections of the fundamental drivers of growth
            suggest that, without reforms, potential growth in EMDEs
            will continue to weaken over the remainder of this decade.
            The slowdown will be most pronounced in EAP and Europe and
            Central Asia because of slowing labor force growth and weak
            investment, and least pronounced in Sub-Saharan Africa where
            the multiple adverse shocks over the past decade are assumed
            to dissipate going forward. Potential growth in Latin
            America and the Caribbean, MNA, and SAR is expected to be
            broadly steady as slowing population growth is offset by
            strengthening productivity. The projected declines in
            potential growth are not inevitable. Many EMDEs could lift
            potential growth by implementing reforms, with policy
            priorities varying across regions.","Kilic Celik,Sinem","Ruch,Franz Ulrich","Vashakmadze,Ekaterine T.","Wheeler,Collette Mari",,,,
98,34022992,World,Policy Research Working Paper,2023-03-16T00:00:00Z,Publications & Research,Policy Research working paper ; no. WPS 10369,"Investment in Emerging Market and
            Developing Economy Regions : Trends, Prospects, and Policy Options",http://documents.worldbank.org/curated/en/099542403162311587/pdf/IDU0f6e85a340d9b4040ee0828b060b095204a20.pdf,/research/2023/03/34022992/investment-emerging-market-developing-economy-regions-trends-prospects-policy-options,http://documents.worldbank.org/curated/en/099542403162311587/IDU0f6e85a340d9b4040ee0828b060b095204a20,2023/03/34022992/IDU0f6e85a340d9b4040ee0828b060b095204a20,099542403162311587,Off of Sr VP Dev Econ/Chief Econ (DECVP),http://documents.worldbank.org/curated/en/099542403162311587/IDU0f6e85a340d9b4040ee0828b060b095204a20,"Kasyanenko,Sergiy","Kenworthy,Philip George","Investment in Emerging Market and Developing
            Economy Regions : Trends, Prospects, and Policy Options",34022992,"Investment growth slowed in the past
            decade in all emerging market and developing economy (EMDE)
            regions, but most sharply in East Asia and the Pacific (EAP)
            and the Middle East and North Africa (MNA). Yet, pressing
            investment needs remain. All regions need to boost
            infrastructure investment and investment in mitigating and
            adapting to climate change and reversing pandemic-related
            learning losses. In other areas, investment needs vary by
            region. They include accommodating high and rising
            urbanization (EAP, Latin America and the Caribbean [LAC],
            South Asia [SAR]); boosting productivity, especially in
            sectors that employ large proportions of the population (for
            example, agriculture in Sub-Saharan Africa [SSA]);
            rebuilding after conflict (Europe and Central Asia [ECA],
            MNA, SSA); improving trade linkages (LAC); and preparing for
            future public health crises. Across all EMDE regions, policy
            priorities include strengthening the efficiency of public
            investment, boosting private investment (especially in ECA,
            LAC, and MNA), and expanding the availability of finance for
            investment (especially in SSA, LAC).","Ruch,Franz Ulrich","Vashakmadze,Ekaterine T.","Vorisek,Dana Lauren","Wheeler,Collette Mari",,,,
99,34024399,Bangladesh,Policy Research Working Paper,2023-03-20T00:00:00Z,Publications & Research,"Policy Research working paper ; no. WPS
            10370; Impact Evaluation series","Leaning in at Home : Women's
            Promotions and Intra-household Bargaining in Bangladesh",http://documents.worldbank.org/curated/en/099259503202324609/pdf/IDU0f776bf4e0723e0481f09732069b5c938c282.pdf,/research/2023/03/34024399/leaning-home-womens-promotions-intra-household-bargaining-bangladesh,http://documents.worldbank.org/curated/en/099259503202324609/IDU0f776bf4e0723e0481f09732069b5c938c282,2023/03/34024399/IDU0f776bf4e0723e0481f09732069b5c938c282,099259503202324609,Off of Sr VP Dev Econ/Chief Econ (DECVP),http://documents.worldbank.org/curated/en/099259503202324609/IDU0f776bf4e0723e0481f09732069b5c938c282,"Uckat,Hannah Irmela",,"Leaning in at Home : Women's Promotions
            and Intra-household Bargaining in Bangladesh",34024399,"It is established that entering
            employment improves a woman's bargaining position in
            the household. This paper investigates whether a
            woman's career advancement further improves her
            intra-household bargaining power. The analysis exploits
            quasi-random participation in a career promotion program in
            Bangladesh's garment industry to causally estimate the
            impact of women's promotion on household
            decision-making. The findings show that women who
            participate in the promotion program gain bargaining power
            as measured by higher expenditures on women (51%) and girls
            (74%), and on remittances (58%). The promotion-related
            income effect only partially explains these increases,
            suggesting that women gain more agency over household income
            more generally. Further, these new female managers now serve
            as role models to their staff. The paper finds that the
            direct effects spill over to women who are quasi-randomly
            exposed to the new female managers, who also report more say
            in household decisions. Complementarities between
            women's positions in the workplace and in the household
            appear important.",,,,,,,,
100,34024420,"World,Europe",Policy Research Working Paper,2023-03-20T00:00:00Z,Publications & Research,Policy Research working paper ; no. WPS 10371,"Offshoring Response to
            High-Skilled Immigration : A Firm-Level Analysis",http://documents.worldbank.org/curated/en/099340403202310448/pdf/IDU08e1ec0fe0b651042320bc7306926750a07ac.pdf,/research/2023/03/34024420/offshoring-response-high-skilled-immigration-firm-level-analysis,http://documents.worldbank.org/curated/en/099340403202310448/IDU08e1ec0fe0b651042320bc7306926750a07ac,2023/03/34024420/IDU08e1ec0fe0b651042320bc7306926750a07ac,099340403202310448,Off of Sr VP Dev Econ/Chief Econ (DECVP),http://documents.worldbank.org/curated/en/099340403202310448/IDU08e1ec0fe0b651042320bc7306926750a07ac,"Ghose,Devaki","Wang,Zhiling","Offshoring Response to High-Skilled
            Immigration : A Firm-Level Analysis",34024420,"Using a policy change in the
            Netherlands in 2012 that made it easier and less costly for
            firms to employ high-skilled short-stay non-European Union
            workers and a matched employer-employee data, this paper
            shows that firms in high-skill industries respond by both
            employing a higher share of non-European Union immigrants
            and increasing the total amount of offshoring to
            non-European Union countries. With reduced costs of hiring
            short-stay non-European Union workers, small firms hire and
            fire more non-European Union workers in a given year. Many
            of these workers return to their home countries,
            establishing direct connections that boost offshoring to
            firms in the Netherlands. By contrast, large firms absorb
            some of the workers leaving the small firms. These workers
            also establish connections between their host and origin
            countries, boosting offshoring.",,,,,,,,
101,34024438,El Salvador,Policy Research Working Paper,2023-03-20T00:00:00Z,Publications & Research,Policy Research working paper ; no. WPS 10372,"Institutional Trust, Perceptions
            of Distributive Unfairness, and Income across Salvadoran Municipalities",http://documents.worldbank.org/curated/en/099356003202330624/pdf/IDU0b67960510b95d04c950b4790dbd601e0bcbe.pdf,/research/2023/03/34024438/institutional-trust-perceptions-distributive-unfairness-income-across-salvadoran-municipalities,http://documents.worldbank.org/curated/en/099356003202330624/IDU0b67960510b95d04c950b4790dbd601e0bcbe,2023/03/34024438/IDU0b67960510b95d04c950b4790dbd601e0bcbe,099356003202330624,Off of Sr VP Dev Econ/Chief Econ (DECVP),http://documents.worldbank.org/curated/en/099356003202330624/IDU0b67960510b95d04c950b4790dbd601e0bcbe,"Depetris Chauvin,Emilio",,"Institutional Trust, Perceptions of
            Distributive Unfairness, and Income across Salvadoran Municipalities",34024438,"Using multiple waves of two public
            opinion surveys and a two-way fixed effect model, this paper
            analyzes how people’s perceptions and attitudes towards
            public institutions shifted with the business cycle in El
            Salvador during 2004–2018. It finds that individuals’ levels
            of trust toward both the president and the municipal
            government are positively associated with higher levels of
            income at the municipality level. Income is also a strong
            predictor of trust in mass media, confidence in the judicial
            system and, to a lesser extent, trust in the national
            legislature but income does not affect trust in the Catholic
            Church. The relationship between income and trust toward the
            president and municipalities masks a relevant heterogeneity
            from a rural-urban divide as well as from differences in
            municipal state capacity. Further, views of income
            distribution fairness as well as preferences for democracy
            are positively shaped by municipality-specific business
            cycles. In contrast, neither generalized trust nor
            satisfaction with democracy is empirically associated with
            income at the municipality level.",,,,,,,,
102,34025200,Bangladesh,Policy Research Working Paper,2023-03-21T00:00:00Z,Publications & Research,Policy Research working paper ; no. WPS 10373,"Welfare and Climate Risks in
            Coastal Bangladesh : The Impacts of Climatic Extremes on
            Multidimensional Poverty and the Wider Benefits of Climate Adaptation",http://documents.worldbank.org/curated/en/099317103212330683/pdf/IDU00c1858fc0d675043970a2740e6b087827d9f.pdf,/research/2023/03/34025200/welfare-climate-risks-coastal-bangladesh-impacts-climatic-extremes-multidimensional-poverty-wider-benefits-climate-adaptation,http://documents.worldbank.org/curated/en/099317103212330683/IDU00c1858fc0d675043970a2740e6b087827d9f,2023/03/34025200/IDU00c1858fc0d675043970a2740e6b087827d9f,099317103212330683,Off of Sr VP Dev Econ/Chief Econ (DECVP),http://documents.worldbank.org/curated/en/099317103212330683/IDU00c1858fc0d675043970a2740e6b087827d9f,"Verschuur,Jasper","Becher,Olivia Rose Elizabeth","Welfare and Climate Risks in Coastal
            Bangladesh : The Impacts of Climatic Extremes on
            Multidimensional Poverty and the Wider Benefits of Climate Adaptation",34025200,"It is widely recognized that climate
            hazards impact the poor disproportionately. However,
            quantifying these disproportionate hazard impacts on a large
            scale is difficult given limited information on households’
            location and socioeconomic characteristics, and incomplete
            quantitative frameworks to assess welfare impacts on
            households. This paper constructs a household-level
            multidimensional poverty index using a synthetic household
            dataset of 43 million people residing in the coastal zone of
            Bangladesh. Households are spatially linked to the critical
            infrastructure networks they depend on, including housing;
            water, sanitation, and hygiene; electricity; education; and
            health services. Combined with detailed cyclone hazard data,
            the paper first quantifies risks to households, agriculture,
            and infrastructure. It then presents a novel framework for
            translating critical infrastructure impacts into the
            temporary incidence of service deprivations, which can
            contribute to temporary deprivations and hence
            multidimensional poverty. The paper uses this framework to
            evaluate the benefits of various adaptation options. The
            findings show that asset risk due to flooding is US$483
            million per year at present, increasing to US$750 million
            per year in 2050 under climate change. Households face an
            average infrastructure service disruption of two days per
            year, which is expected to increase to 4.6 days per year in
            2050. This, in turn, would incur a temporary increase in
            multidimensional poverty (7.2 percent of people are
            multidimensionally poor at the baseline) of up to 94 percent
            (2.9 million people) 30 days after an extreme cyclone event
            (a 1-in-100 years event) at present and 153.9 percent (4.8
            million people) in the future. The paper quantifies the
            large welfare benefits of upgrading embankments, showing how
            apart from significant risk reduction, these interventions
            reduce service disruptions by up to 70 percent in some areas
            and can help up to 1.6 million (0.23 million under current
            and proposed programs) people from experiencing some form of
            temporary poverty. Overall, the paper identifies poor
            households exposed to climate impacts, as well as those
            prone to falling into poverty temporarily, both of which
            could help to mainstream equity considerations in new
            adaptation programs.","Schwantje,Tom",Mathijs Van Ledden,"Kazi,Swarna","Urrutia Duarte,Ignacio M.",,,,
103,34026474,"Tajikistan,Uzbekistan,Kazakhstan",Policy Research Working Paper,2023-03-22T00:00:00Z,Publications & Research,Policy Research working paper ; no. WPS 10349,"Может ли стимулирование
            вакцинации дать обратный эффект?",http://documents.worldbank.org/curated/en/099442503222392110/pdf/IDU081d9488a0e1ac0495808d35094e5b25f94cf.pdf,/research/2023/03/34026474/может-ли-стимулирование-вакцинации-дать-обратный-эффект,http://documents.worldbank.org/curated/en/099442503222392110/IDU081d9488a0e1ac0495808d35094e5b25f94cf,2023/03/34026474/IDU081d9488a0e1ac0495808d35094e5b25f94cf,099442503222392110,,http://documents.worldbank.org/curated/en/099442503222392110/IDU081d9488a0e1ac0495808d35094e5b25f94cf,"Seitz,William Hutchins","Yamada,Eiji","Может ли стимулирование вакцинации дать
            обратный эффект?",34026474,"&#x41c;ы
            &#x438;з&#x443;ч&#x438;л&#x438;
            &#x44d;ф&#x444;е&#x43a;т
            &#x43f;р&#x435;д&#x43b;о&#x436;е&#x43d;и&#x44f;
            &#x434;е&#x43d;е&#x436;н&#x43e;г&#x43e;
            &#x43f;о&#x43e;щ&#x440;е&#x43d;и&#x44f;
            &#x434;л&#x44f;
            &#x43f;о&#x432;ы&#x448;е&#x43d;и&#x44f;
            &#x43d;а&#x43c;е&#x440;е&#x43d;и&#x44f;
            &#x43f;р&#x43e;й&#x442;и
            &#x432;а&#x43a;ц&#x438;н&#x430;ц&#x438;ю
            &#x441; &#x43f;о&#x43c;о&#x449;ь&#x44e;
            &#x440;а&#x43d;д&#x43e;м&#x438;з&#x438;р&#x43e;в&#x430;н&#x43d;о&#x433;о
            &#x43a;о&#x43d;т&#x440;о&#x43b;и&#x440;у&#x435;м&#x43e;г&#x43e;
            &#x44d;к&#x441;п&#x435;р&#x438;м&#x435;н&#x442;а
            &#x43d;а &#x43e;с&#x43d;о&#x432;е
            &#x43e;п&#x440;о&#x441;а,
            &#x43f;р&#x43e;в&#x435;д&#x435;н&#x43d;о&#x433;о
            &#x43e;т&#x434;е&#x43b;ь&#x43d;о &#x432;
            &#x442;р&#x435;х
            &#x441;т&#x440;а&#x43d;а&#x445; &#x2013;
            &#x422;а&#x434;ж&#x438;к&#x438;с&#x442;а&#x43d;е,
            &#x423;з&#x431;е&#x43a;и&#x441;т&#x430;н&#x435;
            &#x438;
            &#x41a;а&#x437;а&#x445;с&#x442;а&#x43d;е.
            &#x420;е&#x441;п&#x43e;н&#x434;е&#x43d;т&#x44b;
            &#x43d;а&#x446;и&#x43e;н&#x430;л&#x44c;н&#x44b;х
            &#x440;е&#x43f;р&#x435;з&#x435;н&#x442;а&#x442;и&#x432;н&#x44b;х
            &#x43e;п&#x440;о&#x441;о&#x432;
            &#x431;ы&#x43b;и
            &#x441;л&#x443;ч&#x430;й&#x43d;ы&#x43c;
            &#x43e;б&#x440;а&#x437;о&#x43c;
            &#x440;а&#x441;п&#x440;е&#x434;е&#x43b;е&#x43d;ы
            &#x43b;и&#x431;о &#x432;
            &#x43a;о&#x43d;т&#x440;о&#x43b;ь&#x43d;у&#x44e;
            &#x433;р&#x443;п&#x43f;у
            (&#x434;л&#x44f;
            &#x447;л&#x435;н&#x43e;в
            &#x43a;о&#x442;о&#x440;о&#x439; &#x43d;е
            &#x43f;р&#x435;д&#x43b;а&#x433;а&#x43b;о&#x441;ь
            &#x43d;и&#x43a;а&#x43a;о&#x433;о
            &#x441;т&#x438;м&#x443;л&#x430;),
            &#x43b;и&#x431;о &#x432;
            &#x43e;д&#x43d;у &#x438;з
            &#x43d;е&#x441;к&#x43e;л&#x44c;к&#x438;х
            &#x433;р&#x443;п&#x43f;
            &#x441;т&#x438;м&#x443;л&#x438;р&#x43e;в&#x430;н&#x438;я
            &#x441;
            &#x440;а&#x437;л&#x438;ч&#x43d;ы&#x43c;
            &#x443;р&#x43e;в&#x43d;е&#x43c;
            &#x433;и&#x43f;о&#x442;е&#x442;и&#x447;е&#x441;к&#x43e;й
            &#x43a;о&#x43c;п&#x435;н&#x441;а&#x446;и&#x438;.
            &#x41f;р&#x435;д&#x43b;о&#x436;е&#x43d;и&#x435;
            &#x441;т&#x438;м&#x443;л&#x43e;в
            &#x437;а&#x43c;е&#x442;н&#x43e;
            &#x441;н&#x438;з&#x438;л&#x43e;
            &#x43e;б&#x449;и&#x435;
            &#x43d;а&#x43c;е&#x440;е&#x43d;и&#x44f;
            &#x43f;р&#x43e;й&#x442;и
            &#x432;а&#x43a;ц&#x438;н&#x430;ц&#x438;ю
            &#x2013;
            &#x43f;р&#x438;м&#x435;р&#x43d;о
            &#x43d;а 19
            &#x43f;р&#x43e;ц&#x435;н&#x442;о&#x432;
            (p=0,000) &#x432;
            &#x430;н&#x430;л&#x438;з&#x435;,
            &#x43e;б&#x44a;е&#x434;и&#x43d;е&#x43d;н&#x43e;м
            &#x43f;о &#x432;с&#x435;м
            &#x442;р&#x435;м
            &#x441;т&#x440;а&#x43d;а&#x43c;.
            &#x420;е&#x437;у&#x43b;ь&#x442;а&#x442;ы
            &#x43d;а &#x443;р&#x43e;в&#x43d;е
            &#x441;т&#x440;а&#x43d;
            &#x432;а&#x440;ь&#x438;р&#x43e;в&#x430;л&#x438;с&#x44c;
            &#x43e;т
            &#x43e;т&#x441;у&#x442;с&#x442;в&#x438;я
            &#x437;н&#x430;ч&#x438;м&#x43e;г&#x43e;
            &#x432;л&#x438;я&#x43d;и&#x44f; &#x43d;а
            &#x43d;а&#x43c;е&#x440;е&#x43d;и&#x44f;
            &#x43f;р&#x43e;й&#x442;и
            &#x432;а&#x43a;ц&#x438;н&#x430;ц&#x438;ю
            (&#x422;а&#x434;ж&#x438;к&#x438;с&#x442;а&#x43d;)
            &#x434;о
            &#x441;н&#x438;ж&#x435;н&#x438;я
            &#x434;о 22
            &#x43f;р&#x43e;ц&#x435;н&#x442;о&#x432;
            (&#x423;з&#x431;е&#x43a;и&#x441;т&#x430;н
            &#x438;
            &#x41a;а&#x437;а&#x445;с&#x442;а&#x43d;).
            &#x41d;а
            &#x43f;о&#x441;л&#x435;д&#x443;ю&#x449;и&#x435;
            &#x432;о&#x43f;р&#x43e;с&#x44b;
            &#x431;о&#x43b;ь&#x448;и&#x43d;с&#x442;в&#x43e;
            &#x440;е&#x441;п&#x43e;н&#x434;е&#x43d;т&#x43e;в
            &#x43e;т&#x432;е&#x442;и&#x43b;и,
            &#x447;т&#x43e; &#x43d;е
            &#x43e;д&#x43e;б&#x440;я&#x44e;т
            &#x43f;р&#x435;д&#x43b;о&#x436;е&#x43d;и&#x435;
            &#x444;и&#x43d;а&#x43d;с&#x43e;в&#x44b;х
            &#x441;т&#x438;м&#x443;л&#x43e;в
            &#x434;л&#x44f;
            &#x432;а&#x43a;ц&#x438;н&#x430;ц&#x438;и,
            &#x43e;с&#x43e;б&#x435;н&#x43d;о &#x432;
            &#x443;с&#x43b;о&#x432;и&#x44f;х
            &#x441;и&#x43b;ь&#x43d;о&#x433;о
            &#x43d;е&#x433;а&#x442;и&#x432;н&#x43e;г&#x43e;
            &#x44d;ф&#x444;е&#x43a;т&#x430; &#x432;
            &#x440;а&#x43c;к&#x430;х
            &#x44d;к&#x441;п&#x435;р&#x438;м&#x435;н&#x442;а.
            &#x420;е&#x437;у&#x43b;ь&#x442;а&#x442;ы
            &#x43a;о&#x43d;т&#x440;а&#x441;т&#x438;р&#x443;ю&#x442;
            &#x441; &#x445;о&#x440;о&#x448;о
            &#x438;з&#x432;е&#x441;т&#x43d;о&#x439;
            &#x44d;ф&#x444;е&#x43a;т&#x438;в&#x43d;о&#x441;т&#x44c;ю
            &#x434;е&#x43d;е&#x436;н&#x44b;х
            &#x441;т&#x438;м&#x443;л&#x43e;в
            &#x434;л&#x44f;
            &#x43e;к&#x430;з&#x430;н&#x438;я
            &#x432;л&#x438;я&#x43d;и&#x44f; &#x43d;а
            &#x43f;о&#x432;е&#x434;е&#x43d;и&#x435;
            &#x432;
            &#x43e;т&#x43d;о&#x448;е&#x43d;и&#x438;
            &#x432;а&#x43a;ц&#x438;н&#x430;ц&#x438;и
            &#x432; &#x434;р&#x443;г&#x438;х
            &#x443;с&#x43b;о&#x432;и&#x44f;х,
            &#x43d;о
            &#x441;о&#x433;л&#x430;с&#x443;ю&#x442;с&#x44f;
            &#x441; &#x432;ы&#x432;о&#x434;а&#x43c;и
            &#x438;з
            &#x43b;и&#x442;е&#x440;а&#x442;у&#x440;ы
            &#x43f;о
            &#x43f;о&#x432;е&#x434;е&#x43d;и&#x44e;,
            &#x432; &#x43a;о&#x442;о&#x440;о&#x439;
            &#x441;т&#x438;м&#x443;л&#x438;р&#x443;ю&#x449;и&#x435;
            &#x432;ы&#x43f;л&#x430;т&#x44b;
            &#x441;и&#x433;н&#x430;л&#x438;з&#x438;р&#x443;ю&#x442;
            &#x43e; &#x43d;и&#x437;к&#x43e;м
            &#x43a;а&#x447;е&#x441;т&#x432;е
            &#x438;л&#x438;
            &#x431;е&#x441;п&#x43e;л&#x435;з&#x43d;о&#x441;т&#x438;.
            &#x41f;о&#x43b;у&#x447;е&#x43d;н&#x44b;е
            &#x440;е&#x437;у&#x43b;ь&#x442;а&#x442;ы
            &#x441;в&#x438;д&#x435;т&#x435;л&#x44c;с&#x442;в&#x443;ю&#x442;
            &#x43e; &#x442;о&#x43c;, &#x447;т&#x43e;
            &#x440;а&#x437;р&#x430;б&#x43e;т&#x447;и&#x43a;а&#x43c;
            &#x43f;о&#x43b;и&#x442;и&#x43a;и &#x438;
            &#x43f;р&#x430;к&#x442;и&#x43a;а&#x43c;
            &#x441;л&#x435;д&#x443;е&#x442;
            &#x43f;р&#x43e;я&#x432;л&#x44f;т&#x44c;
            &#x43e;с&#x442;о&#x440;о&#x436;н&#x43e;с&#x442;ь
            &#x43f;р&#x438;
            &#x440;а&#x441;с&#x43c;о&#x442;р&#x435;н&#x438;и
            &#x432;н&#x435;ш&#x43d;и&#x445;
            &#x43c;е&#x440;
            &#x441;т&#x438;м&#x443;л&#x438;р&#x43e;в&#x430;н&#x438;я
            &#x43a;
            &#x43f;р&#x43e;х&#x43e;ж&#x434;е&#x43d;и&#x44e;
            &#x432;а&#x43a;ц&#x438;н&#x430;ц&#x438;и
            &#x438; &#x434;р&#x443;г&#x438;х
            &#x43c;е&#x434;и&#x446;и&#x43d;с&#x43a;и&#x445;
            &#x432;м&#x435;ш&#x430;т&#x435;л&#x44c;с&#x442;в,
            &#x44d;ф&#x444;е&#x43a;т
            &#x43a;о&#x442;о&#x440;ы&#x445; &#x43d;е
            &#x431;ы&#x43b; &#x43f;р&#x43e;в&#x435;р&#x435;н.","Shimizutani,Satoshi",,,,,,,
104,34027396,World,Policy Research Working Paper,2023-03-23T00:00:00Z,Publications & Research,"Policy Research working paper ; no. WPS
            10374; COVID-19 (Coronavirus)","Trade Promotion Organizations in
            the Pandemic World",http://documents.worldbank.org/curated/en/099724003232392542/pdf/IDU01a1528ce02d2404f7c09f4102d0e6fc3d6b2.pdf,/research/2023/03/34027396/trade-promotion-organizations-pandemic-world,http://documents.worldbank.org/curated/en/099724003232392542/IDU01a1528ce02d2404f7c09f4102d0e6fc3d6b2,2023/03/34027396/IDU01a1528ce02d2404f7c09f4102d0e6fc3d6b2,099724003232392542,Off of Sr VP Dev Econ/Chief Econ (DECVP),http://documents.worldbank.org/curated/en/099724003232392542/IDU01a1528ce02d2404f7c09f4102d0e6fc3d6b2,"Choi,Yewon","Fernandes,Ana Margarida","Trade Promotion Organizations in the
            Pandemic World",34027396,"A 2021-22 survey of trade promotion
            organizations conducted by the World Bank to understand how
            the COVID-19 pandemic affected their functioning suggests
            four main findings. First, trade promotion organizations in
            high-income countries are larger than those in low-income
            countries, suggesting a stronger capacity to adapt during
            the pandemic. Second, trade promotion organizations in
            high-income countries saw a significant jump in their median
            budget in 2021 indicating a strong response effort. In
            low-income countries, the budgets of trade promotion
            organizations declined. Third, most trade promotion
            organizations in high-income countries put in place a
            COVID-19 recovery plan, while none of the trade promotion
            organizations in low-income countries had one in place at
            the time of the survey. Fourth, trade promotion
            organizations used several virtual tools during the
            pandemic, such as business-to-business matching events and
            training of small firms on e-commerce, and are expecting to
            increase the use of all virtual tools post COVID-19. Trade
            promotion organizations’ use of virtual tools in low-income
            countries remained limited.","Grover,Arti Goswami","Iacovone,Leonardo","Olarreaga,Marcelo",,,,,
105,34029276,World,Policy Research Working Paper,2023-03-27T00:00:00Z,Publications & Research,Policy Research working paper ; no. WPS 10375,"The Impact of Ethnic
            Fractionalization on Labor Productivity : Does Firm Size Matter?",http://documents.worldbank.org/curated/en/099301003272322957/pdf/IDU0a26825c20729b04225082d502fb054d90104.pdf,/research/2023/03/34029276/impact-ethnic-fractionalization-labor-productivity-firm-size-matter,http://documents.worldbank.org/curated/en/099301003272322957/IDU0a26825c20729b04225082d502fb054d90104,2023/03/34029276/IDU0a26825c20729b04225082d502fb054d90104,099301003272322957,Off of Sr VP Dev Econ/Chief Econ (DECVP),http://documents.worldbank.org/curated/en/099301003272322957/IDU0a26825c20729b04225082d502fb054d90104,"Amin,Mohammad","Khalid,Usman","The Impact of Ethnic Fractionalization on
            Labor Productivity : Does Firm Size Matter?",34029276,"Ethnic fractionalization has both
            positive and negative consequences. It is contended that the
            positive effects due to skill complementarity in the
            production process apply to large firms that have more
            complex and diversified production structures. Because small
            businesses rely more on public goods and have less access to
            institutions, the negative effects of lower quality public
            goods and higher transaction costs have a greater impact on
            them. Consistent with this viewpoint, it is found that a
            larger firm size significantly mitigates the negative impact
            of higher ethnic fractionalization on the level and growth
            rate of labor productivity in manufacturing firms across 84
            developing countries. There is no robust and significant
            impact of ethnic fractionalization on large firms for the
            main and most of the other firm size categorizations
            considered. The results are confirmed by the instrumental
            variables estimation method, which uses the duration of
            early human settlement in each country to instrument ethnic
            fractionalization. Evidence is provided on the potential
            mechanisms by which ethnic fractionalization affects small
            versus large firms. The findings have significant policy
            implications, which are discussed in detail.",,,,,,,,
106,34029330,India,Policy Research Working Paper,2023-03-27T00:00:00Z,Publications & Research,Policy Research working paper ; no. WPS 10376,"Man or Machine ? Environmental
            Consequences of Wage Driven Mechanization in Indian Agriculture",http://documents.worldbank.org/curated/en/099331103272325045/pdf/IDU048f582490193f040690aa5e0f520e1b96a3f.pdf,/research/2023/03/34029330/man-or-machine-environmental-consequences-wage-driven-mechanization-indian-agriculture,http://documents.worldbank.org/curated/en/099331103272325045/IDU048f582490193f040690aa5e0f520e1b96a3f,2023/03/34029330/IDU048f582490193f040690aa5e0f520e1b96a3f,099331103272325045,Off of Sr VP Dev Econ/Chief Econ (DECVP),http://documents.worldbank.org/curated/en/099331103272325045/IDU048f582490193f040690aa5e0f520e1b96a3f,"Behrer,Arnold Patrick",,"Man or Machine ? Environmental Consequences
            of Wage Driven Mechanization in Indian Agriculture",34029330,"This paper uses an exogenous shock to
            wages from the world’s largest anti-poverty program to show
            that higher wages can lead to increased air pollution,
            likely by inducing farmers to shift into a labor-saving and
            mechanized production process. Using a
            difference-in-differences approach on the staggered roll-out
            of India’s Mahatma Gandhi National Rural Employment
            Guarantee Act (MNREGA), combined with data on nearly 1
            million fires, the paper shows that the frequency of
            agricultural fires increases by 21 percent after the shock.
            The increase in fires is concentrated in districts that
            appear more likely to mechanize the harvest. MNREGA did not
            lead to changes in area planted or tonnage produced in fire
            intensive crops. The estimates show that nationally, the
            shock increased the rate of particulate emissions from
            biomass burning by 30 to 50 percent. The results suggest
            that absent policies to correct for environmental
            externalities of mechanization at all stages of development,
            labor market shocks may lead to inefficient levels of mechanization.",,,,,,,,
107,34029349,"Western Africa,Senegal",Policy Research Working Paper,2023-03-27T00:00:00Z,Publications & Research,"Policy Research working paper ; no. WPS
            1010378; Impact Evaluation series","Conscientiousness and Labor
            Market Returns : Evidence from a Field Experiment in West Africa",http://documents.worldbank.org/curated/en/099355203272341682/pdf/IDU10a4b67201c3a71461a1b91b19fd8c4c97768.pdf,/research/2023/03/34029349/conscientiousness-labor-market-returns-evidence-field-experiment-west-africa,http://documents.worldbank.org/curated/en/099355203272341682/IDU10a4b67201c3a71461a1b91b19fd8c4c97768,2023/03/34029349/IDU10a4b67201c3a71461a1b91b19fd8c4c97768,099355203272341682,Off of Sr VP Dev Econ/Chief Econ (DECVP),http://documents.worldbank.org/curated/en/099355203272341682/IDU10a4b67201c3a71461a1b91b19fd8c4c97768,"Allemand,Mathias","Kirchberger,Martina","Conscientiousness and Labor Market Returns :
            Evidence from a Field Experiment in West Africa",34029349,"Despite extensive evidence on the
            importance of non-cognitive skills for labor market
            outcomes, to what extent training can affect specific skills
            in adulthood remains an open question. This paper conducts a
            randomized controlled trial with low-skilled employed
            workers in Senegal where workers were randomly assigned to
            receive a training intervention designed to affect
            conscientiousness-related skills. The study found that
            treated workers were significantly more likely to stay in
            their job and had higher earnings nine months after the
            intervention. The findings suggest that non-cognitive skills
            can be affected later in the life cycle and targeted
            training can have substantial labor market returns.",Sveta Milusheva,"Newman,Carol Frances","Roberts,Brent","Thorne,Vincent",,,,
108,34029387,Nigeria,Policy Research Working Paper,2023-03-27T00:00:00Z,Publications & Research,Policy Research working paper ; no. WPS 10379,"Coping with Compounding
            Challenges in Conflict Crises : Evidence from North-east Nigeria",http://documents.worldbank.org/curated/en/099424103272317155/pdf/IDU08c7cd15e0cd8a042390a3420a9ae6643ca4e.pdf,/research/2023/03/34029387/coping-compounding-challenges-conflict-crises-evidence-north-east-nigeria,http://documents.worldbank.org/curated/en/099424103272317155/IDU08c7cd15e0cd8a042390a3420a9ae6643ca4e,2023/03/34029387/IDU08c7cd15e0cd8a042390a3420a9ae6643ca4e,099424103272317155,Off of Sr VP Dev Econ/Chief Econ (DECVP),http://documents.worldbank.org/curated/en/099424103272317155/IDU08c7cd15e0cd8a042390a3420a9ae6643ca4e,"Stojetz,Wolfgang","Brück,Tilman","Coping with Compounding Challenges in
            Conflict Crises : Evidence from North-east Nigeria",34029387,"This paper analyzes how the
            intersectionality of gender, forced displacement, and
            collective violence shapes coping behaviors in conflict
            crises, paying particular attention to household composition
            by gender and age. Drawing on survey data from 17,951
            individuals in North-east Nigeria, the analysis finds that
            coping behaviors at the household, adult, and child levels
            are interlinked and strongly shaped by compounding
            challenges stemming from individual gender, household forced
            displacement status, and local violence shocks. These
            challenges have significant welfare implications and create
            severe vulnerabilities and special needs for specific groups
            of households and individuals, such as rural communities
            affected by violence, large households with many children,
            female breadwinners, and displaced girls. The findings
            emphasize the need for and potential of concerted policy
            approaches that account for the intersectionality of gender,
            displacement, and violence in conflict settings and pay
            particular attention to specific types of communities,
            households, and individuals.",,,,,,,,
109,34029541,World,Policy Research Working Paper,2023-03-27T00:00:00Z,Publications & Research,"Policy Research working paper ; no. WPS
            10381;  COVID-19 (Coronavirus)","COVID-19 School Closures,
            Learning Losses and Intergenerational Mobility",http://documents.worldbank.org/curated/en/099800203272389346/pdf/IDU0efe822480e07b0468e0bcfb0824a7e6ce89d.pdf,/research/2023/03/34029541/covid-19-school-closures-learning-losses-intergenerational-mobility,http://documents.worldbank.org/curated/en/099800203272389346/IDU0efe822480e07b0468e0bcfb0824a7e6ce89d,2023/03/34029541/IDU0efe822480e07b0468e0bcfb0824a7e6ce89d,099800203272389346,Off of Sr VP Dev Econ/Chief Econ (DECVP),http://documents.worldbank.org/curated/en/099800203272389346/IDU0efe822480e07b0468e0bcfb0824a7e6ce89d,"Azevedo,Joao Pedro Wagner De","Cojocaru,Alexandru","COVID-19 School Closures, Learning Losses
            and Intergenerational Mobility",34029541,"The paper presents a first global
            investigation of the longer-term inequality implications of
            COVID-19 by examining the effect of school closures on the
            ability of children from different countries and backgrounds
            to engage in continued learning throughout the pandemic, and
            their implications for intergenerational mobility in
            education. The analysis builds on the data from the Global
            Database of Intergenerational Mobility, country-specific
            results of the learning loss simulation model using weekly
            school closure information from February 2020 to February
            2022, and high-frequency phone survey data collected by the
            World Bank during the pandemic to assess the incidence and
            quality of continued learning during periods of school
            closures across children from different backgrounds. Based
            on this information, the paper simulates counterfactual
            levels of educational attainment and corresponding absolute
            and relative intergenerational educational mobility measures
            with and without COVID-19 impacts, to arrive at estimates of
            COVID-19 impacts. The simulations suggest that the extensive
            school closures and associated learning losses are likely to
            have a significant impact on both absolute and relative
            intergenerational educational mobility in the absence of
            remedial measures. In upper-middle-income countries, the
            share of children with more years of education than their
            parents (absolute mobility) could decline by 8 percentage
            points, with the largest impacts observed in the Latin
            America region. Furthermore, unequal access to continued
            learning during school closures across children from
            households of different socioeconomic backgrounds (proxied
            by parental education levels) leads to a significant decline
            in relative educational mobility.","Montalva Talledo,Veronica Sonia","Narayan,Ambar",,,,,,
110,34029551,World,Policy Research Working Paper,2023-03-27T00:00:00Z,Publications & Research,Policy Research working paper ; no. WPS 10382,"Services-Led Growth: Better
            Prospects after the Pandemic ?",http://documents.worldbank.org/curated/en/099820203272339879/pdf/IDU00fd3d9af0140b044210aa5a0aebfaf2f92ba.pdf,/research/2023/03/34029551/services-led-growth-better-prospects-after-pandemic,http://documents.worldbank.org/curated/en/099820203272339879/IDU00fd3d9af0140b044210aa5a0aebfaf2f92ba,2023/03/34029551/IDU00fd3d9af0140b044210aa5a0aebfaf2f92ba,099820203272339879,Off of Sr VP Dev Econ/Chief Econ (DECVP),http://documents.worldbank.org/curated/en/099820203272339879/IDU00fd3d9af0140b044210aa5a0aebfaf2f92ba,"Nayyar,Gaurav","Davies,Elwyn Adriaan Robin","Services-Led Growth: Better Prospects after
            the Pandemic ?",34029551,"The service sector accounted for
            two-thirds of economic growth in emerging market and
            developing economies over the past three decades. It
            consists of a wide range of activities, ranging from
            high-skilled offshorable services, such as information and
            communications technology (ICT) and professional services,
            to low-skilled “contact” services, such as retail and
            hospitality. The pandemic disrupted many low-skilled contact
            services that typically require face-to-face interactions
            between providers and consumers. High-skilled offshorable
            services were the least affected owing to the use of digital
            technology that enabled remote delivery. Increased
            digitalization has improved prospects for scale economies
            and innovation in the service sector that were previously
            constrained by the need for physical proximity and the lack
            of opportunities to augment labor with capital. Policies to
            support the diffusion of digital technologies could
            therefore further raise the growth potential of the service
            sector. Policies to improve market access for, and skills
            in, ICT and professional services could ease important
            constraints on growth opportunities in these high-skilled
            offshorable services that have best withstood the pandemic.
            The same holds true for policies, including regulatory
            reforms, that promote investment in low-skilled contact
            services, such as transportation, which have important
            linkages with the wider economy.",,,,,,,,
111,34029631,China,Policy Research Working Paper,2023-03-27T00:00:00Z,Publications & Research,Policy Research working paper ; no. WPS 10380,"China as an International Lender
            of Last Resort",http://documents.worldbank.org/curated/en/099450403272313885/pdf/IDU046bbbd8d06cc0045a708397004cbf4d2118e.pdf,/research/2023/03/34029631/china-international-lender-last-resort,http://documents.worldbank.org/curated/en/099450403272313885/IDU046bbbd8d06cc0045a708397004cbf4d2118e,2023/03/34029631/IDU046bbbd8d06cc0045a708397004cbf4d2118e,099450403272313885,Off of Sr VP Dev Econ/Chief Econ (DECVP),http://documents.worldbank.org/curated/en/099450403272313885/IDU046bbbd8d06cc0045a708397004cbf4d2118e,"Horn,Sebastian Andreas","Parks,Bradley Christopher",China as an International Lender of Last Resort,34029631,"This paper shows that China has
            launched a new global system for cross-border rescue lending
            to countries in debt distress. It builds the first
            comprehensive dataset on China’s overseas bailouts between
            2000 and 2021 and provide new insights into China’s growing
            role in the global financial system. A key finding is that
            the global swap line network put in place by the People’s
            Bank of China is increasingly used as a financial rescue
            mechanism, with more than USD 170 billion in liquidity
            support extended to crisis countries, including repeated
            rollovers of swaps coming due. The swaps bolster gross
            reserves and are mostly drawn by distressed countries with
            low liquidity ratios. In addition, we show that Chinese
            state-owned banks and enterprises have given out an
            additional USD 70 billion in rescue loans for balance of
            payments support. Taken together, China’s overseas bailouts
            correspond to more than 20 percent of total IMF lending over
            the past decade and bailout amounts are growing fast.
            However, China’s rescue loans differ from those of
            established international lenders of last resort in that
            they (i) are opaque, (ii) carry relatively high interest
            rates, and (iii) are almost exclusively targeted to debtors
            of China's Belt and Road Initiative. These findings
            have implications for the international financial and
            monetary architecture, which is becoming more multipolar,
            less institutionalized, and less transparent.","Reinhart,Carmen M.","Trebesch,Christoph",,,,,,
112,34030139,"Chile,Colombia,Indonesia,World",Policy Research Working Paper,2023-03-28T00:00:00Z,Publications & Research,Policy Research working paper ; no. WPS 10383,"Is Climate Change Slowing the
            Urban Escalator out of Poverty ? Evidence from Chile,
            Colombia, and Indonesia",http://documents.worldbank.org/curated/en/099235103282317983/pdf/IDU0c125487c01df2049010910903de71f13ecb9.pdf,/research/2023/03/34030139/climate-change-slowing-urban-escalator-out-poverty-evidence-chile-colombia-indonesia,http://documents.worldbank.org/curated/en/099235103282317983/IDU0c125487c01df2049010910903de71f13ecb9,2023/03/34030139/IDU0c125487c01df2049010910903de71f13ecb9,099235103282317983,Off of Sr VP Dev Econ/Chief Econ (DECVP),http://documents.worldbank.org/curated/en/099235103282317983/IDU0c125487c01df2049010910903de71f13ecb9,"Nakamura,Shohei","Abanokova,Ksenia","Is Climate Change Slowing the Urban
            Escalator out of Poverty ? Evidence from Chile, Colombia,
            and Indonesia",34030139,"While urbanization has great
            potential to facilitate poverty reduction, climate shocks
            represent a looming threat to such upward mobility. This
            paper empirically analyzes the effects of climatic risks on
            the function of urban agglomerations to support poor
            households to escape from poverty. Combining household
            surveys with climatic datasets, the panel regression
            analysis for Chile, Colombia, and Indonesia finds that
            households in large metropolitan areas are more likely to
            escape from poverty, indicating better access to economic
            opportunities in those areas. However, the climate shocks
            offset such benefits of urban agglomerations, as extreme
            rainfalls and high flood risks significantly reduce the
            chance of upward mobility. The findings underscore the need
            to enhance resilience among the urban poor to allow them to
            fully utilize the benefits of urban agglomerations.","Dang,Hai-Anh H.","Takamatsu,Shinya","Pei,Chunchen","Prospere,Dilou",,,,
113,34030157,Ukraine,Policy Research Working Paper,2023-03-28T00:00:00Z,Publications & Research,Policy Research working paper ; no. WPS 10385,"Land and Mortgage Markets in
            Ukraine : Pre-War Performance, War Effects, and Implications
            for Recovery",http://documents.worldbank.org/curated/en/099313403282335729/pdf/IDU0d9df3fc405426048e409c890d89a35330c5f.pdf,/research/2023/03/34030157/land-mortgage-markets-ukraine-pre-war-performance-war-effects-implications-recovery,http://documents.worldbank.org/curated/en/099313403282335729/IDU0d9df3fc405426048e409c890d89a35330c5f,2023/03/34030157/IDU0d9df3fc405426048e409c890d89a35330c5f,099313403282335729,,http://documents.worldbank.org/curated/en/099313403282335729/IDU0d9df3fc405426048e409c890d89a35330c5f,"Deininger,Klaus W.","Ali,Daniel Ayalew","Land and Mortgage Markets in Ukraine :
            Pre-War Performance, War Effects, and Implications for Recovery",34030157,"Almost throughout Ukraine’s
            independent history, agricultural land sales were
            prohibited. Measures to allow them and make land governance
            more transparent in 2020/21 were expected to improve equity,
            investment, credit access, and decentralization. This paper
            draws on administrative data and satellite imagery to
            describe land market performance before and after the
            Russian invasion, assess changes in land use for transacted
            parcels, and analyze determinants of land prices.
            Agricultural land market volume soon exceeded that of
            residential land and continued at a reduced level and with
            prices some 15–20 percent lower even after the invasion,
            with little sign of speculative land acquisition. Mortgage
            market activity and credit access remained below
            expectations. The paper discusses reasons and options for
            addressing them in a way that also factors in the needs of
            post-war reconstruction.",,,,,,,,
114,34030257,Kenya,Policy Research Working Paper,2023-03-28T00:00:00Z,Publications & Research,"Policy Research working paper ; no. WPS
            10386; Impact Evaluation series;  Paper is funded by the
            Knowledge for Change Program (KCP); RRR","Randomized Regulation : The
            Impact of Minimum Quality Standards on Health Markets",http://documents.worldbank.org/curated/en/099512203282320098/pdf/IDU0932a20f9092e104d0c0a67a02b09390486b1.pdf,/research/2023/03/34030257/randomized-regulation-impact-minimum-quality-standards-health-markets,http://documents.worldbank.org/curated/en/099512203282320098/IDU0932a20f9092e104d0c0a67a02b09390486b1,2023/03/34030257/IDU0932a20f9092e104d0c0a67a02b09390486b1,099512203282320098,Off of Sr VP Dev Econ/Chief Econ (DECVP),http://documents.worldbank.org/curated/en/099512203282320098/IDU0932a20f9092e104d0c0a67a02b09390486b1,"Bedoya Arguelles,Guadalupe","Das,Jishnu","Randomized Regulation : The Impact of
            Minimum Quality Standards on Health Markets",34030257,"This paper presents results from the
            first randomization of a regulatory reform in the health
            sector. The reform established minimum quality standards for
            patient safety, an issue that has become increasingly
            salient following the Ebola and COVID-19 epidemics. In the
            experiment, all 1,348 health facilities in three Kenyan
            counties were classified into 273 markets, and the markets
            were then randomly allocated to treatment and control
            groups. Government inspectors visited health facilities and,
            depending on the results of their inspection, recommended
            closure or a timeline for improvements. The intervention
            increased compliance with patient safety measures in both
            public and private facilities (more so in the latter) and
            reallocated patients from private to public facilities
            without increasing out-of-pocket payments or decreasing
            facility use. In treated markets, improvements were equally
            marked throughout the quality distribution, consistent with
            a simple model of vertical differentiation in oligopolies.
            This paper thus establishes the use of experimental
            techniques to study regulatory reforms and, in doing so,
            shows that minimum standards can improve quality across the
            board without adversely affecting utilization.","Dolinger,Amy",,,,,,,
115,34030360,"World,Middle East and North Africa",Policy Research Working Paper,2023-03-28T00:00:00Z,Publications & Research,Policy Research working paper ; no. WPS 10384,"Access to Credit and Bank
            Ownership: Evidence from Firm-Level Data",http://documents.worldbank.org/curated/en/099816103282323796/pdf/IDU03c4cf2f80756e044190ae7103c5228a519ef.pdf,/research/2023/03/34030360/access-credit-bank-ownership-evidence-firm-level-data,http://documents.worldbank.org/curated/en/099816103282323796/IDU03c4cf2f80756e044190ae7103c5228a519ef,2023/03/34030360/IDU03c4cf2f80756e044190ae7103c5228a519ef,099816103282323796,Off of Sr VP Dev Econ/Chief Econ (DECVP),http://documents.worldbank.org/curated/en/099816103282323796/IDU03c4cf2f80756e044190ae7103c5228a519ef,"Di Filippo,Mario","Panizza,Ugo G.","Access to Credit and Bank Ownership:
            Evidence from Firm-Level Data",34030360,"This paper uses a unique dataset with
            matched information at the firm-bank level covering 13,000
            firms and 550 banks in 36 emerging and developing economies
            over 2012–20. The analysis tests whether government-owned
            banks fulfill their social mandate by targeting credit
            constrained firms or firms that are more likely to generate
            positive externalities. The findings show that credit
            constrained firms are more likely to borrow from
            government-owned banks, and that this is especially the case
            in countries with good institutions. However, the paper does
            not find any evidence that government-owned banks target
            innovative firms or “green” firms. The findings show that in
            firms that borrow from government-owned banks, employment
            reacts less to business cycle conditions relative to firms
            that borrow from private banks. The paper further shows that
            employment is more stable in credit constrained firms that
            have a relationship with a government-owned banks with
            respect to credit constrained firms that borrow from a
            private bank.",,,,,,,,
116,34030944,Italy,Policy Research Working Paper,2023-03-29T00:00:00Z,Publications & Research,Policy Research working paper ; no. WPS 10387,"Simulating the Effect of Business
            Tax Abolition through a New Regional CGE Model : Evidence
            from Italy",http://documents.worldbank.org/curated/en/099256203292313304/pdf/IDU0d4c5420a036e3048de0875f0c8c25d7dca6a.pdf,/research/2023/03/34030944/simulating-effect-business-tax-abolition-through-new-regional-cge-model-evidence-italy,http://documents.worldbank.org/curated/en/099256203292313304/IDU0d4c5420a036e3048de0875f0c8c25d7dca6a,2023/03/34030944/IDU0d4c5420a036e3048de0875f0c8c25d7dca6a,099256203292313304,,http://documents.worldbank.org/curated/en/099256203292313304/IDU0d4c5420a036e3048de0875f0c8c25d7dca6a,"Baldassarre,Alessio","Calà,Valerio Ferdinando","Simulating the Effect of Business Tax
            Abolition through a New Regional CGE Model : Evidence from Italy",34030944,"The main goal of regional computable
            general equilibrium models is to analyze how different
            regions within a specific area react to certain shocks.
            Therefore, countries with high heterogeneity among regions,
            like Italy, constitute an interesting case study for
            regional computable general equilibrium model analysis. This
            paper presents the regional part of the new (recursive)
            dynamic single-country computable general equilibrium model
            called the Italian Regional and Environmental Computable
            General Equilibrium of the Department of Finance, based on
            the Mitigation, Adaptation and New Technologies Applied
            General Equilibrium model of the World Bank. A new regional
            social accounting matrix for Italy (20 regions at the
            Nomenclature of territorial units for statistics level) has
            been constructed. The social accounting matrix is used as
            input data to simulate the abolition of the regional tax on
            productive activities (regional business tax) through three
            different scenarios, focusing on the effects on gross
            domestic product, regional value added, and welfare. The
            results show that under the modeling assumptions, the
            complete abolition of the regional tax on productive
            activities would positively impact Italian economic growth
            and regional welfare.","Carullo,Danilo","Dudu,Hasan","Fusco,Elisa Marie","Giacobbe,Pasquale","Orecchia,Carlo",,,
117,34030950,World,Policy Research Working Paper,2023-03-29T00:00:00Z,Publications & Research,Policy Research working paper ; no. WPS 10388,"Product Market Monopolies and
            Labor Market Monopsonies",http://documents.worldbank.org/curated/en/099320303292392319/pdf/IDU048d194d80f0ab04aad091360f1cb9d6c3c03.pdf,/research/2023/03/34030950/product-market-monopolies-labor-market-monopsonies,http://documents.worldbank.org/curated/en/099320303292392319/IDU048d194d80f0ab04aad091360f1cb9d6c3c03,2023/03/34030950/IDU048d194d80f0ab04aad091360f1cb9d6c3c03,099320303292392319,,http://documents.worldbank.org/curated/en/099320303292392319/IDU048d194d80f0ab04aad091360f1cb9d6c3c03,"Cali,Massimiliano","Presidente,Giorgio",Product Market Monopolies and Labor Market Monopsonies,34030950,"This paper unveils a novel
            externality of product market regulation in the labor
            market. It shows theoretically and empirically that higher
            barriers to entry in product markets translate into higher
            employers’ labor market power, measured by the wage
            markdown—the ratio between the marginal product of labor and
            the wage. The literature suggests that this wedge can
            distort factor allocation, resulting in lower aggregate
            output and employment, but also in higher inequality through
            a reduction in the labor share of national output. Using
            variation in investment restrictions across 346
            manufacturing product markets in Indonesia, the analysis
            finds that wage markdowns increase by 25 percent in product
            markets that become subject to investment restrictions. The
            result is rationalized using a simple oligopsony model in
            which higher entry costs reduce the equilibrium number of
            firms, thereby limiting employment options for workers and,
            hence, their labor market power. Instrumental variable
            estimates support the model’s prediction that lower entry is
            the main driver of the positive relationship between
            investment restrictions and wage markdowns.",,,,,,,,
118,34032007,Africa,Policy Research Working Paper,2023-03-30T00:00:00Z,Publications & Research,Policy Research working paper ; no. WPS 10389,"Land Institutions to Address New
            Challenges in Africa : Implications for the World Bank’s
            Land Policy",http://documents.worldbank.org/curated/en/099813203302325392/pdf/IDU0bc9ee6050db8b049070bf840553ed3481508.pdf,/research/2023/03/34032007/land-institutions-address-new-challenges-africa-implications-world-bank’s-land-policy,http://documents.worldbank.org/curated/en/099813203302325392/IDU0bc9ee6050db8b049070bf840553ed3481508,2023/03/34032007/IDU0bc9ee6050db8b049070bf840553ed3481508,099813203302325392,Off of Sr VP Dev Econ/Chief Econ (DECVP),http://documents.worldbank.org/curated/en/099813203302325392/IDU0bc9ee6050db8b049070bf840553ed3481508,"Deininger,Klaus W.","Goyal,Aparajita","Land Institutions to Address New Challenges
            in Africa : Implications for the World Bank’s Land Policy",34032007,"In coming decades, Africa’s urban
            populations will expand, and effects of climate change more
            keenly felt. In this context, land policies and institutions
            will be essential to allow urban dwellers to access
            productive jobs, breathe clean air, and live in decent
            housing; entrepreneurs, especially women, to leverage land
            for productive investment; and farmers to diversify, insure
            against shocks, and accumulate capital. Yet, many African
            land registries perform poorly, command little trust, and
            have failed to capitalize on opportunities to improve
            quality, relevance, and outreach via digital
            interoperability, use of earth observation, and
            connectivity. Reform examples and literature suggest that
            (i) regulatory and institutional reforms are key to building
            state capacity even in the absence of titling programs; (ii)
            title issuance in urban areas that aims to improve property
            tax collection, develop markets for long-term finance, and
            support infrastructure planning, financing, and construction
            will have higher returns than rural titling; (iii) issuance
            of digital georeferenced land use rights can help activate
            rural factor markets and, if linked to farmer registries,
            improve subsidy targeting and effectiveness; and (iv)
            demarcation and transparent decentralized management of
            public land is essential to attract investment, including
            climate finance without fueling corruption and manage
            disputes before they escalate into ethnic violence.",,,,,,,,
119,34034392,Bangladesh,Policy Research Working Paper,2023-04-03T00:00:00Z,Publications & Research,"Policy Research working paper ; no. WPS
            10390; Impact Evaluation series","Introducing E-Procurement in
            Bangladesh:  The Promise of Efficiency and Openness",http://documents.worldbank.org/curated/en/099246304032338660/pdf/IDU09f05add909870047c80a654079eafc717d46.pdf,/research/2023/04/34034392/introducing-e-procurement-bangladesh-promise-efficiency-openness,http://documents.worldbank.org/curated/en/099246304032338660/IDU09f05add909870047c80a654079eafc717d46,2023/04/34034392/IDU09f05add909870047c80a654079eafc717d46,099246304032338660,,http://documents.worldbank.org/curated/en/099246304032338660/IDU09f05add909870047c80a654079eafc717d46,"Blum,Jurgen Rene","Datta,Arkopal","Introducing E-Procurement in Bangladesh:
            The Promise of Efficiency and Openness",34034392,"Governments around the world spend
            about one-third of their budgets through public procurement
            systems where electronic administration of public tenders
            promises great benefits. However, surprisingly little is
            known about how, under which circumstances, and through
            which features electronic systems work. To address these
            questions, this paper looks at the introduction of an
            electronic procurement system compared to a fully
            paper-based system in Bangladesh in 2011–16. The impact of
            the electronic procurement system on access to public
            tenders, their economy, and administrative efficiency is
            estimated. Contracts were matched both within procuring
            entities and years, and fixed effects regressions were run
            to address biases emanating from nonrandom assignment to
            treatment. The findings show an overwhelmingly positive
            impact. Access improves, with the number of bidders
            increasing by 1.6–2.2 and the probability of a single bidder
            decreasing by 7.8–13.5 percentage points. Economy also
            improves as discounts firms offer increase by 7.4–8.0
            percentage points. Administrative efficiency greatly
            improves too: the total time of processing a tender—starting
            from the public call for tenders to contract signature—drops
            by 15.6–19.2 days. However, it is possible that low
            performance and rent-seeking were displaced to the contract
            implementation phase, which remained principally
            paper-administered. These results indicate that the
            government directly saved US$460 million to US$513 million
            in the analyzed electronic tenders, largely due to increased
            winning rebates and lower advertising costs. Considering the
            indirect macro effects, the introduction of electronic
            procurement increased Bangladesh’s gross domestic product by
            0.48 to 0.54 percent, or US$1.4 billion to US$1.6 billion in 2019.","Fazekas,Mihály","Samaddar,Sushmita","Siddique,Ishtiak",,,,,
120,34034418,World,Policy Research Working Paper,2023-04-03T00:00:00Z,Publications & Research,"Policy Research working paper ; no. WPS
            10391; Paper is funded by the Knowledge for Change Program (KCP)","Identifying and Monitoring
            Priority Areas for Methane Emissions Reduction",http://documents.worldbank.org/curated/en/099328304032318842/pdf/IDU1b6e46d1c163ae1461619aa5175bdd9e50999.pdf,/research/2023/04/34034418/identifying-monitoring-priority-areas-methane-emissions-reduction,http://documents.worldbank.org/curated/en/099328304032318842/IDU1b6e46d1c163ae1461619aa5175bdd9e50999,2023/04/34034418/IDU1b6e46d1c163ae1461619aa5175bdd9e50999,099328304032318842,Off of Sr VP Dev Econ/Chief Econ (DECVP),http://documents.worldbank.org/curated/en/099328304032318842/IDU1b6e46d1c163ae1461619aa5175bdd9e50999,"Dasgupta,Susmita","Lall,Somik V.","Identifying and Monitoring Priority Areas
            for Methane Emissions Reduction",34034418,"This paper identifies high-priority
            areas for methane emissions reduction and estimates recent
            emissions changes in those areas using atmospheric
            concentration data from the European Space Agency’s
            Sentinel-5P satellite platform. The modeling approach is
            illustrated with three case studies: landfills in Spain
            (Madrid), irrigated rice production in India (Karnal
            district, Haryana state), and oil production in Iraq (Al
            Amarah district, Maysan governorate). For each case, the
            paper estimates two change models by fixed effects: the
            monthly trend in methane concentration from January 2019 to
            November 2022, and the difference between mean concentration
            in 2022 and the previous three years. The paper estimates
            the change models for 775 high-priority areas and finds that
            cases with decreasing methane emissions are outnumbered four
            to one by cases with increasing emissions. The paper also
            analyzes trends in high-priority areas for seven major
            methane source sectors (agricultural soils, livestock, gas,
            oil, coal, landfills, and wastewater) and finds only two
            where emissions decreases outnumber increases (gas and oil).
            Among World Bank income groups, decreases outnumber
            increases in high-income economies but increases are hugely
            dominant in the other three groups. The paper concludes with
            a presentation of summary emissions trend reports for all
            775 high-priority areas, with accompanying maps and an Excel
            file. As satellite-based monitoring becomes more widely
            employed, such reports will provide a useful template for
            judging further progress toward fulfillment of the Global
            Methane Pledge.","Wheeler,David",,,,,,,
121,34036046,World,Policy Research Working Paper,2023-04-05T00:00:00Z,Publications & Research,Policy Research working paper ; no. WPS 10392,"Is the Global Economy
            Deglobalizing ? And If So, Why? And What Is Next?",http://documents.worldbank.org/curated/en/099351204052319118/pdf/IDU0725761690ff3b044ab0b5e60c766ea78c00b.pdf,/research/2023/04/34036046/global-economy-deglobalizing-so-next,http://documents.worldbank.org/curated/en/099351204052319118/IDU0725761690ff3b044ab0b5e60c766ea78c00b,2023/04/34036046/IDU0725761690ff3b044ab0b5e60c766ea78c00b,099351204052319118,Off of Sr VP Dev Econ/Chief Econ (DECVP),http://documents.worldbank.org/curated/en/099351204052319118/IDU0725761690ff3b044ab0b5e60c766ea78c00b,"Goldberg,Pinelopi Koujianou","Reed,Tristan","Is the Global Economy Deglobalizing ? And If
            So, Why? And What Is Next?",34036046,"Data on global trade as well as
            capital and labor flows indicate a slowdown, but not
            reversal, of globalization post the 2008–09 financial
            crisis. Yet profound changes in the policy environment and
            public sentiment in the largest economies over the past five
            years suggest the beginning of a new era. Increasing anxiety
            about the labor market effects of import competition from
            low-wage countries, especially China, laid the groundwork,
            but was not the catalyst for the reversal in attitudes
            towards globalization. Similarly, the COVID pandemic
            provided novel arguments against free trade based on global
            supply chain resilience, but neither the pandemic nor short
            run policy response had enduring effects on trade flows.
            Global trade was remarkably resilient during the pandemic
            and that supply shortages would likely have been more severe
            in the absence of international trade. After a temporary
            decline in 2020, global trade in goods and services
            increased sharply in 2021. Russia’s invasion of Ukraine
            raised new concerns about national security and the exposure
            of supply chains to geopolitical risk. This was followed by
            demands to diversify away from “non-friendly” countries and
            to the employment of trade policy, export restrictions in
            particular, to halt China’s technological development. The
            future of globalization is highly uncertain at this point,
            but these new policies will likely slow global growth,
            innovation, and poverty reduction even if they benefit
            certain industries in certain countries. Regarding
            resilience, the main goal of recent trade policy changes,
            measures of trade volatility or concentration can be
            helpful, but resilience will be elusive as long as we lack
            benchmarks against which policy performance can be measured.",,,,,,,,
122,34036097,Kenya,Policy Research Working Paper,2023-04-05T00:00:00Z,Publications & Research,"Policy Research working paper ; no. WPS
            10393; Paper is funded by the Knowledge for Change Program (KCP)","The Unintended Consequences of
            Curfews on Road Safety",http://documents.worldbank.org/curated/en/099451204052328998/pdf/IDU10b94e1aa1864314ab41a3d119bb2e9028839.pdf,/research/2023/04/34036097/unintended-consequences-curfews-road-safety,http://documents.worldbank.org/curated/en/099451204052328998/IDU10b94e1aa1864314ab41a3d119bb2e9028839,2023/04/34036097/IDU10b94e1aa1864314ab41a3d119bb2e9028839,099451204052328998,,http://documents.worldbank.org/curated/en/099451204052328998/IDU10b94e1aa1864314ab41a3d119bb2e9028839,World Bank,"Bedoya Arguelles,Guadalupe","The Unintended Consequences of Curfews on
            Road Safety",34036097,"During COVID-19, curfews spread like
            wildfire. Although their impact on curbing the spread of
            disease remains to be proven, curfews have the potential to
            bring about costs to society in multiple domains. This paper
            investigates the impact of curfews on road safety in an
            urban lower-middle-income setting. It shows that curfews
            lead to large reductions in crashes during the curfew hours
            when cars are off the road, but that these reductions can be
            fully offset by an increase in crashes during heavy traffic
            hours when people rush to get home before the curfew starts.
            These spillover effects result from a behavioral response to
            the curfew—increased driving speed—leading to higher crash
            rates. These findings forewarn that the use of curfews in
            future crises and pandemics should be carefully scrutinized
            and designed to minimize unintended negative effects.","Dolinger,Amy","Dolkart,Caitlin Fitzgerald","Legovini,Arianna",Sveta Milusheva,"Marty,Robert Andrew","Taniform,Peter Ngwa",,
123,34036741,World,Policy Research Working Paper,2023-04-06T00:00:00Z,Publications & Research,Policy Research working paper ; no. WPS 10394,"Corporate Tax Rates, Allocative
            Efficiency, and Aggregate Productivity",http://documents.worldbank.org/curated/en/099243304062314372/pdf/IDU0f2d7762a0a06604da00b05d0c98a2b753b11.pdf,/research/2023/04/34036741/corporate-tax-rates-allocative-efficiency-aggregate-productivity,http://documents.worldbank.org/curated/en/099243304062314372/IDU0f2d7762a0a06604da00b05d0c98a2b753b11,2023/04/34036741/IDU0f2d7762a0a06604da00b05d0c98a2b753b11,099243304062314372,Off of Sr VP Dev Econ/Chief Econ (DECVP),http://documents.worldbank.org/curated/en/099243304062314372/IDU0f2d7762a0a06604da00b05d0c98a2b753b11,"Dinerstein,Marcos","Patino Pena,Fausto Andres","Corporate Tax Rates, Allocative Efficiency,
            and Aggregate Productivity",34036741,"This paper quantifies the impact of
            effective corporate tax rates on aggregate total factor
            productivity. Using Chilean manufacturing data, the paper
            documents a large dispersion in the effective tax rate faced
            by firms and a mass of firms facing a 0 percent tax rate.
            These empirical patterns are incorporated into a standard
            monopolistic competition model with corporate tax rates. The
            paper’s quantitative findings show that the TFP gains
            between the economy implied by the Chilean tax code of
            1998–2007 and a hypothetical economy without effective
            corporate tax rate inefficiencies are between 4 and 11
            percent. The paper considers counterfactual policies in
            which all firms face the same tax rate and finds a
            monotonically decreasing relationship between the level of
            the tax rate and total factor productivity.",,,,,,,,
124,34036748,Sierra Leone,Policy Research Working Paper,2023-04-06T00:00:00Z,Publications & Research,"Policy Research working paper ; no. WPS
            10395;  COVID-19 (Coronavirus)","Candle in the Wind ? Insights
            from COVID-19 Emergency Cash Transfers to Informal Sector
            Workers in Sierra Leone",http://documents.worldbank.org/curated/en/099303504062354823/pdf/IDU0b1022d2e0c0d8046170bc440ef4dca71b211.pdf,/research/2023/04/34036748/candle-wind-insights-covid-19-emergency-cash-transfers-informal-sector-workers-sierra-leone,http://documents.worldbank.org/curated/en/099303504062354823/IDU0b1022d2e0c0d8046170bc440ef4dca71b211,2023/04/34036748/IDU0b1022d2e0c0d8046170bc440ef4dca71b211,099303504062354823,Off of Sr VP Dev Econ/Chief Econ (DECVP),http://documents.worldbank.org/curated/en/099303504062354823/IDU0b1022d2e0c0d8046170bc440ef4dca71b211,"Adhikari,Samik","Seetahul,Suneha","Candle in the Wind ? Insights from COVID-19
            Emergency Cash Transfers to Informal Sector Workers in
            Sierra Leone",34036748,"This paper takes stock of the
            insights and learnings from a COVID-19 emergency cash
            transfer program that was administered to vulnerable
            informal sector workers in Sierra Leone. It starts by
            reviewing relevant examples of cash transfer programs that
            were instituted in response to the COVID-19 crisis. It then
            describes the context, intervention, and data of the
            emergency cash transfer program, before presenting a
            quasi-experimental analysis of the emergency cash transfer’s
            potential impacts on various measures of economic security
            and subjective well-being of households with urban informal
            sector workers. The analysis is conducted by matching
            administrative data to survey data and using program
            eligibility criteria and inverse probability weights to
            identify the short- and medium-term relationship between a
            one-off US$135 cash transfer and various labor market, food
            security, human capital, and subjective well-being outcomes
            for recipient and nonrecipient households of the emergency
            cash transfer. The analysis finds a positive potential
            impact of the transfer and the number of hours worked as
            well as employment in the medium term. It also finds that
            program beneficiaries report higher chances of their main
            income increasing or staying the same compared to
            nonbeneficiaries. The positive correlation between the
            transfer and income disappears over the medium term, perhaps
            suggesting that one-off transfers work best to cushion
            vulnerable self-employed households and informal wage
            workers in the short term but do not impact medium-term
            employment or income.",,,,,,,,
125,34036789,Europe and Central Asia,Policy Research Working Paper,2023-04-06T00:00:00Z,Publications & Research,Policy Research working paper ; no. WPS 10377,"Who Suffers the Most from the
            Cost-of-Living Crisis ?",http://documents.worldbank.org/curated/en/099330104062314532/pdf/IDU030c0d9e0028c7043ae0a6ed02db23bde7115.pdf,/research/2023/04/34036789/suffers-most-cost-of-living-crisis,http://documents.worldbank.org/curated/en/099330104062314532/IDU030c0d9e0028c7043ae0a6ed02db23bde7115,2023/04/34036789/IDU030c0d9e0028c7043ae0a6ed02db23bde7115,099330104062314532,Off of Sr VP Dev Econ/Chief Econ (DECVP),http://documents.worldbank.org/curated/en/099330104062314532/IDU030c0d9e0028c7043ae0a6ed02db23bde7115,"Lokshin,Michael M.","Sajaia,Zurab","Who Suffers the Most from the Cost-of-Living
            Crisis ?",34036789,"This paper constructs cost-of-living
            indexes for different groups of households to quantify the
            differences in the distribution of the burden of high
            inflation among the populations of countries in Europe and
            Central Asia. The analysis demonstrates that the
            cost-of-living crisis of 2022–23 has had a heterogeneous
            impact on European populations. Poor households appear to
            suffer the most from rising food and energy prices. Poverty
            and inequality rates and the profiles of the poor based on
            household-specific inflation rates systematically differ
            from those based on the standard consumer price index
            approach. Accounting for the variability of inflation rates
            across household types might help policy makers design
            policies that better protect vulnerable households and
            promote economic growth.","Torre,Ivan",,,,,,,
126,34036942,East Asia and Pacific,Policy Research Working Paper,2023-04-06T00:00:00Z,Publications & Research,Policy Research working paper ; no. WPS 10396,"Why Do People Move ? A
            Data-Driven Approach to Identifying and Predicting
            Gender-Specific Aspirations to Migrate",http://documents.worldbank.org/curated/en/099554304062330779/pdf/IDU05ba8d1e90ec2a046e50bdf10fbe727c45e00.pdf,/research/2023/04/34036942/people-move-data-driven-approach-identifying-predicting-gender-specific-aspirations-migrate,http://documents.worldbank.org/curated/en/099554304062330779/IDU05ba8d1e90ec2a046e50bdf10fbe727c45e00,2023/04/34036942/IDU05ba8d1e90ec2a046e50bdf10fbe727c45e00,099554304062330779,,http://documents.worldbank.org/curated/en/099554304062330779/IDU05ba8d1e90ec2a046e50bdf10fbe727c45e00,"Halim,Daniel Zefanya","Seetahul,Suneha","Why Do People Move ? A Data-Driven Approach
            to Identifying and Predicting Gender-Specific Aspirations to Migrate",34036942,"Work-related migration has many
            potential drivers. While current literature has outlined a
            theoretical framework of various “push-pull” factors
            affecting the likelihood of international migration,
            empirical papers are often constrained by the scarcity of
            detailed data on migration, especially in developing
            countries, and are forced to look at few of these factors in
            isolation. When detailed data is available, researchers may
            face arbitrary choices of which variables to include and how
            to sequence their inclusion. As male and female migrants
            tend to face occupational segregation, the determinants of
            migration likely differ by gender, which compounds these
            data challenges. To overcome these three issues, this paper
            uses a rich primary household survey among migrant
            communities in Indonesia and employs two supervised
            machine-learning methods to identify the top predictors of
            migration by gender: random forests and least absolute
            shrinkage and selection operator stability selection. The
            paper confirms some determinants established by earlier
            studies and reveals several additional ones, as well as
            identifies differences in predictors by gender.",,,,,,,,
127,34037412,World,Policy Research Working Paper,2023-04-07T00:00:00Z,Publications & Research,Policy Research working paper ; no. WPS 10397,"Fossil Fuel Prices and Air
            Pollution : Evidence from a Panel of 133 Countries",http://documents.worldbank.org/curated/en/099413104072329965/pdf/IDU01315f09006dcb0446f0a43f0e575d7e57437.pdf,/research/2023/04/34037412/fossil-fuel-prices-air-pollution-evidence-panel-133-countries,http://documents.worldbank.org/curated/en/099413104072329965/IDU01315f09006dcb0446f0a43f0e575d7e57437,2023/04/34037412/IDU01315f09006dcb0446f0a43f0e575d7e57437,099413104072329965,Off of Sr VP Dev Econ/Chief Econ (DECVP),http://documents.worldbank.org/curated/en/099413104072329965/IDU01315f09006dcb0446f0a43f0e575d7e57437,"Mayr,Kentaro Florian","Maruyama Rentschler,Jun Erik","Fossil Fuel Prices and Air Pollution :
            Evidence from a Panel of 133 Countries",34037412,"Fossil fuel combustion is a major
            contributor to urban air pollution, which in turn can lead
            to negative health outcomes. While the relationship between
            fuel prices and consumption has been extensively documented,
            the knock-on impact on air quality is less studied. Detailed
            knowledge on the price-pollution channel is valuable in
            designing effective pollution reduction measures. This paper
            analyzes the impact of gasoline, diesel, and coal prices on
            air pollution in 133 countries over a 19-year period. The
            dataset combines prices, consumption, country-specific
            variables, and annual average fine particulate matter
            concentrations in each country’s capital city. Using the
            common correlated effects estimator, the analysis finds a
            robust negative relationship between gasoline and diesel
            prices and particle concentrations. A US$1 increase in the
            average annual retail price of these common transport fuels
            is associated with at least a 22.2 microgram per cubic meter
            decrease in annual average fine particulate matter
            concentrations. In contrast, there is no significant effect
            for coal, which is often used in power generation and
            industrial applications, making it less responsive to
            short-term price variations. Overall, the results are in
            line with earlier studies, as price increases are correlated
            with improved urban air quality for transport fuels.",,,,,,,,
128,34037538,World,Policy Research Working Paper,2023-04-07T00:00:00Z,Publications & Research,Policy Research working paper ; no. WPS 10398,"Distributional and Health
            Co-Benefits of Fossil Fuel Subsidy Reforms — Evidence from
            35 Countries",http://documents.worldbank.org/curated/en/099843204072311699/pdf/IDU088dc23960f2dd046cc090660a4a9756d5e97.pdf,/research/2023/04/34037538/distributional-health-co-benefits-fossil-fuel-subsidy-reforms-—-evidence-35-countries,http://documents.worldbank.org/curated/en/099843204072311699/IDU088dc23960f2dd046cc090660a4a9756d5e97,2023/04/34037538/IDU088dc23960f2dd046cc090660a4a9756d5e97,099843204072311699,Off of Sr VP Dev Econ/Chief Econ (DECVP),http://documents.worldbank.org/curated/en/099843204072311699/IDU088dc23960f2dd046cc090660a4a9756d5e97,"Klaiber,Christoph Michael","Maruyama Rentschler,Jun Erik","Distributional and Health Co-Benefits of
            Fossil Fuel Subsidy Reforms — Evidence from 35 Countries",34037538,"Governments around the world continue
            to subsidize fossil fuel use, incentivizing unsustainable
            consumption levels with consequences for the global climate
            and human health. However, governments have proven reluctant
            to reform fossil fuel subsidies (FFS). This is mainly due to
            concerns over potential adverse effects on poverty and
            equity; the positive effects on air quality and health are
            often overlooked. This study offers new insights on the
            distributional consumption incidence of FFS reforms and
            expected benefits through improved air quality and health
            outcomes. Using the World Bank-International Monetary Fund
            Climate Policy Assessment Tool, we conduct country-level
            analyses of a complete removal of domestic FFS, considering
            19 countries for the distributional consumption analysis,
            and 25 countries for the health benefits analysis. Our
            findings suggest that across countries, the absolute
            consumption burden of FFS reform on the richest decile would
            be 13 times larger than on the lowest-income decile,
            supporting evidence that FFS are an extremely inefficient
            way of supporting lower-income groups. In relative terms,
            however, the disparity is much smaller, with the richest
            decile bearing a relative consumption burden that is just
            1.1 times larger than that borne by the lowest-income
            decile. In terms of positive health effects, removing FFS in
            25 countries could save a total of 360,000 lives by 2035.
            The magnitude of the health effect depends on
            country-specific factors, such as the size of initial
            subsidy programs, and the extent to which these cover the
            most polluting fuels. FFS reforms can be a first step in
            improving air quality and reducing the burden of disease
            associated with air pollution.","Dorband,Ira Irina",,,,,,,
129,34038647,World,Policy Research Working Paper,2023-04-10T00:00:00Z,Publications & Research,Policy Research working paper ; no. WPS 10399,"The Effect of Agricultural Input
            Subsidies on Productivity: A Meta-Analysis",http://documents.worldbank.org/curated/en/099432204102318322/pdf/IDU1e0e0d35815c311449d1a9331ba19893a3664.pdf,/research/2023/04/34038647/effect-agricultural-input-subsidies-productivity-meta-analysis,http://documents.worldbank.org/curated/en/099432204102318322/IDU1e0e0d35815c311449d1a9331ba19893a3664,2023/04/34038647/IDU1e0e0d35815c311449d1a9331ba19893a3664,099432204102318322,,http://documents.worldbank.org/curated/en/099432204102318322/IDU1e0e0d35815c311449d1a9331ba19893a3664,Linh Nguyen,"Russ,Jason Daniel","The Effect of Agricultural Input Subsidies
            on Productivity: A Meta-Analysis",34038647,"This paper systematically analyzes
            the effect of agricultural input subsidies in developing
            countries on yield and income, using a meta-analysis. From
            three databases, the analysis identifies 12 studies with 32
            estimated effects on yield and 23 estimated effects on
            income. The findings show that programs that provide
            subsidized fertilizer and improved seeds are associated with
            average increases of 18 percent in yields and 16 percent in
            farming household incomes. These findings suggest that
            agricultural subsidies can lead to increased yields and
            contribute to improved living standards.","Triyana,Margaret Maggie",,,,,,,
130,34038702,World,Policy Research Working Paper,2023-04-10T00:00:00Z,Publications & Research,Policy Research working paper ; no. WPS 10400,"People's Unequal Exposure to
            Air Pollution : Evidence for the World's Coal-Fired
            Power Plants",http://documents.worldbank.org/curated/en/099716004102326162/pdf/IDU02de5b4080036704f710a4430c961acc77e3a.pdf,/research/2023/04/34038702/peoples-unequal-exposure-air-pollution-evidence-worlds-coal-fired-power-plants,http://documents.worldbank.org/curated/en/099716004102326162/IDU02de5b4080036704f710a4430c961acc77e3a,2023/04/34038702/IDU02de5b4080036704f710a4430c961acc77e3a,099716004102326162,,http://documents.worldbank.org/curated/en/099716004102326162/IDU02de5b4080036704f710a4430c961acc77e3a,"Du,Xinming","Maruyama Rentschler,Jun Erik","People's Unequal Exposure to Air
            Pollution : Evidence for the World's Coal-Fired Power Plants",34038702,"The world's over 3,800
            coal-fired power plants are sources of substantial emissions
            of toxic air pollutants. This study explores people's
            unequal exposure to air pollution from these coal plants. It
            simulates the wind dispersion of pollutants originating from
            each coal power plant using the Hybrid Single Particle
            Lagrangian Integrated Trajectory Model (HYSPLIT) with
            Gaussian dispersion. The study generates three-dimensional
            pollution trajectories and provide a global map of nitrogen
            oxide (NOx), sulfur dioxide (SO2), and particle pollution
            from coal plants and their contributions to overall
            pollution levels. The study estimates that 2.3 billion
            people globally are exposed to SO2 and particle pollution
            from coal plants; 247.5 million of them are exposed to
            transboundary pollution from foreign coal plants. The
            findings show that pollution increases with income levels,
            though at a diminishing rate at high income levels. In the
            proximity of coal power plants, downwind areas are
            associated with higher pollution and lower income levels
            compared to areas upwind. These findings are consistent with
            strategic location choices that cause or reinforce
            environmental injustices associated with air pollution.","Russ,Jason Daniel",,,,,,,
131,34039380,World,Policy Research Working Paper,2023-04-11T00:00:00Z,Publications & Research,Policy Research working paper ; no. WPS 10401,"Commodity Price Cycles :
            Commonalities, Heterogeneities, and Drivers",http://documents.worldbank.org/curated/en/099327104112317532/pdf/IDU06ab72d230b6f904cd60a6330dc2f31705b4f.pdf,/research/2023/04/34039380/commodity-price-cycles-commonalities-heterogeneities-drivers,http://documents.worldbank.org/curated/en/099327104112317532/IDU06ab72d230b6f904cd60a6330dc2f31705b4f,2023/04/34039380/IDU06ab72d230b6f904cd60a6330dc2f31705b4f,099327104112317532,Off of Sr VP Dev Econ/Chief Econ (DECVP),http://documents.worldbank.org/curated/en/099327104112317532/IDU06ab72d230b6f904cd60a6330dc2f31705b4f,"Kabundi,Alain Ntumba","Zahid,Hamza","Commodity Price Cycles : Commonalities,
            Heterogeneities, and Drivers",34039380,"This paper studies commodity price
            cycles and their underlying drivers using a dynamic factor
            model. The study employs a sample of 39 monthly commodity
            prices over 1970:01 to 2019:12. The analysis identifies
            global and group–specific cycles in commodity markets and
            includes them in a structural vector autoregressive model
            together with measures of global economic activity and
            global inflation, to disentangle their response to global
            demand, global supply, and commodity market-specific shocks.
            The findings reveal the following main results. (i) There
            exists a global cycle in commodity markets that accounts for
            an increasing fraction of co-movement in commodity prices
            over the past two decades, particularly for energy, metals,
            and precious metals. (ii) The results are heterogeneous
            across groups of commodities, with group-specific commodity
            cycles existing for grains and precious metals over the full
            sample period, 1970–2019. Metal and energy prices exhibit
            within-group synchronization over 1970–99; however, in
            recent years, their movements have become increasingly
            aligned with the global business cycle. (iii) Since 2000,
            the global commodity cycle is largely driven by global
            supply shocks, such as rapid productivity growth in emerging
            markets and developing economies, which increase demand for
            commodities. (iv) The large price spikes observed during the
            two most prominent commodity market boom-bust episodes of
            the past half-century (1972–74 and 2006–08) are driven
            additionally by shocks that are orthogonal to global
            economic activity such as shifts in speculative demand for commodities.",,,,,,,,
132,34039383,"United States,World",Policy Research Working Paper,2023-04-11T00:00:00Z,Publications & Research,Policy Research working paper ; no. WPS 10402,"Global Footprints of U.S. Energy
            Innovations: Energy Efficiency and the Shale Revolution",http://documents.worldbank.org/curated/en/099343004112324291/pdf/IDU006c0d7570ffbe047420bc500990811843794.pdf,/research/2023/04/34039383/global-footprints-energy-innovations-energy-efficiency-shale-revolution,http://documents.worldbank.org/curated/en/099343004112324291/IDU006c0d7570ffbe047420bc500990811843794,2023/04/34039383/IDU006c0d7570ffbe047420bc500990811843794,099343004112324291,Off of Sr VP Dev Econ/Chief Econ (DECVP),http://documents.worldbank.org/curated/en/099343004112324291/IDU006c0d7570ffbe047420bc500990811843794,"Zahid,Hamza",,"Global Footprints of U.S. Energy
            Innovations: Energy Efficiency and the Shale Revolution",34039383,"This paper studies the effects of
            U.S. energy shocks on international economic activity and
            the world oil market. The analysis uses a set of
            factor-augmented vector autoregressions to identify and
            compare the impact of unanticipated changes in U.S. energy
            efficiency and U.S. oil supply over 1980Q1–2019Q4. The
            identification strategy relies on the fact that positive
            shocks in both cases decrease the real price of oil and
            increase global gross domestic product (GDP), while
            generating opposite implications for world oil production
            and consumption. On average, U.S. energy efficiency shocks
            have a larger impact on the real price of oil and global GDP
            than U.S. oil supply shocks. Historical decompositions
            suggest that in 2010–19, U.S. oil supply shocks increased
            GDP by 2 percent, while (negative) energy efficiency shocks
            decreased global GDP by 1.3 percent. The latter effect
            dominated during the second shale boom in 2017–19.
            Considerable heterogeneity exists in cross-country
            responses, with favorable implications for GDP in advanced
            and emerging market oil importers and adverse implications
            for oil exporters. The empirical findings are interpreted
            through the lens of a dynamic general equilibrium
            multi-country model that features a global oil market and
            where key parameters are estimated using indirect inference.",,,,,,,,
133,34039394,World,Policy Research Working Paper,2023-04-11T00:00:00Z,Publications & Research,Policy Research working paper ; no. WPS 10403,"Export Survival : The Role of
            Banks and Stock Markets",http://documents.worldbank.org/curated/en/099356104112337700/pdf/IDU076c5cdaa037b204ec30a7e30f20544ad0a24.pdf,/research/2023/04/34039394/export-survival-role-banks-stock-markets,http://documents.worldbank.org/curated/en/099356104112337700/IDU076c5cdaa037b204ec30a7e30f20544ad0a24,2023/04/34039394/IDU076c5cdaa037b204ec30a7e30f20544ad0a24,099356104112337700,Off of Sr VP Dev Econ/Chief Econ (DECVP),http://documents.worldbank.org/curated/en/099356104112337700/IDU076c5cdaa037b204ec30a7e30f20544ad0a24,"Jaud,Melise","Kukenova,Madina","Export Survival : The Role of Banks and
            Stock Markets",34039394,"Banks and stock markets play distinct
            roles in helping exporters survive in foreign markets,
            conditional on the specific financial needs of exported
            products. Stock markets rather than banks help exporters who
            lack easily collateralizable tangible assets. Active rather
            than large stock markets promote exports of products
            requiring high levels of working capital. And the trade
            credit can act as a substitute for external financing only
            from banks and only in the presence of well-established
            export links. These results on product-level export survival
            provide new insights into the transmission process from
            finance to the real economy.","Strieborny,Martin",,,,,,,
134,34039432,Middle East and North Africa,Policy Research Working Paper,2023-04-11T00:00:00Z,Publications & Research,"Policy Research working paper ; no. WPS
            10404; MNACE labor and gender research programs","The ABCs of the Role of Public
            Transport in Women’s Economic Empowerment",http://documents.worldbank.org/curated/en/099453304112340447/pdf/IDU09fd403a504f570402a08c2e0e32140f5e54e.pdf,/research/2023/04/34039432/abcs-role-public-transport-women’s-economic-empowerment,http://documents.worldbank.org/curated/en/099453304112340447/IDU09fd403a504f570402a08c2e0e32140f5e54e,2023/04/34039432/IDU09fd403a504f570402a08c2e0e32140f5e54e,099453304112340447,,http://documents.worldbank.org/curated/en/099453304112340447/IDU09fd403a504f570402a08c2e0e32140f5e54e,"Alam,Muneeza Mehmood","Bagnoli,Lisa Serena","The ABCs of the Role of Public Transport in
            Women’s Economic Empowerment",34039432,"There is increasing recognition that
            deficiencies in the public transport system impact men and
            women differently. While transport systems have been shown
            to play a significant role in women’s participation in the
            labor force globally, this topic has been little explored in
            the Middle East and North Africa. This paper examines the
            effect of the spatial accessibility, availability, and
            safety of public transportation on women’s labor market
            outcomes in three capital cities in the Middle East and
            North Africa—Amman in Jordan, Beirut in Lebanon, and Cairo
            in the Arab Republic of Egypt. The analysis uses three types
            of data collected for each city in 2022, namely, household
            mobility surveys, transit network data, and built
            environment audits. The paper investigates how the spatial
            accessibility of jobs in each city, the availability of
            public transportation close to residential locations, and
            the safety of public transit stops affect the labor force
            participation of women and their likelihood of employment.
            The main findings are that: (a) accessibility, availability,
            and safety appear to impact women’s labor force
            participation differentially in each city, and these impacts
            also vary by income level; and (b) although accessibility,
            availability, and safety appear to impact women’s labor
            force participation, they have overall little impact on
            women’s employment probability. The paper takes these two
            findings to imply that: (a) a one-size-fits-all-women
            solution is not appropriate when designing public transport
            systems; and (b) although public transport plays a critical
            role in improving women’s access to employment
            opportunities, complementary actions are needed to translate
            these gains into gainful employment.","Kerzhner,Tamara",,,,,,,
135,34040107,"Africa,Cote d'Ivoire",Policy Research Working Paper,2023-04-11T00:00:00Z,Publications & Research,Policy Research working paper ; no. WPS 10405,"Does Agricultural Intensification
            Pay ?",http://documents.worldbank.org/curated/en/099345204122310522/pdf/IDU04d8ee3020f2020430b0bbba0eb0d7f36bc12.pdf,/research/2023/04/34040107/agricultural-intensification-pay,http://documents.worldbank.org/curated/en/099345204122310522/IDU04d8ee3020f2020430b0bbba0eb0d7f36bc12,2023/04/34040107/IDU04d8ee3020f2020430b0bbba0eb0d7f36bc12,099345204122310522,Off of Sr VP Dev Econ/Chief Econ (DECVP),http://documents.worldbank.org/curated/en/099345204122310522/IDU04d8ee3020f2020430b0bbba0eb0d7f36bc12,"Aihounton,Dossou Ghislain Boris","Christiaensen,Luc",Does Agricultural Intensification Pay ?,34040107,"Modern inputs and mechanization are
            promoted across Africa to raise smallholder labor
            productivity and broker the structural transformation. Yet,
            adoption has remained low and the implications for returns
            to labor and labor allocation remain poorly understood. This
            paper explores the effects of different intensification
            packages on farm performance, market orientation, and food
            security using data from lowland rice farmers in Côte
            d'Ivoire. Employing a multinomial treatment effect
            model, the findings reveal that intensification increases
            land and labor productivity, especially when agro-chemicals
            and mechanized land preparation are combined. Returns to
            labor double to triple, inducing specialization and greater
            market orientation as well as greater food security, while
            productively releasing agricultural labor for other
            activities. Labor in agriculture becomes more waged. The
            gender balance remains the same. Child labor input does not
            decrease. The findings call for greater attention to labor
            productivity and confirm that agricultural intensification
            can pay and enhance rural transformation.",,,,,,,,
136,34040113,Middle East and North Africa,Policy Research Working Paper,2023-04-12T00:00:00Z,Publications & Research,Policy Research working paper ; no. WPS 10406,"Data Transparency and GDP Growth
            Forecast Errors",http://documents.worldbank.org/curated/en/099410204122333916/pdf/IDU059a788530925704a0b08f7e0c3e8b9e9d753.pdf,/research/2023/04/34040113/data-transparency-gdp-growth-forecast-errors,http://documents.worldbank.org/curated/en/099410204122333916/IDU059a788530925704a0b08f7e0c3e8b9e9d753,2023/04/34040113/IDU059a788530925704a0b08f7e0c3e8b9e9d753,099410204122333916,Off of Sr VP Dev Econ/Chief Econ (DECVP),http://documents.worldbank.org/curated/en/099410204122333916/IDU059a788530925704a0b08f7e0c3e8b9e9d753,"Gatti,Roberta V.","Lederman,Daniel",Data Transparency and GDP Growth Forecast Errors,34040113,"This paper examines the role of a
            country’s data transparency in explaining gross domestic
            product growth forecast errors. It reports four sets of
            results that have not been previously reported in the
            existing literature. First, forecast errors—the difference
            between forecasted and realized gross domestic product
            growth—are large. Globally, between 2010 and 2020, the
            average same-year forecast error was 1.3 percentage points
            for the World Bank’s forecasts published in January of each
            year, and 1.5 percentage points for the International
            Monetary Fund’s January forecasts. Second, the Middle East
            and North Africa region has the largest forecast errors
            compared to other regions. Third, data capacity and
            transparency significantly explain forecast errors. On
            average, an improvement in a country’s Statistical Capacity
            Index, a measure of data capacity and transparency, is
            associated with a decline in absolute forecast errors. A one
            standard deviation increase in the log of the Statistical
            Capacity Index is associated with a decline in absolute
            forecast errors by 0.44 percentage point for World Bank
            forecasts and 0.49 percentage point for International
            Monetary Fund forecasts. The results are robust to a battery
            of control variables and robustness checks. Fourth, the role
            of the overall data ecosystem, not just those elements
            related to gross domestic product growth forecasting, is
            important for the accuracy of gross domestic product growth
            forecasts. Finally, gross domestic product growth forecasts
            from the World Bank are more accurate and less optimistic
            than those from the International Monetary Fund and the
            private sector.","Islam,Asif Mohammed","Nguyen,Ha","Lotfi,Rana Mohamed Amr Mohamed Nabil","Mousa,Mennatallah Emam Mohamed Sayed",,,,
137,34040153,World,Policy Research Working Paper,2023-04-12T00:00:00Z,Publications & Research,Policy Research working paper ; no. WPS 10407,"A Framework for the Economic
            Evaluation of Digital Health Interventions",http://documents.worldbank.org/curated/en/099446504122313917/pdf/IDU0f639726d0f11404a3509af8054677649dcd6.pdf,/research/2023/04/34040153/framework-economic-evaluation-digital-health-interventions,http://documents.worldbank.org/curated/en/099446504122313917/IDU0f639726d0f11404a3509af8054677649dcd6,2023/04/34040153/IDU0f639726d0f11404a3509af8054677649dcd6,099446504122313917,Off of Sr VP Dev Econ/Chief Econ (DECVP),http://documents.worldbank.org/curated/en/099446504122313917/IDU0f639726d0f11404a3509af8054677649dcd6,"Wilkinson,Thomas David","Wang,Mengxiao","A Framework for the Economic Evaluation of
            Digital Health Interventions",34040153,"Numerous digital health interventions
            have been piloted in response to the health care challenges
            low- and middle-income countries face. Because the
            opportunity cost of investing in digital health
            interventions can be large, countries must make choices
            about which interventions to scale up. To make good
            investment decisions about digital health interventions,
            there is a need to define and establish their value, and to
            use economic evaluation to make informed decisions, however
            DHIs present methodological challenges for economic
            evaluation. To address these challenges, this paper first
            creates a ‘gap map’ of digital health intervention evidence
            which reveals a dearth of economic evaluation evidence about
            digital health interventions; this lack can limit decisions
            on policy, programming, and appropriate scale-up of digital
            health interventions. To advance work in this field, this
            paper then develops an economic evaluation framework that
            can be used when determining the economic value of digital
            health interventions. Such a standardized approach,
            alongside guidance to assist the conduct and use of economic
            evidence, can improve decision making and investments in DHI
            under constrained health budgets. The resulting digital
            health intervention economic evaluation framework consists
            of 5 steps: (1) determine the context, (2) determine the
            intervention type, (3) establish the level of complexity,
            (4) set the analytic principles, and (5) represent the value
            proposition. Users of the framework should attempt to adhere
            to its steps and principles, but where this is not feasible
            or appropriate, they should provide justification for the
            methodological choice. The framework should facilitate
            methodological transparency, thereby improving the overall
            usefulness of economic evaluations of digital health interventions.","Friedman,Jed","Prestidge,Marelize",,,,,,
138,34040228,"World,Africa",Policy Research Working Paper,2023-04-12T00:00:00Z,Publications & Research,Policy Research working paper ; no. WPS 10408,"After Big Droughts Come Big
            Cities : Does Drought Drive Urbanization?",http://documents.worldbank.org/curated/en/099710504122341303/pdf/IDU0233f5aa1021c7042440a9ae0da34cc4b0caf.pdf,/research/2023/04/34040228/after-big-droughts-come-big-cities-drought-drive-urbanization,http://documents.worldbank.org/curated/en/099710504122341303/IDU0233f5aa1021c7042440a9ae0da34cc4b0caf,2023/04/34040228/IDU0233f5aa1021c7042440a9ae0da34cc4b0caf,099710504122341303,,http://documents.worldbank.org/curated/en/099710504122341303/IDU0233f5aa1021c7042440a9ae0da34cc4b0caf,"Chlouba,Vladimir","Mukim,Megha","After Big Droughts Come Big Cities : Does
            Drought Drive Urbanization?",34040228,"Existing research points to a
            possible link between slow-onset symptoms of climate change
            and migration. It is also known that rates of urbanization
            are fastest in some of the world’s poorest countries, which
            are incidentally also at greater risk of climate-induced
            migration. These separate findings suggest that slow-onset
            climate phenomena such as droughts have likely become a key
            driver of urbanization across much of the developing world.
            While intuitive, this link has not been convincingly
            established by extant research. This study examines the
            climate-urbanization nexus by constructing a novel measure
            of urban growth that uses remotely sensed information from
            the World Settlement Footprint dataset. Relying on panel
            data that cover the entire globe between 1985 and 2014, the
            paper shows that drought leads to faster urban growth. The
            results indicate that a hypothetical drought lasting 12
            months is associated with a 27 percent increase in the
            average annual increment of built-up area. The paper
            leverages novel data from several Sahelian cities to
            illustrate that much of this growth takes the form of
            non-infill development that extends outward from previously
            built-up localities.","Zaveri,Esha Dilip",,,,,,,
139,34040274,World,Policy Research Working Paper,2023-04-12T00:00:00Z,Publications & Research,Policy Research working paper ; no. WPS 10409,"Fiscal Policy Volatility and
            Growth in Emerging Markets and Developing Economies",http://documents.worldbank.org/curated/en/099836104122394992/pdf/IDU00245f7d700ec5047fd09b3d0ac254356ff33.pdf,/research/2023/04/34040274/fiscal-policy-volatility-growth-emerging-markets-developing-economies,http://documents.worldbank.org/curated/en/099836104122394992/IDU00245f7d700ec5047fd09b3d0ac254356ff33,2023/04/34040274/IDU00245f7d700ec5047fd09b3d0ac254356ff33,099836104122394992,Off of Sr VP Dev Econ/Chief Econ (DECVP),http://documents.worldbank.org/curated/en/099836104122394992/IDU00245f7d700ec5047fd09b3d0ac254356ff33,"Arroyo Marioli,Francisco","Fatás,Antonio","Fiscal Policy Volatility and Growth in
            Emerging Markets and Developing Economies",34040274,"This paper studies the volatility of
            fiscal policy in a large sample of countries with a focus on
            emerging markets and developing economies and commodity
            exporters over 1990–2021. The findings show that fiscal
            policy has been more volatile in emerging markets and
            developing economies than in advanced economies, and in
            commodity exporters relative to non-commodity exporters over
            this period. The degree of commodity dependence, and
            institutional and policy variables can explain a large
            percentage of the cross-country variation in volatility. The
            existence of fiscal rules, a more liberalized capital
            account, and more flexible exchange rates are all associated
            with lower fiscal policy volatility. The paper also shows
            the negative macroeconomic consequences of this additional
            volatility on economic growth, finding that, over a 30-year
            period, it can explain 8 percent of the income gap between
            the emerging markets and developing economies and advanced
            economies in the sample.","Vasishtha,Garima",,,,,,,
140,34043575,Bhutan,Policy Research Working Paper,2023-04-17T00:00:00Z,Publications & Research,Policy Research working paper ; no. WPS 10410,"Water Constraints to Agricultural
            Productivity in Bhutan",http://documents.worldbank.org/curated/en/099354104172313856/pdf/IDU021ce860c0d554049c00b3e60024cc210e1f6.pdf,/research/2023/04/34043575/water-constraints-agricultural-productivity-bhutan,http://documents.worldbank.org/curated/en/099354104172313856/IDU021ce860c0d554049c00b3e60024cc210e1f6,2023/04/34043575/IDU021ce860c0d554049c00b3e60024cc210e1f6,099354104172313856,Off of Sr VP Dev Econ/Chief Econ (DECVP),http://documents.worldbank.org/curated/en/099354104172313856/IDU021ce860c0d554049c00b3e60024cc210e1f6,"Dizon,Felipe Jr Fadullon","Imtiaz,Muhammad Saad","Water Constraints to Agricultural
            Productivity in Bhutan",34043575,"This paper uses two years of
            agriculture census data to build a panel dataset that
            consists of all the small towns in Bhutan. This dataset is
            used to estimate the impact of irrigation gaps and drought
            on the yields of paddy, maize, and other crops. The paper
            compares the estimated impacts from a panel fixed effects
            model and a spatial first differences model. The findings
            show that irrigation gaps reduce paddy yields and droughts
            reduce maize yields. Estimates from the spatial first
            differences model are found to be consistent relative to
            those from the panel fixed effects model. The paper further
            finds that water constraints reduce yields of vegetable
            crops, and other constraints, such as labor shortages, wild
            animals, insects, and diseases, also reduce the yields of
            cereal crops.","Yu,Jisang",,,,,,,
141,34043597,World,Policy Research Working Paper,2023-04-17T00:00:00Z,Publications & Research,Policy Research working paper ; no. WPS 10411,"Climate Change, Urban Expansion,
            and Food Production",http://documents.worldbank.org/curated/en/099418404172331018/pdf/IDU04cee93890b4640460f08efa003d2e7d26ded.pdf,/research/2023/04/34043597/climate-change-urban-expansion-food-production,http://documents.worldbank.org/curated/en/099418404172331018/IDU04cee93890b4640460f08efa003d2e7d26ded,2023/04/34043597/IDU04cee93890b4640460f08efa003d2e7d26ded,099418404172331018,,http://documents.worldbank.org/curated/en/099418404172331018/IDU04cee93890b4640460f08efa003d2e7d26ded,"Dizon,Felipe Jr Fadullon","Sherwani,Hina Khan","Climate Change, Urban Expansion, and Food Production",34043597,"Where and how cities grow will
            influence food production and the risks to food production.
            This paper estimates the overlap of future urban expansion
            in 2040 and 2100 with current crop and livestock production
            under different climate scenarios. First, it finds that
            urban areas will expand most into areas with fruits,
            vegetables, and chickens, and urban areas will expand most
            under a scenario with significant challenges to climate
            change mitigation. Second, the share of food producing areas
            that will overlap with urban expansion will be largest in
            Africa, particularly under a scenario of significant
            challenges to climate change adaptation. Third, across all
            scenarios, urban expansion is likely to take place in areas
            with higher crop or livestock production, but even more so
            when there are significant challenges to both mitigation and adaptation.","Su,Rui",,,,,,,
142,34043642,"China,World",Policy Research Working Paper,2023-04-17T00:00:00Z,Publications & Research,"Policy Research working paper ; no. WPS
            10412; Impact Evaluation series","Input Subsidies and the Depletion
            of Natural Capital : Chinese Distant Water Fishing",http://documents.worldbank.org/curated/en/099438404172325670/pdf/IDU0740c93fa09cf604a5809700080d06c0c1316.pdf,/research/2023/04/34043642/input-subsidies-depletion-natural-capital-chinese-distant-water-fishing,http://documents.worldbank.org/curated/en/099438404172325670/IDU0740c93fa09cf604a5809700080d06c0c1316,2023/04/34043642/IDU0740c93fa09cf604a5809700080d06c0c1316,099438404172325670,Off of Sr VP Dev Econ/Chief Econ (DECVP),http://documents.worldbank.org/curated/en/099438404172325670/IDU0740c93fa09cf604a5809700080d06c0c1316,"Englander,Aaron Gabriel Ratliffe","Zhang,Jihua","Input Subsidies and the Depletion of Natural
            Capital : Chinese Distant Water Fishing",34043642,"Input subsidies in natural resource
            sectors are widely believed to deplete the natural capital
            on which these sectors depend. However, estimating the
            causal effect of subsidies on resource extraction has been
            stymied by identification and data challenges. China’s
            fishing fleet is the world’s largest, and in 2016 the
            government changed its fuel subsidy policy for distant water
            vessels to one that increases with predetermined vessel
            characteristics. Regression discontinuity estimates imply a
            long-run elasticity of fishing hours with respect to fuel
            subsidies of 2.2. Consequently, reducing Chinese fuel
            subsidies by 50 percent could eliminate biological
            overfishing in several ocean regions. By demonstrating the
            substantial impact of fuel subsidies on fishing activity and
            fish stocks, the findings inform ongoing subsidy reform in
            China, other nations with subsidized fishing vessel fuel,
            and the World Trade Organization.","Villaseñor-Derbez,Juan Carlos","Jiang,Qutu","Hu,Mingzhao","Deschenes,Olivier","Costello,Christopher",,,
143,34044404,World,Policy Research Working Paper,2023-04-18T00:00:00Z,Publications & Research,"Policy Research working paper ; no. WPS
            10413;  Impact Evaluation series","Improving Enrollment and Learning
            through Videos and Mobiles : Experimental Evidence from
            Northern Nigeria",http://documents.worldbank.org/curated/en/099446204182379796/pdf/IDU0b5f8c3270fed204eeb0a99b0973dd775f03d.pdf,/research/2023/04/34044404/improving-enrollment-learning-through-videos-mobiles-experimental-evidence-northern-nigeria,http://documents.worldbank.org/curated/en/099446204182379796/IDU0b5f8c3270fed204eeb0a99b0973dd775f03d,2023/04/34044404/IDU0b5f8c3270fed204eeb0a99b0973dd775f03d,099446204182379796,Off of Sr VP Dev Econ/Chief Econ (DECVP),http://documents.worldbank.org/curated/en/099446204182379796/IDU0b5f8c3270fed204eeb0a99b0973dd775f03d,"Orozco Olvera,Victor Hugo","Rascon Ramirez,Ericka G.","Improving Enrollment and Learning through
            Videos and Mobiles : Experimental Evidence from Northern Nigeria",34044404,"In northern Nigeria, half of primary
            school-age children attend school, half of girls are married
            before turning 15, and one in five people can read a whole
            sentence. Conducted in rural, low literate communities
            governed by traditional norms, this paper presents the
            results of a cluster randomized controlled trial that tested
            community screenings to reshape parental aspirations and
            attitudes toward education, and as a reinforcing arm, the
            distribution of mobiles with engaging apps to teach
            6-9-year-old children to read. Twelve months after the
            screenings, children were 42 percent less likely to be out
            of school, but as expected, their learning levels did not
            improve. In the communities that were provided the mobile
            reinforcer, literacy and numeracy skills increased by 0.46
            and 0.63 standard deviation, respectively. The impacts of
            the combined intervention on school attendance and learning
            gains were similar for boys and girls. For non-targeted
            older siblings, the intervention increased learning by 0.34
            and 0.47 standard deviation and reduced the likelihood of
            teenage pregnancy and early entrance into the labor market
            by 13 and 14 percent, respectively. The mechanisms behind
            these effects include improved parental aspirations and
            expectations, improved attitudes and social norms, higher
            self-efficacy beliefs of parents, and increased time for
            home learning activities. Relative to other educational
            investments that have been evaluated in developing
            countries, the combined intervention is highly effective and cost-effective.",,,,,,,,
144,34045136,World,Policy Research Working Paper,2023-04-19T00:00:00Z,Publications & Research,Policy Research working paper ; no. WPS 10414,"Fit for (re)purpose ? A New Look
            at the Spatial Distribution of Agricultural Subsidies",http://documents.worldbank.org/curated/en/099340404192317151/pdf/IDU0252e371b05b6804d6a08f9f0d7bf5ca67b81.pdf,/research/2023/04/34045136/fit-repurpose-new-look-spatial-distribution-agricultural-subsidies,http://documents.worldbank.org/curated/en/099340404192317151/IDU0252e371b05b6804d6a08f9f0d7bf5ca67b81,2023/04/34045136/IDU0252e371b05b6804d6a08f9f0d7bf5ca67b81,099340404192317151,Off of Sr VP Dev Econ/Chief Econ (DECVP),http://documents.worldbank.org/curated/en/099340404192317151/IDU0252e371b05b6804d6a08f9f0d7bf5ca67b81,"Ebadi,Ebad","Russ,Jason Daniel","Fit for (re)purpose ? A New Look at the
            Spatial Distribution of Agricultural Subsidies",34045136,"Agricultural subsidies make up a
            large share of public budgets, exceeding 40 percent of total
            agricultural production value in some countries. Subsidies
            are often important components of government strategies to
            raise agricultural productivity, support agricultural
            households, and promote food security. They do so by
            reducing production costs, promoting the use of inputs or
            modern farming techniques, encouraging the production of
            certain crops, and raising household incomes. Given the
            magnitude of these subsidies, their distributional
            implications and the externalities they impose on the
            environment are of significant consequence. This paper uses
            a new spatial analysis to explore the distributional
            implications of agricultural output subsidies across 16
            countries/regions and the distributional and select
            environmental implications of input subsidies across 23
            countries/regions. The findings show that, relative to the
            spatial distribution of income, both types of subsidy are
            distributionally mixed. Output subsidies are relatively
            progressive in 10 countries/regions and regressive in six,
            while input subsidies are relatively progressive in 11
            countries/regions, regressive in nine, and neutral in three.
            The results also show that input subsidy schemes
            significantly increase fertilizer use, particularly in
            richer regions within countries, leading to soil saturation
            of nitrogen, an indicator of accelerated environmental degradation.","Zaveri,Esha Dilip",,,,,,,
145,34045289,Brazil,Policy Research Working Paper,2023-04-19T00:00:00Z,Publications & Research,Policy Research working paper ; no. WPS 10415,"The Effects of Transportation
            Infrastructure on Deforestation in the Amazon : A General
            Equilibrium Approach",http://documents.worldbank.org/curated/en/099753004192311879/pdf/IDU0114c90f5059af043410a34b0cf206b4ecebb.pdf,/research/2023/04/34045289/effects-transportation-infrastructure-deforestation-amazon-general-equilibrium-approach,http://documents.worldbank.org/curated/en/099753004192311879/IDU0114c90f5059af043410a34b0cf206b4ecebb,2023/04/34045289/IDU0114c90f5059af043410a34b0cf206b4ecebb,099753004192311879,,http://documents.worldbank.org/curated/en/099753004192311879/IDU0114c90f5059af043410a34b0cf206b4ecebb,"Assunção,Juliano","Carlquist Rabelo De Araujo,Rafael","The Effects of Transportation Infrastructure
            on Deforestation in the Amazon : A General Equilibrium Approach",34045289,"Investments in transportation
            infrastructure can impact the environment beyond their
            immediate surroundings. This paper builds an interregional
            trade model to estimate the general equilibrium effects of
            changes in infrastructure on deforestation. Using panel data
            on the evolution of the transportation network in Brazil and
            land use data in the Amazon, the paper estimates the model
            and finds sizable effects of infrastructure on
            deforestation. Model simulations show that ignoring general
            equilibrium underestimates the impacts of deforestation by
            one-quarter. The paper also shows that the model can be used
            for evaluation of the deforestation induced by individual
            projects, which is an essential input for public policies.","Amorim Braganca,Arthur",,,,,,,
146,34045871,Cambodia,Policy Research Working Paper,2023-04-20T00:00:00Z,Publications & Research,Policy Research working paper ; no. WPS 10416,"Improving Reading Abilities,
            Attitudes and Practices during COVID : Results from a
            Home-Based Intervention of Supplementary Texts for Young
            Readers in Cambodia",http://documents.worldbank.org/curated/en/099216104202329677/pdf/IDU0352437150c09204c240a00006aec75aad5b8.pdf,/research/2023/04/34045871/improving-reading-abilities-attitudes-practices-during-covid-results-home-based-intervention-supplementary-texts-young-readers-cambodia,http://documents.worldbank.org/curated/en/099216104202329677/IDU0352437150c09204c240a00006aec75aad5b8,2023/04/34045871/IDU0352437150c09204c240a00006aec75aad5b8,099216104202329677,Off of Sr VP Dev Econ/Chief Econ (DECVP),http://documents.worldbank.org/curated/en/099216104202329677/IDU0352437150c09204c240a00006aec75aad5b8,"Crawford,Michael F.","Rutkowski,David Joseph","Improving Reading Abilities, Attitudes and
            Practices during COVID : Results from a Home-Based
            Intervention of Supplementary Texts for Young Readers in Cambodia",34045871,"This paper provides results from the
            randomized control trial project, Promoting Development and
            Home Reading of Supplementary Texts for Young Readers in
            Cambodia. One control and three treatment groups were
            assessed on how literacy and reading habits changed when
            households were provided a variety of high-quality and
            low-cost early reading materials along with varying degrees
            of encouragement toward building better reading habits. The
            findings show that providing books in isolation was not
            enough. Rather, books in conjunction with a network of
            reading supports was found to be an effective means to boost
            reading outcomes, including reading proficiency measures,
            frequency of reading, and attitudes toward reading. The
            results highlight the need for at-home reading materials in
            poor households as an integral step to improve early reading.","Rutkowski,Leslie Ann",,,,,,,
147,34046115,World,Policy Research Working Paper,2023-04-20T00:00:00Z,Publications & Research,Policy Research working paper ; no. WPS 10417,"Leveraging Social Cohesion for
            Development Outcomes",http://documents.worldbank.org/curated/en/099723304202334301/pdf/IDU0053a35270965b0414f090ff0157bb9183a68.pdf,/research/2023/04/34046115/leveraging-social-cohesion-development-outcomes,http://documents.worldbank.org/curated/en/099723304202334301/IDU0053a35270965b0414f090ff0157bb9183a68,2023/04/34046115/IDU0053a35270965b0414f090ff0157bb9183a68,099723304202334301,Off of Sr VP Dev Econ/Chief Econ (DECVP),http://documents.worldbank.org/curated/en/099723304202334301/IDU0053a35270965b0414f090ff0157bb9183a68,"Chatterjee,Shreya","Gassier,Marine",Leveraging Social Cohesion for Development Outcomes,34046115,"Efforts to promote social cohesion
            through development projects have had to contend with
            multiple definitions of the term, a lack of clarity on
            diagnostic and measurement approaches, and contradictory
            evidence on the effectiveness of different types of
            interventions meant to repair or reinforce it. This paper
            first offers a definition of social cohesion that highlights
            three sets of relations: those connecting individuals within
            a community (bonding), those connecting individuals across
            distinct communities (bridging), and those connecting
            individuals to people and structures in a position of power
            (linking). Together, these three dimensions constitute a
            framework for diagnosing gaps in social cohesion, assessing
            trends, and prioritizing interventions and investments. The
            paper also outlines strategies for diagnosing gaps in social
            cohesion and tracking trends along these three dimensions,
            providing concrete recommendations for teams designing
            social cohesion measurement strategies. Finally, the paper
            reviews the evidence on what works to reinforce cohesion
            within community, to build trust across groups, and to
            strengthen citizen-state relations. This review highlights
            different types of intervention that can help promote social
            cohesion, while suggesting that their effectiveness is
            conditional on sound diagnoses and rigorous implementation processes.","Myint,Nikolas",,,,,,,
148,34046698,"Indonesia,World",Policy Research Working Paper,2023-04-21T00:00:00Z,Publications & Research,Policy Research working paper ; no. WPS 10418,"Public Primary School Expansion,
            Gender-Based Crowding Out, and Intergenerational Educational Mobility",http://documents.worldbank.org/curated/en/099700204212316510/pdf/IDU05a23d97d0564f0438808491032606700e1f3.pdf,/research/2023/04/34046698/public-primary-school-expansion-gender-based-crowding-out-intergenerational-educational-mobility,http://documents.worldbank.org/curated/en/099700204212316510/IDU05a23d97d0564f0438808491032606700e1f3,2023/04/34046698/IDU05a23d97d0564f0438808491032606700e1f3,099700204212316510,Off of Sr VP Dev Econ/Chief Econ (DECVP),http://documents.worldbank.org/curated/en/099700204212316510/IDU05a23d97d0564f0438808491032606700e1f3,"Ahsan,Md. Nazmul","Emran,M. Shahe","Public Primary School Expansion,
            Gender-Based Crowding Out, and Intergenerational Educational Mobility",34046698,"From 1965 to 1985, the number of
            schools doubled in developing countries, but little is known
            about their impacts on intergenerational educational
            mobility. This paper studies the effects of 61,000 public
            primary schools constructed in the 1970s in Indonesia on
            intergenerational educational mobility, using full-count
            census data and a difference-in-differences design. The
            educational mobility curve is concave in most cases, and
            school expansion reduced the degree of concavity. Evidence
            on primary completion suggests contrasting effects across
            the distribution: relative mobility improved irrespective of
            gender in the uneducated households, but it worsened in the
            highly educated households. For completed years of
            schooling, there are striking gender differences, with
            strong effects on sons, but no significant effects on girls.
            This surprising finding reflects an unintended bottleneck at
            the secondary schooling level which created fierce
            competition among the Inpres primary graduates. The girls
            suffered an 8.5 percentage points decline in the probability
            of completing senior secondary schooling, while the boys
            reaped a 7.7 percentage points gain. The gender-based
            crowding out occurred across the board, suggesting
            mechanisms unrelated to family background such as low labor
            market returns for girls and gender norms in a patrilineal
            society. Available evidence on returns to education of girls
            rejects a labor market-based explanation. The authors test
            and find evidence consistent with gender norms as a
            mechanism by exploiting data from the “Matrilineal island”
            West Sumatra. In West Sumatra, girls are not crowded out at
            the secondary level; instead, boys face significant crowding out.","Shilpi,Forhad J.",,,,,,,
149,34046701,Mexico,Policy Research Working Paper,2023-04-21T00:00:00Z,Publications & Research,"Policy Research working paper ; no. WPS
            10419;eMBeD brief","Using Behavioral Science to
            Increase Women’s Participation in Natural Resource
            Management in Mexico",http://documents.worldbank.org/curated/en/099723304212320688/pdf/IDU02e1563730a26304d7f096990e5122a3a4420.pdf,/research/2023/04/34046701/using-behavioral-science-increase-women’s-participation-natural-resource-management-mexico,http://documents.worldbank.org/curated/en/099723304212320688/IDU02e1563730a26304d7f096990e5122a3a4420,2023/04/34046701/IDU02e1563730a26304d7f096990e5122a3a4420,099723304212320688,Off of Sr VP Dev Econ/Chief Econ (DECVP),http://documents.worldbank.org/curated/en/099723304212320688/IDU02e1563730a26304d7f096990e5122a3a4420,"Reyes-Retana,Graciela","Pons,Gonzalo Antonio","Using Behavioral Science to Increase Women’s
            Participation in Natural Resource Management in Mexico",34046701,"Natural resources management (NRM)
            helps protect forests and promote sustainable development.
            Although women are key in strengthening activities in NRM,
            they are dramatically underrepresented in public funding for
            forest projects in many countries, such as Mexico, limiting
            their participation and impact. While structural barriers,
            such as land tenure and low capacity, cause this problem,
            this is exacerbated by barriers such as lack of information,
            complex application processess, gender norms, and rural
            women’s low aspirations and limited agency and self-efficacy
            to participate in NRM projects. This paper tests whether
            additions and modifications to the standard outreach
            strategies of a call for proposals for NRM grants in Mexico
            increase the number of applications submitted by localities
            and the share of women participating. The study uses a
            randomized controlled trial in 113 rural localities, where
            the standard outreach approach (control) is complemented
            with additional information channels and simplified
            materials (treatment 1), aiming to appeal more directly to
            inexperienced populations. A second treatment group further
            modifies the informational materials using insights from
            behavioral science (loss aversion, norms framing, and
            others) and adds proactive text message reminders to prompt
            behavior (treatment 2), hoping to address the barriers to
            women’s participation. The results suggest that treatment 1
            localities had, on average, 2.3 more applications per
            locality than the control group (increasing the
            participation of both men and women). Treatment 2
            complemented this, having, on average, 6.4 more women per
            locality participating of these applications than in
            treatment 1. This shows that women manifested interest in
            participating in these activities. A representative survey
            of women in the study localities (1,485 women in 52
            localities) suggests that women in treatment localities were
            more likely to recognize the name of the project or
            informational materials. The analysis also suggests that the
            complementary strategies had no effect on the likelihood of
            being selected to receive a grant under the project,
            suggesting that additional support is needed to translate
            this increased interest into successful applications that
            would allow participation in NRM.","Siegmann,Katharina","Afif,Zeina","Gomez-Garcia,Margarita","Soto-Mota,Pablo","Castaneda Farill,Carmen Elena",,,
150,34048698,World,Policy Research Working Paper,2023-04-24T00:00:00Z,Publications & Research,"Policy Research working paper ; no. WPS
            10420; COVID-19 (Coronavirus)","The Longer Students Were Out of
            School, the Less They Learned",http://documents.worldbank.org/curated/en/099534004242341552/pdf/IDU0807776730889d04a240ad3305c282c112fe8.pdf,/research/2023/04/34048698/longer-students-out-school-less-learned,http://documents.worldbank.org/curated/en/099534004242341552/IDU0807776730889d04a240ad3305c282c112fe8,2023/04/34048698/IDU0807776730889d04a240ad3305c282c112fe8,099534004242341552,,http://documents.worldbank.org/curated/en/099534004242341552/IDU0807776730889d04a240ad3305c282c112fe8,"Patrinos,Harry Anthony",,"The Longer Students Were Out of School, the
            Less They Learned",34048698,"COVID-19 led to school closures and
            emergency remote learning systems. It is feared that
            students learned less when they were remote. This paper
            analyzes school closures during the pandemic using a unique
            data base. The determinants of the duration of school
            closures estimates were used to instrument school closures –
            stringency of lockdown and vaccination – and causally
            estimate the impact of duration on learning. It is estimated
            that for every week that schools were closed, learning
            levels declined by almost 1 percent of a standard deviation.
            This means that a 20 week closure, for example, would reduce
            learning outcomes by 0.20 standard deviation, almost one
            year of schooling.",,,,,,,,
151,34048754,Haiti,Policy Research Working Paper,2023-04-24T00:00:00Z,Publications & Research,Policy Research working paper ; no. WPS 10421,"Structural and Behavioral
            Barriers to Improving Development Outcomes : The Case of
            Maternal Care in Haiti",http://documents.worldbank.org/curated/en/099552504242336538/pdf/IDU089962c9f0d239047b40a948015fede80a240.pdf,/research/2023/04/34048754/structural-behavioral-barriers-improving-development-outcomes-case-maternal-care-haiti,http://documents.worldbank.org/curated/en/099552504242336538/IDU089962c9f0d239047b40a948015fede80a240,2023/04/34048754/IDU089962c9f0d239047b40a948015fede80a240,099552504242336538,,http://documents.worldbank.org/curated/en/099552504242336538/IDU089962c9f0d239047b40a948015fede80a240,"Perge,Emilie Bernadette","Llopis Abella,Jimena","Structural and Behavioral Barriers to
            Improving Development Outcomes : The Case of Maternal Care
            in Haiti",34048754,"This paper investigates the interplay
            between structural and behavioral barriers that discourage
            pregnant women from accessing institutional care in Haiti,
            where despite some improvements in the past decades,
            maternal mortality remains a significant challenge. The
            analysis complements household survey data with data on
            service provision and qualitative data on beliefs,
            perceptions, and attitudes toward maternal health care.
            Using a mixed-methods approach, the paper confirms that
            transportation and poverty are important barriers that
            decrease the likelihood of attending maternal health care
            services. At the same time, the findings show that women
            suffer from optimism bias and are uncomfortable with the
            current model of received care. These barriers discourage
            women from seeking, reaching, and receiving maternal health
            care services at health institutions. Tackling structural
            barriers while finding ways to encourage women to shift
            their beliefs, perceptions, and attitudes are key
            recommendations to improve maternal health in Haiti.","Fruttero,Anna",,,,,,,
152,34049467,World,Policy Research Working Paper,2023-04-25T00:00:00Z,Publications & Research,Policy Research working paper ; no. WPS 10422,"The Elusive Link Between FDI and
            Economic Growth",http://documents.worldbank.org/curated/en/099525104252334422/pdf/IDU0e021b3d30ef6504b780ace90ed590ce1fee5.pdf,/research/2023/04/34049467/elusive-link-between-fdi-economic-growth,http://documents.worldbank.org/curated/en/099525104252334422/IDU0e021b3d30ef6504b780ace90ed590ce1fee5,2023/04/34049467/IDU0e021b3d30ef6504b780ace90ed590ce1fee5,099525104252334422,Off of Sr VP Dev Econ/Chief Econ (DECVP),http://documents.worldbank.org/curated/en/099525104252334422/IDU0e021b3d30ef6504b780ace90ed590ce1fee5,"Bénétrix,Agustín","Pallan,Hayley Marie",The Elusive Link Between FDI and Economic Growth,34049467,"This paper revisits the link between
            FDI and economic growth in emerging and developing
            economies. Analysis of the early decades of the sample shows
            that there is no statistically significant correlation
            between FDI and growth for countries with average levels of
            education or financial depth. In line with previous
            contributions, this correlation is positive and
            statistically significant for countries with sufficiently
            well-developed financial sectors or high levels of human
            capital. However, the findings also show that the link
            between FDI and growth varies over time. For more recent
            periods, there is a positive and statistically significant
            relationship between FDI and growth for the average country,
            with local conditions having a negative effect on this link.
            The paper also develops a novel instrument aimed at
            addressing the endogeneity of FDI inflows. Instrumental
            variable estimates suggest that the results are unlikely to
            be driven by endogeneity, and the results on the role of
            absorptive capacities may be due to the GVC revolution in
            the 1990s.","Panizza,Ugo G.",,,,,,,
153,34049471,Tajikistan,Policy Research Working Paper,2023-04-25T00:00:00Z,Publications & Research,Policy Research working paper ; no. WPS 10423,"Blackout or Blanked Out ?
            Monitoring the Quality of Electricity Service in Developing Countries",http://documents.worldbank.org/curated/en/099543304252337204/pdf/IDU0a65f8c1f08a96046d60931d0c0767d304d63.pdf,/research/2023/04/34049471/blackout-or-blanked-out-monitoring-quality-electricity-service-developing-countries,http://documents.worldbank.org/curated/en/099543304252337204/IDU0a65f8c1f08a96046d60931d0c0767d304d63,2023/04/34049471/IDU0a65f8c1f08a96046d60931d0c0767d304d63,099543304252337204,,http://documents.worldbank.org/curated/en/099543304252337204/IDU0a65f8c1f08a96046d60931d0c0767d304d63,"Seitz,William Hutchins","Kudo,Yuya","Blackout or Blanked Out ? Monitoring the
            Quality of Electricity Service in Developing Countries",34049471,"Access to reliable electricity is a
            Sustainable Development Goal, and key for both economic
            growth and individual wellbeing. Yet, in the absence of
            sophisticated monitoring systems, policy makers in
            developing countries commonly rely on surveys to measure
            electricity reliability and prioritize investments. The
            accuracy of such survey-based methods is unclear. This study
            built a low-cost national electricity outage monitoring
            network, using off-the-shelf components in Tajikistan – a
            country with severe electricity service constraints. The
            system was introduced alongside a monthly household survey
            called Listening to Tajikistan, which allowed benchmarking
            the survey summary statistics against unbiased measures. The
            results show that although the two measures were well
            correlated, the survey data suffered from significant and
            systematic bias. Survey respondents (i) systematically
            underreported the incidence and severity of electricity
            outages on average, but (ii) systematically overreported the
            incidence of outages during a period of abnormally
            widespread service disruption of long duration. These
            findings suggest that bias in survey-based measures is
            sensitive to the salience of outages to the respondent, and
            that, where feasible, automated electricity monitoring can
            provide more accurate quality measurement. For survey
            settings, the results also suggest that estimates are more
            accurate over short (daily) reference periods.","Azevedo,Joao Pedro Wagner De",,,,,,,
154,34051195,Africa,Policy Research Working Paper,2023-04-27T00:00:00Z,Publications & Research,Policy Research working paper ; no. WPS 10424,"Uncertainty in Preferential Trade
            Agreements : Impact of AGOA Suspensions on Exports",http://documents.worldbank.org/curated/en/099212404272329040/pdf/IDU0e80fbc010cd72049ca0a9560a77e6c4bf776.pdf,/research/2023/04/34051195/uncertainty-preferential-trade-agreements-impact-agoa-suspensions-exports,http://documents.worldbank.org/curated/en/099212404272329040/IDU0e80fbc010cd72049ca0a9560a77e6c4bf776,2023/04/34051195/IDU0e80fbc010cd72049ca0a9560a77e6c4bf776,099212404272329040,Off of Sr VP Dev Econ/Chief Econ (DECVP),http://documents.worldbank.org/curated/en/099212404272329040/IDU0e80fbc010cd72049ca0a9560a77e6c4bf776,"Edjigu,Habtamu Tesfaye","Hakobyan,Shushanik","Uncertainty in Preferential Trade Agreements
            : Impact of AGOA Suspensions on Exports",34051195,"This study examines the impact of the
            abrupt suspension of African Growth and Opportunity Act
            benefits on exports from eligible African countries. The
            study uses a triple difference-in-differences estimation
            that controls for both country- and product-level export
            changes. The results suggest that the suspension of the
            African Growth and Opportunity Act has had a considerable
            negative impact on the level of exports to the United
            States. The impact appears to be bigger for countries with a
            high African Growth and Opportunity Act utilization rate.
            The suspension is associated with a 39 percent decline in
            exports to the United States. At the product level, the
            suspension hurt apparel and textile exports, leading to a
            decline of their exports by about 88 percent. Understanding
            the impact of withdrawing access to a nonreciprocal trade
            agreement is particularly important now, as the European
            Union began negotiating Economic Partnership Agreements with
            African countries, as a sign of a shift to reciprocity; the
            United States is considering a similar path of negotiating
            free trade agreements with individual African countries.
            These developments underscore the need to prepare for a
            post–African Growth and Opportunity Act period with more
            reciprocity, as trade uncertainty is becoming rampant.","Kassa,Woubet",,,,,,,
155,34051200,Liberia,Policy Research Working Paper,2023-04-28T00:00:00Z,Publications & Research,Policy Research working paper ; no. WPS 10425,"Liberian Women Count : Evidence
            from a Macrosimulation of the Gender Dividend",http://documents.worldbank.org/curated/en/099231304272369200/pdf/IDU061c87b350856f042340a5050ea45b0e58bf3.pdf,/research/2023/04/34051200/liberian-women-count-evidence-macrosimulation-gender-dividend,http://documents.worldbank.org/curated/en/099231304272369200/IDU061c87b350856f042340a5050ea45b0e58bf3,2023/04/34051200/IDU061c87b350856f042340a5050ea45b0e58bf3,099231304272369200,Off of Sr VP Dev Econ/Chief Econ (DECVP),http://documents.worldbank.org/curated/en/099231304272369200/IDU061c87b350856f042340a5050ea45b0e58bf3,"Karra,Mahesh Venkat","Del Bono,Mitja","Liberian Women Count : Evidence from a
            Macrosimulation of the Gender Dividend",34051200,"Liberian women make significant
            economic contributions yet are constrained from contributing
            even more due to their exclusion from productive
            opportunities. This study develops a macrosimulation model
            of the Gender Dividend that estimates the economic
            contributions of women and the societal costs incurred by
            excluding them. Using macroeconomic, demographic, and survey
            data from Liberia, the analysis finds that women were
            responsible for 39 percent of market-based output produced
            annually in 2020, equal to US$1.08 billion, and contributed
            another US$530 million in non-tradable sources of
            production, namely, housework and domestic chores. Using the
            macrosimulation model, the study estimates that if the
            gender gaps in labor force participation, intra-sectoral
            wages, and sector of employment were closed, gross domestic
            product would be 11.5 percent higher. If further reforms
            were undertaken to equalize education and reduce fertility
            rates to a net-reproduction rate, gross domestic product
            would be 23.7 percent higher. Finally, if the model also
            accounts for the value of non-tradable production, gross
            domestic product would be US$5.89 billion, or 45.3 percent
            higher than today’s estimates, with women being responsible
            for 53 percent of the labor market output. These estimates
            reinforce the need for a unified policy agenda that actively
            invests in women’s human capital and work-related
            opportunities simultaneously.","Wilde,Joshua Kent","Cunningham,Wendy","Ringwala,Sarika Gupta",,,,,
156,34051216,"Iran, Islamic Republic of",Policy Research Working Paper,2023-04-27T00:00:00Z,Publications & Research,Policy Research working paper ; no. WPS 10426,Price Adjustments and Poverty Measurement,http://documents.worldbank.org/curated/en/099311104272341601/pdf/IDU06af3b51809e4e049840b03f03e26a6c1f357.pdf,/research/2023/04/34051216/price-adjustments-poverty-measurement,http://documents.worldbank.org/curated/en/099311104272341601/IDU06af3b51809e4e049840b03f03e26a6c1f357,2023/04/34051216/IDU06af3b51809e4e049840b03f03e26a6c1f357,099311104272341601,,http://documents.worldbank.org/curated/en/099311104272341601/IDU06af3b51809e4e049840b03f03e26a6c1f357,"Amendola,Nicola","Mancini,Giulia",Price Adjustments and Poverty Measurement,34051216,"Measuring poverty entails making
            interpersonal welfare comparisons, that should account for
            differences in prices faced by households, both over time
            and across space. This paper investigates the impact of
            seemingly minor differences in the practical implementation
            of price adjustments, by developing an analytical framework
            that is consistent with standard consumer theory and mindful
            of the data limitations faced by practitioners. The main
            result is at odds with common sense: even when multiple
            price indexes are available, say a food and a nonfood
            Consumer Price Index, it turns out that using a single price
            index, the total Consumer Price Index, to adjust the
            consumption aggregate is recommended. The practice of
            adjusting the components of the consumption aggregate
            separately, using matching deflators—food expenditure with
            the food index and nonfood expenditure with the nonfood
            index—can lead to a systematic bias in the welfare measure,
            and consequently in poverty and inequality measures. The
            direction of the bias can be easily predicted based on the
            price level and household consumption patterns. On the
            interplay between spatial and temporal deflation, the
            findings show that temporal deflation should be carried out
            before implementing adjustments to spatial cost-of-living
            differences. The paper illustrates these findings using the
            Islamic Republic of Iran’s 2019 Household Income and
            Expenditure survey: the bias in the headcount poverty rate
            due to incorrect deflation is substantive (5–10 percent for
            estimates at the national level, 15–20 percent in urban and
            rural areas, and more than 30 percent for district-level
            headcount rates). Higher-order Foster-Greer-Thorbecke
            poverty measures are even more affected.","Redaelli,Silvia","Vecchi,Giovanni",,,,,,
157,34053332,World,Policy Research Working Paper,2023-05-01T00:00:00Z,Publications & Research,Policy Research working paper ; no. WPS 10427,"International Tax Spillovers and
            Tangible Investment, with Implications for the Global
            Minimum Tax",http://documents.worldbank.org/curated/en/099356505012330106/pdf/IDU05ff39989002bd04258092ed0cc2c2f299d33.pdf,/research/2023/05/34053332/international-tax-spillovers-tangible-investment-implications-global-minimum-tax,http://documents.worldbank.org/curated/en/099356505012330106/IDU05ff39989002bd04258092ed0cc2c2f299d33,2023/05/34053332/IDU05ff39989002bd04258092ed0cc2c2f299d33,099356505012330106,,http://documents.worldbank.org/curated/en/099356505012330106/IDU05ff39989002bd04258092ed0cc2c2f299d33,"Keen,Michael","Liu,Li","International Tax Spillovers and Tangible
            Investment, with Implications for the Global Minimum Tax",34053332,"This paper articulates and, using
            newly-assembled data, explores how international taxation
            affects aggregate tangible cross-border investment.
            Spillovers from statutory tax rates abroad seem: As sizable
            as effects from the host’s rate; larger than previous
            consensus values (attributed to a systematic bias from FDI
            data); and consistent with ‘implicit’ profit shifting
            through real investment (rather than ‘paper’ profit
            shifting). Contrary to much policy discussion, the results
            also imply that: Host countries’ marginal effective tax
            rates have at best a weak effect on real investment; those
            elsewhere have none; and, applied to the prospective global
            minimum tax, inward tangible investment in most sample
            countries will increase.","Pallan,Hayley Marie",,,,,,,
158,34053456,World,Policy Research Working Paper,2023-05-01T00:00:00Z,Publications & Research,Policy Research working paper ; no. WPS 10428,"Fiscal Procyclicality in
            Commodity Exporting Countries : How Much Does It Pour and
            Why ?",http://documents.worldbank.org/curated/en/099735505012330646/pdf/IDU063b52c310e0fc04f3d0b48005273f81b28f6.pdf,/research/2023/05/34053456/fiscal-procyclicality-commodity-exporting-countries-much-pour,http://documents.worldbank.org/curated/en/099735505012330646/IDU063b52c310e0fc04f3d0b48005273f81b28f6,2023/05/34053456/IDU063b52c310e0fc04f3d0b48005273f81b28f6,099735505012330646,Off of Sr VP Dev Econ/Chief Econ (DECVP),http://documents.worldbank.org/curated/en/099735505012330646/IDU063b52c310e0fc04f3d0b48005273f81b28f6,"Arroyo Marioli,Francisco","Vegh,Carlos A.","Fiscal Procyclicality in Commodity Exporting
            Countries : How Much Does It Pour and Why ?",34053456,"A large literature has documented
            that fiscal policy is procyclical in emerging markets and
            developing economies and acyclical/countercyclical in
            advanced economies. This paper analyzes fiscal
            procyclicality in commodity-exporting countries. It first
            shows that the degree of fiscal procyclicality is twice as
            high in commodity exporters than in non-commodity exporters.
            Further, while fiscal procyclicality has been falling in
            commodity exporters over the past 15 years, it is still
            pervasive and has fallen slower than in non-commodity
            exporting countries. In addition to testing the main
            theories behind fiscal procyclicality in commodity exporters
            and the role of institutional variables, the paper makes two
            novel contributions. First, based on the idea of fiscal
            procyclicality as a “when it rains, it pours” phenomenon
            (that is, contractionary fiscal policy amplifies the effects
            of a fall in commodity prices), the paper shows that, on
            average, government spending amplifies the business cycle by
            21 percent of the initial drop in output following a fall in
            commodity prices. Put differently, the “pours” component
            accounts for 17 percent of the total fall in output. Second,
            the paper estimates the welfare costs of fiscal
            procyclicality at 2.6 percent of the costs associated with
            the regular business cycle in commodity exporters.",,,,,,,,
159,34053461,Mexico,Policy Research Working Paper,2023-05-01T00:00:00Z,Publications & Research,Policy Research working paper ; no. WPS 10429,"Poverty Mapping in the Age of
            Machine Learning",http://documents.worldbank.org/curated/en/099759405012313710/pdf/IDU0c1878458051a40470808a960c8b70982671b.pdf,/research/2023/05/34053461/poverty-mapping-age-machine-learning,http://documents.worldbank.org/curated/en/099759405012313710/IDU0c1878458051a40470808a960c8b70982671b,2023/05/34053461/IDU0c1878458051a40470808a960c8b70982671b,099759405012313710,Off of Sr VP Dev Econ/Chief Econ (DECVP),http://documents.worldbank.org/curated/en/099759405012313710/IDU0c1878458051a40470808a960c8b70982671b,"Corral Rodas,Paul Andres","Henderson,Heath Linn",Poverty Mapping in the Age of Machine Learning,34053461,"Recent years have witnessed
            considerable methodological advances in poverty mapping,
            much of which has focused on the application of modern
            machine-learning approaches to remotely sensed data. Poverty
            maps produced with these methods generally share a common
            validation procedure, which assesses model performance by
            comparing subnational machine-learning-based poverty
            estimates with survey-based, direct estimates. Although
            unbiased, survey-based estimates at a granular level can be
            imprecise measures of true poverty rates, meaning that it is
            unclear whether the validation procedures used in
            machine-learning approaches are informative of actual model
            performance. This paper examines the credibility of existing
            approaches to model validation by constructing a
            pseudo-census from the Mexican Intercensal Survey of 2015,
            which is used to conduct several design-based simulation
            experiments. The findings show that the validation procedure
            often used for machine-learning approaches can be misleading
            in terms of model assessment since it yields incorrect
            information for choosing what may be the best set of
            estimates across different methods and scenarios. Using
            alternative validation methods, the paper shows that
            machine-learning-based estimates can rival traditional, more
            data intensive poverty mapping approaches. Further, the
            closest approximation to existing machine-learning
            approaches, using publicly available geo-referenced data,
            performs poorly when evaluated against “true” poverty rates
            and fails to outperform traditional poverty mapping methods
            in targeting simulations.","Segovia Juarez,Sandra Carolina",,,,,,,
160,34054345,World,Policy Research Working Paper,2023-05-02T00:00:00Z,Publications & Research,Policy Research working paper ; no. WPS 10430,The People’s Voice and Access to Sanitation,http://documents.worldbank.org/curated/en/099443205022319591/pdf/IDU0f30a6e340b50e04ab00a334070641ae4a9ab.pdf,/research/2023/05/34054345/people’s-voice-access-sanitation,http://documents.worldbank.org/curated/en/099443205022319591/IDU0f30a6e340b50e04ab00a334070641ae4a9ab,2023/05/34054345/IDU0f30a6e340b50e04ab00a334070641ae4a9ab,099443205022319591,Off of Sr VP Dev Econ/Chief Econ (DECVP),http://documents.worldbank.org/curated/en/099443205022319591/IDU0f30a6e340b50e04ab00a334070641ae4a9ab,"Francois,John Nana Darko","Gyimah-Brempong,Kwabena",The People’s Voice and Access to Sanitation,34054345,"This paper estimates the effect of
            voice and accountability, which captures transparent
            electoral processes, free media, and freedom of expression,
            on access to sanitation services in developing countries.
            The core argument is that voice and accountability increases
            the visibility of sanitation as a public good and raises
            awareness of its benefits; hence, increasing its supply and
            demand. The analysis utilizes data from 73 developing
            countries and an instrumental variable approach to identify
            the causal effect of voice and accountability on access to,
            and use of, sanitation. The paper also employs a novel
            instrument-free estimator as both an alternative estimator
            for the analysis and an empirical strategy to formally
            assess the validity of the instrument in a just-identified
            model—a previously untestable just-identifying exclusion
            restriction. The paper finds robust evidence that voice and
            accountability increase access to sanitation and help close
            the persistent rural-urban inequality in access to
            sanitation. The results suggest that key tenets of democracy
            such a freedom of speech, free media, and power of electoral
            incentives are not a luxury of the rich—they are relevant to
            the world’s poor as they can shape the demand and
            distribution of sanitation services.","Kakeu, Johnson","Kouame, Christelle Signo",,,,,,
161,34054367,"Venezuela, Republica Bolivariana de,Colombia",Policy Research Working Paper,2023-05-02T00:00:00Z,Publications & Research,Policy Research working paper ; no. WPS 10431,"More Benefits, Fewer Children:
            How Regularization Affects Immigrant Fertility",http://documents.worldbank.org/curated/en/099508105022322183/pdf/IDU0738ea81804ffa043a408e08054ff7bab2b2a.pdf,/research/2023/05/34054367/more-benefits-fewer-children-regularization-affects-immigrant-fertility,http://documents.worldbank.org/curated/en/099508105022322183/IDU0738ea81804ffa043a408e08054ff7bab2b2a,2023/05/34054367/IDU0738ea81804ffa043a408e08054ff7bab2b2a,099508105022322183,Development Research Group (DECRG),http://documents.worldbank.org/curated/en/099508105022322183/IDU0738ea81804ffa043a408e08054ff7bab2b2a,"Amuedo-Dorantes,Catalina","Ibáñez,Ana María","More Benefits, Fewer Children: How
            Regularization Affects Immigrant Fertility",34054367,"How do policies that ease the
            integration of immigrants shape their fertility decisions
            This paper uses a panel survey of undocumented Venezuelan
            migrants in Colombia to compare the fertility decisions of
            households before and after the launch of an amnesty program
            that granted such migrants a labor permit and access to
            social services. The results suggest the amnesty reduced the
            likelihood that program beneficiaries would have a child due
            to better labor market opportunities for women and greater
            access to family planning resources through health care services.","Rozo Villarraga,Sandra Viviana","Traettino,Salvador",,,,,,
162,34054397,World,Policy Research Working Paper,2023-05-02T00:00:00Z,Publications & Research,Policy Research working paper ; no. WPS 10432,"Biodiversity and Finance : A
            Preliminary Assessment of Physical Risks for the Banking
            Sector in Emerging Markets",http://documents.worldbank.org/curated/en/099526305022388443/pdf/IDU0e52335a30e0f804949088f30d8c4eee5cee8.pdf,/research/2023/05/34054397/biodiversity-finance-preliminary-assessment-physical-risks-banking-sector-emerging-markets,http://documents.worldbank.org/curated/en/099526305022388443/IDU0e52335a30e0f804949088f30d8c4eee5cee8,2023/05/34054397/IDU0e52335a30e0f804949088f30d8c4eee5cee8,099526305022388443,Off of Sr VP Dev Econ/Chief Econ (DECVP),http://documents.worldbank.org/curated/en/099526305022388443/IDU0e52335a30e0f804949088f30d8c4eee5cee8,"Calice,Pietro","Diaz Kalan,Federico Alfonso","Biodiversity and Finance : A Preliminary
            Assessment of Physical Risks for the Banking Sector in
            Emerging Markets",34054397,"Economic activity depends on a
            flourishing biodiversity and intact environment through the
            provision of ecosystem services. The depletion of these
            services poses physical risks for the financial sector. This
            paper attempts to measure the potential exposure of the
            banking systems in 20 emerging markets to nature loss
            through their lending portfolio. The results show that banks
            in emerging markets allocate around half of their credit
            portfolio to firms whose business processes are highly or
            very highly dependent on one or more ecosystem services. The
            results also provide initial and preliminary evidence that
            points to a negative correlation between country income
            level and dependency on ecosystem services. Accounting for
            indirect dependencies on ecosystem services via supply
            chains and trade could change this observed relationship,
            however. Furthermore, the highest dependencies on ecosystem
            services across countries tend to be on climate regulation
            and flood and storm protection, indicating the
            interconnectedness of climate change and nature loss.","Dunz,Nepomuk Max Ferdinand","Miguel Liriano,Faruk",,,,,,
163,34054461,World,Policy Research Working Paper,2023-05-02T00:00:00Z,Publications & Research,Policy Research working paper ; no. WPS 10433,"The Role of Global Value Chains
            for Worker Tasks and Wage Inequality",http://documents.worldbank.org/curated/en/099706205022399067/pdf/IDU080e5b8dd009680418b0b9600529297fdee90.pdf,/research/2023/05/34054461/role-global-value-chains-worker-tasks-wage-inequality,http://documents.worldbank.org/curated/en/099706205022399067/IDU080e5b8dd009680418b0b9600529297fdee90,2023/05/34054461/IDU080e5b8dd009680418b0b9600529297fdee90,099706205022399067,,http://documents.worldbank.org/curated/en/099706205022399067/IDU080e5b8dd009680418b0b9600529297fdee90,"Lewandowski,Piotr","Madoń,Karol","The Role of Global Value Chains for Worker
            Tasks and Wage Inequality",34054461,"This paper studies the relationship
            between participation in global value chains, worker routine
            task intensity, and within-country wage inequality. It uses
            unique survey data from 47 countries across the development
            spectrum to calculate worker-level, country-specific routine
            task intensity and combines them with sectoral measures of
            backward and forward global value chains participation.
            Higher global value chains participation is associated with
            more routine-intensive work, specifically among offshorable
            occupations, especially in countries at lower development
            levels. The results by broad sectors contrast sharply:
            higher global value chains participation is linked to a
            higher routine task intensity in offshorable occupations in
            the industry but a lower routine task intensity in
            non-offshorable occupations in business services. Higher
            worker-level routine task intensity is strongly associated
            with lower wages, so global value chains participation
            indirectly widens the within-country wage inequality through
            this routine task intensity channel. At the same time,
            global value chains participation directly contributes to
            reduced wage inequality, except for the richest countries.
            Overall, this analysis finds that global value chains
            participation reduces wage inequality in most low- and
            middle-income countries that receive offshored jobs but
            widens wage inequality in high-income countries that
            offshore jobs.","Winkler,Deborah Elisabeth",,,,,,,
164,34054471,World,Policy Research Working Paper,2023-05-02T00:00:00Z,Publications & Research,"Policy Research working paper ; no. WPS
            10434;  COVID-19 (Coronavirus)","Labor Market Effects of Global
            Supply Chain Disruptions",http://documents.worldbank.org/curated/en/099742505022340571/pdf/IDU0776102410a010044910917405a6c7fe5fb87.pdf,/research/2023/05/34054471/labor-market-effects-global-supply-chain-disruptions,http://documents.worldbank.org/curated/en/099742505022340571/IDU0776102410a010044910917405a6c7fe5fb87,2023/05/34054471/IDU0776102410a010044910917405a6c7fe5fb87,099742505022340571,,http://documents.worldbank.org/curated/en/099742505022340571/IDU0776102410a010044910917405a6c7fe5fb87,"Ulate,Mauricio","Vasquez,Jose P.",Labor Market Effects of Global Supply Chain Disruptions,34054471,"This paper examines the labor market
            consequences of recent global supply chain disruptions
            induced by COVID-19. Specifically, it considers a temporary
            increase in international trade costs similar to the one
            observed during the pandemic and analyzes its effects on
            labor market outcomes using a quantitative trade model with
            downward nominal wage rigidities. Even omitting any
            health-related impacts of the pandemic, the increase in
            trade costs leads to a temporary but prolonged decline in
            U.S. labor force participation. However, there is a
            temporary increase in manufacturing employment as the United
            States is a net importer of manufactured goods, which become
            costlier to obtain from abroad. By contrast, service and
            agricultural employment experience temporary declines.
            Nominal frictions lead to temporary unemployment when the
            shock dissipates, but this depends on the degree of monetary
            accommodation. Overall, the shock results in a 0.14 percent
            welfare loss for the United States. The impact on labor
            force participation and welfare across countries varies
            depending on the initial degree of openness and sectoral deficits.","Zarate Vasquez,Roman David",,,,,,,
165,34056955,European Union,Policy Research Working Paper,2023-05-04T00:00:00Z,Publications & Research,Policy Research working paper ; no. WPS 10435,The Impact of Tax Blacklisting,http://documents.worldbank.org/curated/en/099918205042371705/pdf/IDU0fd264bfb0c6f704cda09bd20025a1aa3a08c.pdf,/research/2023/05/34056955/impact-tax-blacklisting,http://documents.worldbank.org/curated/en/099918205042371705/IDU0fd264bfb0c6f704cda09bd20025a1aa3a08c,2023/05/34056955/IDU0fd264bfb0c6f704cda09bd20025a1aa3a08c,099918205042371705,Off of Sr VP Dev Econ/Chief Econ (DECVP),http://documents.worldbank.org/curated/en/099918205042371705/IDU0fd264bfb0c6f704cda09bd20025a1aa3a08c,"Collin,Matthew Edward",,The Impact of Tax Blacklisting,34056955,"This paper estimates the policy and
            economic impacts of a European Union–led effort to review
            and “blacklist” jurisdictions based on their compliance with
            international standards designed to curb corporate profit
            shifting and private tax evasion. Using a combination of
            regression discontinuity and difference-and-difference
            methods, there is evidence of only limited improvements in
            tax governance four years after the inception of the list.
            There is also no clear evidence that the listing exercise
            had any impact on offshore wealth or shifted profits,
            largely because the bulk of jurisdictions that host both of
            these were not targeted by the European Union. The results
            suggest that “coercive” efforts to reduce global tax evasion
            and avoidance will struggle without better targeting and enforcement.",,,,,,,,
166,34058645,"Chile,World",Policy Research Working Paper,2023-05-08T00:00:00Z,Publications & Research,Policy Research working paper ; no. WPS 10436,"The Effects of Energy Prices on
            Firm Competitiveness : Evidence from Chile",http://documents.worldbank.org/curated/en/099507105082329730/pdf/IDU0a035eb5007d3a045d709c4f08d4a72bf5aee.pdf,/research/2023/05/34058645/effects-energy-prices-firm-competitiveness-evidence-chile,http://documents.worldbank.org/curated/en/099507105082329730/IDU0a035eb5007d3a045d709c4f08d4a72bf5aee,2023/05/34058645/IDU0a035eb5007d3a045d709c4f08d4a72bf5aee,099507105082329730,Off of Sr VP Dev Econ/Chief Econ (DECVP),http://documents.worldbank.org/curated/en/099507105082329730/IDU0a035eb5007d3a045d709c4f08d4a72bf5aee,"Amann,Juergen","Grover,Arti Goswami","The Effects of Energy Prices on Firm
            Competitiveness : Evidence from Chile",34058645,"This paper analyzes the impact of
            changes in energy prices on the competitiveness of
            manufacturing firms in Chile. Using the Chilean Annual
            National Industrial Survey data, the paper illustrates that,
            first, increases in energy prices generally do not hurt firm
            competitiveness. Second, the impact of energy prices depends
            on the fuel type—while electricity price increases are
            negatively correlated with firm outcomes, fossil fuel price
            increases have a positive association with investment and
            firm productivity, a result that is consistent with the
            strong version of the Porter hypothesis. Third, these
            effects are heterogeneous and vary by firm attributes such
            as size, ownership and location. Fourth, investigating
            non-linear patterns in firm outcomes based on the level of
            energy prices, the findings show that the positive
            correlation between fossil fuel price increases and capital
            upgrading is particularly pronounced when energy prices are
            at relatively low levels.",,,,,,,,
167,34058712,"Arab Republic of,Egypt, Arab Republic of",Policy Research Working Paper,2023-05-08T00:00:00Z,Publications & Research,Policy Research working paper ; no. WPS 10437,"Implications of Using Nonstandard
            Poverty Lines : An Illustration Using the Case of the Arab
            Republic of Egypt",http://documents.worldbank.org/curated/en/099529105082319790/pdf/IDU0c1bece8809a0004c330b3fe079d8b57aecf7.pdf,/research/2023/05/34058712/implications-using-nonstandard-poverty-lines-illustration-using-case-arab-republic-egypt,http://documents.worldbank.org/curated/en/099529105082319790/IDU0c1bece8809a0004c330b3fe079d8b57aecf7,2023/05/34058712/IDU0c1bece8809a0004c330b3fe079d8b57aecf7,099529105082319790,Off of Sr VP Dev Econ/Chief Econ (DECVP),http://documents.worldbank.org/curated/en/099529105082319790/IDU0c1bece8809a0004c330b3fe079d8b57aecf7,"Decerf,Benoit Marie A","Genoni,Maria Eugenia","Implications of Using Nonstandard Poverty
            Lines : An Illustration Using the Case of the Arab Republic
            of Egypt",34058712,"Many developing countries’ official
            poverty methodologies rely on nonstandard poverty lines,
            which complicate poverty comparisons across space or time.
            The paper considers the case of the Arab Republic of Egypt,
            whose official poverty lines have two important nonstandard
            features. First, the line is neither absolute nor relative,
            but rather hybrid or “weakly relative.” Second, the poverty
            line’s implicit equivalence scales are not fixed, but are
            rather endogenous. This paper provides a conceptual and
            quantitative understanding of these two nonstandard
            features. The results reveal that the equivalence scale
            implicit in the official methodology is quantitatively very
            similar to the (simpler) per capita equivalence scale.
            Switching to a per capita equivalence scale would help
            address an implicit gender bias that the paper identifies in
            Egypt’s official poverty lines. The analysis shows that the
            official distribution of poverty across regions is very
            similar to that associated with a purely absolute line. In
            addition, the change in official poverty rates over the
            period analyzed (2015 to 2017/18) lies halfway between the
            larger increase captured by a purely absolute line (10
            percentage points) and that captured by a purely relative
            measure (1 percentage point). However, the results show that
            these more standard poverty lines do not systematically
            perform better than the official methodology with respect to
            the identification of disadvantaged households.","Helmy,Imane Abdelfattah Ahmed Refaat","Sanz,Guillermo Federico",,,,,,
168,34058746,"World,Europe",Policy Research Working Paper,2023-05-08T00:00:00Z,Publications & Research,Policy Research working paper ; no. WPS 10438,"A Review of Human Development and
            Environmental Outcomes",http://documents.worldbank.org/curated/en/099804205082332055/pdf/IDU0d8d5661b0e201046d10a8f002595f22cdd97.pdf,/research/2023/05/34058746/review-human-development-environmental-outcomes,http://documents.worldbank.org/curated/en/099804205082332055/IDU0d8d5661b0e201046d10a8f002595f22cdd97,2023/05/34058746/IDU0d8d5661b0e201046d10a8f002595f22cdd97,099804205082332055,,http://documents.worldbank.org/curated/en/099804205082332055/IDU0d8d5661b0e201046d10a8f002595f22cdd97,"Ambasz,Diego","Gupta,Anshuman Kamal","A Review of Human Development and
            Environmental Outcomes",34058746,"As climate change and its impact on
            the physical environment become increasingly evident, its
            relationship with human development outcomes is becoming a
            key area of research. While numerous researchers have
            studied the ways in which the immediate environment affects
            human capital, literature on the impact of human capital on
            the environment remains scarce. Despite the heightened
            interest in understanding the linkages between human
            development outcomes and environmental factors, most studies
            of this relationship are theoretical, correlational, or
            observational, thus lacking causality. This paper surveys
            the literature and explores how evidence can be established
            for policies focusing on human development and environmental
            outcomes. The paper presents a conceptual framework
            incorporating direct and indirect pathways – including
            cognitive and noncognitive factors through which improved
            education can lead to better environmental behaviors. Of the
            31 studies reviewed, a majority (27 studies) present
            observational findings, while only a few (four studies, or
            13 percent) use a quasi-experimental design to establish
            causality. The few causal studies suggest that it is
            possible to change attitudes but more difficult to change
            environmental behaviors. The review raises the key question
            of whether policies aimed at improving climate change
            awareness through education can effectively produce
            long-lasting changes in pro-environmental behaviors. Much
            more work is needed to advance understanding of how human
            capital policy can help mitigate or promote adaptation to
            climate change.","Patrinos,Harry Anthony",,,,,,,
169,34059317,India,Policy Research Working Paper,2023-05-09T00:00:00Z,Publications & Research,Policy Research working paper ; no. WPS 10439,"An Assessment of Community-Led
            Lift Irrigation Systems in Jharkhand, India",http://documents.worldbank.org/curated/en/099451405092339075/pdf/IDU0be619ce802229044310b97c088a139ef33c1.pdf,/research/2023/05/34059317/assessment-community-led-lift-irrigation-systems-jharkhand-india,http://documents.worldbank.org/curated/en/099451405092339075/IDU0be619ce802229044310b97c088a139ef33c1,2023/05/34059317/IDU0be619ce802229044310b97c088a139ef33c1,099451405092339075,Off of Sr VP Dev Econ/Chief Econ (DECVP),http://documents.worldbank.org/curated/en/099451405092339075/IDU0be619ce802229044310b97c088a139ef33c1,"Kishore,Avinash","Gupta,Manavi","An Assessment of Community-Led Lift
            Irrigation Systems in Jharkhand, India",34059317,"The Jharkhand State Livelihoods
            Promotion Society is rolling-out solar powered community
            lift irrigation systems to provide access to irrigation to
            23,580 farming families in 13 districts of the state. This
            paper assesses these irrigation systems using data collected
            from 297 farmers in the command area of 50 randomly selected
            irrigation systems. The study also interviewed 457
            nonbeneficiaries. Farmers in the command area of the
            irrigation systems irrigate more land, have higher cropping
            intensity, are more likely to grow high-value crops, and had
            higher gross value of output in the Rabi (winter) season.
            The beneficiaries also spend less money on irrigation,
            especially compared with nonbeneficiaries who use their own
            or who rent diesel pumps to irrigate their fields. Although
            the solar powered community lift irrigation systems offer
            multiple benefits, they remain severely underutilized. The
            median hours of operation of the 50 sampled irrigation
            systems was less than 100 hours per year, and the average
            operating time was 192 hours per year. Solar irrigation
            systems cannot be economically viable with low levels of
            capacity utilization, indicating that incentives are needed
            for system managers to increase utilization, gross irrigated
            area, and irrigation surplus.","Dizon,Felipe Jr Fadullon","Kumar,Priti",,,,,,B
170,34059321,"Arab Republic of,Egypt, Arab Republic of",Policy Research Working Paper,2023-05-09T00:00:00Z,Publications & Research,"Policy Research working paper ; no. WPS
            10440;  COVID-19 (Coronavirus); MNACE labor and gender
            research programs","The Role of Cash Transfers in
            Smoothing the Income Shock of COVID-19 in the Arab Republic
            of Egypt",http://documents.worldbank.org/curated/en/099510005092319513/pdf/IDU03a208a5c0b3210421509d7e0dbc1ff0a1f60.pdf,/research/2023/05/34059321/role-cash-transfers-smoothing-income-shock-covid-19-arab-republic-egypt,http://documents.worldbank.org/curated/en/099510005092319513/IDU03a208a5c0b3210421509d7e0dbc1ff0a1f60,2023/05/34059321/IDU03a208a5c0b3210421509d7e0dbc1ff0a1f60,099510005092319513,Off of Sr VP Dev Econ/Chief Econ (DECVP),http://documents.worldbank.org/curated/en/099510005092319513/IDU03a208a5c0b3210421509d7e0dbc1ff0a1f60,"Gansey,Romeo Jacky","Genoni,Maria Eugenia","The Role of Cash Transfers in Smoothing the
            Income Shock of COVID-19 in the Arab Republic of Egypt",34059321,"The COVID-19 pandemic impacted the
            Arab Republic of Egypt’s economy and its people in many
            ways. By combining micro-simulations and imputation
            techniques, this paper models early impacts of the pandemic
            on household income and the role of cash transfers from the
            Government of Egypt in supporting households and workers. As
            expected, and consistent with other evidence, the estimates
            show that the pandemic shock decreased labor incomes and
            increased income poverty in Egypt. It was estimated that in
            fiscal year 2020, average household income per capita
            contracted by about 1.7 percent, and income poverty was
            about 2.2 percentage points higher, compared to a
            non-COVID-19 scenario for the same year, using the
            international poverty line of $3.65 a day (2017 purchasing
            power parity). Labor income losses were widespread across
            the country, disproportionately affecting informal workers.
            The results also suggest that expanded social protection
            cash transfers and targeted cash assistance to Egypt’s
            informal and tourism sectors played a substantial role in
            smoothing the initial labor income shock. In the absence of
            compensatory cash transfers, income poverty would have been
            1.1 percentage points higher. The compensatory measures, in
            particular the cash transfer programs Takaful and Karama,
            preferentially protected rural households due to the
            programs’ targeting rules. Thus, households in urban areas
            were significantly more likely to become income poor,
            compared to those in rural settings.","Helmy,Imane Abdelfattah Ahmed Refaat",,,,,,,
171,34060055,India,Policy Research Working Paper,2023-05-10T00:00:00Z,Publications & Research,Policy Research working paper ; no. WPS 10441,"The Eﬀects of Communal Violence
            on Women’s Marital Outcomes",http://documents.worldbank.org/curated/en/099322405102325038/pdf/IDU0f03c7eed0acfb04a6a09dd1012a5613ef6ac.pdf,/research/2023/05/34060055/eﬀects-communal-violence-women’s-marital-outcomes,http://documents.worldbank.org/curated/en/099322405102325038/IDU0f03c7eed0acfb04a6a09dd1012a5613ef6ac,2023/05/34060055/IDU0f03c7eed0acfb04a6a09dd1012a5613ef6ac,099322405102325038,Off of Sr VP Dev Econ/Chief Econ (DECVP),http://documents.worldbank.org/curated/en/099322405102325038/IDU0f03c7eed0acfb04a6a09dd1012a5613ef6ac,"Ghose,Devaki","Pandey,Divya","The Eﬀects of Communal Violence on Women’s
            Marital Outcomes",34060055,"This study examines the eﬀects of
            communal violence on women’s marital outcomes. Using
            individual-level survey data from India and a
            diﬀerence-in-diﬀerences approach, the study shows that
            women’s age of marriage decreased, and the probability of
            getting married before age 18 increased after the
            Hindu-Muslim riots in Gujarat in 2002. Event study and
            synthetic control methods suggest that these eﬀects are
            prominent two years after the riots and have increased over
            time. Women who married after the riots also had fewer years
            of education and poorer social and economic status, such as
            a lower probability of employment and lower autonomy in
            household decision-making.",,,,,,,,
172,34060066,World,Policy Research Working Paper,2023-05-10T00:00:00Z,Publications & Research,Policy Research working paper ; no. WPS 10442,"Gendered Impacts of Climate
            Change : Evidence from Weather Shocks",http://documents.worldbank.org/curated/en/099342305102324997/pdf/IDU0ba259bd2039ca04fa20b87a0893bb487e014.pdf,/research/2023/05/34060066/gendered-impacts-climate-change-evidence-weather-shocks,http://documents.worldbank.org/curated/en/099342305102324997/IDU0ba259bd2039ca04fa20b87a0893bb487e014,2023/05/34060066/IDU0ba259bd2039ca04fa20b87a0893bb487e014,099342305102324997,Off of Sr VP Dev Econ/Chief Econ (DECVP),http://documents.worldbank.org/curated/en/099342305102324997/IDU0ba259bd2039ca04fa20b87a0893bb487e014,"Fruttero,Anna","Halim,Daniel Zefanya","Gendered Impacts of Climate Change :
            Evidence from Weather Shocks",34060066,"Climate change is one of the defining
            challenges of our time. While the impacts of climate change
            on people’s well-being can hardly be denied, it may not be
            as obvious that the impacts could differ by gender. However,
            as the COVID-19 pandemic has shown, a shock can impact men
            and women differently due to social norms and pre-existing
            gender differences. This paper reviews the economic
            literature linking weather shocks (such as floods, droughts,
            and extreme temperatures, among others) and a large range of
            outcomes (from endowments to economic opportunities and
            agency). Men and women indeed have specific vulnerabilities
            and exposures. Specific physiological vulnerabilities are
            relatively minor: boys are more vulnerable to shocks in
            utero and girls and women to heat. The biggest gendered
            impacts are due to existing gaps and social responses to
            shocks. In places with strong boy preferences, families
            facing scarcity due to disasters are more likely to give
            food and other resources to boys, take their daughters out
            of school or marry them young, or withdraw women from
            agricultural work so they focus on household chores. During
            or after weather shocks, boys can also be taken out of
            schools to be put at work and men working in agriculture are
            often forced to migrate to find alternative sources of
            income. Unless climate policy acknowledges and accounts for
            these differences, climate change will remain an amplifier
            of existing gender inequalities.","Broccolini,Chiara","Dantas Pereira Coelho,Bernardo","Gninafon,Horace Mahugnon Akim","Muller,Noel",,,,
173,34060080,"World,Africa",Policy Research Working Paper,2023-05-10T00:00:00Z,Publications & Research,"Policy Research working paper ; no. WPS
            10443; COVID-19 (Coronavirus)","Are Vaccination Campaigns
            Misinformed ? Experimental Evidence from COVID-19 in Low-
            and Middle-Income Countries",http://documents.worldbank.org/curated/en/099403205102338642/pdf/IDU06fc518af0ff2d0403509add0bd9712833aae.pdf,/research/2023/05/34060080/vaccination-campaigns-misinformed-experimental-evidence-covid-19-low--middle-income-countries,http://documents.worldbank.org/curated/en/099403205102338642/IDU06fc518af0ff2d0403509add0bd9712833aae,2023/05/34060080/IDU06fc518af0ff2d0403509add0bd9712833aae,099403205102338642,,http://documents.worldbank.org/curated/en/099403205102338642/IDU06fc518af0ff2d0403509add0bd9712833aae,"Markhof,Yannick Valentin","Wollburg,Philip Randolph","Are Vaccination Campaigns Misinformed ?
            Experimental Evidence from COVID-19 in Low- and
            Middle-Income Countries",34060080,"Routine immunization coverage
            estimated in surveys often substantially differs from
            figures reported in administrative records, presenting a
            dilemma for researchers and policy makers. Using
            high-frequency phone surveys and administrative records from
            government sources in 36 low- and middle-income countries,
            this paper shows that such misalignment has also been common
            in the case of COVID-19. Across the sample, survey estimates
            exceed administrative figures by 47 percent on average, at
            times suggesting markedly different policy conclusions
            depending on the data source consulted. This pattern is
            particularly stark and consistent in Sub-Saharan Africa. To
            investigate the sources of this discrepancy, the paper
            presents results from six methodological experiments that
            vary survey design choices and documents their effect on
            estimated COVID-19 vaccine coverage. The results show that
            design choices matter, in particular the selection of
            respondents to be interviewed. However, phone survey
            estimates prove remarkably robust to several commonly
            claimed biases. After accounting for observed errors of
            representation and measurement in the survey data, there
            remains a nonnegligible, unexplained residual gap with
            administrative records. The paper provides indicative
            evidence of flaws and weaknesses in administrative data
            recording and reporting that affect reported vaccination
            rates and could contribute to this gap. The findings matter
            for past research on COVID-19 vaccination, future
            immunization efforts, and the design of robust data
            production systems on health topics.","Zezza,Alberto",,,,,,,
174,34063440,Bulgaria,Policy Research Working Paper,2023-05-16T00:00:00Z,Publications & Research,Policy Research working paper ; no. WPS 10444,"Corruption Risks and State
            Capture in Bulgarian Public Procurement",http://documents.worldbank.org/curated/en/099530505162311812/pdf/IDU0989a1bd309d10049f30b94f0f454670df491.pdf,/research/2023/05/34063440/corruption-risks-state-capture-bulgarian-public-procurement,http://documents.worldbank.org/curated/en/099530505162311812/IDU0989a1bd309d10049f30b94f0f454670df491,2023/05/34063440/IDU0989a1bd309d10049f30b94f0f454670df491,099530505162311812,Off of Sr VP Dev Econ/Chief Econ (DECVP),http://documents.worldbank.org/curated/en/099530505162311812/IDU0989a1bd309d10049f30b94f0f454670df491,"Fazekas,Mihaly","Poltoratskaia,Viktoriia","Corruption Risks and State Capture in
            Bulgarian Public Procurement",34063440,"This paper sets out to measure and
            analyze corruption risks, patterns of favoritism, and state
            capture in public procurement in Bulgaria. It draws on two
            main types of data: large-scale administrative data on
            public procurement and the list of politically exposed
            persons. The analysis rests on calculating individual
            corruption risk indicators (or red flags), such as single
            bidding in competitive markets, and creating a composite
            Corruption Risk Index based on these indicators. It maps the
            distribution of these red flags over time, across different
            regions and markets. The analysis finds that Bulgaria shows
            high corruption risk among other examined countries in the
            European Union, with weak institutions contributing to slow
            gross domestic product per capita convergence to Western
            European countries. The results point out that corruption
            risks have deteriorated over time. Combining suppliers’
            political connections information with public procurement
            corruption risk data shows that connections are associated
            with higher risks, in particular connections to local
            government members and state-owned enterprises. The
            large-scale analysis of buyer-supplier contracting networks
            points at state capture patterns where groups of buyers and
            suppliers repeatedly connect in high corruption risk
            procurement contracts. Such groups have gained more power
            and control over a larger share of contracts since 2016.
            Finally, policy recommendations are provided in three areas:
            enhancing data scope and quality, introducing a data-driven
            approach to corruption risk assessment, and improving public
            procurement policy and practices to reduce noncompetitive tenders.","Tóth,Bence",,,,,,,
175,34063450,World,Policy Research Working Paper,2023-05-16T00:00:00Z,Publications & Research,Policy Research working paper ; no. WPS 10445,"Measuring Global Economic
            Activity Using Air Pollution",http://documents.worldbank.org/curated/en/099546505162383426/pdf/IDU03a2cb8d308c9604c570a94c0696b3844d56a.pdf,/research/2023/05/34063450/measuring-global-economic-activity-using-air-pollution,http://documents.worldbank.org/curated/en/099546505162383426/IDU03a2cb8d308c9604c570a94c0696b3844d56a,2023/05/34063450/IDU03a2cb8d308c9604c570a94c0696b3844d56a,099546505162383426,,http://documents.worldbank.org/curated/en/099546505162383426/IDU03a2cb8d308c9604c570a94c0696b3844d56a,"Ezran,Irene Anne Sophie","Morris,Stephen David",Measuring Global Economic Activity Using Air Pollution,34063450,"This paper uses satellite readings of
            nitrogen (NO2) air pollution, a byproduct of combustion, to
            improve the measurement of global economic activity. The
            proposed approach improves upon night light measures for
            countries where data manipulation, conflict, or other
            factors have led to poor national accounts. The paper also
            shows that existing country rankings of gross domestic
            product accuracy over the past 15 years are unreliable, even
            among advanced economies. For example, the paper shows that
            during COVID, in France, the UK and Spain gross domestic
            product in 2020 was underreported by 76, 181, and 205 basis
            points respectively. The methodological contribution extends
            previous Error-Measurement frameworks which, suffer from
            error-in-variables biases, with an objective, data-driven
            identification strategy exploiting the plausibly orthogonal
            measurement errors between nitrogen dioxide and night
            lights, which are measured at different times.","Rama,Martin G.","Riera-Crichton,Daniel",,,,,,
176,34063503,Ghana,Policy Research Working Paper,2023-05-16T00:00:00Z,Publications & Research,Policy Research working paper ; no. WPS 10446,"Sectoral Productivity Shock,
            Regional Differences in Intersectoral Linkages, and
            Structural Transformation in Ghana",http://documents.worldbank.org/curated/en/099705105162321202/pdf/IDU03a2c0a2306003046640bd0507698741d2d9c.pdf,/research/2023/05/34063503/sectoral-productivity-shock-regional-differences-intersectoral-linkages-structural-transformation-ghana,http://documents.worldbank.org/curated/en/099705105162321202/IDU03a2c0a2306003046640bd0507698741d2d9c,2023/05/34063503/IDU03a2c0a2306003046640bd0507698741d2d9c,099705105162321202,Off of Sr VP Dev Econ/Chief Econ (DECVP),http://documents.worldbank.org/curated/en/099705105162321202/IDU03a2c0a2306003046640bd0507698741d2d9c,"Paul,Saumik","Raju,Dhushyanth","Sectoral Productivity Shock, Regional
            Differences in Intersectoral Linkages, and Structural
            Transformation in Ghana",34063503,"This paper studies the effect of a
            local sectoral productivity shock on subnational structural
            transformation. The analysis is based on regional
            input-output tables constructed for 2004 and 2013 and
            available censuses of firms in 2003 and 2013 for Ghana.
            Based on the data, the analysis confirms the occurrence of a
            mining productivity shock. Between 2004 and 2013, mining
            grew dramatically as a share of gross domestic product. The
            mining shock occurred primarily in the south of Ghana with
            much larger increases in mining’s share in regional output,
            the number of mining firms, and mining employment than in
            the north of the country. The findings show that the mining
            productivity shock led to growing regional (north-south)
            differences in intersectoral linkages, with greater
            intermediate use of mining output and a larger sectoral
            total factor productivity ratio between mining and
            manufacturing in the south than in the north. Informed by
            international evidence of strong intersectoral linkages
            between mining and heavy manufacturing industries, the paper
            examines the performance of heavy manufacturing in response
            to the mining productivity shock. The elasticity of heavy
            manufacturing to mining employment growth is 50 percent
            larger in the south than in the north, generated by an
            increase in both average firm employment and the entry of
            new firms. These north-south differences are interpreted as
            possibly due to weak interregional production linkages.",,,,,,,,
177,34063509,Latin America,Policy Research Working Paper,2023-05-16T00:00:00Z,Publications & Research,"Policy Research working paper ; no. WPS
            10447; COVID-19 (Coronavirus)","A Methodology for Updating
            International Middle-Class Lines for the Latin American and
            Caribbean Region",http://documents.worldbank.org/curated/en/099727305162311612/pdf/IDU04368d6810dbd50416a099d90d1cba9d5db21.pdf,/research/2023/05/34063509/methodology-updating-international-middle-class-lines-latin-american-caribbean-region,http://documents.worldbank.org/curated/en/099727305162311612/IDU04368d6810dbd50416a099d90d1cba9d5db21,2023/05/34063509/IDU04368d6810dbd50416a099d90d1cba9d5db21,099727305162311612,Off of Sr VP Dev Econ/Chief Econ (DECVP),http://documents.worldbank.org/curated/en/099727305162311612/IDU04368d6810dbd50416a099d90d1cba9d5db21,"Fernandez Romero,Jaime Estuardo","Olivieri,Sergio Daniel","A Methodology for Updating International
            Middle-Class Lines for the Latin American and Caribbean Region",34063509,"The middle class in Latin America and
            the Caribbean has been a central focus of policy debates in
            the region since the COVID-19 pandemic began. To identify
            and track vulnerable and middle-class populations
            accurately, it is necessary to update the upper and lower
            bounds for the middle class using 2017 purchasing power
            parity exchange rates. This paper contributes with a
            two-step methodology for updating these thresholds. The
            method indicates that updating the $13 lower-bound line in
            2011 purchasing power parity dollars to 2017 purchasing
            power parity dollars results in a vulnerability line of $14.
            The study also finds an upper bound of $81 per person per
            day in 2017 purchasing power parity, compared with $70 in
            2011 purchasing power parity. These thresholds are robust to
            a variety of assumptions and methodologies. The results of
            this study indicate that the proportion of the population in
            Latin America and the Caribbean classified as middle class
            increased from 36.3 percent in 2011 to 37.2 percent in 2017.
            However, there were no significant changes in the
            characteristics of this group.","Sanchez Castro,Diana Marcela",,,,,,,
178,34064701,"Brazil,Latin America",Policy Research Working Paper,2023-05-18T00:00:00Z,Publications & Research,Policy Research working paper ; no. WPS 10448,"Adjusting to Transitory Shocks :
            Worker Impact, Firm Channels, and (Lack of) Income Support",http://documents.worldbank.org/curated/en/099411405182317297/pdf/IDU09fa524a4061e304d1f08e580c6f8bd05da89.pdf,/research/2023/05/34064701/adjusting-transitory-shocks-worker-impact-firm-channels-lack-income-support,http://documents.worldbank.org/curated/en/099411405182317297/IDU09fa524a4061e304d1f08e580c6f8bd05da89,2023/05/34064701/IDU09fa524a4061e304d1f08e580c6f8bd05da89,099411405182317297,Off of Sr VP Dev Econ/Chief Econ (DECVP),http://documents.worldbank.org/curated/en/099411405182317297/IDU09fa524a4061e304d1f08e580c6f8bd05da89,"Fernandes,Ana Margarida","Silva,Joana C. G.","Adjusting to Transitory Shocks : Worker
            Impact, Firm Channels, and (Lack of) Income Support",34064701,"This paper estimates worker and firm
            impacts of foreign shocks, and the income support provided
            by assistance programs. It exploits quasi-experimental
            variation in firms’ foreign demand resulting from the global
            financial crisis, using employer-employee data for Brazil in
            2004-2017, linked with firm customs and financial data, and
            administrative data covering the universe of cash transfer,
            unemployment insurance, and training beneficiaries. Negative
            employment effects take over a decade to dissipate fully,
            wage effects persist, and firm restructuring involves
            occupational adjustment, increasing permanently skilled
            workers while reducing unskilled workers. Brazilian workers
            suffer smaller employment losses in highly informal
            locations and concentrated sectors. Underlying labor
            scarring is firm scarring caused by selection (exit) and
            (revenue, employment and productivity) downsizing.
            Unemployment insurance and cash transfers yield limited wage
            loss replacement (6 percent). Training does not increase.
            The evidence shows that a temporary shock induces persistent
            effects: firm restructuring scars incumbent workers and
            increases long-run inequality. Firm scarring may be even
            more severe in less flexible labor markets. Using data from
            Ecuador, analysis finds that firms do not adjust workforce
            composition, but they permanently reduce capital which
            increases scarring.",,,,,,,,
179,34064703,"World,Ukraine",Policy Research Working Paper,2023-05-18T00:00:00Z,Publications & Research,Policy Research working paper ; no. WPS 10449,"Weighting Justice Reform Costs
            and Benefits Using Machine Learning and Modern Data Science",http://documents.worldbank.org/curated/en/099440005182319271/pdf/IDU045e8fb0a02d11043670892b07982da772324.pdf,/research/2023/05/34064703/weighting-justice-reform-costs-benefits-using-machine-learning-modern-data-science,http://documents.worldbank.org/curated/en/099440005182319271/IDU045e8fb0a02d11043670892b07982da772324,2023/05/34064703/IDU045e8fb0a02d11043670892b07982da772324,099440005182319271,,http://documents.worldbank.org/curated/en/099440005182319271/IDU045e8fb0a02d11043670892b07982da772324,"Mahony,Christopher Brian","Manning,Matthew","Weighting Justice Reform Costs and Benefits
            Using Machine Learning and Modern Data Science",34064703,"Can the impact of justice processes
            be enhanced with the inclusion of a heterogeneous component
            into an existing cost-benefit analysis app that demonstrates
            how benefactors and beneficiaries are affected Such a
            component requires (i) moving beyond the traditional
            cost-benefit conceptual framework of utilizing averages,
            (ii) identification of social group or population-specific
            variation, (iii) identification of how justice processes
            differ across groups/populations, (iv) distribution of costs
            and benefits according to the identified variations, and (v)
            utilization of empirically informed statistical techniques
            to gain new insights from data and maximize the impact for
            beneficiaries. This paper outlines a method for capturing
            heterogeneity. The paper tests the method and the
            cost-benefit analysis online app that was developed using
            primary data collected from a developmental crime prevention
            intervention in Australia. The paper identifies how
            subgroups in the intervention display different behavioral
            adjustments across the reference period, revealing the
            heterogeneous distribution of costs and benefits. Finally,
            the paper discusses the next version of the cost-benefit
            analysis app, which incorporates an artificial
            intelligence-driven component that reintegrates individual
            cost-benefit analysis projects using machine learning and
            other modern data science techniques. The paper argues that
            the app enhances cost-benefit analysis, development
            outcomes, and policy making efficiency for optimal
            prioritization of criminal justice resources. Further, the
            app advances the policy accessibility of enhanced, social
            group-specific data, illuminating optimal policy orientation
            for more inclusive, just, and resilient societal outcomes—an
            approach with potential across broader public policy.","Wong,Gabriel",,,,,,,
180,34066431,Pakistan,Policy Research Working Paper,2023-05-22T00:00:00Z,Publications & Research,Policy Research working paper ; no. WPS 10450,"Towards a More Nuanced Approach
            to Measuring Housing Affordability : Evidence from Pakistan",http://documents.worldbank.org/curated/en/099752305222329176/pdf/IDU0b84da3cc0e83b046d5097890a3a1fdba8845.pdf,/research/2023/05/34066431/towards-more-nuanced-approach-measuring-housing-affordability-evidence-pakistan,http://documents.worldbank.org/curated/en/099752305222329176/IDU0b84da3cc0e83b046d5097890a3a1fdba8845,2023/05/34066431/IDU0b84da3cc0e83b046d5097890a3a1fdba8845,099752305222329176,Off of Sr VP Dev Econ/Chief Econ (DECVP),http://documents.worldbank.org/curated/en/099752305222329176/IDU0b84da3cc0e83b046d5097890a3a1fdba8845,"Lynch,Catherine","Singh,Ashna","Towards a More Nuanced Approach to Measuring
            Housing Affordability : Evidence from Pakistan",34066431,"The inability to afford a decent
            shelter has a detrimental effect on people’s lives, their
            well-being and productivity, and the broader economy. Given
            the pervasiveness of the problem on a global scale, housing
            affordability is increasingly taking center stage in public
            discourse. Yet, there is little agreement on the definition
            of housing affordability and how to measure it. This paper
            draws on academic literature and lessons from government
            housing programs to evaluate how accurately conventional
            measures differentiate affordability levels by income
            segment, household composition, and tenure. With the
            objective of more accurately measuring the affordability of
            housing at the household and aggregate levels, the paper
            recommends testing (i) a progressive housing
            Expenditure-to-Income ratio, calibrated by income segment,
            and (ii) a modified Residual Income Method that uses
            household expenditure instead of income as well as a
            simplified budget standard for non-housing expenses.
            Application of the latter methodology in urban Pakistan
            highlights a significant underestimation of housing
            unaffordability using conventional approaches, especially
            for the lowest income groups. Moreover, the case study
            indicates that conventional approaches to the measurement of
            affordability may not adequately reveal the differences in
            affordability across income segments and household compositions.","Zhang,Yan F.",,,,,,,
181,34067039,World,Policy Research Working Paper,2023-05-23T00:00:00Z,Publications & Research,Policy Research working paper ; no. WPS 10451,"Measuring Globalization When It
            Is Needed the Most : A Long-Run Analysis",http://documents.worldbank.org/curated/en/099439005232322865/pdf/IDU02339027309ee804c64081b400624f4f01534.pdf,/research/2023/05/34067039/measuring-globalization-needed-most-long-run-analysis,http://documents.worldbank.org/curated/en/099439005232322865/IDU02339027309ee804c64081b400624f4f01534,2023/05/34067039/IDU02339027309ee804c64081b400624f4f01534,099439005232322865,Off of Sr VP Dev Econ/Chief Econ (DECVP),http://documents.worldbank.org/curated/en/099439005232322865/IDU02339027309ee804c64081b400624f4f01534,"Franco Bedoya,Sebastian",,"Measuring Globalization When It Is Needed
            the Most : A Long-Run Analysis",34067039,"This paper studies globalization
            dynamics over 1965–2021. Based on the definition that refers
            to globalization as an extension beyond national borders of
            the same market forces that operate at all levels of
            economic activity, the paper is able to determine where the
            world economy stands compared to the 1960s. The results show
            that the world economy has not entered an era of
            deglobalization and that China’s role as one of the
            globalization leaders started in the mid-1980s. Also,
            contrary to what the tradeto- GDP ratio suggests, it is
            shown that China has outperformed the world economy since
            then. This paper builds on recent contributions in the
            structural gravity literature and adopts a long-run
            perspective to offer an analytical toolkit for the current
            debate around globalization dynamics. The methodology and
            empirical results provide deep insights across countries and
            sectors, showing that country-specific events are
            intuitively captured and illustrating how to disentangle the
            role of factors like trade agreements.",,,,,,,,
182,34067043,Ethiopia,Policy Research Working Paper,2023-05-23T00:00:00Z,Publications & Research,"Policy Research working paper ; no. WPS
            10452; LSMS",Children and the Fiscal Space in Ethiopia,http://documents.worldbank.org/curated/en/099501005232331563/pdf/IDU030db07260e05304dee08381023513823596f.pdf,/research/2023/05/34067043/children-fiscal-space-ethiopia,http://documents.worldbank.org/curated/en/099501005232331563/IDU030db07260e05304dee08381023513823596f,2023/05/34067043/IDU030db07260e05304dee08381023513823596f,099501005232331563,,http://documents.worldbank.org/curated/en/099501005232331563/IDU030db07260e05304dee08381023513823596f,"Ambel,Alemayehu A.","Belete,Getachew Yirga",Children and the Fiscal Space in Ethiopia,34067043,"This study investigates the effects
            of public transfers and taxes on the wellbeing of children
            in Ethiopia. It applies the Commitment to Equity for
            Children methodology to examine the burdens of taxation and
            the benefits from government transfers and spending, and
            their differential wellbeing impacts on children. The study
            integrates data from the 2018/19 Ethiopia Socioeconomic
            Survey, which also collected data on taxes and transfers,
            with administrative data. Measuring its distribution by
            child monetary and multidimensional wellbeing, the study
            finds, on average, a progressive, poverty-reducing and
            equalizing fiscal system. However, there are important
            differences in the distribution of some of its elements.
            Indirect taxes, comprising of value-added and excise taxes,
            are regressive. Similarly, primary education spending, the
            largest of in-kind transfers, is only progressive in urban
            areas. On poverty and inequality, the fiscal system reduced
            the monetary child poverty headcount by 21 percent and the
            poverty gap by 33 percent. The effect is stronger for girls
            and children in rural areas than for boys and children in
            urban areas, therefore reducing inequalities in poverty
            rates. However, this is only the case when in-kind transfers
            for education and health are considered. Without the
            inclusion of in-kind transfers, the study finds that the
            fiscal system is not well calibrated to reduce poverty. This
            highlights the essential role of public services, not only
            in delivering fundamental child rights, but also in reducing
            poverty among children.","Fiala,Oliver",,,,,,,
183,34067050,World,Policy Research Working Paper,2023-05-23T00:00:00Z,Publications & Research,Policy Research working paper ; no. WPS 10453,"Droughts and Deficits: The Global
            Impact of Droughts on Economic Growth",http://documents.worldbank.org/curated/en/099520405232341146/pdf/IDU0632cb14400e73047a8085e00ed605cb82b53.pdf,/research/2023/05/34067050/droughts-deficits-global-impact-droughts-economic-growth,http://documents.worldbank.org/curated/en/099520405232341146/IDU0632cb14400e73047a8085e00ed605cb82b53,2023/05/34067050/IDU0632cb14400e73047a8085e00ed605cb82b53,099520405232341146,Off of Sr VP Dev Econ/Chief Econ (DECVP),http://documents.worldbank.org/curated/en/099520405232341146/IDU0632cb14400e73047a8085e00ed605cb82b53,"Zaveri,Esha Dilip","Damania,Richard","Droughts and Deficits: The Global Impact of
            Droughts on Economic Growth",34067050,"As climate change intensifies, dry
            rainfall shocks and droughts are a growing concern. At the
            same time, scientific evidence suggests that the world has
            surpassed the safe planetary boundary for green water, which
            is water stored in biomass and soil that is crucial for
            maintaining climate resilience. Yet, evidence at the global
            scale of these combined forces on economic growth is poorly
            understood. This paper attempts to fill this gap by using
            data on annual subnational gross domestic product for 82
            countries from 1990–2014. Using rainfall shocks as plausibly
            exogenous variations in a spatially specific panel at the
            grid level, the analysis finds that the global effects of
            droughts on economic activity are substantial. Moderate to
            extreme droughts reduce gross domestic product per capita
            growth between 0.39 and 0.85 percentage point, on average,
            depending on the level of development and baseline climatic
            conditions, with low- and middle-income countries in arid
            areas sustaining the highest relative losses. In high-income
            countries, moderate droughts have no impact, and only
            extreme droughts have adverse effects, reducing growth by
            about 0.3 percentage point, a little less than half the
            impact felt in the low- and middle-income country sample for
            the same intensity of drought. Crucially, the impact of a
            dry shock of a given magnitude also depends on antecedent
            green water availability. The results show that increases in
            soil moisture in previous years can neutralize the harmful
            impacts from a dry shock, with suggestive evidence that
            local and upstream forest cover are key channels through
            which these impacts manifest. These findings have important
            implications for measuring the economic impact of droughts
            and can inform adaptation investments.","Engle,Nathan Lee",,,,,,,
184,34067620,"Brazil,World",Policy Research Working Paper,2023-05-25T00:00:00Z,Publications & Research,Policy Research working paper ; no. WPS 10454,"Exporting and Technology Adoption
            in Brazil",http://documents.worldbank.org/curated/en/099747305242332491/pdf/IDU08a49040c05cf804b0e0b49c05491ff9582d8.pdf,/research/2023/05/34067620/exporting-technology-adoption-brazil,http://documents.worldbank.org/curated/en/099747305242332491/IDU08a49040c05cf804b0e0b49c05491ff9582d8,2023/05/34067620/IDU08a49040c05cf804b0e0b49c05491ff9582d8,099747305242332491,,http://documents.worldbank.org/curated/en/099747305242332491/IDU08a49040c05cf804b0e0b49c05491ff9582d8,"Cirera,Xavier","Comin,Diego Adolfo",Exporting and Technology Adoption in Brazil,34067620,"There is limited evidence on the role
            of participating in international trade in the diffusion of
            technologies. This paper analyzes the impact of exporting on
            firms’ adoption of more sophisticated technologies, using a
            novel dataset, the Firm-level Adoption of Technology survey,
            which includes more than 1,500 firms in Brazil. The survey
            provides detailed information on the use of more than 300
            technologies, combined with data from Brazil’s census of
            formal workers and export data from the Ministry of Trade.
            To address critical endogeneity concerns, the analysis
            applies difference-in-differences with multiple periods to
            examine the effects of entering export markets on technology
            adoption. The findings show that exporting has a positive
            effect on firms’ likelihood of adopting advanced
            technologies in business functions related to business
            administration, production planning, supply chain
            management, and quality control, which are important for
            managing tasks associated with export activities.","Vargas Da Cruz,Marcio Jose","Lee,Kyungmin","Soares Martins Neto,Antonio",,,,,
185,34067627,World,Policy Research Working Paper,2023-05-24T00:00:00Z,Publications & Research,"Policy Research working paper ; no. WPS
            10456; LSMS","Using Paradata to Assess
            Respondent Burden and Interviewer Effects in Household
            Surveys : Evidence from Low- and Middle-Income Countries",http://documents.worldbank.org/curated/en/099824005242320076/pdf/IDU0910ce2cc031db048f2098490a3eac266bd76.pdf,/research/2023/05/34067627/using-paradata-assess-respondent-burden-interviewer-effects-household-surveys-evidence-low--middle-income-countries,http://documents.worldbank.org/curated/en/099824005242320076/IDU0910ce2cc031db048f2098490a3eac266bd76,2023/05/34067627/IDU0910ce2cc031db048f2098490a3eac266bd76,099824005242320076,Off of Sr VP Dev Econ/Chief Econ (DECVP),http://documents.worldbank.org/curated/en/099824005242320076/IDU0910ce2cc031db048f2098490a3eac266bd76,"Hasanbasri,Ardina Roosiany","Kilic,Talip","Using Paradata to Assess Respondent Burden
            and Interviewer Effects in Household Surveys : Evidence from
            Low- and Middle-Income Countries",34067627,"Over the past decade, national
            statistical offices in low- and middle-income countries have
            increasingly transitioned to computer-assisted personal
            interviewing and computer-assisted telephone interviewing
            for the implementation of household surveys. The byproducts
            of these types of data collection are survey paradata, which
            can unlock objective, module- and question-specific,
            actionable insights on respondent burden, survey costs, and
            interviewer effects. This study does precisely that, using
            paradata generated by the Survey Solutions computer-assisted
            personal interviewing platform in recent national household
            surveys implemented by the national statistical offices in
            Cambodia, Ethiopia, and Tanzania. Across countries, the
            average household interview, based on a socioeconomic
            household questionnaire, ranges from 82 to 120 minutes,
            while the average interview with an adult household member,
            based on a multi-topic individual questionnaire, takes
            between 13 to 25 minutes. Using a multilevel model that is
            estimated for each household and individual questionnaire
            module, the paper shows that interviewer effects on module
            duration are significantly larger than the estimates from
            high-income contexts. Food consumption, household roster,
            and non-farm enterprises consistently emerge among the top
            five household questionnaire modules in terms of total
            variance in duration, with 5 to 50 percent of the
            variability being attributable to interviewers. Similarly,
            labor, health, and land ownership appear among the top five
            individual questionnaire modules in terms of total variance
            in duration, with 6 to 50 percent of the variability being
            attributable to interviewers. These findings, particularly
            by module, point to where additional interviewer training,
            fieldwork supervision, and data quality monitoring may be
            needed in future surveys.","Koolwal,Gayatri B.","Moylan,Heather G.",,,,,,
186,34067628,Middle East and North Africa,Policy Research Working Paper,2023-05-24T00:00:00Z,Publications & Research,Policy Research working paper ; no. WPS 10455,"An Empirical Analysis of the
            Social Contract in the Middle East and North Africa : Region
            and the Role of Digitalization in Its Transformation",http://documents.worldbank.org/curated/en/099810505242324163/pdf/IDU0aca77f6f0ff850411208fb10e1135391c4c7.pdf,/research/2023/05/34067628/empirical-analysis-social-contract-middle-east-north-africa-region-role-digitalization-transformation,http://documents.worldbank.org/curated/en/099810505242324163/IDU0aca77f6f0ff850411208fb10e1135391c4c7,2023/05/34067628/IDU0aca77f6f0ff850411208fb10e1135391c4c7,099810505242324163,,http://documents.worldbank.org/curated/en/099810505242324163/IDU0aca77f6f0ff850411208fb10e1135391c4c7,"Gasmi,Farid","Kouakou,Dorgyles Christ Maurel","An Empirical Analysis of the Social Contract
            in the Middle East and North Africa : Region and the Role of
            Digitalization in Its Transformation",34067628,"This paper presents an empirical
            application and analysis of the social contract in countries
            in the Middle East and North Africa. The paper suggests a
            simple operational model that synthesizes a social
            contract’s three main characteristics: participation,
            protection, and provision, between a government and its
            citizens. This empirical “3-P” framework allows
            investigating the role that government provision and
            protection may have on citizen participation, which is
            particularly pertinent given the political and economic
            development of countries in the Middle East and North
            Africa. The paper compares the evaluation of the health of
            the social contract in countries in the Middle East and
            North Africa region to that of countries in the Organisation
            for Economic Co-operation and Development. The empirical
            evidence shows that the social benefits provided to citizens
            through improved delivery of basic services have come at the
            cost of impaired political participation. This feature of
            the social contract in the Middle East and North Africa may
            be considered one of the root causes of the social turmoil
            some countries have been struggling with in recent decades.
            Digital transformation is a potentially powerful channel
            through which the relationship between government and
            citizens can improve, and the paper finds that it has a
            three-year lagged positive effect on the quality of the
            social contract in the Middle East and North Africa and the
            effect is inversely U-shaped. This suggests that structural
            and institutional improvements are needed in countries in
            the Middle East and North Africa for the quality of their
            social contract to reach levels comparable to those of
            countries in the Organisation for Economic Co-operation and Development.","Noumba Um,Paul","Milla,Pedro Rojas",,,,,,
187,34071750,Mauritania,Policy Research Working Paper,2023-05-30T00:00:00Z,Publications & Research,Policy Research working paper ; no. WPS 10457,"Struggling with the Rain :
            Weather Variability and Food Insecurity Forecasting in Mauritania",http://documents.worldbank.org/curated/en/099329405302313976/pdf/IDU1ac3abf051edcb143c619a241dc4aec8e2cd6.pdf,/research/2023/05/34071750/struggling-rain-weather-variability-food-insecurity-forecasting-mauritania,http://documents.worldbank.org/curated/en/099329405302313976/IDU1ac3abf051edcb143c619a241dc4aec8e2cd6,2023/05/34071750/IDU1ac3abf051edcb143c619a241dc4aec8e2cd6,099329405302313976,Off of Sr VP Dev Econ/Chief Econ (DECVP),http://documents.worldbank.org/curated/en/099329405302313976/IDU1ac3abf051edcb143c619a241dc4aec8e2cd6,"Blanchard,Paul Baptiste","Ishizawa Escudero,Oscar Anil","Struggling with the Rain : Weather
            Variability and Food Insecurity Forecasting in Mauritania",34071750,"Weather-related shocks and climate
            variability contribute to hampering progress toward poverty
            reduction in Sub-Saharan Africa. Droughts have a direct
            impact on weather-dependent livelihood means and the
            potential to affect key dimensions of households’ welfare,
            including food consumption. Yet, the ability to forecast
            food insecurity for intervention planning remains limited
            and current approaches mainly rely on qualitative methods.
            This paper incorporates microeconomic estimates of the
            effect of the rainy season quality on food consumption into
            a catastrophe risk modeling approach to develop a novel
            framework for early forecasting of food insecurity at
            sub-national levels. The model relies on three usual
            components of catastrophe risk models that are adapted for
            estimation of the impact of rainy season quality on food
            insecurity: natural hazards, households’ vulnerability and
            exposure. The paper applies this framework in the context of
            rural Mauritania and optimizes the model calibration with a
            machine learning procedure. The model can produce fairly
            accurate lean season food insecurity predictions very early
            on in the agricultural season (October-November), that is
            six to eight months ahead of the lean season. Comparisons of
            model predictions with survey-based estimates yield a mean
            absolute error of 1.2 percentage points at the national
            level and a high degree of correlation at the regional level (0.84).","Humbert,Thibaut","Van Der Borght,Rafael",,,,,,
188,34071803,"World,Central Asia",Policy Research Working Paper,2023-05-30T00:00:00Z,Publications & Research,Policy Research working paper ; no. WPS 10458,Bank Ownership and Firm Innovation,http://documents.worldbank.org/curated/en/099515205302312976/pdf/IDU0c85603c00c3460462a0b26c056b6774ddfca.pdf,/research/2023/05/34071803/bank-ownership-firm-innovation,http://documents.worldbank.org/curated/en/099515205302312976/IDU0c85603c00c3460462a0b26c056b6774ddfca,2023/05/34071803/IDU0c85603c00c3460462a0b26c056b6774ddfca,099515205302312976,,http://documents.worldbank.org/curated/en/099515205302312976/IDU0c85603c00c3460462a0b26c056b6774ddfca,"De Nicola,Francesca","Melecky,Martin",Bank Ownership and Firm Innovation,34071803,"This paper studies the effect of bank
            ownership on product innovation by borrowing firms,
            highlighting the role of the state, foreign, and combined
            foreign-state bank ownership. It uses Enterprise Survey data
            for more than 22,000 firms in 49 countries from 2016 to
            2020, linked to Fitchconnect data on banks: their ownership,
            soundness indicators, and legal origins. The paper confirms
            that a firm's access to bank credit is associated with
            a greater probability of product innovation, even when
            adjusting for possible reverse causality. If the credit is
            provided by a state-owned bank, the probability that the
            borrowing firm will innovate increases. The analysis does
            not find a similarly positive effect for foreign bank
            ownership. But when considering the combined effect of
            foreign state ownership, the results are most statistically
            and economically significant. Although the results may not
            be extendable to research and development spending (a key
            input to innovation), the findings show that foreign state
            banks can serve as an additional financing vehicle to
            stimulate radical innovation alongside equity financiers.","Iootty De Paiva Dias,Mariana",,,,,,,
189,34071860,World,Policy Research Working Paper,2023-05-30T00:00:00Z,Publications & Research,Policy Research working paper ; no. WPS 10459,"The Power of Religion: Islamic
            Investing in the Lab",http://documents.worldbank.org/curated/en/099707105302333314/pdf/IDU055aec07c0979e042f40829e00b30a3b38ef8.pdf,/research/2023/05/34071860/power-religion-islamic-investing-lab,http://documents.worldbank.org/curated/en/099707105302333314/IDU055aec07c0979e042f40829e00b30a3b38ef8,2023/05/34071860/IDU055aec07c0979e042f40829e00b30a3b38ef8,099707105302333314,,http://documents.worldbank.org/curated/en/099707105302333314/IDU055aec07c0979e042f40829e00b30a3b38ef8,"Banuri,Sheheryar","Murgia,Lucia Milena","The Power of Religion: Islamic Investing in
            the Lab",34071860,"Faith-based mutual funds have
            recently become a growing corner of the mutual fund
            industry. Morality and ethics are thought to exert an
            influence on investors’ decisions in this segment, although
            their role in driving such investments is not clear as these
            funds are also attractive due to their distinct risk-return
            profile. If nonpecuniary motives are predominant, investors
            in such funds may be less sensitive to financial
            performance, resulting in different patterns of fund flows
            relative to conventional funds. This paper fills the gap in
            the literature, by providing an express linkage between
            religious preferences and investment in an Islamic fund.
            Using an incentivized lab experiment, the analysis compares
            the extent to which investors with religious preferences are
            likely to accept inferior financial performance to pursue
            investments aligned with their religious preferences. The
            findings show that investment in an Islamic fund is driven
            by religious preferences and religiosity is strongly tied to
            investor loyalty in the Islamic fund, with investors more
            willing to accept reductions in returns and increases in
            risk. The analysis fails to find that social preferences
            play a similar role in socially responsible funds. When
            pitted directly against each other, investors prefer
            religious investments over socially responsible investments,
            suggesting that they do not view the two as substitutes.","Ul Haq,Imtiaz",,,,,,,
190,34071862,World,Policy Research Working Paper,2023-05-30T00:00:00Z,Publications & Research,Policy Research working paper ; no. WPS 10460,"Measuring Tax Progressivity in
            Low-Income Countries",http://documents.worldbank.org/curated/en/099726205302311330/pdf/IDU0e90c180f02d440491b0964408160c39c8678.pdf,/research/2023/05/34071862/measuring-tax-progressivity-low-income-countries,http://documents.worldbank.org/curated/en/099726205302311330/IDU0e90c180f02d440491b0964408160c39c8678,2023/05/34071862/IDU0e90c180f02d440491b0964408160c39c8678,099726205302311330,Off of Sr VP Dev Econ/Chief Econ (DECVP),http://documents.worldbank.org/curated/en/099726205302311330/IDU0e90c180f02d440491b0964408160c39c8678,"Thomas,Alastair Geoffrey Arthur",,Measuring Tax Progressivity in Low-Income Countries,34071862,"In addition to raising revenue, tax
            systems have a key role to play in achieving countries’
            equity goals. An important first step in assessing whether a
            particular tax system is appropriately supporting those
            equity goals is to assess the degree of progressivity of the
            tax system. However, measuring the progressivity of a tax
            system is challenging for several reasons. Most
            significantly, data limitations have a large impact on what
            taxes can be examined, what measurement approaches can be
            adopted to examine those taxes, and how reliable those
            approaches are likely to be. This is particularly important
            for low-income countries where data limitations are
            typically most significant. Furthermore, there is no single
            definition of progressivity, or single method for measuring
            the degree of progressivity of a tax—thereby necessitating a
            range of decisions and value judgements to be made in any
            analysis. This paper examines and assesses the potential
            approaches that may be adopted to measure the progressivity
            of tax systems, and proposes a set of metrics to assess tax
            progressivity in low-income International Development
            Association (IDA) countries.",,,,,,,,
191,34071867,"Albania,Moldova,North Macedonia",Policy Research Working Paper,2023-05-30T00:00:00Z,Publications & Research,"Policy Research working paper ; no. WPS
            10461; COVID-19 (Coronavirus)","Protecting Who ? Optimal Social
            Protection Responses to Shocks with Limited Information",http://documents.worldbank.org/curated/en/099739505302322963/pdf/IDU068267dbc008f50455709190070c789c65e11.pdf,/research/2023/05/34071867/protecting-optimal-social-protection-responses-shocks-limited-information,http://documents.worldbank.org/curated/en/099739505302322963/IDU068267dbc008f50455709190070c789c65e11,2023/05/34071867/IDU068267dbc008f50455709190070c789c65e11,099739505302322963,HD - ECA Director (HECDR),http://documents.worldbank.org/curated/en/099739505302322963/IDU068267dbc008f50455709190070c789c65e11,"Ospino Hernandez,Carlos Gustavo","Rigolini,Iamele P.","Protecting Who ? Optimal Social Protection
            Responses to Shocks with Limited Information",34071867,"The literature on shock-responsive
            social protection focuses on operational features that
            improve the speed and reach of the response, but little is
            known about the optimal design of emergency social
            protection responses in terms of which programs to use,
            information about the people affected, and the extent of
            their losses. This paper studies optimal social protection
            responses to shocks, using microsimulations of different
            social assistance responses in Albania, Moldova, and North
            Macedonia. The paper shows that optimal design depends not
            only on the magnitude of the shock, but also on how the
            shock affects welfare rankings and on the parameters of the
            existing social assistance system, including the generosity
            of the schemes and how well they cover the poor. For given
            budgets, a universal transfer remains a suboptimal response.
            However, the extent to which existing programs should be
            expanded, as designed, to additional beneficiaries depends
            on the type of shock. When a shock tends to affect
            households homogeneously, increasing generosity and
            expanding the existing targeted social assistance program
            using established welfare metrics to assess eligibility is
            an effective response. When shocks affect households
            heterogeneously and bring some of them into extreme poverty,
            then pre-shock welfare indicators carry little information
            and policy makers should provide support through a new
            program or modified eligibility criteria, according to
            information on who suffered the shock. This analysis points
            to the importance of planning in advance for future crises
            and, within this, considering the optimal design of
            emergency social protection responses.","Coll-Black,Sarah","Oviedo Silva,Ana Maria",,,,,,
192,34071869,South Asia,Policy Research Working Paper,2023-05-30T00:00:00Z,Publications & Research,Policy Research working paper ; no. WPS 10462,Are Carbon Taxes Good for South Asia?,http://documents.worldbank.org/curated/en/099753405302343078/pdf/IDU0502ccf8e0286b046b90920302a451b6e0b6e.pdf,/research/2023/05/34071869/carbon-taxes-good-south-asia,http://documents.worldbank.org/curated/en/099753405302343078/IDU0502ccf8e0286b046b90920302a451b6e0b6e,2023/05/34071869/IDU0502ccf8e0286b046b90920302a451b6e0b6e,099753405302343078,Off of Sr VP Dev Econ/Chief Econ (DECVP),http://documents.worldbank.org/curated/en/099753405302343078/IDU0502ccf8e0286b046b90920302a451b6e0b6e,"Mercer-Blackman,Valerie Anne","Milivojevic,Lazar",Are Carbon Taxes Good for South Asia?,34071869,"This paper estimates the effects of
            gradually introducing a US$25/ton CO2-equivalent carbon tax
            in South Asian economies using the Climate Policy Assessment
            Tool (CPAT). The results for South Asia suggest that
            monetized welfare co-benefits net of efficiency costs from
            such a tax—regardless of what other economies or regions
            do—are resoundingly positive, at 1.4 percent of GDP in 2030.
            Revenues from the carbon tax are estimated at 1.3 percent of
            GDP in 2030, which is substantial for a region with a low
            tax-to-GDP ratio. Once these revenues are recycled, the
            Keynesian multiplier effect through increased public
            investment and transfers to households is associated with
            slightly positive net economic growth rate effects.
            Household incidence analysis shows that the carbon tax can
            be designed as an equity-enhancing policy, given net
            reductions in the Gini coefficient for consumption from
            revenue recycling. The carbon tax is also associated with a
            2 percent weighted average input cost increase across
            economic sectors in 2030. Finally, the paper discusses
            selected results on and the political economy of a
            comprehensive energy price reform package (fossil fuel
            subsidy phaseout and carbon tax), with broad guidance on its
            implementation. Overall, the paper provides supportive
            evidence for the green transition, showing that there need
            not be a trade-off between inclusive growth and going green
            in South Asia.",Victor Mylonas,,,,,,,
193,34072700,World,Policy Research Working Paper,2023-05-31T00:00:00Z,Publications & Research,Policy Research working paper ; no. WPS 10463,"Export Diversification from an
            Activity Perspective : An Exploration Using Occupation Data",http://documents.worldbank.org/curated/en/099833405312337544/pdf/IDU0f9466bc00e7d8042f4097c10270d6465057b.pdf,/research/2023/05/34072700/export-diversification-activity-perspective-exploration-using-occupation-data,http://documents.worldbank.org/curated/en/099833405312337544/IDU0f9466bc00e7d8042f4097c10270d6465057b,2023/05/34072700/IDU0f9466bc00e7d8042f4097c10270d6465057b,099833405312337544,Off of Sr VP Dev Econ/Chief Econ (DECVP),http://documents.worldbank.org/curated/en/099833405312337544/IDU0f9466bc00e7d8042f4097c10270d6465057b,"Kruse,Hagen","Timmer,Marcel Peter","Export Diversification from an Activity
            Perspective : An Exploration Using Occupation Data",34072700,"With international production
            fragmentation, countries specialize in activities along the
            production chain rather than particular products. This paper
            therefore analyzes export diversification taking an activity
            perspective. It measures export activities combining new
            data on the export income of workers in industries cross
            classified by occupational classes. Based on the panel data,
            the paper documents that countries initially specialize
            along the extensive margin (shifting activities across
            industries) but later on along the intensive margin
            (shifting activities across occupational classes). New
            activity specialization is found to be strongly related to
            the proximity of this activity to the initial export basket.
            Yet, countries that defy proximity appear to grow faster.
            The results show that an activity perspective delivers novel
            insights into trade development and structural change.","De Vries,Gaaitzen Johannes","Ye,Xianjia",,,,,,
194,34072705,Ukraine,Policy Research Working Paper,2023-05-31T00:00:00Z,Publications & Research,Policy Research working paper ; no. WPS 10464,"Impact of the Russian Invasion on
            Ukrainian Farmers’ Productivity, Rural Welfare, and Food Security",http://documents.worldbank.org/curated/en/099854505312323587/pdf/IDU05ff5b311039670490b086000005b896147f3.pdf,/research/2023/05/34072705/impact-russian-invasion-ukrainian-farmers’-productivity-rural-welfare-food-security,http://documents.worldbank.org/curated/en/099854505312323587/IDU05ff5b311039670490b086000005b896147f3,2023/05/34072705/IDU05ff5b311039670490b086000005b896147f3,099854505312323587,Off of Sr VP Dev Econ/Chief Econ (DECVP),http://documents.worldbank.org/curated/en/099854505312323587/IDU05ff5b311039670490b086000005b896147f3,"Deininger,Klaus W.","Ali,Daniel Ayalew","Impact of the Russian Invasion on Ukrainian
            Farmers’ Productivity, Rural Welfare, and Food Security",34072705,"Data from 2,251 small and medium-size
            farms for 2021 and 2022 show that area reductions in
            response to the Russian invasion of Ukraine remained
            limited. However, worsening terms of trade reduced farm
            profitability, implying that 46 percent of farms had a
            negative cash flow and 54 percent (67 percent in the 50-120
            hectare group) were credit constrained in 2022, implying
            that longer term effects may be more adverse. Total factor
            productivity varies significantly across size groups but is
            not significantly different between formal and informal
            farms in the same size group. This suggests that limited
            transferability of land use rights that are
            disproportionately used by smaller farms may be one reason
            for low productivity. Improving transferability of land,
            digital access to markets, and mortgage lending could thus
            trigger investment and growth in higher value products by
            small and medium-size farms to solidify Ukraine’s
            comparative advantage in agriculture and improve rural
            living conditions in the context of reconstruction.","Fang,Ming",,,,,,,
195,34072730,World,Policy Research Working Paper,2023-05-31T00:00:00Z,Publications & Research,Policy Research working paper ; no. WPS 10465,Trade and Civil Conflicts,http://documents.worldbank.org/curated/en/099905205312330455/pdf/IDU0a32a89fd05022044600a8730ad25dcba77eb.pdf,/research/2023/05/34072730/trade-civil-conflicts,http://documents.worldbank.org/curated/en/099905205312330455/IDU0a32a89fd05022044600a8730ad25dcba77eb,2023/05/34072730/IDU0a32a89fd05022044600a8730ad25dcba77eb,099905205312330455,,http://documents.worldbank.org/curated/en/099905205312330455/IDU0a32a89fd05022044600a8730ad25dcba77eb,"Assem Mohammed G Hassan Ahmed,Hoda",,Trade and Civil Conflicts,34072730,"This paper investigates the impact of
            civil conflicts on international trade. First, it quantifies
            how much civil conflicts suppress trade and explores the
            underlying mechanisms within a structural gravity model.
            Trade openness can lower the risk of civil conflicts because
            expected gains from international trade could discourage
            both governments and rebels from igniting conflicts
            (deterrence mechanism). Alternatively, international trade
            could act as a substitute for internal trade, lowering the
            opportunity cost of civil conflicts (insurance mechanism).
            This paper empirically investigates both mechanisms. Second,
            the paper investigates the spillovers of civil conflicts on
            trade for neighboring countries uninvolved in the conflict.
            Third, it examines if the impact of civil conflicts is
            contemporaneous or persistent through time. The paper uses
            data on violent civil conflicts and international and
            intra-national trade data from 142 countries to estimate a
            structural gravity trade model for 1989-2006. The results
            show that civil conflicts in a country can reduce its trade
            with other countries by over 40 percent. Spillovers of
            neighboring civil conflicts are also highly detrimental.
            Finally, the impact of civil conflicts is highly persistent
            through time and increases with the duration of the conflict.",,,,,,,,
196,34073204,"Africa,World",Policy Research Working Paper,2023-06-01T00:00:00Z,Publications & Research,"Policy Research working paper ; no. WPS
            10466; Paper is funded by the Knowledge for Change Program (KCP)","Does Hotter Temperature Increase
            Poverty and Inequality ? Global Evidence from Subnational
            Data Analysis",http://documents.worldbank.org/curated/en/099448406012312484/pdf/IDU0380ce1ed060ac047cf096bd0b9dff98cdd84.pdf,/research/2023/06/34073204/hotter-temperature-increase-poverty-inequality-global-evidence-subnational-data-analysis,http://documents.worldbank.org/curated/en/099448406012312484/IDU0380ce1ed060ac047cf096bd0b9dff98cdd84,2023/06/34073204/IDU0380ce1ed060ac047cf096bd0b9dff98cdd84,099448406012312484,Off of Sr VP Dev Econ/Chief Econ (DECVP),http://documents.worldbank.org/curated/en/099448406012312484/IDU0380ce1ed060ac047cf096bd0b9dff98cdd84,"Dang,Hai-Anh H.","Nguyen,Minh Cong","Does Hotter Temperature Increase Poverty and
            Inequality ? Global Evidence from Subnational Data Analysis",34073204,"Despite a vast literature documenting
            the harmful effects of climate change on various
            socio-economic outcomes, little evidence exists on the
            global impacts of hotter temperature on poverty and
            inequality. Analysis of a new global panel dataset of
            subnational poverty in 134 countries finds that a one-degree
            Celsius increase in temperature leads to a 9.1 percent
            increase in poverty, using the US$1.90 daily poverty
            threshold. A similar increase in temperature causes a 0.8
            percent increase in the Gini inequality index. The paper
            also finds negative effects of colder temperature on poverty
            and inequality. Yet, while poorer countries—particularly
            those in South Asia and Sub-Saharan Africa—are more affected
            by climate change, household adaptation could have mitigated
            some adverse effects in the long run. The findings provide
            relevant and timely inputs for the global fight against
            climate change as well as the current policy debate on the
            responsibilities of richer countries versus poorer countries.","Trinh,Trong-Anh",,,,,,,
197,34073258,World,Policy Research Working Paper,2023-06-01T00:00:00Z,Publications & Research,"Policy Research working paper ; no. WPS
            10470; RRR","A New Distribution Sensitive
            Index for Measuring Welfare, Poverty, and Inequality",http://documents.worldbank.org/curated/en/099934305302318791/pdf/IDU0325015fc0a4d6046420afe405cb6b6a87b0b.pdf,/research/2023/06/34073258/new-distribution-sensitive-index-measuring-welfare-poverty-inequality,http://documents.worldbank.org/curated/en/099934305302318791/IDU0325015fc0a4d6046420afe405cb6b6a87b0b,2023/06/34073258/IDU0325015fc0a4d6046420afe405cb6b6a87b0b,099934305302318791,Off of Sr VP Dev Econ/Chief Econ (DECVP),http://documents.worldbank.org/curated/en/099934305302318791/IDU0325015fc0a4d6046420afe405cb6b6a87b0b,"Kraay,Aart C.","Lakner,Christoph","A New Distribution Sensitive Index for
            Measuring Welfare, Poverty, and Inequality",34073258,"Simple welfare indices such as mean
            income are ubiquitous but not distribution sensitive. In
            contrast, existing distribution sensitive welfare indices
            are rarely used, often because they are difficult to explain
            and/or lack intuitive units. This paper proposes a simple
            new distribution sensitive welfare index with intuitive
            units: the average factor by which individual incomes must
            be multiplied to attain a given reference level of income.
            This new index is subgroup decomposable with population
            weights and satisfies the three main definitions of
            distribution sensitivity in the literature. Variants on this
            index can be used as distribution sensitive poverty measures
            and as inequality measures, with the same simple intuitive
            units. The properties of the new index are illustrated using
            the global distribution of income across individuals between
            1990 and 2019, as well as with selected country comparisons.
            Finally, the index can be used to define the “prosperity
            gap” as a proposed new measure of “shared prosperity,” one
            of the twin goals of the World Bank.","Ozler,Berk","Decerf,Benoit Marie A","Jolliffe,Dean Mitchell","Sterck,Olivier Christian Brigitte","Yonzan,Nishant",,,
198,34073271,World,Policy Research Working Paper,2023-06-01T00:00:00Z,Publications & Research,"Policy Research working paper ; no. WPS
            10467; Paper is funded by the Knowledge for Change Program (KCP)","Examining Business Reform
            Committees : Findings from a New Global Dataset",http://documents.worldbank.org/curated/en/099646506012337535/pdf/IDU01f9b196703a780459e0b0d50d6bf755444b6.pdf,/research/2023/06/34073271/examining-business-reform-committees-findings-new-global-dataset,http://documents.worldbank.org/curated/en/099646506012337535/IDU01f9b196703a780459e0b0d50d6bf755444b6,2023/06/34073271/IDU01f9b196703a780459e0b0d50d6bf755444b6,099646506012337535,Off of Sr VP Dev Econ/Chief Econ (DECVP),http://documents.worldbank.org/curated/en/099646506012337535/IDU01f9b196703a780459e0b0d50d6bf755444b6,"Georgieva,Dorina Peteva","Eknath,Varun","Examining Business Reform Committees :
            Findings from a New Global Dataset",34073271,"Reform committees (also known as
            reform councils) are institutional mechanisms or structures
            tasked with holding policy discussions pertaining to (and
            making specific recommendations on) regulatory issues, to
            monitor improvement efforts and ensure regulatory coherence
            between agencies while enhancing regulatory quality. This
            paper presents novel granular data on business reform
            committees for 160 economies collected over 2020–22. The
            paper presents 35 questions and 238 variables grouped into
            three pillars: (i) mandate and scope, (ii) organizational
            structure and operational framework, and (iii) stakeholder
            engagement and communication. The dataset is unique in that
            it covers a large number of developing economies and
            presents detailed insights into the goals, structures, and
            components of reform committees while contributing to
            debates on strategies for promoting better regulations.
            Reform committees are heterogeneous structures, prevalent in
            lower-middle-income economies, followed by
            upper-middle-income economies. Most economies with a
            functioning reform committee state that their mandate is to
            improve competitiveness globally by improving the business
            regulatory/legislative framework, going beyond improvements
            of the business environment for domestic companies. In more
            than 50 percent of the economies the priorities are set at
            the ministry level, most commonly the Ministry of Finance or
            equivalent, followed by the Prime Minister’s office.
            However, reporting lines can be very different—across a
            quarter of the economies, the chair of the reform committee
            reports to the President or the head of state, while in
            close to one-fifth the chair reports to the Prime Minister.
            In most economies, public sector representatives are members
            of both the steering board and the working groups. These
            findings provide new insights into the scope, mandate, and
            functioning of business reform committees at different
            income levels and across different regions; they also
            provide a robust foundation on which subsequent research
            efforts can build.","Woolcock,Michael",,,,,,,
199,34074950,World,Policy Research Working Paper,2023-06-05T00:00:00Z,Publications & Research,Policy Research working paper ; no. WPS 10468,"Trade Credit : Theory and
            Evidence for Emerging Economies and Developing Countries",http://documents.worldbank.org/curated/en/099506206052337670/pdf/IDU08a2d9e7f005ef0429f0b4480ebf40dddcab3.pdf,/research/2023/06/34074950/trade-credit-theory-evidence-emerging-economies-developing-countries,http://documents.worldbank.org/curated/en/099506206052337670/IDU08a2d9e7f005ef0429f0b4480ebf40dddcab3,2023/06/34074950/IDU08a2d9e7f005ef0429f0b4480ebf40dddcab3,099506206052337670,Off of Sr VP Dev Econ/Chief Econ (DECVP),http://documents.worldbank.org/curated/en/099506206052337670/IDU08a2d9e7f005ef0429f0b4480ebf40dddcab3,"Cull,Robert J.","Goh,Chorching","Trade Credit : Theory and Evidence for
            Emerging Economies and Developing Countries",34074950,"Trade credit remains an important
            source of finance for firms in developing countries and many
            firms in developed countries, especially those that are
            young, small, or informationally opaque for other reasons.
            This paper summarizes the literature and explains the
            pervasiveness of trade credit, detailing its potential
            advantages over formal credit in terms of the information
            that buyers and sellers have about each other and their
            ability to monitor one another. Because it requires less
            formal contract enforcement, trade credit can be especially
            relevant where the rule of law and the legal system are
            weak. At the same time, reliance on information from social
            networks and informal institutional arrangements limits the
            scale of trade credit, and thus moderate improvements to
            formal enforcement can expand trade credit beyond social
            networks and enable customers to switch suppliers, which
            improves their credit terms. The patterns suggest a sweet
            spot or “Goldilocks” region where mid-size firms and those
            in countries at middling levels of development tend to rely
            relatively more heavily on trade credit than others. Going
            forward, detailed data on the relationship between suppliers
            and customers are crucial to enable more direct tests of
            theoretical predictions regarding trade credit.","Xu,L. Colin",,,,,,,
200,34075002,Zambia,Policy Research Working Paper,2023-06-05T00:00:00Z,Publications & Research,Policy Research working paper ; no. WPS 10469,"Cholera Risk in Lusaka : A
            Geospatial Analysis to Inform Improved Water and Sanitation Provision",http://documents.worldbank.org/curated/en/099818506052334587/pdf/IDU023b094f009b07048570b2e70098a9538d71d.pdf,/research/2023/06/34075002/cholera-risk-lusaka-geospatial-analysis-inform-improved-water-sanitation-provision,http://documents.worldbank.org/curated/en/099818506052334587/IDU023b094f009b07048570b2e70098a9538d71d,2023/06/34075002/IDU023b094f009b07048570b2e70098a9538d71d,099818506052334587,Off of Sr VP Dev Econ/Chief Econ (DECVP),http://documents.worldbank.org/curated/en/099818506052334587/IDU023b094f009b07048570b2e70098a9538d71d,"Gething,Peter William","Ayling,Sophie Charlotte Emi","Cholera Risk in Lusaka : A Geospatial
            Analysis to Inform Improved Water and Sanitation Provision",34075002,"Urbanization combined with climate
            change are exacerbating water scarcity for an increasing
            number of the world’s emerging cities. Water and sanitation
            infrastructure, which in the first place was largely built
            to cater only to a small subsector of developing city
            populations during colonial times, are increasingly coming
            under excessive strain. In the rapidly growing cities of the
            developing world, expansion does not always keep pace with
            population demand, leading to waterborne diseases, such as
            cholera (Vibrio cholerae) and typhoid (Salmonella serotype
            Typhi). Funding gaps therefore make targeting for efficient
            spending on infrastructure upgrades essential for reducing
            the burden of disease. This paper applies geospatial
            analysis in Lusaka, Zambia, in the context of the cholera
            outbreak of October 2017 to May 2018, to identify different
            water and sanitation infrastructure investment scenarios and
            their relative impact on reducing the risk of cholera in the
            city. The analysis presented uses cholera case location data
            and geospatial covariates, including the location of and
            access to networked and non-networked Water and sanitation
            infrastructure, groundwater vulnerability, and drainage, to
            generate a high-resolution map of cholera risk across the
            city. The analysis presents scenarios of standalone or
            combined investments across sewerage coverage and
            maintenance, on-site sanitation improvements, piped water
            network coverage and quality, and ensuring the safety of
            point source water. It identifies the investment most
            strongly correlated with the largest reduction in cholera
            risk as the provision of flush to sewer infrastructure
            citywide. However, it also considers the trade-offs in terms
            of financial cost versus health benefits and takes note of
            where the next highest health benefits could be achieved for
            a much lower cost. Finally, the analysis was done in the
            context of a considered restructuring of an existing World
            Bank investment, the Lusaka Sanitation Program. It
            identifies what appears to be the most efficient combined
            initiative as partial sanitation investment scale-up and
            investment in piped water in 10 priority wards where the
            cholera risk was highest.","Mugabi,Josses","Muximpua,Odete Duarte",George Joseph,"Kagulura,Solomon Sitinadziwe",,,,B
201,34075527,World,Policy Research Working Paper,2023-06-06T00:00:00Z,Publications & Research,"Policy Research working paper ; no. WPS
            10471; Impact Evaluation series","Do Public Works Programs Have
            Sustained Impacts ? A Review of Experimental Studies from LMICs",http://documents.worldbank.org/curated/en/099531206062341552/pdf/IDU00fb5fa420c9af04f5d0b7fd0809361fc027d.pdf,/research/2023/06/34075527/public-works-programs-sustained-impacts-review-experimental-studies-lmics,http://documents.worldbank.org/curated/en/099531206062341552/IDU00fb5fa420c9af04f5d0b7fd0809361fc027d,2023/06/34075527/IDU00fb5fa420c9af04f5d0b7fd0809361fc027d,099531206062341552,Off of Sr VP Dev Econ/Chief Econ (DECVP),http://documents.worldbank.org/curated/en/099531206062341552/IDU00fb5fa420c9af04f5d0b7fd0809361fc027d,"Bagga,Aanchal","Holmlund,Marcus Erik","Do Public Works Programs Have Sustained
            Impacts ? A Review of Experimental Studies from LMICs",34075527,"Many low- and middle-income countries
            (LMICs) have introduced public works programs that offer
            temporary cash-for-work opportunities to poor individuals.
            This paper reviews experimental evidence on the impacts of
            public works programs on participants over the short and
            medium run, providing new insights on whether they have
            sustained impacts. The findings show that public works
            mainly increase employment and earnings during the program.
            Short-term positive effects tend to fade in the medium run,
            except in a few cases in which large impacts on savings or
            investments in self-employment activities are also observed.
            Importantly, the estimated impacts on earnings are much
            lower than planned transfer amounts due to forgone earnings,
            raising questions about cost-effectiveness. There is also
            little evidence of public works programs improving food
            consumption expenditure. The review finds evidence of
            improvements in psychological well-being and women’s
            empowerment in some cases, but not systematically, and with
            limitations in measurement. The paper concludes by outlining
            directions for future research.","Khan,Nausheen","Subha,Mani","Mvukiyehe,Eric","Premand,Patrick",,,,
202,34076082,Africa,Policy Research Working Paper,2023-06-07T00:00:00Z,Publications & Research,"Policy Research working paper ; no. WPS
            10472; LSMS: COVID-19 (Coronavirus)","The Gendered Impacts of COVID-19
            on Adolescents’ School Attendance in Sub-Saharan Africa",http://documents.worldbank.org/curated/en/099553506072319192/pdf/IDU0a66625020dc1a04aa60a121069c7f9d1ca37.pdf,/research/2023/06/34076082/gendered-impacts-covid-19-adolescents’-school-attendance-sub-saharan-africa,http://documents.worldbank.org/curated/en/099553506072319192/IDU0a66625020dc1a04aa60a121069c7f9d1ca37,2023/06/34076082/IDU0a66625020dc1a04aa60a121069c7f9d1ca37,099553506072319192,Off of Sr VP Dev Econ/Chief Econ (DECVP),http://documents.worldbank.org/curated/en/099553506072319192/IDU0a66625020dc1a04aa60a121069c7f9d1ca37,"B Kis,Anna","Boxho,Claire Elise","The Gendered Impacts of COVID-19 on
            Adolescents’ School Attendance in Sub-Saharan Africa",34076082,"As the COVID-19 pandemic led to a
            historic and widespread shutdown of schools across the
            world, including in Sub-Saharan Africa, there were general
            concerns that girls would be disproportionately affected.
            This study analyzes the effects of the pandemic on the
            school attendance of adolescent girls and boys in six
            African countries. The study uses individual-level data on
            children’s school attendance collected as part of
            high-frequency phone surveys. Contrary to expectations, the
            study reveals that there is no evidence to suggest that
            gender gaps widened during the pandemic. If anything, gender
            gaps appear to have narrowed in some countries. Further
            in-depth analysis shows that while being a descendent of the
            household head, having parents with at least primary
            education, and above-median household wealth were associated
            with a higher probability of school attendance among
            adolescents before the pandemic, these factors lost their
            salience in explaining school attendance in the aftermath of
            the pandemic. These results suggest that some traditionally
            protective forces were eroded during the COVID-19 crisis.","Gaddis,Isis","Koussoube,Mousson Estelle Jamel","Rouanet,Lea Marie",,,,,
203,34076105,World,Policy Research Working Paper,2023-06-07T00:00:00Z,Publications & Research,Policy Research working paper ; no. WPS 10473,"Economics of Political
            Clientelism and Corruption — A Theoretical Pathway",http://documents.worldbank.org/curated/en/099719006072335891/pdf/IDU07de290e60ab7c045c20abe908b330ace78c6.pdf,/research/2023/06/34076105/economics-political-clientelism-corruption-—-theoretical-pathway,http://documents.worldbank.org/curated/en/099719006072335891/IDU07de290e60ab7c045c20abe908b330ace78c6,2023/06/34076105/IDU07de290e60ab7c045c20abe908b330ace78c6,099719006072335891,Off of Sr VP Dev Econ/Chief Econ (DECVP),http://documents.worldbank.org/curated/en/099719006072335891/IDU07de290e60ab7c045c20abe908b330ace78c6,"Pertev,Rasit",,"Economics of Political Clientelism and
            Corruption — A Theoretical Pathway",34076105,"This paper proposes a preliminary
            economic model of political clientelism and corruption in
            developing countries with weak rule of law. It explains why
            this corruption is often chronic and persistent, and further
            examines its impact on fragility, conflict, and violence.
            The basic model is built in three stages: (i) political
            party strategies vis-à-vis clientelist options using a
            game-theoretical approach, (ii) strategies of using state
            repression and violence to complement electoral clientelism,
            and (iii) strategies of geographical/ethnic entities on
            remaining within a given republic or breaking away. The
            model predicts that the first clientelist party in power can
            monopolize government for long periods and further
            consolidate power by blending in state violence. Political
            clientelism and corruption are likely to provoke
            geographically distinct communities and movements to
            challenge the sovereignty and territorial integrity of the
            country concerned. The impact on fragility is predicted as
            greatest during monopolistic and dictatorial clientelism.
            Governance structures of inegalitarian or unjust local
            traditional authorities are shown to be an important
            independent factor provoking separatism. Separatist
            movements are predicted to be left leaning or egalitarian in
            the beginning of their struggle. As economies grow and shift
            away from a patronage-based private sector toward a
            productive one, individuals are likely to be protective of
            their enterprises and incomes against the aleatory decisions
            of a clientelist government. Therefore, a substantially
            enhanced investment in a productive private sector may
            likely be a better longer term anti-corruption strategy than
            exclusively focusing on governance, accountability, and
            accounting measures.",,,,,,,,
204,34076130,Uzbekistan,Policy Research Working Paper,2023-06-07T00:00:00Z,Publications & Research,"Policy Research working paper ; no. WPS
            10474; COVID-19 (Coronavirus)","Learning during the Pandemic :
            Evidence from Uzbekistan",http://documents.worldbank.org/curated/en/099733406072315593/pdf/IDU0a69e307b0c0100435e0aa3a08ddfa7530426.pdf,/research/2023/06/34076130/learning-during-pandemic-evidence-uzbekistan,http://documents.worldbank.org/curated/en/099733406072315593/IDU0a69e307b0c0100435e0aa3a08ddfa7530426,2023/06/34076130/IDU0a69e307b0c0100435e0aa3a08ddfa7530426,099733406072315593,Off of Sr VP Dev Econ/Chief Econ (DECVP),http://documents.worldbank.org/curated/en/099733406072315593/IDU0a69e307b0c0100435e0aa3a08ddfa7530426,"Iqbal,Syedah Aroob","Patrinos,Harry Anthony",Learning during the Pandemic : Evidence from Uzbekistan,34076130,"School closures induced by the
            COVID-19 pandemic led to concerns about student learning.
            This paper evaluates the effect of school closures on
            student learning in Uzbekistan, using a unique dataset that
            allows assessing change in learning over time. The findings
            show that test scores in math for grade 5 students improved
            over time by 0.29 standard deviation despite school
            closures. The outcomes among students who were assessed in
            2019 improved by an average of 0.72 standard deviation over
            the next two years, slightly lower than the expected growth
            of 0.80 standard deviation. The paper explores the reasons
            for no learning loss.",,,,,,,,
205,34076134,World,Policy Research Working Paper,2023-06-07T00:00:00Z,Publications & Research,"Policy Research working paper ; no. WPS
            10475; COVID-19 (Coronavirus)","External Debt, Fiscal
            Consolidation, and Government Expenditure on Education",http://documents.worldbank.org/curated/en/099748506072325934/pdf/IDU09d7e7fa50fbff046e00a8a80e07ac5341e5b.pdf,/research/2023/06/34076134/external-debt-fiscal-consolidation-government-expenditure-education,http://documents.worldbank.org/curated/en/099748506072325934/IDU09d7e7fa50fbff046e00a8a80e07ac5341e5b,2023/06/34076134/IDU09d7e7fa50fbff046e00a8a80e07ac5341e5b,099748506072325934,,http://documents.worldbank.org/curated/en/099748506072325934/IDU09d7e7fa50fbff046e00a8a80e07ac5341e5b,"Miningou,Elise Wendlassida",,"External Debt, Fiscal Consolidation, and
            Government Expenditure on Education",34076134,"To face a debt crisis, countries
            often implement various forms of fiscal consolidation
            policies aiming at addressing fiscal imbalances. This paper
            investigates how debt and fiscal consolidation could
            influence government expenditure on education. It shows that
            increased external debt is associated with a higher risk of
            fiscal consolidation, which may contribute to a decline in
            education expenditure. A 1 percent increase in external debt
            is associated with a 2.9 percent decline in education
            spending per school-age child. Given the rising debt levels
            fueled by the COVID-19 response policies, a decline in
            education expenditure is to be expected in the post-pandemic
            era. For instance, in low- and middle-income countries, a 5
            percent increase in the external debt could lead to a $12.8
            billion decline in the volume of education expenditure, all
            things being equal. This decline is almost equivalent to the
            volume of official development assistance to the education
            sector in 2021. The paper sounds the alarm bell for the
            potential impact of COVID-19-related debt on education financing.",,,,,,,,
206,34076717,"Ethiopia,World",Policy Research Working Paper,2023-06-08T00:00:00Z,Publications & Research,Policy Research working paper ; no. WPS 10476,"Distributional Effects of Carbon
            Tax in Ethiopia : A Computable General Equilibrium Analysis",http://documents.worldbank.org/curated/en/099313006082325882/pdf/IDU0da7597470762704e92081db0a02effa4a553.pdf,/research/2023/06/34076717/distributional-effects-carbon-tax-ethiopia-computable-general-equilibrium-analysis,http://documents.worldbank.org/curated/en/099313006082325882/IDU0da7597470762704e92081db0a02effa4a553,2023/06/34076717/IDU0da7597470762704e92081db0a02effa4a553,099313006082325882,,http://documents.worldbank.org/curated/en/099313006082325882/IDU0da7597470762704e92081db0a02effa4a553,"Timilsina,Govinda R.","Sebsibie,Samuel","Distributional Effects of Carbon Tax in
            Ethiopia : A Computable General Equilibrium Analysis",34076717,"Developing countries are increasingly
            giving attention to carbon pricing to reduce their
            emissions, particularly in meeting their nationally
            determined contribution under the Paris Climate Agreement.
            However, they would like to understand the potential
            economic, distributional, and environmental impacts of
            carbon pricing policies before they consider implementation.
            Using a computable general equilibrium model of Ethiopia,
            this study examines the effects of a hypothetical carbon tax
            (US$20/total carbon dioxide) under several alternative
            schemes to recycle carbon tax revenue to the economy. The
            study finds that a carbon tax would be regressive in all
            schemes considered except those when the tax revenue is
            recycled, as a cash transfer, to household income groups
            either equally or inversely proportional to their incomes.
            The schemes that make the carbon tax progressive also cause
            a higher reduction of carbon dioxide emissions, thereby
            ensuring the alignment of equity and environmental outcomes
            of the carbon tax. However, these schemes are not
            necessarily economically efficient because they cause higher
            reductions of gross domestic product compared to other
            options considered.",,,,,,,,
207,34076736,World,Policy Research Working Paper,2023-06-08T00:00:00Z,Publications & Research,Policy Research working paper ; no. WPS 10477,"Firm Consolidation and Labor
            Market Outcomes",http://documents.worldbank.org/curated/en/099346006082338228/pdf/IDU0cc7ebe240e29c0427d0b2130bade568e40b9.pdf,/research/2023/06/34076736/firm-consolidation-labor-market-outcomes,http://documents.worldbank.org/curated/en/099346006082338228/IDU0cc7ebe240e29c0427d0b2130bade568e40b9,2023/06/34076736/IDU0cc7ebe240e29c0427d0b2130bade568e40b9,099346006082338228,Off of Sr VP Dev Econ/Chief Econ (DECVP),http://documents.worldbank.org/curated/en/099346006082338228/IDU0cc7ebe240e29c0427d0b2130bade568e40b9,"Dobbelaere,Sabien","McCormack,Grace",Firm Consolidation and Labor Market Outcomes,34076736,"Using rich administrative data from
            the Netherlands, this paper studies the consequences of firm
            consolidation for workers. For workers at acquired firms,
            takeovers are associated with an 8.5 percent drop in
            employment at the consolidated firm and a 2.6 percent drop
            in total labor income. These effects are persistent even
            four years later. The paper shows that the primary mechanism
            for this job loss is labor restructuring at consolidating
            firms. Workers with higher-than-expected pay relative to
            their human capital and workers with skills that are likely
            already present at acquirers are less likely to be retained.","Prinz,Daniel","Sóvágó,Sándor",,,,,,
208,34076760,Indonesia,Policy Research Working Paper,2023-06-08T00:00:00Z,Publications & Research,"Policy Research working paper ; no. WPS
            10478; COVID-19 (Coronavirus)","Early Impacts of Indonesia’s
            Investment Reforms : A Preliminary Analysis",http://documents.worldbank.org/curated/en/099428406082321250/pdf/IDU0ecbb6f580adbd04a7408420099ac6e912a33.pdf,/research/2023/06/34076760/early-impacts-indonesia’s-investment-reforms-preliminary-analysis,http://documents.worldbank.org/curated/en/099428406082321250/IDU0ecbb6f580adbd04a7408420099ac6e912a33,2023/06/34076760/IDU0ecbb6f580adbd04a7408420099ac6e912a33,099428406082321250,Off of Sr VP Dev Econ/Chief Econ (DECVP),http://documents.worldbank.org/curated/en/099428406082321250/IDU0ecbb6f580adbd04a7408420099ac6e912a33,"Montfaucon,Angella Faith Lapukeni","Senelwa,Victor Kidake","Early Impacts of Indonesia’s Investment
            Reforms : A Preliminary Analysis",34076760,"The Indonesian government implemented
            comprehensive investment reforms in 2021 to encourage
            investment inflows and related positive impacts. Compared to
            the previous investment regulation in 2016, the new decree
            removed foreign direct investment restrictions in over 500
            business activities. By estimating the difference in
            difference in difference event study model, this paper
            empirically assesses the response in (realized and planned)
            foreign direct investment and realized domestic direct
            investment to the reforms. The paper also assesses whether
            there was growth in investments in fully liberalized sectors
            linked to Sustainable Development Goals as a proxy for the
            quality of investment. The results suggest that the
            investment reforms were associated with increases in
            realized foreign direct investment, realized direct domestic
            investment, and planned foreign direct investment,
            especially in fully liberalized sectors, while there was a
            decline in all three types of investments in the
            non-liberalized sectors. The results for planned foreign
            direct investment suggest that the increase in fully
            liberalized sectors is likely to continue. The results on
            direct domestic investment suggest a possible crowding-in
            effect. Among the fully liberalized sectors, the base metal
            industry was a key driver of growth, and sectors linked to
            Sustainable Development Goals sectors had mixed results. The
            findings provide suggestive evidence of the complementary
            effect of trade reforms, although the analysis does not
            specify which of the several reforms may have led to the
            increase. These results are robust when the possible effects
            of Covid-19 recovery and other macroeconomic factors are
            controlled for. These results are also robust to alternative
            event study models. Further analysis would be needed to
            observe the trajectory in both the quality and quantity of
            investment going forward, the distributional effects and the
            needed complementary reforms to ensure sustainable gains
            beyond the short run.","Doarest,Aufa",,,,,,,
209,34076767,East Asia and Pacific,Policy Research Working Paper,2023-06-08T00:00:00Z,Publications & Research,Policy Research working paper ; no. WPS 10479,"Analysis of Teacher Stock versus
            Flow in Primary Education in East Asia and the Pacific
            Middle-Income Countries : A Simple Model and Results from
            Simulation between 2020 and 2030",http://documents.worldbank.org/curated/en/099452206082336940/pdf/IDU0d2d064a9012d40457309e9103ee8d764e3e3.pdf,/research/2023/06/34076767/analysis-teacher-stock-versus-flow-primary-education-east-asia-pacific-middle-income-countries-simple-model-results-simulation-between-2020-2030,http://documents.worldbank.org/curated/en/099452206082336940/IDU0d2d064a9012d40457309e9103ee8d764e3e3,2023/06/34076767/IDU0d2d064a9012d40457309e9103ee8d764e3e3,099452206082336940,Off of Sr VP Dev Econ/Chief Econ (DECVP),http://documents.worldbank.org/curated/en/099452206082336940/IDU0d2d064a9012d40457309e9103ee8d764e3e3,"Tanaka,Nobuyuki","Sondergaard,Lars M.","Analysis of Teacher Stock versus Flow in
            Primary Education in East Asia and the Pacific Middle-Income
            Countries : A Simple Model and Results from Simulation
            between 2020 and 2030",34076767,"Too many children are not learning to
            read in the East Asia and Pacific region’s middle-income
            countries. In some countries in the region, such as the Lao
            People’s Democratic Republic and the Philippines, more than
            90 percent of 10-year-olds cannot read and understand an
            age-appropriate text. To accelerate learning in these
            countries, better teaching will be needed. To improve
            teacher quality in the next 10 years, where should countries
            focus their attention On improving the teaching skills and
            content knowledge of their existing stock of teachers, on
            recruiting and better training new teachers, or on doing
            both This paper contributes to this discussion by addressing
            two policy questions: (i) will East Asia and Pacific’s
            middle-income countries need more or fewer teachers in the
            coming decade, and (ii) quantitatively, how important will
            the newly recruited teachers be (the flow) relative to the
            teaching workforce who have already been recruited (the
            stock) To answer these questions, the paper uses a simple
            model that projects the required number of primary school
            teachers in each of the East Asia and Pacific region’s 22
            middle-income countries. The model is based on several
            factors, such as: (i) the size of future cohorts of
            children, (ii) the proportion of those cohorts who end up in
            school, (iii) the pupil-to-teacher ratio, and (iv) teacher
            attrition. Two key messages emerge with an important policy
            implication. First, significant heterogeneity exists across
            the 22 countries, with seven countries projected to need
            fewer teachers overall in the next 10 years relative to the
            teacher stock in 2020, while the rest will need to expand
            their teacher workforce. Second, despite this heterogeneity,
            in every East Asia and Pacific country, teachers who are
            already “in the system” are expected to constitute the
            majority of teachers still employed in 2030. In some
            countries, teachers who have already been recruited will
            constitute more than 70 percent of those who will be in
            schools in 2030. The findings has an important policy
            implication, namely: if countries want to improve the
            quality of teaching in schools, their primary focus in the
            next 10 years should be on improving the stock, that is, the
            quality of their current teacher workforce (through more and
            better teacher professional development).",,,,,,,,
210,34078434,"Latin America & Caribbean,Latin America",Policy Research Working Paper,2023-06-12T00:00:00Z,Publications & Research,Policy Research working paper ; no. WPS 10480,"Territorial Productivity
            Differences and Dynamics within Latin American Countries",http://documents.worldbank.org/curated/en/099444106122335756/pdf/IDU0460d1fca087eb04a6408994015515f71e111.pdf,/research/2023/06/34078434/territorial-productivity-differences-dynamics-within-latin-american-countries,http://documents.worldbank.org/curated/en/099444106122335756/IDU0460d1fca087eb04a6408994015515f71e111,2023/06/34078434/IDU0460d1fca087eb04a6408994015515f71e111,099444106122335756,Off of Sr VP Dev Econ/Chief Econ (DECVP),http://documents.worldbank.org/curated/en/099444106122335756/IDU0460d1fca087eb04a6408994015515f71e111,"D'Aoust,Olivia Severine","Galdo,Virgilio","Territorial Productivity Differences and
            Dynamics within Latin American Countries",34078434,"The paper documents the evolution of
            territorial disparities in labor and location productivity
            in 14 countries in Latin America, using millions of
            observations from harmonized household surveys and censuses.
            Between the early 2000s and the late 2010s, most countries
            in the region experienced significant reductions in regional
            inequality as real labor incomes and location productivity
            premia converged at the first and second administrative
            levels. The leveling up reflected both the slowdown in
            productivity growth in affluent predominantly urban
            municipalities and the catchup of relatively poor,
            predominantly rural municipalities. Absolute convergence
            narrowed the labor income gaps with leading metropolitan
            areas, including the disparitites exploitable through
            migration, especially among the bottom 40 percent of
            households, as cities de-industrialized, yet continued to
            attract migrants. On the eve of the Covid-19 pandemic,
            income disparities with leading metropolitan areas remained
            high in nearly all countries, largely due to differences in
            educational attainment, but in a few countries, large
            differences in returns to endowments indicate potentially
            significant returns to migration to the leading metropolitan
            areas, especially for residents of relatively poor, remote
            regions. Rather than a clear rural-urban-metropolitan
            divide, in most countries the paper documents substantial
            overlap between the location-premia distributions of
            different types of second-level administrative areas and
            small differences between the average urban and rural place
            productivity premia.","Ianchovichina,Elena",,,,,,,
211,34078470,World,Policy Research Working Paper,2023-06-12T00:00:00Z,Publications & Research,Policy Research working paper ; no. WPS 10481,"Consumer Surplus with Incomplete
            Markets : Applications to Savings and Microfinance",http://documents.worldbank.org/curated/en/099514406122325309/pdf/IDU0e4d509a20cf4d04ae60bfdb029f69de6bc00.pdf,/research/2023/06/34078470/consumer-surplus-incomplete-markets-applications-savings-microfinance,http://documents.worldbank.org/curated/en/099514406122325309/IDU0e4d509a20cf4d04ae60bfdb029f69de6bc00,2023/06/34078470/IDU0e4d509a20cf4d04ae60bfdb029f69de6bc00,099514406122325309,Off of Sr VP Dev Econ/Chief Econ (DECVP),http://documents.worldbank.org/curated/en/099514406122325309/IDU0e4d509a20cf4d04ae60bfdb029f69de6bc00,"Loeser,John Ashton",,"Consumer Surplus with Incomplete Markets :
            Applications to Savings and Microfinance",34078470,"The household welfare gains from
            financial inclusion are empirically elusive. This paper
            establishes that household welfare gains from a financial
            technology are equal to the area under dynamically
            compensated demand in a household model with incomplete
            financial markets, and general technology, preferences, and
            choice sets. This paper then estimates compensated demand
            for financial technologies leveraging three randomized
            control trials that introduce experimental variation in
            interest rates. Welfare gains per dollar lent or saved are
            small as compensated demand elasticities are large, but
            still correspond to large aggregate welfare gains from
            financial inclusion.",,,,,,,,
212,34093992,"Egypt, Arab Republic of",Policy Research Working Paper,2023-06-15T00:00:00Z,Publications & Research,Policy Research working paper ; no. WPS 10482,"What Can We Learn from
            Pre-Primary Quality Assurance Systems ? Evidence from the
            Arab Republic of Egypt",http://documents.worldbank.org/curated/en/099236006152341431/pdf/IDU0904787e905e70047130bd470ff9d01e83958.pdf,/research/2023/06/34093992/can-learn-pre-primary-quality-assurance-systems-evidence-arab-republic-egypt,http://documents.worldbank.org/curated/en/099236006152341431/IDU0904787e905e70047130bd470ff9d01e83958,2023/06/34093992/IDU0904787e905e70047130bd470ff9d01e83958,099236006152341431,Off of Sr VP Dev Econ/Chief Econ (DECVP),http://documents.worldbank.org/curated/en/099236006152341431/IDU0904787e905e70047130bd470ff9d01e83958,"Krafft,Caroline Gould","Nikaein Towfighian,Samira","What Can We Learn from Pre-Primary Quality
            Assurance Systems ? Evidence from the Arab Republic of Egypt",34093992,"Quality assurance systems have been
            implemented or are under development in a number of low- and
            middle-income countries in an effort to observe the quality
            of education and deploy targeted measures to improve
            quality. This paper shares lessons learned on the potential
            ability of quality assurance systems to observe quality and
            inform action, drawing on data from a pre-primary quality
            assurance system in the Arab Republic of Egypt. A nationally
            representative study of kindergarten classrooms was
            conducted, using a detailed diagnostic research tool
            administered by independent enumerators from a data
            collection firm. A subsample of these kindergarten
            classrooms was randomly assigned to also be observed through
            a short quality assurance system tool, half of them by
            independent enumerators, and the other half by the existing
            cadre of government kindergarten supervisors. The quality
            assurance system tool was developed for scale and financial
            sustainability; thus, it could be administered in roughly
            one-third of the time of the diagnostic tool, at one-third
            of the cost. Overall, the results illustrate that at the
            national level, the quality assurance system tool can
            identify important areas for improvement, and thus inform
            broad policy actions. Further, the results are consistent
            whether an independent data collection firm or a government
            kindergarten supervisor acted as enumerator, suggesting that
            quality assurance system data collection efforts can be
            embedded within ministries of education and implemented in a
            regular and sustainable manner. At the school and teacher
            level, however, there were several areas where the quality
            assurance system data were inconsistent with the diagnostic
            data. This underscores how quality assurance systems are
            best used as a formative system, a starting point for
            quality enhancement, and not as a summative system that
            directly targets, punishes, or rewards specific schools.","Raikes,Abbie","Mojgani,Rebecca Sayre",,,,,,
213,34094002,Ecuador,Policy Research Working Paper,2023-06-15T00:00:00Z,Publications & Research,"Policy Research working paper ; no. WPS
            10483; Impact Evaluation series","Can Digital Personalized Learning
            for Mathematics Remediation Level the Playing Field in
            Higher Education ? Experimental Evidence from Ecuador",http://documents.worldbank.org/curated/en/099252106152315172/pdf/IDU0b137aea2056ec0488809ef105350584c1163.pdf,/research/2023/06/34094002/can-digital-personalized-learning-mathematics-remediation-level-playing-field-higher-education-experimental-evidence-ecuador,http://documents.worldbank.org/curated/en/099252106152315172/IDU0b137aea2056ec0488809ef105350584c1163,2023/06/34094002/IDU0b137aea2056ec0488809ef105350584c1163,099252106152315172,,http://documents.worldbank.org/curated/en/099252106152315172/IDU0b137aea2056ec0488809ef105350584c1163,"Angel-Urdinola,Diego","Avitabile,Ciro","Can Digital Personalized Learning for
            Mathematics Remediation Level the Playing Field in Higher
            Education ? Experimental Evidence from Ecuador",34094002,"Many Ecuadorian students entering
            higher education have cognitive skills gaps in mathematics
            that undermine their ability to assimilate academic
            contents. This paper presents the results of a randomized
            controlled trial assessing the effects on academic outcomes
            of a Digital Personalized Learning Software for mathematics
            remediation (the ALEKS software) offered to first-year
            students entering technical and technological higher
            education programs in Ecuador amid the COVID-19 pandemic.
            The possibility to use the software led to a large and
            marginally significant decline in the probability of
            repeating a course, as well as a very large positive impact
            on standardized test scores in math. The analysis finds no
            impact on the probability of enrolling in the third
            semester. When disaggregating the impacts, the findings show
            that the effects on repetition are particularly large for
            male students, possibly because of higher male enrollment in
            science, technology, engineering, and mathematics
            disciplines. When assessing the potential mechanisms, the
            findings show evidence that the software led to a net
            increase in hours dedicated to studying mathematics. The
            results suggest that Digital Personalized Learning Software
            can be a cost-effective solution for math remediation with
            potential for large-scale application.","Chinen,Marjorie H",,,,,,,
214,34094174,"Colombia,Argentina",Policy Research Working Paper,2023-06-15T00:00:00Z,Publications & Research,"Policy Research working paper ; no. WPS
            10484; COVID-19 (Coronavirus)","The COVID-19 Mark on Urban
            Mobility : A Tale of Two Cities’ Journey to Recovery",http://documents.worldbank.org/curated/en/099341506152322378/pdf/IDU03cd59e8b0870c04785099900a77b56ab3732.pdf,/research/2023/06/34094174/covid-19-mark-urban-mobility-tale-two-cities’-journey-recovery,http://documents.worldbank.org/curated/en/099341506152322378/IDU03cd59e8b0870c04785099900a77b56ab3732,2023/06/34094174/IDU03cd59e8b0870c04785099900a77b56ab3732,099341506152322378,Off of Sr VP Dev Econ/Chief Econ (DECVP),http://documents.worldbank.org/curated/en/099341506152322378/IDU03cd59e8b0870c04785099900a77b56ab3732,"Stokenberga,Aiga","Ivarsson Molina,Linda Ellin Maria","The COVID-19 Mark on Urban Mobility : A Tale
            of Two Cities’ Journey to Recovery",34094174,"The COVID-19 pandemic significantly
            changed mobility patterns in the Bogotá and Buenos Aires
            metropolitan areas, as shown by the differences between the
            October 2019, 2020, and 2021 indicator values derived from
            call detail record–based origin-destination matrices. The
            differences between 2019 and 2020 were more notable than
            between 2019 and 2021 on most mobility indicators,
            demonstrating a reversal of the pre-pandemic mobility
            habits. However, by late 2021, the return to pre-pandemic
            levels was still very partial in the case of public
            transport use (especially so in Buenos Aires), while in
            Bogotá the pandemic appeared to have induced a permanent—and
            increasing—shift to nonmotorized modes. Other mobility
            indicators that appear to have changed more permanently in
            Bogotá include the lower average distances traveled and the
            relatively higher importance of non-home-based mobility. In
            the Buenos Aires Metropolitan Area, the key persistent
            changes include the lower overall trip generation rates and
            specifically peak-hour travel, and the higher relative
            weight of travel to work and school compared to other travel
            purposes. These findings are partly explained by the
            underlying policy and regulatory context in the two cities
            and are relevant for designing transport policy in the
            post-pandemic context, including in terms of public
            transport route and schedule planning, cycleway network
            expansion, and, more broadly, the leveraging of big data as
            a complement to traditional mobility surveys.","Fulponi,Juan Ignacio",,,,,,,
215,34094185,"Colombia,Argentina",Policy Research Working Paper,2023-06-15T00:00:00Z,Publications & Research,"Policy Research working paper ; no. WPS
            10485; COVID-19 (Coronavirus)","A Net Cure or Curse ? Tracking
            the Impact of E-Commerce on Urban Freight Transport
            Intensity in Bogotá and Buenos Aires",http://documents.worldbank.org/curated/en/099400106152369383/pdf/IDU0d1d1f2b40f85f0471e0a083099523269e702.pdf,/research/2023/06/34094185/net-cure-or-curse-tracking-impact-e-commerce-urban-freight-transport-intensity-bogotá-buenos-aires,http://documents.worldbank.org/curated/en/099400106152369383/IDU0d1d1f2b40f85f0471e0a083099523269e702,2023/06/34094185/IDU0d1d1f2b40f85f0471e0a083099523269e702,099400106152369383,Off of Sr VP Dev Econ/Chief Econ (DECVP),http://documents.worldbank.org/curated/en/099400106152369383/IDU0d1d1f2b40f85f0471e0a083099523269e702,"Stokenberga,Aiga","Ivarsson Molina,Linda Ellin Maria","A Net Cure or Curse ? Tracking the Impact of
            E-Commerce on Urban Freight Transport Intensity in Bogotá
            and Buenos Aires",34094185,"The growth of e-commerce has the
            potential to reduce shopping-related travel but brings with
            it additional freight vehicle trips for the delivery of
            online orders to consumers. Understanding the overall net
            effect of e-commerce on urban trip intensity is essential
            for planning transport infrastructure and services. The
            paper analyzes how the growth of e-commerce is impacting
            mobility in Bogotá and Buenos Aires. The demand for
            e-commerce grew in both cities during the COVID-19 pandemic
            (2019–21), mostly among higher income groups. Despite the
            significant potential for replacing private vehicle trips,
            the analysis finds little evidence that the growth of
            e-commerce is having a significant substitution effect on
            shopping trips. Overall, e-commerce currently generates more
            traffic than it avoids in both Bogotá and Buenos Aires, and,
            thus, is very likely to continue to add to the road traffic
            in the two metropolitan areas in the near future.","Fulponi,Juan Ignacio",,,,,,,
216,34094362,World,Policy Research Working Paper,2023-06-15T00:00:00Z,Publications & Research,Policy Research working paper ; no. WPS 10486,Measuring Total Carbon Pricing,http://documents.worldbank.org/curated/en/099548206152339098/pdf/IDU124d2b624145531468a1a4d418173bf51a4fd.pdf,/research/2023/06/34094362/measuring-total-carbon-pricing,http://documents.worldbank.org/curated/en/099548206152339098/IDU124d2b624145531468a1a4d418173bf51a4fd,2023/06/34094362/IDU124d2b624145531468a1a4d418173bf51a4fd,099548206152339098,Off of Sr VP Dev Econ/Chief Econ (DECVP),http://documents.worldbank.org/curated/en/099548206152339098/IDU124d2b624145531468a1a4d418173bf51a4fd,"Agnolucci,Paolo","Fischer,Carolyn",Measuring Total Carbon Pricing,34094362,"While countries increasingly commit
            to pricing greenhouse gases directly through carbon taxes or
            emissions trading systems, indirect forms of carbon
            pricing—such as fuel excise taxes and fuel subsidy
            reforms—remain important factors affecting the mitigation
            incentives in an economy. Taken together, how can policy
            makers think about the overall price signal for carbon
            emissions and the incentive it creates This paper develops a
            methodology for calculating a total carbon price applied to
            carbon emissions in a sector, fuel, or the whole economy. It
            recognizes that rarely is a single carbon price applied
            across an economy; many direct carbon pricing instruments
            target specific sectors or even fuels, much like indirect
            taxes on fossil fuels; and carbon and fuel taxes can be
            substituted one for another. Tracking progress on carbon
            pricing thus requires following both kinds of price
            interventions, their coverage, and specific exemptions. This
            inclusive total carbon pricing measure can facilitate
            progress in discussions on minimum carbon price commitments
            and inform assessments of the pricing of carbon embodied in
            traded goods. Calculations across 142 countries from 1991 to
            2021 indicate that although direct carbon pricing now covers
            roughly a quarter of global emissions, the global total
            carbon price is not that much higher than it was in 1994
            when the United Nations Framework Convention on Climate
            Change entered into force. Indirect carbon pricing still
            comprises the lion’s share of the global total carbon price,
            and it has stagnated. Taking these policy measures into
            account reveals that many developing countries—particularly
            net fuel importers—contribute substantially to global carbon
            pricing. Tackling fuel subsidy reform and pricing coal and
            natural gas emissions more fully would have a profound
            effect on aligning carbon prices across countries and
            sectors and with their climate costs.","Heine,Dirk","Montes De Oca Leon,Mariza","Pryor,Joseph Dixon Callisto","Hallegatte,Stephane",,,,
217,34094487,World,Policy Research Working Paper,2023-06-15T00:00:00Z,Publications & Research,Policy Research working paper ; no. WPS 10487,"Social Sustainability and the
            Development Process : What Is It, Why Does It Matter, and
            How Can It Be Enhanced ?",http://documents.worldbank.org/curated/en/099741206152335619/pdf/IDU07170b25f089b00406f0b6a40c67d0a1670b5.pdf,/research/2023/06/34094487/social-sustainability-development-process-matter-can-enhanced,http://documents.worldbank.org/curated/en/099741206152335619/IDU07170b25f089b00406f0b6a40c67d0a1670b5,2023/06/34094487/IDU07170b25f089b00406f0b6a40c67d0a1670b5,099741206152335619,Off of Sr VP Dev Econ/Chief Econ (DECVP),http://documents.worldbank.org/curated/en/099741206152335619/IDU07170b25f089b00406f0b6a40c67d0a1670b5,"Barron,Patrick John","Cord,Louise J.","Social Sustainability and the Development
            Process : What Is It, Why Does It Matter, and How Can It Be
            Enhanced ?",34094487,"Development debates frequently focus
            on making economic growth sustainable or ensuring that
            natural resources are used sustainably; such debates rest on
            longstanding scholarship and largely shared understandings
            of how such problems should be addressed. Increasingly,
            there are also calls for development to be socially
            sustainable. Yet the theory and evidence undergirding this
            third “pillar” are comparatively thin, focusing primarily on
            high-income countries and mapping only partially onto a
            coherent policy agenda. This paper seeks to help close these
            gaps by providing (a) a brief history and literature review
            of social sustainability, emphasizing its distinctiveness
            from economic and environmental sustainability; (b) a
            definition and conceptual framework, identifying social
            sustainability’s key components; (c) empirical evidence
            linking these components to mainstream development outcomes;
            and (d) operational insights for promoting social
            sustainability—on its own and as a complement to economic
            and environmental sustainability. The scale and intensity of
            the world’s current development challenges—and their impacts
            not just on economies and the environment but entire
            societies—requires a more robust understanding of their
            social dimensions, what policies and programs should be
            enacted in response, and how such efforts can be implemented
            with local legitimacy and sustained politically over time.","Cuesta Leiva,Jose Antonio","Espinoza,Sabina Anne","Larson,Gregory Michael","Woolcock,Michael",,,,
218,34094526,"Bangladesh,World",Policy Research Working Paper,2023-06-15T00:00:00Z,Publications & Research,Policy Research working paper ; no. WPS 10488,"How Do Agricultural Import
            Tariffs Affect Men and Women Smallholders ? Evidence from Bangladesh",http://documents.worldbank.org/curated/en/099928106152339818/pdf/IDU033d4196f045d8042410819b0b8670d674df3.pdf,/research/2023/06/34094526/agricultural-import-tariffs-affect-men-women-smallholders-evidence-bangladesh,http://documents.worldbank.org/curated/en/099928106152339818/IDU033d4196f045d8042410819b0b8670d674df3,2023/06/34094526/IDU033d4196f045d8042410819b0b8670d674df3,099928106152339818,Off of Sr VP Dev Econ/Chief Econ (DECVP),http://documents.worldbank.org/curated/en/099928106152339818/IDU033d4196f045d8042410819b0b8670d674df3,"Koolwal,Gayatri B.","Grown,Caren","How Do Agricultural Import Tariffs Affect
            Men and Women Smallholders ? Evidence from Bangladesh",34094526,"Using newly available customs data
            from Bangladesh, along with additional administrative and
            survey data, this study examines how variation in import
            tariffs on key agricultural inputs affects men’s and women’s
            agricultural employment and production—given a high degree
            of segmentation among men and women in different
            agricultural activities. In Bangladesh, women and men in
            agriculture are typically smallholders and maintain distinct
            occupations within the sector (women in livestock and
            poultry rearing, and men in crop agriculture). These areas
            are both heavily dependent on imported commodities (grains
            and oilseed for livestock and poultry feed, as well as seeds
            and fertilizer for crop agriculture). The paper shows that
            import tariff rates are much higher on feed-related inputs;
            imported inputs for crop agriculture, such as fertilizer,
            are also heavily subsidized. The paper also shows that the
            higher resulting prices for inputs used in feed are
            significantly negatively associated with employment and
            earnings in poultry and livestock activity, where women are
            heavily concentrated. Among those marketing output, earnings
            also tend to be substantially higher in crop agriculture
            than in livestock/poultry activity, underscoring the need
            for closely examining how import tariffs can affect more
            vulnerable groups. Individual producers are also heavily
            reliant on livestock for own-consumption activity, reducing
            their ability to pass on increased input costs.","Ahmed,Nasiruddin",,,,,,,
219,34098278,Rwanda,Policy Research Working Paper,2023-06-20T00:00:00Z,Publications & Research,"Policy Research working paper ; no. WPS
            10489; Impact Evaluation series","Returns to Soft Skills Training
            in Rwanda",http://documents.worldbank.org/curated/en/099448406202334384/pdf/IDU065fafe530be290477f0a9e80a50bdad3c28f.pdf,/research/2023/06/34098278/returns-soft-skills-training-rwanda,http://documents.worldbank.org/curated/en/099448406202334384/IDU065fafe530be290477f0a9e80a50bdad3c28f,2023/06/34098278/IDU065fafe530be290477f0a9e80a50bdad3c28f,099448406202334384,Off of Sr VP Dev Econ/Chief Econ (DECVP),http://documents.worldbank.org/curated/en/099448406202334384/IDU065fafe530be290477f0a9e80a50bdad3c28f,"Brudevold-Newman,Andrew Peter","Ubfal,Diego Javier",Returns to Soft Skills Training in Rwanda,34098278,"Young adults seeking to enter the
            labor market often confront a skills mismatch with firms
            reporting difficulty finding new entrants with appropriate
            levels of soft skills. This paper reports findings from a
            randomized controlled trial in Rwanda in which recent
            graduates from tertiary education were randomly assigned to
            a two-week intensive soft skills training program developed
            and delivered by staff of the University of Rwanda. Results
            indicate that the program facilitated accelerated entry into
            the labor market in a period characterized by
            COVID-19-related disruptions. These effects dissipated over
            the following year as more jobs became available in the
            economy and the control group's employment caught up
            with that of the treatment group. The paper finds evidence
            of significant job network expansion for participants of the
            training, which could have led to faster labor market entry
            for the treated youth.",,,,,,,,
220,34098318,World,Policy Research Working Paper,2023-06-20T00:00:00Z,Publications & Research,Policy Research working paper ; no. WPS 10490,"Trade Elasticities in Aggregate
            Models : Estimates for 191 Countries",http://documents.worldbank.org/curated/en/099524306202324085/pdf/IDU01ba09ebe0931f04f070a11c0471fc38ea0e2.pdf,/research/2023/06/34098318/trade-elasticities-aggregate-models-estimates-191-countries,http://documents.worldbank.org/curated/en/099524306202324085/IDU01ba09ebe0931f04f070a11c0471fc38ea0e2,2023/06/34098318/IDU01ba09ebe0931f04f070a11c0471fc38ea0e2,099524306202324085,,http://documents.worldbank.org/curated/en/099524306202324085/IDU01ba09ebe0931f04f070a11c0471fc38ea0e2,"Devarajan,Shantayanan","Go,Delfin Sia","Trade Elasticities in Aggregate Models :
            Estimates for 191 Countries",34098318,"Armington’s insight that imports and
            domestically produced goods were imperfect substitutes has
            unleashed extensive estimates of the associated trade
            elasticity, primarily for developed countries. This notion
            of product differentiation, which extends symmetrically to
            exports and domestic goods, has underpinned trade-focused,
            computable general equilibrium models of developing
            countries, including the aggregate, compact version, the
            1–2–3 model. Noting that estimates of trade elasticities for
            developing countries are few, this paper remedies the
            situation. Using the vector error correction model as the
            primary method and controlling for global trends and other
            factors, the analysis derives the long-run elasticity
            estimates for 191 countries, ranging from China (population
            of 1.4 billion) to Tuvalu (11,200), including 45 of 48
            Sub-Saharan African countries and understudied countries
            such as Benin, the Republic of Congo, Niger, Fiji, Haiti,
            Kiribati, and Tajikistan. Import and export elasticities of
            high-income countries average about 1.4, reflecting the
            greater diversity of their economies; developing countries’
            elasticities average around 0.7 for imports and 0.6 for
            exports. Elasticities generally rise with per capita income.
            That the elasticity is greater than one for developed and
            less for developing countries implies asymmetric responses
            to shocks, which conforms to intuition and corroborates the
            analytical results from the 1–2–3 model.","Robinson,Sherman",,,,,,,
221,34098337,"Croatia,Bulgaria,Romania,Hungary,World",Policy Research Working Paper,2023-06-20T00:00:00Z,Publications & Research,Policy Research working paper ; no. WPS 10491,"The Economic Effects of Market
            Integration in the Western Balkans",http://documents.worldbank.org/curated/en/099544006202322289/pdf/IDU062c50b5106fe8046d1080530898bbe45d6fa.pdf,/research/2023/06/34098337/economic-effects-market-integration-western-balkans,http://documents.worldbank.org/curated/en/099544006202322289/IDU062c50b5106fe8046d1080530898bbe45d6fa,2023/06/34098337/IDU062c50b5106fe8046d1080530898bbe45d6fa,099544006202322289,Off of Sr VP Dev Econ/Chief Econ (DECVP),http://documents.worldbank.org/curated/en/099544006202322289/IDU062c50b5106fe8046d1080530898bbe45d6fa,"Gomez Ortiz,Maria Del Mar","Zarate Vasquez,Roman David","The Economic Effects of Market Integration
            in the Western Balkans",34098337,"In the Western Balkans, trade and
            transport policy reforms that reduce waiting time at the
            border by just three hours are equivalent to removing a
            value-based tariff of 2 percent. Reform gains are maximized
            when they are coordinated across economies and implemented
            jointly: cross-border coordination in the implementation of
            the package of national single window and other trade
            facilitation reforms would generate 8 percent higher gains
            than if each economy were to carry out the reforms
            autonomously. The impacts of trade reforms and improvements
            in road infrastructure would be further amplified if Western
            Balkan economies belonged to the European Union, which would
            result in an additional 6 percent boost to welfare.
            Moreover, the accession of Western Balkan economies to the
            European Union would have positive spillover welfare effects
            for countries such as Croatia, Bulgaria, Romania, and
            Hungary, and negligible effects for other EU members.","Taglioni,Daria",,,,,,,
222,34098645,World,Policy Research Working Paper,2023-06-20T00:00:00Z,Publications & Research,"Policy Research working paper ; no. WPS
            10492;  Paper is funded by the Knowledge for Change Program (KCP)","Filling the Gaps : Childcare Laws
            for Women's Economic Empowerment",http://documents.worldbank.org/curated/en/099018006212310610/pdf/IDU0c29425380315704ea90bf020573349106bf8.pdf,/research/2023/06/34098645/filling-gaps-childcare-laws-womens-economic-empowerment,http://documents.worldbank.org/curated/en/099018006212310610/IDU0c29425380315704ea90bf020573349106bf8,2023/06/34098645/IDU0c29425380315704ea90bf020573349106bf8,099018006212310610,Off of Sr VP Dev Econ/Chief Econ (DECVP),http://documents.worldbank.org/curated/en/099018006212310610/IDU0c29425380315704ea90bf020573349106bf8,S Anukriti,"Dinarte Diaz,Lelys Ileana","Filling the Gaps : Childcare Laws for
            Women's Economic Empowerment",34098645,"This paper aims to provide global
            evidence on whether and what attributes of laws governing
            the provision of childcare services affect women's
            labor market outcomes. It merges country-year-level data
            from the World Bank's Women, Business and the Law
            database, which documents childcare laws across countries,
            with data on women's labor force participation from
            ILOSTAT. Using a difference-in-difference estimation
            framework, the analysis finds that the enactment of
            childcare laws increases women's labor force
            participation by 2 percent, on average. Moreover, the effect
            increases over time, reaching up to 4 percent five years
            after an enactment. This effect is driven by women who are
            married, have completed less than primary education, and are
            between the ages of 35 and 44. Lastly, regulation of the
            availability and affordability of childcare has a similar
            impact on female labor force participation, whereas the
            effect of quality regulation is smaller.","Elefante,Marina","Montoya Aguirre,Maria","Sakhonchik,Alena",,,,,
223,34099104,Mexico,Policy Research Working Paper,2023-06-21T00:00:00Z,Publications & Research,Policy Research working paper ; no. WPS 10493,"Why Do People Move across State
            Borders ? Evidence from Mexico",http://documents.worldbank.org/curated/en/099504206212365133/pdf/IDU05ebbfd860bca504e060bad70b7864feff0ac.pdf,/research/2023/06/34099104/people-move-across-state-borders-evidence-mexico,http://documents.worldbank.org/curated/en/099504206212365133/IDU05ebbfd860bca504e060bad70b7864feff0ac,2023/06/34099104/IDU05ebbfd860bca504e060bad70b7864feff0ac,099504206212365133,,http://documents.worldbank.org/curated/en/099504206212365133/IDU05ebbfd860bca504e060bad70b7864feff0ac,"Saavedra Facusse,Trinidad Berenice","Inchauste Comboni,Maria Gabriela","Why Do People Move across State Borders ?
            Evidence from Mexico",34099104,"This study uses the 2020 Census to
            explore the determinants of interstate migration in Mexico
            between 2015 and 2020 and the earnings gains from migration.
            The study analyzes both spatial characteristics (push and
            pull factors in the origin and destination states) and
            individual factors that influence the decision to migrate
            and where to migrate. Push and pull factors are assessed
            using a gravity-type model. Individual factors are analyzed
            using a multinomial regression model that accounts for
            migration reasons. Subsequently, the study measures the
            impact of internal migration on labor income. Earnings gains
            are estimated using a double selection model that accounts
            simultaneously for the decisions to migrate and to work.
            Finally, the paper discusses some policy recommendations
            that could help leverage internal migration potential for
            improving women's labor market outcomes.",,,,,,,,
224,34099220,West Bank and Gaza,Policy Research Working Paper,2023-06-21T00:00:00Z,Publications & Research,Policy Research working paper ; no. WPS 10494,"A Tale of Two Surveys : Comparing
            the Outcomes of an In-Person and Web-Based Survey of Mental
            Health in the West Bank and Gaza",http://documents.worldbank.org/curated/en/099749306212335845/pdf/IDU06ae9560f0dd1004b440b9c90c0ee1da42011.pdf,/research/2023/06/34099220/tale-two-surveys-comparing-outcomes-in-person-web-based-survey-mental-health-west-bank-gaza,http://documents.worldbank.org/curated/en/099749306212335845/IDU06ae9560f0dd1004b440b9c90c0ee1da42011,2023/06/34099220/IDU06ae9560f0dd1004b440b9c90c0ee1da42011,099749306212335845,Off of Sr VP Dev Econ/Chief Econ (DECVP),http://documents.worldbank.org/curated/en/099749306212335845/IDU06ae9560f0dd1004b440b9c90c0ee1da42011,"Finn,Arden Jeremy","Anderson,Jessica Marie","A Tale of Two Surveys : Comparing the
            Outcomes of an In-Person and Web-Based Survey of Mental
            Health in the West Bank and Gaza",34099220,"Internet surveys may never replace
            in-person surveys as a gold standard, but they remain
            important tools for rapid, remote, and low-cost data
            collection. The West Bank and Gaza Poverty and Equity team
            had a unique opportunity to compare a Facebook survey with
            an in-person survey covering conflict exposure and
            potentially associated socioeconomic and mental health
            outcomes over a similar time period. It is reasonable to
            expect that the estimates from internet surveys and
            in-person surveys would differ. In this case, the Facebook
            survey estimates more severe outcomes (e.g., higher exposure
            to conflict and worse mental health) than its in-person
            counterpart for most topics and populations. Multiple
            mechanisms may have contributed to this difference in
            estimates, including overrepresentation in the Facebook
            sample of respondents who were interested in the survey
            topics, reduced sensitivity bias in the context of a
            self-administered online questionnaire, and reporting more
            severe outcomes than personally experienced to encourage
            resource flows to perceived needs. Estimated outcomes tend
            to be more similar for people in Gaza, possibly because of
            greater homogeneity in socioeconomic experiences and
            exposure to violent conflict and broader interest in a
            survey on the effects of the May 2021 violence. The main
            results are robust to different ways of controlling for
            observable characteristics; neither alternative weights nor
            sample restrictions erase the systematic differences between
            the surveys.","Aghajanian,Alia Jane",,,,,,,
225,34099948,Brazil,Policy Research Working Paper,2023-06-22T00:00:00Z,Publications & Research,Policy Research working paper ; no. WPS 10495,"Poverty and Inequality
            Implications of Fiscal Policies : The Case of Brazil",http://documents.worldbank.org/curated/en/099423406222337139/pdf/IDU07d8faca60e1940410d093030b2726e376e29.pdf,/research/2023/06/34099948/poverty-inequality-implications-fiscal-policies-case-brazil,http://documents.worldbank.org/curated/en/099423406222337139/IDU07d8faca60e1940410d093030b2726e376e29,2023/06/34099948/IDU07d8faca60e1940410d093030b2726e376e29,099423406222337139,Off of Sr VP Dev Econ/Chief Econ (DECVP),http://documents.worldbank.org/curated/en/099423406222337139/IDU07d8faca60e1940410d093030b2726e376e29,"Lara Ibarra,Gabriel","Cabrera,Maynor Vinicio","Poverty and Inequality Implications of
            Fiscal Policies : The Case of Brazil",34099948,"This paper investigates the impacts
            of the Brazilian fiscal system on poverty and inequality,
            with a focus on the effects on vulnerable populations.
            Leveraging a broadly applied and accepted methodology and
            several household surveys and administrative data, the paper
            shows that Brazilian fiscal policies in 2019 were typically
            poverty- and inequality-reducing, but with a large
            heterogeneity in the effectiveness of fiscal tools. The
            poverty impacts of fiscal policies increased over time due
            to direct transfers. Income inequality reduction is among
            the highest in a comparable set of middle-income countries,
            yet the post-fiscal Gini is still high at 0.521. The results
            indicate that elderly people are the largest beneficiaries
            of the fiscal system and households with children experience
            a smaller decline in poverty from government transfers
            compared to those with no children. At the individual level,
            the findings also show that children and young adolescents
            (ages 0–15) were made poorer after taxes and transfers,
            which suggests that Brazilian fiscal policies in 2019 also
            increased poverty rates for some population groups. These
            findings contribute to provide a comprehensive overview of
            the fiscal system in Brazil and have wide-ranging
            consequences for the formulation of public policies.","Canozzi Conceicao,Otavio","Campante Cardoso Vale,Ricardo",,,,,,
226,34099967,Europe,Policy Research Working Paper,2023-06-22T00:00:00Z,Publications & Research,Policy Research working paper ; no. WPS 10496,"The Impact of the Transition and
            EU Membership on the Returns to Schooling in Europe",http://documents.worldbank.org/curated/en/099440406222312954/pdf/IDU0aae38f840adb00420e0b9bd0f1b523253ba1.pdf,/research/2023/06/34099967/impact-transition-eu-membership-returns-schooling-europe,http://documents.worldbank.org/curated/en/099440406222312954/IDU0aae38f840adb00420e0b9bd0f1b523253ba1,2023/06/34099967/IDU0aae38f840adb00420e0b9bd0f1b523253ba1,099440406222312954,,http://documents.worldbank.org/curated/en/099440406222312954/IDU0aae38f840adb00420e0b9bd0f1b523253ba1,"Patrinos,Harry Anthony","Rivera-Olvera,Angelica","The Impact of the Transition and EU
            Membership on the Returns to Schooling in Europe",34099967,"Countries across Eastern Europe and
            Central Asia are in their third decade of independence. What
            impact does this have on the skills premium and does
            accession to the European Union have an impact on the
            returns to education The returns to education in 28
            transition and 20 non-transition countries in Europe and
            Central Asia are analyzed using panel data analysis and
            difference-in-difference methods to estimate the impact of
            transition and EU accession. It is found that the transition
            from a centrally planned economy to a market economy
            increases the returns to schooling in post-socialist
            countries positively and significantly, especially through
            the EU accession channel.",,,,,,,,
227,34100000,"Latin America & Caribbean,Latin America",Policy Research Working Paper,2023-06-22T00:00:00Z,Publications & Research,Policy Research working paper ; no. WPS 10497,"Considering Labor Informality in
            Forecasting Poverty and Inequality: A Microsimulation Model
            for Latin American and Caribbean Countries",http://documents.worldbank.org/curated/en/099516206222334188/pdf/IDU0847415ac0dc78040150bdd90714b239a7bb9.pdf,/research/2023/06/34100000/considering-labor-informality-forecasting-poverty-inequality-microsimulation-model-latin-american-caribbean-countries,http://documents.worldbank.org/curated/en/099516206222334188/IDU0847415ac0dc78040150bdd90714b239a7bb9,2023/06/34100000/IDU0847415ac0dc78040150bdd90714b239a7bb9,099516206222334188,,http://documents.worldbank.org/curated/en/099516206222334188/IDU0847415ac0dc78040150bdd90714b239a7bb9,"Montoya Munoz,Kelly Yelitza","Olivieri,Sergio Daniel","Considering Labor Informality in Forecasting
            Poverty and Inequality: A Microsimulation Model for Latin
            American and Caribbean Countries",34100000,"Economists have long been interested
            in measuring the poverty and distributional impacts of
            macroeconomic projections and shocks. In this sense,
            microsimulation models have been widely used to estimate the
            distributional effects since they allow accounting for
            several transmission channels through which macroeconomic
            forecasts could impact individuals and households. This
            paper innovates previous microsimulation methodology by
            introducing more flexibility in labor earnings, considering
            intra-sectoral variation according to the formality status,
            and assessing its effect on forecasting country-level
            poverty, inequality, and other distributive indicators. The
            results indicate that the proposed methodology accurately
            estimates the intensity of poverty in the most immediate
            years indistinctively of how labor income is simulated.
            However, allowing for more intra-sectoral variation in labor
            income leads to more accurate projections in poverty and
            across the income distribution, with gains in performance in
            the middle term, especially in atypical years such as 2020.","Silveira Braga,Cicero Augusto",,,,,,,
228,34102065,Colombia,Policy Research Working Paper,2023-06-26T00:00:00Z,Publications & Research,Policy Research working paper ; no. WPS 10498,"Learning Poverty at the Local
            Level in Colombia",http://documents.worldbank.org/curated/en/099229306262386770/pdf/IDU1e1e2ab871939214aec1b0541a7670688cd52.pdf,/research/2023/06/34102065/learning-poverty-local-level-colombia,http://documents.worldbank.org/curated/en/099229306262386770/IDU1e1e2ab871939214aec1b0541a7670688cd52,2023/06/34102065/IDU1e1e2ab871939214aec1b0541a7670688cd52,099229306262386770,Off of Sr VP Dev Econ/Chief Econ (DECVP),http://documents.worldbank.org/curated/en/099229306262386770/IDU1e1e2ab871939214aec1b0541a7670688cd52,"Demombynes,Gabriel",,Learning Poverty at the Local Level in Colombia,34102065,"This paper extends the concept of
            learning poverty to provide local-level estimates of the
            share of children at age 10 who can read and understand a
            simple text in Colombia. The learning poverty indicator
            combines the share of children who are out of school and
            thus schooling deprived with the share of those in school
            who are learning deprived based on reading tests.
            Local-level estimates illustrate the immense gaps in
            learning poverty across municipalities in Colombia in a
            readily interpretable form. Learning poverty rates in some
            Colombian municipalities are below 20 percent—the average
            among high-income countries—while in others, rates exceed 90
            percent—the average in Sub-Saharan Africa. High learning
            poverty rates at the local level are associated with high
            levels of multidimensional poverty, a large population share
            of ethnic minorities, and a history of conflict. The paper
            also shows that the rate of learning deprivation is 60
            percent is public schools versus 30 percent in private
            schools and that reports from school principals identify
            large gaps between public and private schools in educational
            inputs. These results highlight the need to enhance
            foundational skills in public schools in Colombia.",,,,,,,,
229,34102069,"Egypt, Arab Republic of",Policy Research Working Paper,2023-06-26T00:00:00Z,Publications & Research,"Policy Research working paper ; no. WPS
            10499; MNACE labor and gender research programs","The Early Career Dynamics of
            Informality and Underemployment : Evidence from the Arab
            Republic of Egypt",http://documents.worldbank.org/curated/en/099240206262330559/pdf/IDU0357ff64b03e5604b1a0988d0ccc34d9512c4.pdf,/research/2023/06/34102069/early-career-dynamics-informality-underemployment-evidence-arab-republic-egypt,http://documents.worldbank.org/curated/en/099240206262330559/IDU0357ff64b03e5604b1a0988d0ccc34d9512c4,2023/06/34102069/IDU0357ff64b03e5604b1a0988d0ccc34d9512c4,099240206262330559,Off of Sr VP Dev Econ/Chief Econ (DECVP),http://documents.worldbank.org/curated/en/099240206262330559/IDU0357ff64b03e5604b1a0988d0ccc34d9512c4,"Ferhat,Samia","Joubert,Clement Jean Edouard","The Early Career Dynamics of Informality and
            Underemployment : Evidence from the Arab Republic of Egypt",34102069,"This paper studies the early career
            dynamics of employment and formality using data from the
            Arab Republic of Egypt. With 14 rounds of Egypt’s labor
            force surveys several measures of informality and
            underemployment are constructed to examine how the labor
            market conditions faced by young men when they exit school
            shape their future employment trajectories. Employment
            outcomes at different levels of potential experience are
            linked to cross-cohort, cross-regional and cross-schooling
            level variation in labor market conditions at graduation to
            achieve identification. The results show that cohorts of
            Egyptian men who enter a labor market in which employment
            rates are high (low) are only better (worse) off for a few
            years. These fast mean reversals stand in contrast to the
            typical finding from rich countries that scarring effects
            persist through the first decade of a worker’s career.",,,,,,,,
230,34102106,Lithuania,Policy Research Working Paper,2023-06-26T00:00:00Z,Publications & Research,"Policy Research working paper ; no. WPS
            10500; Impact Evaluation series","Corporate Responses to Size-Based
            Tax Rates in Lithuania",http://documents.worldbank.org/curated/en/099313106262317603/pdf/IDU0e3c1b6c300a6c045390bb860c3c2931a384f.pdf,/research/2023/06/34102106/corporate-responses-size-based-tax-rates-lithuania,http://documents.worldbank.org/curated/en/099313106262317603/IDU0e3c1b6c300a6c045390bb860c3c2931a384f,2023/06/34102106/IDU0e3c1b6c300a6c045390bb860c3c2931a384f,099313106262317603,Off of Sr VP Dev Econ/Chief Econ (DECVP),http://documents.worldbank.org/curated/en/099313106262317603/IDU0e3c1b6c300a6c045390bb860c3c2931a384f,"Garriga,Pablo","De Gouvea Scot De Arruda,Thiago","Corporate Responses to Size-Based Tax Rates
            in Lithuania",34102106,"This paper studies how firms respond
            to differential, size-based tax rates using administrative
            tax data in Lithuania. Exploiting a notch in the tax
            schedule faced by corporations, it documents strong
            behavioral responses to tax incentives— revenue elasticity
            is estimated at 0.35 and cost elasticity at −1.3, implying a
            large total profit elasticity of 7.4. It then leverages the
            panel structure of the data to provide insights on the
            dynamic effects of these tax incentives. Firms located close
            to but below the notch report systematically lower revenue
            growth in the short term, but the effects dissipate over time.",,,,,,,,
231,34102147,World,Policy Research Working Paper,2023-06-26T00:00:00Z,Publications & Research,Policy Research working paper ; no. WPS 10501,"A Survey of Judicial
            Effectiveness : The Last Quarter Century of Empirical Evidence",http://documents.worldbank.org/curated/en/099330206262335739/pdf/IDU0c20eb45a08f4504cee09199072bada1c4771.pdf,/research/2023/06/34102147/survey-judicial-effectiveness-last-quarter-century-empirical-evidence,http://documents.worldbank.org/curated/en/099330206262335739/IDU0c20eb45a08f4504cee09199072bada1c4771,2023/06/34102147/IDU0c20eb45a08f4504cee09199072bada1c4771,099330206262335739,,http://documents.worldbank.org/curated/en/099330206262335739/IDU0c20eb45a08f4504cee09199072bada1c4771,"Bosio,Erica",,"A Survey of Judicial Effectiveness : The
            Last Quarter Century of Empirical Evidence",34102147,"Courts around the world are often
            perceived to be ineffective in the delivery of justice. The
            resolution of cases takes too long, costs too much, and is
            biased in favor of the rich and politically connected. These
            stylized facts motivate judicial reform. With the benefit of
            a quarter century of empirical research, this paper finds
            that judicial reform is successful in improving court
            effectiveness when it coincides with or is motivated by
            periods of extraordinary politics. The paper studies the
            four most discussed ingredients of judicial effectiveness –
            independence, access, efficiency, and quality – and finds
            that transformative judicial reform is most likely to
            succeed in countries emerging from conflict and violence or
            those that are pursuing accession to regional or
            international groups. Absent such conditions, reformers are
            better off focusing on the adoption of procedural rules that
            increase the effectiveness of the existing judicial system.
            The survey highlights procedural reforms that deliver better outcomes.",,,,,,,,
232,34102153,World,Policy Research Working Paper,2023-06-26T00:00:00Z,Publications & Research,Policy Research working paper ; no. WPS 10502,"How Prevalent Are
            Credit-Constrained Firms in the Formal Private Sector ?
            Evidence Using Global Surveys",http://documents.worldbank.org/curated/en/099344506262340821/pdf/IDU00bc67ef80419304a7c083000a12355f3b316.pdf,/research/2023/06/34102153/prevalent-credit-constrained-firms-formal-private-sector-evidence-using-global-surveys,http://documents.worldbank.org/curated/en/099344506262340821/IDU00bc67ef80419304a7c083000a12355f3b316,2023/06/34102153/IDU00bc67ef80419304a7c083000a12355f3b316,099344506262340821,Off of Sr VP Dev Econ/Chief Econ (DECVP),http://documents.worldbank.org/curated/en/099344506262340821/IDU00bc67ef80419304a7c083000a12355f3b316,"Islam,Asif Mohammed","Rodriguez Meza,Jorge Luis","How Prevalent Are Credit-Constrained Firms
            in the Formal Private Sector ? Evidence Using Global Surveys",34102153,"This study develops a measure of
            firm-level credit constraints by leveraging refinements in
            survey instruments for a widely used database. Using data on
            more than 65,000 firms across 109 economies, the study
            uncovers several insights. Around 30 percent of firms in the
            formal private sector are credit constrained. Firms that are
            credit-constrained tend to be smaller and negatively
            correlated with performance. The more developed the economy,
            the lower the share of credit-constrained firms. One
            striking finding is that 52 percent of firms do not apply
            for loans as they have sufficient credit. For some
            economies, this may be more indicative of poor opportunities
            for the expansion of firms and thus the lack of demand for
            credit. The findings suggest that for policies that improve
            access to credit to be effective, they should go hand in
            hand with interventions that provide opportunities for firms
            to expand.",,,,,,,,
233,34102317,World,Policy Research Working Paper,2023-06-26T00:00:00Z,Publications & Research,"Policy Research working paper ; no. WPS
            10503; Impact Evaluation series","Psychology, Skills, or Cash ?
            Evidence on Complementary Investments for Anti-Poverty Programs",http://documents.worldbank.org/curated/en/099803306262336142/pdf/IDU0191a83d105c1504a1409e170efcb5c99fde1.pdf,/research/2023/06/34102317/psychology-skills-or-cash-evidence-complementary-investments-anti-poverty-programs,http://documents.worldbank.org/curated/en/099803306262336142/IDU0191a83d105c1504a1409e170efcb5c99fde1,2023/06/34102317/IDU0191a83d105c1504a1409e170efcb5c99fde1,099803306262336142,,http://documents.worldbank.org/curated/en/099803306262336142/IDU0191a83d105c1504a1409e170efcb5c99fde1,"Lang,Megan Elizabeth","Soule,Edward","Psychology, Skills, or Cash ? Evidence on
            Complementary Investments for Anti-Poverty Programs",34102317,"Growing evidence on the links between
            poverty and psychology has prompted increased interest in
            the psychosocial impacts of economic interventions and the
            economic impacts of psychologically motivated interventions.
            In practice, psychologically motivated programs typically
            comprise one of many components in multifaceted poverty
            alleviation programs. This paper asks, what are the benefits
            of allocating complementary, marginal investments in
            anti-poverty programs towards skills development or
            psychologically-targeted interventions versus direct
            economic assistance The paper benchmarks two program-based
            investments against an unconditional cash transfer by
            randomly assigning participants in an existing anti-poverty
            program to one of three groups. The first is
            psychologically-targeted. It focuses on promoting
            self-confidence, sense of value and self-worth, and
            perceived social status. The second targets specific skills:
            goal setting, public speaking, and networking. Both
            program-based investments cost around USD \$35 per
            participant, motivating a benchmark, cost-equivalent
            unconditional cash transfer. The findings show that the
            psychologically-targeted intervention significantly improves
            psychosocial outcomes but shows no economic gains relative
            to cash, while the skills-based program improves economic
            outcomes with few effects on psychosocial outcomes. The
            results illustrate that low-cost psychologically-targeted
            and skills-based interventions can be effective marginal
            investments relative to a small cash transfer, but their
            benefits may accrue in different domains.","Tinsley,Catherine H.",,,,,,,
234,34103035,World,Policy Research Working Paper,2023-06-27T00:00:00Z,Publications & Research,Policy Research working paper ; no. WPS 10504,"Natural Disaster, Infrastructure,
            and Income Distribution : Empirical Evidence from Global Data",http://documents.worldbank.org/curated/en/099312406272326097/pdf/IDU018bdbef90c42104d730a46700d5b8c4c1c83.pdf,/research/2023/06/34103035/natural-disaster-infrastructure-income-distribution-empirical-evidence-global-data,http://documents.worldbank.org/curated/en/099312406272326097/IDU018bdbef90c42104d730a46700d5b8c4c1c83,2023/06/34103035/IDU018bdbef90c42104d730a46700d5b8c4c1c83,099312406272326097,Off of Sr VP Dev Econ/Chief Econ (DECVP),http://documents.worldbank.org/curated/en/099312406272326097/IDU018bdbef90c42104d730a46700d5b8c4c1c83,"Song,Ze","Hochman,Gal","Natural Disaster, Infrastructure, and Income
            Distribution : Empirical Evidence from Global Data",34103035,"Natural disasters—such as flooding,
            hurricanes, and earthquakes—have, on average, affected 130
            million people and caused more than 40,000 deaths annually
            worldwide over the past three decades. The average annual
            value of property damage is estimated at more than 90
            billion dollars globally. Corresponding relief and
            reconstruction packages measuring in billions of dollars
            over the past three decades have brought large new
            investments and the formation of new capital assets. The
            literature has debated the distributional impacts of natural
            disasters across households by income group. Most studies
            focus on a specific country or region, and the findings do
            not converge. Some find that natural disasters reduce income
            inequality, while others report the opposite. This study
            adds new empirical evidence on the impacts of natural
            disasters on income inequality by pooling data from 130
            countries for 1990–2017. The study employs the generalized
            synthetic control method, which involves identifying the
            causal effects by comparing the actual post-disaster Gini
            index for treated countries with a counterfactual. The data
            are from the EM-DAT database maintained by the Centre for
            Research on the Epidemiology of Disasters and covers 70
            percent of natural disasters globally. The key finding of
            the study is that catastrophic natural disasters have
            negative relationships with inequality, as measured by the
            Gini index, in both the short and long run. The study also
            discusses potential mechanisms, such as physical
            infrastructure, disruptive creation, institutions, political
            revolution, and financial aid, to further explain findings
            from the empirical analysis.","Timilsina,Govinda R.",,,,,,,
235,34103057,"India,South Asia",Policy Research Working Paper,2023-06-27T00:00:00Z,Publications & Research,Policy Research working paper ; no. WPS 10505,"(Perceptions of) Inequality,
            Demand for Redistribution, and Group-Specific Public Goods :
            A Survey Experiment in India",http://documents.worldbank.org/curated/en/099327306272389793/pdf/IDU047e044f00da06048ce09a590f49d3291f051.pdf,/research/2023/06/34103057/perceptions-inequality-demand-redistribution-group-specific-public-goods-survey-experiment-india,http://documents.worldbank.org/curated/en/099327306272389793/IDU047e044f00da06048ce09a590f49d3291f051,2023/06/34103057/IDU047e044f00da06048ce09a590f49d3291f051,099327306272389793,,http://documents.worldbank.org/curated/en/099327306272389793/IDU047e044f00da06048ce09a590f49d3291f051,"Bussolo,Maurizio","Dixit,Akshay Govind","(Perceptions of) Inequality, Demand for
            Redistribution, and Group-Specific Public Goods : A Survey
            Experiment in India",34103057,"This paper uses data from a survey of
            116,061 households in India to study people’s beliefs about
            inequality and demand for redistribution. The findings show
            that a household’s beliefs about inequality, implied by the
            perception of their position on the income distribution, is
            negatively correlated with support for reducing inequality.
            This is relevant since there are significant differences
            between where individuals believe their household stands and
            their actual position, with the gap between perceived and
            actual position exceeding two deciles on average. Despite
            these large differences, informing individuals of their
            household’s position on the income distribution has no
            discernible effect on support for reducing inequality. The
            paper posits that demand for redistribution may be
            unresponsive to this information because it is based on
            exclusively on household’s income and does not account for
            the sharing of resources within communities. In communities
            where group-specific public goods, such as religious and
            social goods, are present, class antagonism and
            redistribution are mitigated by community solidarity.
            Households benefit from these goods, and such benefits alter
            the individuals’ beliefs of inequality. Consistent with this
            prediction, the average individual perceives their household
            as richer in districts with a greater supply of religious or
            social goods. The sharing of resources within religious or
            ethnic groups can shape perceptions of the income
            distribution and reduce support for redistribution within
            these groups, and thus requires serious consideration in
            studies of inequality.",,,,,,,,
236,34103089,World,Policy Research Working Paper,2023-06-27T00:00:00Z,Publications & Research,Policy Research working paper ; no. WPS 10506,"Who Should Drive Green Technology
            Transitions in Developing Countries : State-Owned
            Enterprises versus Private Firms",http://documents.worldbank.org/curated/en/099340506272328622/pdf/IDU02c6bd7a505763045de0bf370d4a9425ee183.pdf,/research/2023/06/34103089/drive-green-technology-transitions-developing-countries-state-owned-enterprises-versus-private-firms,http://documents.worldbank.org/curated/en/099340506272328622/IDU02c6bd7a505763045de0bf370d4a9425ee183,2023/06/34103089/IDU02c6bd7a505763045de0bf370d4a9425ee183,099340506272328622,Off of Sr VP Dev Econ/Chief Econ (DECVP),http://documents.worldbank.org/curated/en/099340506272328622/IDU02c6bd7a505763045de0bf370d4a9425ee183,"Dato,Prudence Zowadan","Krysiak,Frank","Who Should Drive Green Technology
            Transitions in Developing Countries : State-Owned
            Enterprises versus Private Firms",34103089,"Green technologies, such as renewable
            energy, often require adaptation to local conditions, such
            as high humidity, high altitudes or the specifics of a
            country’s infrastructure, to achieve a maximal technical
            efficiency and a long lifetime of investments. This poses a
            problem for green technology transitions, as adaptations
            usually imply protected intellectual property rights and
            thus market imperfections that can lead to higher prices and
            thereby a lower uptake of the green technology. An
            alternative could be to use state-owned enterprises to adapt
            and promote green technologies, such as public utilities,
            which are more easily steered toward pursuing societal
            objectives. However, many empirical studies find state-owned
            enterprises to be less efficient. This theoretical
            contribution investigates the question whether a green
            technology transition that requires research and development
            is better driven by private firms or state-owned
            enterprises. The paper adapts a model to this setting,
            derives possible market outcomes from this model,
            investigates research and development and production
            decisions of private firms and a state-owned enterprise, and
            compares the welfare implications of the two options. The
            results show that there are cases where the cost
            inefficiency of the state-owned enterprise dominates (for
            example, if competition of directly importing firms reduces
            possible markups of private innovating firms), but also
            cases where a state-owned enterprise is the preferred choice
            (for example, if several private firms would adapt the
            technology, causing over-innovation). Most importantly, this
            is not solely a question of comparing costs, but rather of
            comparing market outcomes. For example, the use of a
            state-owned enterprise can avoid the often found problem of
            overinvestment in research and development by private firms
            and, in many cases, a state-owned enterprise will induce a
            wider diffusion of the green technology.","Nolde,Christian","Timilsina,Govinda R.",,,,,,
237,34103100,World,Policy Research Working Paper,2023-06-27T00:00:00Z,Publications & Research,"Policy Research working paper ; no. WPS
            10507; Impact Evaluation series","Violent Discipline and Parental
            Behavior : Short- and Medium-term Effects of Virtual
            Parenting Support to Caregivers",http://documents.worldbank.org/curated/en/099403206272383698/pdf/IDU01c5a079802dfe04f550b1840d3addbe051cc.pdf,/research/2023/06/34103100/violent-discipline-parental-behavior-short--medium-term-effects-virtual-parenting-support-caregivers,http://documents.worldbank.org/curated/en/099403206272383698/IDU01c5a079802dfe04f550b1840d3addbe051cc,2023/06/34103100/IDU01c5a079802dfe04f550b1840d3addbe051cc,099403206272383698,,http://documents.worldbank.org/curated/en/099403206272383698/IDU01c5a079802dfe04f550b1840d3addbe051cc,"Dinarte Diaz,Lelys Ileana","Ravindran,Saravana","Violent Discipline and Parental Behavior :
            Short- and Medium-term Effects of Virtual Parenting Support
            to Caregivers",34103100,"Approximately 75% of children aged 2
            to 4 worldwide are regularly subjected to violent discipline
            across the globe. This paper studies the impact of a
            virtually-delivered intervention on positive parenting
            practices in Jamaica. Short-term results indicate that the
            intervention improves caregiver knowledge (0.52 SD) and
            attitudes around violence (0.2 SD) and leads to meaningful
            changes in caregiver disciplining behaviors, with a 0.12 SD
            reduction in violence against children. Treatment children
            also experience fewer emotional problems (0.17 SD).
            Medium-term results (nine months later) show reductions in
            caregiver depression (0.12 SD), anxiety (0.16 SD), and
            parental stress (0.16 SD) for treatment caregivers. The
            virtual delivery has important scalable policy implications
            which could help decrease violence against children across
            the globe.","Shah,Manisha","Powers,Shawn Michael","Baker-Henningham,Helen",,,,,
238,34103141,India,Policy Research Working Paper,2023-06-27T00:00:00Z,Publications & Research,Policy Research working paper ; no. WPS 10508,"Over-Drilling : Local
            Externalities and the Social Cost of Electricity Subsidies
            for Groundwater Pumping",http://documents.worldbank.org/curated/en/099508406272329149/pdf/IDU157a8b4831c350141141b7e813f7752e1a5de.pdf,/research/2023/06/34103141/over-drilling-local-externalities-social-cost-electricity-subsidies-groundwater-pumping,http://documents.worldbank.org/curated/en/099508406272329149/IDU157a8b4831c350141141b7e813f7752e1a5de,2023/06/34103141/IDU157a8b4831c350141141b7e813f7752e1a5de,099508406272329149,Off of Sr VP Dev Econ/Chief Econ (DECVP),http://documents.worldbank.org/curated/en/099508406272329149/IDU157a8b4831c350141141b7e813f7752e1a5de,"Bueren,Jesus","Gine,Xavier","Over-Drilling : Local Externalities and the
            Social Cost of Electricity Subsidies for Groundwater Pumping",34103141,"Borewells for groundwater extraction
            have proliferated across South Asia, encouraged by
            subsidized electricity for pumping. Because borewells
            operating near one another experience mutually attenuated
            discharges and higher failure rates, farmers deciding
            whether and when to drill interact strategically with
            potentially many neighbors through the spatial network of
            agricultural plots. To incorporate such interactions in
            policy counterfactuals, this paper estimates a dynamic
            discrete network game of well-drilling using plot-level
            panel data from two states of southern India. The current
            regime of free (but rationed) electricity is then compared
            against an annual tax on all functioning borewells that
            fully defrays electricity costs. The cost-recovery tax, by
            reining in over-drilling, eliminates a deadweight loss of
            170 USD per acre of land with groundwater potential, 30% of
            the fiscal cost of the subsidy. Further, taxing borewells at
            a rate 18% higher than annual electricity costs (to address
            the negative externalities) is socially optimal. The model
            estimates also suggest a practical compensation scheme to
            build farmer support for electricity price reform.","Jacoby,Hanan G.","Mira,Pedro",,,,,,
239,34103231,World,Policy Research Working Paper,2023-06-27T00:00:00Z,Publications & Research,Policy Research working paper ; no. WPS 10510,"Power Constraints and Firm-Level
            Total Factor Productivity in Developing Countries",http://documents.worldbank.org/curated/en/099703406272317386/pdf/IDU0431050dd0a9530424d0a8c80fd5ee66c49eb.pdf,/research/2023/06/34103231/power-constraints-firm-level-total-factor-productivity-developing-countries,http://documents.worldbank.org/curated/en/099703406272317386/IDU0431050dd0a9530424d0a8c80fd5ee66c49eb,2023/06/34103231/IDU0431050dd0a9530424d0a8c80fd5ee66c49eb,099703406272317386,Off of Sr VP Dev Econ/Chief Econ (DECVP),http://documents.worldbank.org/curated/en/099703406272317386/IDU0431050dd0a9530424d0a8c80fd5ee66c49eb,"Apeti,Ablam Estel","Ly,Alpha","Power Constraints and Firm-Level Total
            Factor Productivity in Developing Countries",34103231,"This paper analyzes the effects of
            power outages and constraints on manufacturing firms’
            revenue-based total factor productivity in developing
            countries. The empirical analysis is based on the World Bank
            Enterprise Surveys dataset for 84 countries over 2006–2019.
            The paper starts by showing statistically that firms facing
            power outages differ and operate in very different
            environments compared to firms not facing power outages,
            underlining a potential nonrandom issue of the treatment
            variable. The matching-based approach (entropy balancing) is
            designed to contain this type of bias. It shows that power
            outages negatively and significantly affect firm-level
            revenue-based total factor productivity, with a 9 percent
            lower unconditional average productivity for exposed firms
            compared to nonexposed firms. Moreover, the estimates
            suggest a connection between the severity of self-reported
            power constraints or obstacles by firms and the magnitude of
            revenue-based total factor productivity loss. The results
            also indicate that the effect of power outages on firm-level
            revenue-based total factor productivity could be influenced
            by the stage of economic development (low-income countries,
            lower-middle-income countries, upper-middle-income
            countries), and the ability of firms to engage in research
            and development and purchase backup generators. These
            findings suggest that to ensure economic development, the
            government should provide a stable power supply that can
            mitigate the negative shocks faced by manufacturing firms
            and enhance their productivity and competitiveness, allowing
            them to drive economic growth.",,,,,,,,
240,34103328,Kuwait,Policy Research Working Paper,2023-06-27T00:00:00Z,Publications & Research,"Policy Research working paper ; no. WPS
            10509; MNACE labor and gender research programs","Female-Worker Representation
            Effect : Gender Pay Variation in the Kuwaiti Civil Service",http://documents.worldbank.org/curated/en/099933206272311953/pdf/IDU0c6265d500cef20460f0a7db0f2dbebe73b23.pdf,/research/2023/06/34103328/female-worker-representation-effect-gender-pay-variation-kuwaiti-civil-service,http://documents.worldbank.org/curated/en/099933206272311953/IDU0c6265d500cef20460f0a7db0f2dbebe73b23,2023/06/34103328/IDU0c6265d500cef20460f0a7db0f2dbebe73b23,099933206272311953,Off of Sr VP Dev Econ/Chief Econ (DECVP),http://documents.worldbank.org/curated/en/099933206272311953/IDU0c6265d500cef20460f0a7db0f2dbebe73b23,"Ajwad,Mohamed Ihsan","Bilo,Simon","Female-Worker Representation Effect : Gender
            Pay Variation in the Kuwaiti Civil Service",34103328,"Kuwaiti women working in Kuwait’s
            civil service earn, on average, 18 percent less than Kuwaiti
            men. Using a unique data set of all Kuwaiti nationals
            working in Kuwait’s civil service, this paper analyzes the
            relationship between wages, gender, and the relative
            dominance of women in occupations and workplaces. The main
            finding is that an important portion of the association
            between gender and wages is explained not by human capital
            but by occupational and workplace segregation of men and
            women. Occupations with a higher ratio of women to men tend
            to have lower wages for both genders when compared to
            workers in occupations with a lower ratio of women to men.
            This finding is especially true for women. Workplaces with a
            higher female-to-male ratio exhibit lower male wages but
            slightly higher female wages than workplaces with lower
            female-to-male workplace ratios. The paper calls this latter
            novel finding the female-worker representation effect.","Nguyen,Ha","AlAnsari,Ebtesam","AlHumaidan,Lama","Alrashidi,Faleh M F E",,,,
241,34103868,"Brazil,World",Policy Research Working Paper,2023-06-28T00:00:00Z,Publications & Research,"Policy Research working paper ; no. WPS
            10511; Impact Evaluation series; RRR","Experimental Evaluation of a
            Financial Education Program in Elementary and Middle School Grades",http://documents.worldbank.org/curated/en/099243006282324734/pdf/IDU0a9d8541903c9c0418a0a7dc083fcdc9c6149.pdf,/research/2023/06/34103868/experimental-evaluation-financial-education-program-elementary-middle-school-grades,http://documents.worldbank.org/curated/en/099243006282324734/IDU0a9d8541903c9c0418a0a7dc083fcdc9c6149,2023/06/34103868/IDU0a9d8541903c9c0418a0a7dc083fcdc9c6149,099243006282324734,Off of Sr VP Dev Econ/Chief Econ (DECVP),http://documents.worldbank.org/curated/en/099243006282324734/IDU0a9d8541903c9c0418a0a7dc083fcdc9c6149,"Piza,Caio","Furtado,Isabela Brandao","Experimental Evaluation of a Financial
            Education Program in Elementary and Middle School Grades",34103868,"This paper investigates whether
            providing financial education in elementary and middle
            school grades improves students' financial proficiency
            and actual behavior. It uses a cluster randomized control
            trial to evaluate a pilot program implemented in 101
            Brazilian municipal schools in 2015. The findings show
            positive impacts on financial proficiency, mainly among
            middle school students, and suggestive evidence of
            improvements in short-term behavioral outcomes. However, the
            analysis indicates that the program did not impact
            students' school achievements in both the short and
            longer terms, which suggests that the program's effects
            were not strong enough to shift students' behavior decisions.","Amorim,Vivian De Fatima",,,,,,,
242,34103940,World,Policy Research Working Paper,2023-06-28T00:00:00Z,Publications & Research,Policy Research working paper ; no. WPS 10512,"Small Area Estimation of Poverty
            and Wealth Using Geospatial Data : What Have We Learned So
            Far ?",http://documents.worldbank.org/curated/en/099335306282315995/pdf/IDU0ef5eaec903663043e60812b09f97c83f5551.pdf,/research/2023/06/34103940/small-area-estimation-poverty-wealth-using-geospatial-data-learned-so-far,http://documents.worldbank.org/curated/en/099335306282315995/IDU0ef5eaec903663043e60812b09f97c83f5551,2023/06/34103940/IDU0ef5eaec903663043e60812b09f97c83f5551,099335306282315995,Off of Sr VP Dev Econ/Chief Econ (DECVP),http://documents.worldbank.org/curated/en/099335306282315995/IDU0ef5eaec903663043e60812b09f97c83f5551,"Newhouse,David Locke",,"Small Area Estimation of Poverty and Wealth
            Using Geospatial Data : What Have We Learned So Far ?",34103940,"This paper offers a nontechnical
            review of selected applications that combine survey and
            geospatial data to generate small area estimates of wealth
            or poverty. Publicly available data from satellites and
            phones predicts poverty and wealth accurately across space,
            when evaluated against census data, and their use in
            model-based estimates improve the accuracy and efficiency of
            direct survey estimates. Although the evidence is scant,
            models based on interpretable features appear to predict at
            least as well as estimates derived from Convolutional Neural
            Networks. Estimates for sampled areas are significantly more
            accurate than those for non-sampled areas due to informative
            sampling. In general, estimates benefit from using
            geospatial data at the most disaggregated level possible.
            Tree-based machine learning methods appear to generate more
            accurate estimates than linear mixed models. Small area
            estimates using geospatial data can improve the design of
            social assistance programs, particularly when the existing
            targeting system is poorly designed.",,,,,,,,
243,34103969,"China,World",Policy Research Working Paper,2023-06-28T00:00:00Z,Publications & Research,"Policy Research working paper ; no. WPS
            10513; Paper is funded by the Knowledge for Change Program (KCP)","The Internationalization of
            China’s Equity Markets",http://documents.worldbank.org/curated/en/099356306282340403/pdf/IDU0f0ff0f0d04f82046a8082990c1666e4a8c78.pdf,/research/2023/06/34103969/internationalization-china’s-equity-markets,http://documents.worldbank.org/curated/en/099356306282340403/IDU0f0ff0f0d04f82046a8082990c1666e4a8c78,2023/06/34103969/IDU0f0ff0f0d04f82046a8082990c1666e4a8c78,099356306282340403,,http://documents.worldbank.org/curated/en/099356306282340403/IDU0f0ff0f0d04f82046a8082990c1666e4a8c78,"Cortina Lorente,Juan Jose","Martinez Peria,Maria Soledad",The Internationalization of China’s Equity Markets,34103969,"The internationalization of China’s
            equity markets started in the early 2000s but accelerated
            after 2012, when Chinese firms’ shares listed in Shanghai
            and Shenzhen gradually became available to international
            investors. This paper documents the effects of the post-2012
            internationalization events by comparing the evolution of
            equity financing and investment activities for (i) domestic
            listed firms relative to firms that already had access to
            international investors and (ii) domestic listed firms that
            were directly connected to international markets relative to
            those that were not. The paper shows significant increases
            in financial and investment activities for domestic listed
            firms and connected firms, with sizable aggregate effects.
            The evidence also suggests that the rise in firms’ equity
            issuances was primarily and initially financed by domestic
            investors. Foreign ownership of Chinese firms increased once
            the locally issued shares became part of the Morgan Stanley
            Capital International (MSCI) Emerging Markets Index in 2018.","Schmukler,Sergio L.","Xiao,Jasmine",,,,,,
244,34109682,Indonesia,Policy Research Working Paper,2023-06-30T00:00:00Z,Publications & Research,"Policy Research working paper ; no. WPS
            10514; COVID-19 (Coronavirus)","Firms in Global Value Chains
            during Covid-19 : Evidence from Indonesia",http://documents.worldbank.org/curated/en/099558306302336953/pdf/IDU07955d4310902c041e208d8605e70c65c84b0.pdf,/research/2023/06/34109682/firms-global-value-chains-during-covid-19-evidence-indonesia,http://documents.worldbank.org/curated/en/099558306302336953/IDU07955d4310902c041e208d8605e70c65c84b0,2023/06/34109682/IDU07955d4310902c041e208d8605e70c65c84b0,099558306302336953,,http://documents.worldbank.org/curated/en/099558306302336953/IDU07955d4310902c041e208d8605e70c65c84b0,"Ghose,Devaki","Montfaucon,Angella Faith Lapukeni","Firms in Global Value Chains during Covid-19
            : Evidence from Indonesia",34109682,"Using detailed monthly firm-level
            trade data from Indonesia from February 2019 to June 2021,
            this paper shows that firm-level exports were overall more
            resilient than imports during Covid-19. Firms that
            participated in global value chains were more resilient to
            the Covid-19 shock beyond the immediate short-run compared
            to firms that did not. However, among global value chain
            firms, those that faced certain types of non-tariff measures
            on their import products, notably port of entry
            restrictions, on average faced larger reductions in export
            quantities and number of transactions compared to firms that
            did not face such restrictions, consistent with the evidence
            of major port congestion during Covid-19. Therefore,
            although international connectedness could be a source of
            vulnerability to global shocks in the immediate short run,
            policies that enable firms to be more globally engaged
            through global value chains could enhance resilience.
            Relatedly, tackling measures such as port of entry
            restrictions can ensure fast and efficient port and customs
            procedures, especially during periods of high port
            congestion, as global value chain trade requires goods to
            cross borders many times.",,,,,,,,
245,34109723,India,Policy Research Working Paper,2023-06-30T00:00:00Z,Publications & Research,Policy Research working paper ; no. WPS 10515,"Air Pollution Reduces Economic
            Activity: Evidence from India",http://documents.worldbank.org/curated/en/099710506302335471/pdf/IDU0536186520dc340403409fb001cfc637a9368.pdf,/research/2023/06/34109723/air-pollution-reduces-economic-activity-evidence-india,http://documents.worldbank.org/curated/en/099710506302335471/IDU0536186520dc340403409fb001cfc637a9368,2023/06/34109723/IDU0536186520dc340403409fb001cfc637a9368,099710506302335471,Off of Sr VP Dev Econ/Chief Econ (DECVP),http://documents.worldbank.org/curated/en/099710506302335471/IDU0536186520dc340403409fb001cfc637a9368,"Behrer,Arnold Patrick","Choudhary,Rishabh","Air Pollution Reduces Economic Activity:
            Evidence from India",34109723,"Exposure to fine particulate
            pollution (PM2.5) increases mortality and morbidity and
            reduces human capital formation and worker productivity. As
            a consequence, high levels of particulate pollution may
            adversely affect economic activity. Using a novel dataset of
            changes in the annual gross domestic product of Indian
            districts, this paper investigates the impact of changes in
            the level of ambient PM2.5 on district-level gross domestic
            product. Using daily temperature inversions as an instrument
            for pollution exposure, this paper finds that higher levels
            of particulate pollution reduce gross domestic product. The
            effect is non-trivial—the median annual increase in the
            level of PM2.5 reduces year-to-year changes in gross
            domestic product by 0.56 percentage points.","Sharma,Dhruv",,,,,,,
246,34109758,Cote d'Ivoire,Policy Research Working Paper,2023-06-30T00:00:00Z,Publications & Research,"Policy Research working paper ; no. WPS
            10516;  Impact Evaluation series","Steered Away from the Fields :
            Short-Term Impacts of Oxen on Agricultural Production and
            Intra-household Labor Supply",http://documents.worldbank.org/curated/en/099725506302311439/pdf/IDU056ffb6770576f04f5d080090e8115034cb36.pdf,/research/2023/06/34109758/steered-away-fields-short-term-impacts-oxen-agricultural-production-intra-household-labor-supply,http://documents.worldbank.org/curated/en/099725506302311439/IDU056ffb6770576f04f5d080090e8115034cb36,2023/06/34109758/IDU056ffb6770576f04f5d080090e8115034cb36,099725506302311439,Off of Sr VP Dev Econ/Chief Econ (DECVP),http://documents.worldbank.org/curated/en/099725506302311439/IDU056ffb6770576f04f5d080090e8115034cb36,"Brudevold-Newman,Andrew Peter","Donald,Aletheia Amalia","Steered Away from the Fields : Short-Term
            Impacts of Oxen on Agricultural Production and
            Intra-household Labor Supply",34109758,"Mechanization has the potential to
            boost agricultural production and reduce poverty in rural
            economies, but its impacts remain poorly understood. This
            paper randomizes the subsidized provision of a pair of
            traction oxen among 2,546 farmers in Côte d’Ivoire through a
            matching grant. The analysis finds positive impacts on
            households’ agricultural production during the agricultural
            season overlapping with oxen delivery, and additional
            increases in total land holdings and use of complementary
            inputs in the subsequent season. The intervention affected
            household members in different ways, with wives and
            daughters substantially reducing their work on the
            farm—especially in districts with more stringent gender
            norms around handling oxen. In these districts, introducing
            traction oxen resulted in women shifting to off-farm work.
            The intervention also improved girls’ health and reduced
            school dropout among boys. The results provide novel
            evidence on the human development effects of mechanization,
            while highlighting how social prescriptions mediate the
            impacts of technology within the household.","Rouanet,Lea Marie",,,,,,,B
247,34112399,World,Policy Research Working Paper,2023-07-05T00:00:00Z,Publications & Research,Policy Research working paper ; no. WPS 10517,"Green Transmission: Context,
            Rationale, and Planning Methodology",http://documents.worldbank.org/curated/en/099925207052332016/pdf/IDU0a7fcb34207d220468908a540a01f70edee2c.pdf,/research/2023/07/34112399/green-transmission-context-rationale-planning-methodology,http://documents.worldbank.org/curated/en/099925207052332016/IDU0a7fcb34207d220468908a540a01f70edee2c,2023/07/34112399/IDU0a7fcb34207d220468908a540a01f70edee2c,099925207052332016,Off of Sr VP Dev Econ/Chief Econ (DECVP),http://documents.worldbank.org/curated/en/099925207052332016/IDU0a7fcb34207d220468908a540a01f70edee2c,"Chattopadhyay,Debabrata","Tabassum,Durreh","Green Transmission: Context, Rationale, and
            Planning Methodology",34112399,"Transmission is a key enabler of
            clean generation as the lines and substations need to be
            built first to encourage investments in generation. However,
            there has been limited attention to readying the grid
            through upgrades of existing transmission lines/substations
            and expansion of the grid. As a result, transmission has
            become a major bottleneck, not only in developing countries,
            but also in their developed counterparts, including the
            United States, which has seen accumulation of 930 gigawatts
            of clean generation “queued up” waiting for transmission to
            be built. To prioritize upgrading and expansion of the
            transmission grid, there is a need to adopt a more holistic
            systemwide view from a long-term perspective and develop a
            methodology that recognizes transmission as an enabler of
            clean generation. Such a methodology can be devised around a
            composite generation-transmission co-optimization model.
            This paper sets the context within which “green
            transmission” needs to be viewed and further proposes a
            modeling framework that brings together the critical
            elements in generation and transmission planning, including
            system security constraints as a mixed-integer linear
            programming problem. The model formulation attempts to
            strike a reasonable balance between the technical rigor of a
            network model and computational tractability. There are also
            important implementation details such as making the planning
            period sufficiently long to elicit the value of
            transmission. The shadow prices of key constraints extracted
            from the model can be useful in prioritizing transmission
            projects, especially if the duals of transmission capacity
            and carbon dioxide limits are combined. These issues are
            discussed around a set of illustrative examples. It is
            expected that the model and associated discussion would
            provide a starting point to refine the model further and
            apply it to practical case studies to develop a holistic
            definition of green transmission and sustainable
            generation-transmission plans.",,,,,,,,
248,34112848,Tunisia,Policy Research Working Paper,2023-07-06T00:00:00Z,Publications & Research,Policy Research working paper ; no. WPS 10518,"Gender-Segmented Labor Markets
            and Trade Shocks",http://documents.worldbank.org/curated/en/099217207062316866/pdf/IDU0d9e1ef010558b04cb10b110052e55e8b97cd.pdf,/research/2023/07/34112848/gender-segmented-labor-markets-trade-shocks,http://documents.worldbank.org/curated/en/099217207062316866/IDU0d9e1ef010558b04cb10b110052e55e8b97cd,2023/07/34112848/IDU0d9e1ef010558b04cb10b110052e55e8b97cd,099217207062316866,,http://documents.worldbank.org/curated/en/099217207062316866/IDU0d9e1ef010558b04cb10b110052e55e8b97cd,"Bezerra De Goes,Carlos Andre","Lopez-Acevedo,Gladys C.",Gender-Segmented Labor Markets and Trade Shocks,34112848,"Gender segmentation in labor markets
            shapes the local effects of international trade. This paper
            develops a theory that embeds trade in gender-segmented
            labor markets and shows that in this framework, foreign
            demand shocks may increase or decrease the female-to-male
            employment ratio. If a foreign demand shock from a relevant
            market happens in a female-intensive (male-intensive)
            sector, the model predicts that the female-to-male
            employment ratio should increase (decrease). The paper then
            uses plausibly exogenous variation in the exposure of
            Tunisian local labor markets to foreign demand shocks and
            shows that the empirical results are consistent with the
            theoretical prediction. In Tunisia, a country with a high
            degree of gender segmentation in the labor markets, foreign
            demand shocks have been relatively larger in male-intensive
            sectors. This induced a decrease in the female-to-male
            employment ratio, with households likely substituting female
            for male labor supply.","Robertson,Raymond",,,,,,,
249,34112864,World,Policy Research Working Paper,2023-07-06T00:00:00Z,Publications & Research,Policy Research working paper ; no. WPS 10519,"A Meta-Theory for Absolute
            Poverty Lines",http://documents.worldbank.org/curated/en/099314007062347190/pdf/IDU17caab8c21d4ad146b91bff810634798d979f.pdf,/research/2023/07/34112864/meta-theory-absolute-poverty-lines,http://documents.worldbank.org/curated/en/099314007062347190/IDU17caab8c21d4ad146b91bff810634798d979f,2023/07/34112864/IDU17caab8c21d4ad146b91bff810634798d979f,099314007062347190,Off of Sr VP Dev Econ/Chief Econ (DECVP),http://documents.worldbank.org/curated/en/099314007062347190/IDU17caab8c21d4ad146b91bff810634798d979f,"Decerf,Benoit Marie A",,A Meta-Theory for Absolute Poverty Lines,34112864,"Absolute poverty lines aim to track a
            fixed poverty standard consistently. There are two main
            approaches for the construction of absolute poverty lines.
            The “welfaristic” approach tracks a fixed level of utility,
            and the “objective” approach tracks a fixed list of
            achievements. Longstanding debates between their respective
            proponents take place both at global and national levels.
            However, these debates only provide informal arguments about
            their respective theoretical merits. This paper proposes a
            meta-theory for the “consistency” properties of absolute
            poverty lines under heterogeneous prices and heterogeneous
            preferences. The results identify the sets of properties
            that fully characterize the poverty lines underpinned by
            these approaches. Which approach satisfies stronger versions
            of our properties depends on two aspects of the application
            for which poverty is monitored.",,,,,,,,
250,34112911,Colombia,Policy Research Working Paper,2023-07-06T00:00:00Z,Publications & Research,Policy Research working paper ; no. WPS 10520,"Revisiting the Distributive
            Impacts of Fiscal Policy in Colombia",http://documents.worldbank.org/curated/en/099408407062312591/pdf/IDU00e7b81ab0d62404c3f0a585007e099a427ac.pdf,/research/2023/07/34112911/revisiting-distributive-impacts-fiscal-policy-colombia,http://documents.worldbank.org/curated/en/099408407062312591/IDU00e7b81ab0d62404c3f0a585007e099a427ac,2023/07/34112911/IDU00e7b81ab0d62404c3f0a585007e099a427ac,099408407062312591,Off of Sr VP Dev Econ/Chief Econ (DECVP),http://documents.worldbank.org/curated/en/099408407062312591/IDU00e7b81ab0d62404c3f0a585007e099a427ac,"Baquero,Juan Pablo","Davalos,Maria Eugenia","Revisiting the Distributive Impacts of
            Fiscal Policy in Colombia",34112911,"Colombia is one of the most unequal
            countries in the region and the world. Given the
            redistributive role of fiscal policy, this study uses recent
            data from the 2021 Integrated Household Survey to explore
            the impacts of taxes and spending on poverty and inequality
            in Colombia. The study introduces innovations to the
            literature on Colombia, including an update of the fiscal
            microsimulation model to reflect the most recent economic
            context; an introduction of new fiscal policy parameters,
            such as gasoline subsidies and carbon taxes; and
            methodological improvements. The results show positive
            redistributive impacts, but these are considerably lower
            than those seen in other counties members of the
            Organisation for Economic Co-operation and Development
            (OECD). Direct taxes and transfers reduce the Gini index
            from 0.543 to 0.505; and direct taxes, indirect taxes,
            subsidies, and monetary transfers reduce total poverty from
            42.1 to 40.2 percent and extreme poverty from 16.1 to 11.7
            percent. Direct taxes, transfers, and subsidies are
            progressive and contribute to poverty reduction, while
            indirect taxes such as the value-added tax or consumption
            tax are regressive and do not reduce poverty. This reflects
            a tax system that is progressive, but not progressive enough
            (with a low proportion of the population with high levels of
            income contributing), and cash transfer and subsidy programs
            that have room for improvement in their targeting.","Monroy Barragan,Juan Manuel",,,,,,,
251,34122160,Uganda,Policy Research Working Paper,2023-07-24T00:00:00Z,Publications & Research,Policy Research working paper ; no. WPS 10521,"The Monetary Value of
            Externalities : Experimental Evidence from Ugandan Farmers",http://documents.worldbank.org/curated/en/099712107242326460/pdf/IDU02568a9e1082c204e130b62009be4b672006f.pdf,/research/2023/07/34122160/monetary-value-externalities-experimental-evidence-ugandan-farmers,http://documents.worldbank.org/curated/en/099712107242326460/IDU02568a9e1082c204e130b62009be4b672006f,2023/07/34122160/IDU02568a9e1082c204e130b62009be4b672006f,099712107242326460,,http://documents.worldbank.org/curated/en/099712107242326460/IDU02568a9e1082c204e130b62009be4b672006f,"Lerva,Benedetta",,"The Monetary Value of Externalities :
            Experimental Evidence from Ugandan Farmers",34122160,"Understanding the value of the
            externalities associated with a technology is crucial to
            correctly estimate the welfare benefits of public policies
            and investments. Suboptimal adoption rates of agricultural
            technologies in low-income countries partly result from
            farmers not fully internalizing the positive externalities
            of adoption. This paper designs an experiment to measure the
            monetary value of the externalities of an agricultural
            pest-control technology; it elicits a farmer’s
            willingness-to-pay for another farmer to adopt the
            technology, as a measure of the externalities generated by
            the other farmer. The findings show that externalities are
            large, as mean willingness-to-pay for others is equal to two
            days’ wage, or half the willingness-to-pay for themselves.
            Willingness-to-pay for another farmer depends on social
            proximity (as it is easier to learn about the technology
            from closer connections), and the distance between their two
            plots (as pest-control is more beneficial for plot
            neighbors). Targeting the technology to farmers with
            geographically central plots and more socially connected
            farmers generates greater positive externalities and more
            social value than targeting farmers with the highest
            willingness-to-pay for themselves.",,,,,,,,
252,34122163,Spain,Policy Research Working Paper,2023-07-24T00:00:00Z,Publications & Research,Policy Research working paper ; no. WPS 10522,"Buy Big or Buy Small ?
            Procurement Policies, Firms’ Financing, and the Macroeconomy",http://documents.worldbank.org/curated/en/099734007242321169/pdf/IDU0fe37cff9055fd040960886005f45bc3d3234.pdf,/research/2023/07/34122163/buy-big-or-buy-small-procurement-policies-firms’-financing-macroeconomy,http://documents.worldbank.org/curated/en/099734007242321169/IDU0fe37cff9055fd040960886005f45bc3d3234,2023/07/34122163/IDU0fe37cff9055fd040960886005f45bc3d3234,099734007242321169,,http://documents.worldbank.org/curated/en/099734007242321169/IDU0fe37cff9055fd040960886005f45bc3d3234,"di Giovanni,Julian","Garcia Santana,Manuel Jose","Buy Big or Buy Small ? Procurement Policies,
            Firms’ Financing, and the Macroeconomy",34122163,"This paper provides a framework to
            study how different allocation systems of public procurement
            contracts affect firm dynamics and long-run macroeconomic
            outcomes. It builds a novel panel dataset for Spain that
            merges public procurement data, credit register loan data,
            and quasi-census firm-level data. The paper provides
            evidence consistent with the hypothesis that procurement
            contracts act as collateral for firms and help them grow out
            of their financial constraints. The paper then builds a
            model of firm dynamics with asset- and earnings-based
            borrowing constraints and a government that buys goods and
            services from private sector firms, and uses it to quantify
            the long-run macroeconomic consequences of alternative
            procurement allocation systems. The findings show that
            policies which promote the participation of small firms have
            sizeable macroeconomic effects, but the net impact on
            aggregate output is ambiguous. While these policies help
            small firms grow and overcome financial constraints, which
            increases output in the long run, these policies also
            increase the cost of government purchases and reduce saving
            incentives for large firms, decreasing the effective
            provision of public goods and output in the private sector,
            respectively. The relative importance of these forces
            depends on how the policy is implemented and the type and
            strength of financial frictions.","Jeenas,Priit","Moral Benito,Enrique","Pijoan-Mas,Josep",,,,,
253,34122167,World,Policy Research Working Paper,2023-07-24T00:00:00Z,Publications & Research,Policy Research working paper ; no. WPS 10523,"Issuer Composition and Stock
            Market Growth",http://documents.worldbank.org/curated/en/099753507242336587/pdf/IDU04f1af1550fd0d04bcd0b87102df750858956.pdf,/research/2023/07/34122167/issuer-composition-stock-market-growth,http://documents.worldbank.org/curated/en/099753507242336587/IDU04f1af1550fd0d04bcd0b87102df750858956,2023/07/34122167/IDU04f1af1550fd0d04bcd0b87102df750858956,099753507242336587,Off of Sr VP Dev Econ/Chief Econ (DECVP),http://documents.worldbank.org/curated/en/099753507242336587/IDU04f1af1550fd0d04bcd0b87102df750858956,"Doumbia,Djeneba","Ul Haq,Imtiaz",Issuer Composition and Stock Market Growth,34122167,"Does issuer composition change as
            stock markets grow, and, if so, how An increase in market
            capitalization may be driven by growth on the intensive or
            extensive margin. Such growth may also influence the level
            of market concentration and diversity among listed firms.
            Using a novel dataset, this paper examines how the number,
            concentration, and sectoral diversity of issuers change as
            domestic stock markets grow, with a focus on low- and
            middle-income countries. The results show that an increase
            in stock market capitalization tends to be associated with
            only growth on the intensive margin. Greater market
            activity, however, is linked to entry of new issuers and for
            low- and middle-income countries, also to marginally lower
            market concentration. However, there is no evidence that
            sectoral diversity changes with market size or activity.
            These findings have important implications for firm
            financing as stock markets may not necessarily become more
            inclusive as they grow.","Saltane,Valentina",,,,,,,
254,34122175,World,Policy Research Working Paper,2023-07-24T00:00:00Z,Publications & Research,"Policy Research working paper ; no. WPS
            10525; COVID-19 (Coronavirus)","Global Trends in Child Monetary
            Poverty According to International Poverty Lines",http://documents.worldbank.org/curated/en/099835007242399476/pdf/IDU0965118d1098b8048870ac0e0cb5aeb049f98.pdf,/research/2023/07/34122175/global-trends-child-monetary-poverty-according-international-poverty-lines,http://documents.worldbank.org/curated/en/099835007242399476/IDU0965118d1098b8048870ac0e0cb5aeb049f98,2023/07/34122175/IDU0965118d1098b8048870ac0e0cb5aeb049f98,099835007242399476,Off of Sr VP Dev Econ/Chief Econ (DECVP),http://documents.worldbank.org/curated/en/099835007242399476/IDU0965118d1098b8048870ac0e0cb5aeb049f98,"Salmeron Gomez,Daylan Alberto","Engilbertsdottir,Solrun","Global Trends in Child Monetary Poverty
            According to International Poverty Lines",34122175,"This paper analyzes extreme child
            poverty ($2.15/day poverty line) trends, as well as child
            poverty based on the higher international poverty lines of
            $3.65 and $6.85. The paper provides a trajectory of extreme
            child poverty (children living in extremely poor households)
            from 2013 to 2019 (based on the most recent surveys included
            in the Global Monitoring Database), complemented by
            nowcasting for 2020 to 2022. Children continue to be
            disproportionately affected by extreme poverty. Children who
            are younger than 18 years comprise more than 50 percent of
            those living in extreme poverty, although their share of the
            population is 31 percent. The paper estimates that in 2019,
            15.8 percent of children in the world (319 million) younger
            than 18 years lived on less than $2.15 (2017 purchasing
            power parity) per day, as opposed to 6.6 percent of adults
            ages 18 and older. More recent “nowcasted” estimates suggest
            that at least 333 million children were expected to be
            living in extremely poor households in 2022, implying that
            14 million more children were extremely poor in 2022 than in
            2019. Following an increase in extreme child poverty at the
            height of the pandemic in 2020, nowcasted estimates show
            that the rate of extreme child poverty fell again in 2021
            and 2022, but only at the slow rate of progress seen prior
            to the COVID-19 crisis. If the COVID-19 pandemic had not
            occurred, an estimated 79.7 million fewer children would
            have been living in extreme poverty between 2013 and 2022;
            however, the estimates suggest that the number of children
            living in extreme poverty decreased by 49.2 million, due to
            pandemic disruptions.","Cuesta Leiva,Jose Antonio","Newhouse,David Locke","Stewart,David",,,,,
255,34122943,World,Policy Research Working Paper,2023-07-24T00:00:00Z,Publications & Research,Policy Research working paper ; no. WPS 10526,"Mobile Phones and Local Economic
            Development : A Global Evidence",http://documents.worldbank.org/curated/en/099226107252335243/pdf/IDU0034bb9db08f91048a4091f40cd23e11e3fb2.pdf,/research/2023/07/34122943/mobile-phones-local-economic-development-global-evidence,http://documents.worldbank.org/curated/en/099226107252335243/IDU0034bb9db08f91048a4091f40cd23e11e3fb2,2023/07/34122943/IDU0034bb9db08f91048a4091f40cd23e11e3fb2,099226107252335243,Off of Sr VP Dev Econ/Chief Econ (DECVP),http://documents.worldbank.org/curated/en/099226107252335243/IDU0034bb9db08f91048a4091f40cd23e11e3fb2,"Mensah,Justice Tei",,"Mobile Phones and Local Economic Development
            : A Global Evidence",34122943,"his paper presents global evidence on
            the impact of expansion in mobile telephony and broadband
            Internet services on economic development at the subnational
            level. Leveraging two decades of satellite data on
            nightlights and the global expansion of 2G, 3G, and 4G
            mobile networks in over 34,000 subnational districts in 120
            countries, it documents three main findings on the effects
            of mobile phones on local economic development (proxied by
            nightlights): I. The expansion of mobile coverage has a
            positive effect on economic activity. Using the
            GDP—nightlights elasticity from Henderson et al. (2012), the
            estimates suggest a GDP growth—mobile phone penetration
            elasticity of 0.018–0.023; II. While mobile broadband (3G
            & 4G) Internet connectivity is associated with economic
            development across all countries, 2G connectivity boosts
            local economic growth mainly in developing countries; III.
            The economic effects of expansion in mobile network
            connectivity are more pronounced in countries that hitherto
            had limited access to fixed-line telephone infrastructure,
            thus highlighting the importance of mobile phones to
            developing countries in leapfrogging the technology ladder.",,,,,,,,
256,34122970,South Asia,Policy Research Working Paper,2023-07-25T00:00:00Z,Publications & Research,Policy Research working paper ; no. WPS 10527,"The Distributional Impact of
            Inflation in South Asia: An Empirical Approach",http://documents.worldbank.org/curated/en/099252107252323691/pdf/IDU0968ba3d806bf904c7a0aba6030336dd51449.pdf,/research/2023/07/34122970/distributional-impact-inflation-south-asia-empirical-approach,http://documents.worldbank.org/curated/en/099252107252323691/IDU0968ba3d806bf904c7a0aba6030336dd51449,2023/07/34122970/IDU0968ba3d806bf904c7a0aba6030336dd51449,099252107252323691,Off of Sr VP Dev Econ/Chief Econ (DECVP),http://documents.worldbank.org/curated/en/099252107252323691/IDU0968ba3d806bf904c7a0aba6030336dd51449,"Dovonou Lamissi,Vanessa-Paradis Olakemi",Zoe Leiyu Xie,"The Distributional Impact of Inflation in
            South Asia: An Empirical Approach",34122970,"This paper provides an empirical
            estimation of the distributional impact of inflation on
            households in South Asia. Two main channels are explored—the
            consumption basket channel and the income channel—for
            households in different income deciles in selected countries
            in South Asia. Using recent household expenditure surveys,
            the paper constructs detailed consumption expenditure shares
            and the effective “cost-of-living” inflation for households
            of different income levels. The analysis finds that due to a
            substantially larger share of food expenditure, households
            in lower income deciles experience higher effective
            inflation when food prices are high, despite a
            diversification in consumption expenditure over time. The
            analysis also suggests heterogeneous effects of inflation
            through the household income channel.",,,,,,,,
257,34123594,Colombia,Policy Research Working Paper,2023-07-26T00:00:00Z,Publications & Research,Policy Research working paper ; no. WPS 10520,"Revisando los impactos
            distributivos de la política fiscal en Colombia",http://documents.worldbank.org/curated/en/099238407262310909/pdf/IDU069cb4b430e7c3041e10b9320116b07f4c37e.pdf,/research/2023/07/34123594/revisando-los-impactos-distributivos-de-la-política-fiscal-en-colombia,http://documents.worldbank.org/curated/en/099238407262310909/IDU069cb4b430e7c3041e10b9320116b07f4c37e,2023/07/34123594/IDU069cb4b430e7c3041e10b9320116b07f4c37e,099238407262310909,,http://documents.worldbank.org/curated/en/099238407262310909/IDU069cb4b430e7c3041e10b9320116b07f4c37e,"Baquero,Juan Pablo","Davalos,Maria Eugenia","Revisando los impactos distributivos de la
            política fiscal en Colombia",34123594,"Colombia es uno de los
            pa&#xed;ses m&#xe1;s desiguales de la
            regi&#xf3;n y del mundo. Dado el rol redistributivo de
            la pol&#xed;tica fiscal, este estudio utiliza datos
            recientes de la Gran Encuesta Integrada de Hogares (GEIH)
            2021 para explorar los impactos de los impuestos y el gasto
            sobre la pobreza y la desigualdad en Colombia. El estudio
            introduce innovaciones a la literatura sobre Colombia,
            incluyendo una actualizaci&#xf3;n del modelo de
            microsimulaci&#xf3;n fiscal para reflejar el contexto
            econ&#xf3;mico m&#xe1;s reciente, una
            introducci&#xf3;n de nuevos par&#xe1;metros de
            pol&#xed;tica fiscal, como los subsidios a la gasolina e
            impuestos al carbono, y mejoras metodol&#xf3;gicas. Los
            resultados muestran impactos redistributivos positivos, pero
            considerablemente menores que otros pa&#xed;ses de la
            Organizaci&#xf3;n para la Cooperaci&#xf3;n y el
            Desarrollo Econ&#xf3;micos (OCDE). Los impuestos y
            transferencias directos reducen el Gini de 0.543 a 0.505, y
            los impuestos directos, indirectos, subsidios y
            transferencias monetarias reducen la pobreza total de 42.1
            por ciento a 40.2 por ciento y la pobreza extrema de 16.1
            por ciento a 11.7 por ciento. Los impuestos directos, las
            transferencias y los subsidios son progresivos y contribuyen
            a reducir la pobreza, mientras que los impuestos indirectos
            tales como el IVA o el impuesto al consumo son regresivos y
            no reducen pobreza. Esto refleja un sistema tributario
            progresivo, pero no lo suficiente (con una baja
            proporci&#xf3;n de la poblaci&#xf3;n con altos
            niveles de ingreso que contribuye), y programas de
            transferencias monetarias y subsidios que tienen margen para
            mejorar en su focalizaci&#xf3;n.","Monroy Barragan,Juan Manuel",,,,,,,
258,34125299,United States,Policy Research Working Paper,2023-07-27T00:00:00Z,Publications & Research,Policy Research working paper ; no. WPS 10528,"Moving to Adaptation ?
            Understanding the Migratory Response to Hurricanes in the
            United States",http://documents.worldbank.org/curated/en/099315507272320722/pdf/IDU094cddbee04f5004bcf083120ff7d068d8c5a.pdf,/research/2023/07/34125299/moving-adaptation-understanding-migratory-response-hurricanes-united-states,http://documents.worldbank.org/curated/en/099315507272320722/IDU094cddbee04f5004bcf083120ff7d068d8c5a,2023/07/34125299/IDU094cddbee04f5004bcf083120ff7d068d8c5a,099315507272320722,Off of Sr VP Dev Econ/Chief Econ (DECVP),http://documents.worldbank.org/curated/en/099315507272320722/IDU094cddbee04f5004bcf083120ff7d068d8c5a,"Behrer,Arnold Patrick","Bolotnyy,Valentin","Moving to Adaptation ? Understanding the
            Migratory Response to Hurricanes in the United States",34125299,"Using data on the paths of all
            hurricanes in the Atlantic Basin from 1992 to 2017, this
            paper studies whether migration has served as a form of
            adaptation to hurricane risk. The findings show that on
            average hurricanes have little to no impact on county
            out-migration, with population-weighted exposure to
            hurricanes increasing slightly over the sample period.
            Counties with high economic activity see net in-migration in
            the years after a hurricane. Further, return migration
            likely plays a role in offsetting any out-migration in the
            year of the storm. The intensity of pre-hurricane migration
            between county pairs is a strong predictor of excess
            migration after a hurricane, suggesting that existing
            economic and social ties dominate in post-hurricane
            migration decisions. Given existing policies and incentives,
            the economic and social benefits that people derive from
            living in high-risk areas currently outweigh the incentive
            to adapt to future storms by relocating across counties.",,,,,,,,
259,34125359,World,Policy Research Working Paper,2023-07-27T00:00:00Z,Publications & Research,Policy Research working paper ; no. WPS 10529,"Is the Magic Happening ? A
            Systematic Literature Review of the Economic Multiplier of
            Cash Transfers",http://documents.worldbank.org/curated/en/099452507272341291/pdf/IDU03fcef4630f1c60401209a260398108681817.pdf,/research/2023/07/34125359/magic-happening-systematic-literature-review-economic-multiplier-cash-transfers,http://documents.worldbank.org/curated/en/099452507272341291/IDU03fcef4630f1c60401209a260398108681817,2023/07/34125359/IDU03fcef4630f1c60401209a260398108681817,099452507272341291,Off of Sr VP Dev Econ/Chief Econ (DECVP),http://documents.worldbank.org/curated/en/099452507272341291/IDU03fcef4630f1c60401209a260398108681817,"Gassmann,Franziska","Gentilini,Ugo","Is the Magic Happening ? A Systematic
            Literature Review of the Economic Multiplier of Cash Transfers",34125359,"The multiplier effects of cash
            transfers are receiving renewed attention globally. The
            existence of multipliers — or the generation of additional
            dollars for every one dollar injected as cash transfers —
            illuminates new aspects of the impacts of social assistance
            and holds the potential to redefine how “fiscal
            sustainability” is generally interpreted. However,
            multipliers also attract questions: are multipliers real and
            tangible How are multipliers estimated What method might be
            more suitable than others in different contexts What does
            the evidence reveal about those effects This paper briefly
            summarizes emerging findings from existing literature on
            low- and middle-income countries, including a total of 23
            studies. The paper discusses the main estimation methods,
            such as social accounting matrix and econometric techniques;
            presents results on multipliers across studies; and draws
            lessons for future research and practice.","Morais,Julieta","Nunnenmacher,Conrad","Okamura,Yuko","Bordon,Giulio","Valleriani,Giorgia",,,
260,34127087,Tanzania,Policy Research Working Paper,2023-07-31T00:00:00Z,Publications & Research,"Policy Research working paper ; no. WPS
            10530; LSMS; RRR","The Welfare Effects of Structural
            Change and Internal Migration in Tanzania",http://documents.worldbank.org/curated/en/099356307312322930/pdf/IDU07d288012048f404fdc0b8310ba763cfaa783.pdf,/research/2023/07/34127087/welfare-effects-structural-change-internal-migration-tanzania,http://documents.worldbank.org/curated/en/099356307312322930/IDU07d288012048f404fdc0b8310ba763cfaa783,2023/07/34127087/IDU07d288012048f404fdc0b8310ba763cfaa783,099356307312322930,Off of Sr VP Dev Econ/Chief Econ (DECVP),http://documents.worldbank.org/curated/en/099356307312322930/IDU07d288012048f404fdc0b8310ba763cfaa783,"Amankwah,Akuffo","Atta-Ankomah,Richmond","The Welfare Effects of Structural Change and
            Internal Migration in Tanzania",34127087,"Structural change has implications
            for various dimensions of development, including poverty
            reduction. However, the existing empirical literature on
            Sub-Saharan African economies, including Tanzania, has
            mainly focused on trends and patterns in macroeconomic or
            aggregate welfare indicators, largely providing a
            descriptive analysis of the nature of structural change and
            its potential welfare implications. This paper provides
            micro insights on structural change in Tanzania and its
            effect on welfare, using a recent household panel dataset,
            which was collected between 2015 and 2021. The results show
            that cross-sector labor movements are dominated by movements
            between agriculture and services, although most individuals
            studied within the two periods continue to remain in
            agriculture, with industry’s share in employment declining
            marginally. The paper shows that among the individuals
            studied, the number of people who slid into poverty was
            nearly twice the number who escaped poverty, and this is
            significantly influenced by the pattern of sectoral
            transitions experienced by the individuals. The findings
            show that in addition to sectoral transitions and migration
            being important to each other, they are both driven by
            similar micro factors. The paper highlights the importance
            of education (particularly secondary or higher education) to
            increasing the chances of an individual embarking on
            welfare-enhancing sectoral movement and associated migration
            across districts in Tanzania.","Moshi,Goodiel Charles","Swinkels,Robertus A",,,,,,
261,34127115,United States,Policy Research Working Paper,2023-07-31T00:00:00Z,Publications & Research,Policy Research working paper ; no. WPS 10531,"Trading Places : Fundamentals,
            Speculation, and Information in US Corn Markets",http://documents.worldbank.org/curated/en/099416407312327656/pdf/IDU040c818fb0c21a04e850a28404b8d81f888b4.pdf,/research/2023/07/34127115/trading-places-fundamentals-speculation-information-corn-markets,http://documents.worldbank.org/curated/en/099416407312327656/IDU040c818fb0c21a04e850a28404b8d81f888b4,2023/07/34127115/IDU040c818fb0c21a04e850a28404b8d81f888b4,099416407312327656,Off of Sr VP Dev Econ/Chief Econ (DECVP),http://documents.worldbank.org/curated/en/099416407312327656/IDU040c818fb0c21a04e850a28404b8d81f888b4,"Arroyo Marioli,Francisco",,"Trading Places : Fundamentals, Speculation,
            and Information in US Corn Markets",34127115,"What explains the surge and plunge
            commodity markets have undergone in the past 20 years Are
            speculators to be blamed Do prices reflect full information
            These are the main questions addressed in this paper, in the
            context of the corn market. This paper formulates and
            calibrates two quantitative models of corn prices formation.
            The first model is designed to explain prices in the long
            run (annual frequency), while the second model applies to
            prices in the short run (quarterly frequency). For the
            long-run analysis, the paper finds that deviations of
            theoretical prices from observed ones are very small after
            1996, and before 1996 they can be explained by government
            intervention. For the short-run analysis, the model is
            designed to mimic the typical seasonality seen in
            agricultural markets, incorporate supply and demand shocks
            as well as news shocks, and allows for speculative storage
            decisions. The paper finds that demand and supply
            fundamentals can account for around 52 percent of past price
            changes from 1975 to 2016. The model also estimates the
            impact of information shocks to explain an additional 18
            percent of quarterly deviations. Finally, it finds that at
            least 30 percent of short-run price changes seem to have
            explanations other than supply or demand fundamentals or
            information, demonstrating that when analyzing quarterly
            data, prices do not always closely track fundamentals.",,,,,,,,
262,34127116,World,Policy Research Working Paper,2023-07-31T00:00:00Z,Publications & Research,Policy Research working paper ; no. WPS 10532,"Minding the Gap : Aid
            Effectiveness, Project Ratings and Contextualization",http://documents.worldbank.org/curated/en/099434007312336860/pdf/IDU0fc5d219f0d389045880bfb20d9cc719ef84a.pdf,/research/2023/07/34127116/minding-gap-aid-effectiveness-project-ratings-contextualization,http://documents.worldbank.org/curated/en/099434007312336860/IDU0fc5d219f0d389045880bfb20d9cc719ef84a,2023/07/34127116/IDU0fc5d219f0d389045880bfb20d9cc719ef84a,099434007312336860,Off of Sr VP Dev Econ/Chief Econ (DECVP),http://documents.worldbank.org/curated/en/099434007312336860/IDU0fc5d219f0d389045880bfb20d9cc719ef84a,"Goldemberg,Diana","Jordan,Luke Simon","Minding the Gap : Aid Effectiveness, Project
            Ratings and Contextualization",34127116,"This paper applies novel techniques
            to long-standing questions of aid effectiveness. It first
            replicates findings that donor finance is discernibly but
            weakly associated with sector outcomes in recipient
            countries. It then shows robustly that donors' own
            ratings of project success provide limited information on
            the contribution of those projects to development outcomes.
            By training a machine learning model on World Bank projects,
            the paper shows instead that the strongest predictor of
            these projects’ contribution to outcomes is their degree of
            adaptation to country context, and the largest differences
            between ratings and actual impact occur in large projects in
            institutionally weak settings.","Kenyon,Thomas",,,,,,,
263,34127179,"Europe,Central Asia,World",Policy Research Working Paper,2023-07-31T00:00:00Z,Publications & Research,Policy Research working paper ; no. WPS 10533,"Estimating Road Freight Transport
            Costs in Eastern Europe and Central AsiaUsing Large Shipping Data",http://documents.worldbank.org/curated/en/099542207312319005/pdf/IDU0e82b93e00034b0458f09ed203c7e2ad23763.pdf,/research/2023/07/34127179/estimating-road-freight-transport-costs-eastern-europe-central-asiausing-large-shipping-data,http://documents.worldbank.org/curated/en/099542207312319005/IDU0e82b93e00034b0458f09ed203c7e2ad23763,2023/07/34127179/IDU0e82b93e00034b0458f09ed203c7e2ad23763,099542207312319005,Off of Sr VP Dev Econ/Chief Econ (DECVP),http://documents.worldbank.org/curated/en/099542207312319005/IDU0e82b93e00034b0458f09ed203c7e2ad23763,"Iimi,Atsushi",,"Estimating Road Freight Transport Costs in
            Eastern Europe and Central AsiaUsing Large Shipping Data",34127179,"The recent global crises, such as the
            COVID-19 crisis, remind us of the importance of efficient
            transportation and logistics. Notably, however, even before
            the crises, some regions were already experiencing a gradual
            increase in freight costs, with more and more empty trucks
            observed. The paper recasts light on the question of how
            road freight costs are determined using large, unique
            shipping data from Eastern European and Central Asian
            countries. It finds that economies of scale are significant
            in both freight weight or load factor and distance. The
            elasticity with respect to freight weight is particularly
            high at about 0.3 to 1.0 in absolute terms. Thus, to contain
            trucking costs, it is important to maximize the load factor
            through freight consolidation at origins and destinations.
            The elasticity with respect to distance is relatively modest
            at 0.04 to 0.16 in absolute terms but still statistically
            significant, indicating that distance may not necessarily be
            a constraint on trade and regional integration. Trucking
            costs also decrease with driving speed, a proxy for
            efficiency of movements or road conditions. The elasticity
            is significant for food products (−0.03) and other consumer
            goods (−0.11). Finally, the paper finds that border crossing
            adds 3–4 percent to freight costs.",,,,,,,,
264,34127245,"Caucasus,Central Asia",Policy Research Working Paper,2023-07-31T00:00:00Z,Publications & Research,Policy Research working paper ; no. WPS 10534,"Agglomeration Economies and
            Transport Connectivity Revisited : A Regional Perspective
            Based on Evidence from the Caucasus and Central Asian Countries",http://documents.worldbank.org/curated/en/099712207312313493/pdf/IDU04bb3121a060df0486608dad0fc5660332c85.pdf,/research/2023/07/34127245/agglomeration-economies-transport-connectivity-revisited-regional-perspective-based-evidence-caucasus-central-asian-countries,http://documents.worldbank.org/curated/en/099712207312313493/IDU04bb3121a060df0486608dad0fc5660332c85,2023/07/34127245/IDU04bb3121a060df0486608dad0fc5660332c85,099712207312313493,Off of Sr VP Dev Econ/Chief Econ (DECVP),http://documents.worldbank.org/curated/en/099712207312313493/IDU04bb3121a060df0486608dad0fc5660332c85,"Iimi,Atsushi",,"Agglomeration Economies and Transport
            Connectivity Revisited : A Regional Perspective Based on
            Evidence from the Caucasus and Central Asian Countries",34127245,"Transport connectivity is an
            important determinant of agglomeration economies and
            urbanization. However, measuring its impacts is a complex
            task when causality is considered. An important empirical
            challenge comes from potential endogeneity of infrastructure
            placement. To deal with the endogeneity problem, first, the
            paper constructs detailed georeferenced connectivity
            measurements based on micro shipping data collected over 10
            years. Then, the system generalized method of moments
            regression is applied. Using unique data from the Caucasus
            and Central Asian countries, the paper estimates the impact
            of transport connectivity on agglomeration economies. It
            finds that agglomeration economies are significant and
            persistent in the region. Thus, the existing firm clusters
            are likely to continue growing. However, a constraint is
            also found. Large cities exhibit congestion diseconomies.
            Finally, the paper shows that the improvement of transport
            connectivity, especially local market accessibility, has a
            significant effect on agglomeration. By contrast, no clear
            evidence to support the impact of improved regional
            connectivity on agglomeration is observed yet. To take full
            advantage of agglomeration economies at the regional level,
            further efforts may be needed, for instance, toward
            increasing efficiency in transportation and logistics,
            improving the freight load, and/or reducing the time and
            costs of border crossing, which add to overall transport
            costs and times.",,,,,,,,
265,34129086,Uganda,Policy Research Working Paper,2023-08-02T00:00:00Z,Publications & Research,Policy Research working paper ; no. WPS 10535,"Disastrous Displacement : The
            Long-Run Impacts of Landslides",http://documents.worldbank.org/curated/en/099236208022317890/pdf/IDU0c486fb2604f1f040ad082f50231320e5789e.pdf,/research/2023/08/34129086/disastrous-displacement-long-run-impacts-landslides,http://documents.worldbank.org/curated/en/099236208022317890/IDU0c486fb2604f1f040ad082f50231320e5789e,2023/08/34129086/IDU0c486fb2604f1f040ad082f50231320e5789e,099236208022317890,,http://documents.worldbank.org/curated/en/099236208022317890/IDU0c486fb2604f1f040ad082f50231320e5789e,"Baseler,Travis Andreas","Hennig,Jakob Johannes","Disastrous Displacement : The Long-Run
            Impacts of Landslides",34129086,"Natural disasters displace millions
            of people a year, but little is known about their long-run
            impacts when institutional capacity to respond to the
            disaster is low. This paper estimates the long-run impacts
            of six major landslides in Uganda, where most affected
            households received little aid. The analysis combines
            administrative and survey data from nearly the full
            population of affected and nearby households with exact
            landslide paths and a geological model of landslide risk to
            identify impacts relative to nearby households facing
            similar risk. Landslides substantially increase long-term
            displacement and migration, and affected households have
            significantly worse economic and mental health outcomes
            years afterward. Displacement worsens long-run outcomes,
            especially when not administered by the government. These
            findings contrast with many other studies of natural
            disaster, and suggest that the positive impacts of
            displacement require a favorable financial and institutional
            environment unlikely to be found in many countries.",,,,,,,,
266,34129678,Mexico,Policy Research Working Paper,2023-08-03T00:00:00Z,Publications & Research,Policy Research working paper ; no. WPS 10536,"Plant Closings and the Labor
            Market Outcomes of Displaced Workers : Evidence from Mexico",http://documents.worldbank.org/curated/en/099226408032390595/pdf/IDU1e06fdef31c64314e2d1a1f712d1d1df97c78.pdf,/research/2023/08/34129678/plant-closings-labor-market-outcomes-displaced-workers-evidence-mexico,http://documents.worldbank.org/curated/en/099226408032390595/IDU1e06fdef31c64314e2d1a1f712d1d1df97c78,2023/08/34129678/IDU1e06fdef31c64314e2d1a1f712d1d1df97c78,099226408032390595,,http://documents.worldbank.org/curated/en/099226408032390595/IDU1e06fdef31c64314e2d1a1f712d1d1df97c78,"Arias Vazquez,Francisco Javier","Lederman,Daniel","Plant Closings and the Labor Market Outcomes
            of Displaced Workers : Evidence from Mexico",34129678,"This paper investigates the impacts
            of job displacement on subsequent labor market outcomes,
            focusing on differentiated effects by educational groups and
            gender. The findings show that job separations caused by
            plant closings result in sizable and long-lasting wage
            reductions, with an average decline of −7.5 percent over a
            nine-year period relative to workers who did not experience
            job losses. A stronger effect is estimated for highly
            educated workers than for low educated workers, with initial
            effects being 18.4 and 9 percent wage drops, respectively.
            For working hours, the effect on low educated workers is
            double the effect on highly educated workers, with 3.0 and
            1.5 additional hours per week, respectively. Using the
            rotating panel of the survey, difference in differences
            coefficients are estimated, removing time-invariant
            individual heterogeneity. Compared to ordinary least
            squares, the difference in differences estimates reduce the
            magnitude of the average impacts of plant closing on wages,
            from −7.5 to −4.7 percent, and on working hours from 1.4 to
            0.53 additional hours. These results suggest that the
            ordinary least squares estimates are upwardly biased due to
            omitted individual worker heterogeneity. The paper discusses
            another potential remaining source of endogeneity concerning
            the quality of the match between employers and workers.",,,,,,,,
267,34131169,World,Policy Research Working Paper,2023-08-07T00:00:00Z,Publications & Research,Policy Research working paper ; no. WPS 10537,"Services Trade Policies across
            Africa : New Evidence for 54 Economies",http://documents.worldbank.org/curated/en/099307108072332829/pdf/IDU0ede8c14501f7c04ae2095590cde83b8ac97f.pdf,/research/2023/08/34131169/services-trade-policies-across-africa-new-evidence-54-economies,http://documents.worldbank.org/curated/en/099307108072332829/IDU0ede8c14501f7c04ae2095590cde83b8ac97f,2023/08/34131169/IDU0ede8c14501f7c04ae2095590cde83b8ac97f,099307108072332829,Off of Sr VP Dev Econ/Chief Econ (DECVP),http://documents.worldbank.org/curated/en/099307108072332829/IDU0ede8c14501f7c04ae2095590cde83b8ac97f,"Baiker,Laura","Borchert,Ingo","Services Trade Policies across Africa : New
            Evidence for 54 Economies",34131169,"In 2023, the global coverage of the
            Services Trade Policy Database, jointly developed by the
            World Bank and the World Trade Organization, has been
            significantly expanded to cover more economies, focusing in
            particular on the African continent. This enhancement is
            accompanied by expanded sector coverage including, inter
            alia, tourism and health care services, which are of
            particular interest to many African economies. The
            collection, processing, and vetting of regulatory data took
            place during 2020–22 and was supported by the German
            Development Agency GIZ, the European Commission and the
            International Trade Centre, respectively, as part of their
            support for the African Continental Free Trade Area
            negotiations. This paper presents evidence on the 2020/21
            state of applied services trade policy across 54 African
            economies. It offers detailed comparisons of policy stances
            across economies, broad sectors, subsectors, and modes of
            supply. Services trade policies in Africa are generally
            relatively restrictive, albeit with substantial dispersion
            across economies within each sector. Professional services
            are the most restricted, while computer and distribution
            services appear as the least restricted sectors. Larger
            economies in terms of market size tend to be more
            restrictive toward services trade, whereas economies with
            better institutions, including higher regulatory quality,
            tend to be more open. At the same time, relatively high
            levels of restrictiveness in transportation among the more
            industrialized economies may curtail connectivity and thus
            hamper African economies’ international integration
            prospects. Landlocked economies also seem to miss an
            opportunity to alleviate pre-existing geographical
            disadvantages with more open transportation service
            policies. Overall, the wealth of quantitative information on
            policy restrictiveness presented in this paper, along with
            the underpinning regulatory information, provides a factual
            basis for the advancement of policy reform, regional
            integration, and cooperation in service sectors.","Magdeleine,Joscelyn","Marchetti,Juan",,,,,,
268,34131186,Vietnam,Policy Research Working Paper,2023-08-07T00:00:00Z,Publications & Research,Policy Research working paper ; no. WPS 10538,"Fiscal Policy and Equity :
            Vietnam 2018 Fiscal Incidence Analysis",http://documents.worldbank.org/curated/en/099320308072325771/pdf/IDU0986bfaf4051210407209ac6086ca82a0702a.pdf,/research/2023/08/34131186/fiscal-policy-equity-vietnam-2018-fiscal-incidence-analysis,http://documents.worldbank.org/curated/en/099320308072325771/IDU0986bfaf4051210407209ac6086ca82a0702a,2023/08/34131186/IDU0986bfaf4051210407209ac6086ca82a0702a,099320308072325771,,http://documents.worldbank.org/curated/en/099320308072325771/IDU0986bfaf4051210407209ac6086ca82a0702a,"Rodriguez Takeuchi,Laura Kiku","Trzcinski,Kajetan Wladyslaw","Fiscal Policy and Equity : Vietnam 2018
            Fiscal Incidence Analysis",34131186,"This paper examines the distributive
            and poverty reducing effects of Vietnam’s fiscal system in
            2018. The paper looks at the incidence across the
            distribution and the effect of (direct and indirect) taxes,
            subsidies, and social spending (in cash and in-kind) on
            inequality and poverty in Vietnam using the Commitment to
            Equity methodology. The overall pattern of taxes and
            transfers in Vietnam is moderately progressive, but most
            households pay more in taxes and co-payments than what they
            receive in cash benefits, and the fiscal system results in a
            small increase in poverty. The progressivity of the fiscal
            system and its inequality-reduction impact mostly comes from
            in-kind health and education spending. This reduction in
            inequality is about average for lower-middle-income
            countries, but Vietnam could do more to increase the
            progressivity of its fiscal system.","Wai-Poi,Matthew Grant",,,,,,,
269,34131209,World,Policy Research Working Paper,2023-08-07T00:00:00Z,Publications & Research,Policy Research working paper ; no. WPS 10539,"Reducing Carbon using Regulatory
            and Financial Market Tools",http://documents.worldbank.org/curated/en/099333108072319011/pdf/IDU17d6c0fe715c1e1474d1ba871cf444578de7d.pdf,/research/2023/08/34131209/reducing-carbon-using-regulatory-financial-market-tools,http://documents.worldbank.org/curated/en/099333108072319011/IDU17d6c0fe715c1e1474d1ba871cf444578de7d,2023/08/34131209/IDU17d6c0fe715c1e1474d1ba871cf444578de7d,099333108072319011,Off of Sr VP Dev Econ/Chief Econ (DECVP),http://documents.worldbank.org/curated/en/099333108072319011/IDU17d6c0fe715c1e1474d1ba871cf444578de7d,"Allen,Franklin","Barbalau,Adelina","Reducing Carbon using Regulatory and
            Financial Market Tools",34131209,"This paper studies the conditions
            under which debt securities that make the cost of debt
            contingent on the issuer's carbon emissions, similar to
            sustainability-linked loans and bonds, can be equivalent to
            a carbon tax. The paper proposes a model in which standard
            and environmentally-oriented agents can adopt polluting and
            nonpolluting technologies, with the latter being less
            profitable than the former. A carbon tax can correct the
            laissez-faire economy in which the polluting technology is
            adopted by standard agents, but requires sufficient
            political support. Carbon-contingent securities provide an
            alternative price incentive for standard agents to adopt the
            nonpolluting technology, but require sufficient funds to
            fully substitute the regulatory tool. Absent political
            support for the tax, carbon-contingent securities can only
            improve welfare, but the same is not true when some support
            for a carbon tax exists. Understanding the conditions under
            which the regulatory and capital market tools are
            substitutes or complements within one economy is an
            important steppingstone in thinking about carbon pricing
            globally. It sheds light, for instance, on how developed
            economies can deploy finance to curb carbon emissions in
            developing economies where support for a carbon tax does not exist.","Zeni,Federica",,,,,,,
270,34131211,Mexico,Policy Research Working Paper,2023-08-07T00:00:00Z,Publications & Research,Policy Research working paper ; no. WPS 10540,"Rule-Based Civil Service :
            Evidence from a Nationwide Teacher Reform in Mexico",http://documents.worldbank.org/curated/en/099354508072332378/pdf/IDU00398a50408dcd04a9b0a76a09eb52058468f.pdf,/research/2023/08/34131211/rule-based-civil-service-evidence-nationwide-teacher-reform-mexico,http://documents.worldbank.org/curated/en/099354508072332378/IDU00398a50408dcd04a9b0a76a09eb52058468f,2023/08/34131211/IDU00398a50408dcd04a9b0a76a09eb52058468f,099354508072332378,,http://documents.worldbank.org/curated/en/099354508072332378/IDU00398a50408dcd04a9b0a76a09eb52058468f,"Bedoya,Juan","De Hoyos Navarro,Rafael E.","Rule-Based Civil Service : Evidence from a
            Nationwide Teacher Reform in Mexico",34131211,"This paper studies the effect of a
            civil service reform on the skills profile of new teachers
            in Mexico. The reform mandated the use of rule-based
            recruitment over discretionary hiring. The results show that
            the reform led to hiring teachers with higher cognitive
            skills. The paper also shows that an improvement in the
            bottom of the skills distribution of new hires drove this
            change. Two channels explain these effects. First, the
            reform decreased the prevalence of discretionary hires, who
            tended to be drawn from the bottom of the skills
            distribution. Second, the reform improved the screening
            efficiency of rule-based hiring, making cognitive skills
            more important determinants of hiring outcomes.","Estrada,Ricardo",,,,,,,
271,34131216,"Western and Central Africa,Burkina Faso,Chad,Mali,Niger,Senegal,Western Africa",Policy Research Working Paper,2023-08-07T00:00:00Z,Publications & Research,Policy Research working paper ; no. WPS 10541,"Seasonal Deprivation in the Sahel
            Is Large, Widespread, and Can Be Anticipated",http://documents.worldbank.org/curated/en/099414508072310033/pdf/IDU091e7bd240e2a00450e0a53507e80c0de6c4c.pdf,/research/2023/08/34131216/seasonal-deprivation-sahel-large-widespread-can-anticipated,http://documents.worldbank.org/curated/en/099414508072310033/IDU091e7bd240e2a00450e0a53507e80c0de6c4c,2023/08/34131216/IDU091e7bd240e2a00450e0a53507e80c0de6c4c,099414508072310033,Off of Sr VP Dev Econ/Chief Econ (DECVP),http://documents.worldbank.org/curated/en/099414508072310033/IDU091e7bd240e2a00450e0a53507e80c0de6c4c,"Lain,Jonathan William","Brunelin,Stephanie","Seasonal Deprivation in the Sahel Is Large,
            Widespread, and Can Be Anticipated",34131216,"Shocks and seasonality may have
            profound effects on poor households’ wellbeing, especially
            in contexts like the Sahel where livelihoods depend on
            rainfed agriculture and pastoralism. Understanding how
            seasonal variation affects Sahelian households is therefore
            essential for guiding policies that jointly seek to address
            chronic poverty, seasonality, and unexpected shocks. This
            paper uses harmonized household survey data from Burkina
            Faso, Chad, Mali, Niger, and Senegal, collected in two
            distinct waves in 2018 and 2019, to examine the extent of
            seasonal deprivation in the Sahel. These data reveal
            significant seasonal variation in poverty and wellbeing.
            Mean real monetary consumption is around 10.5 percent lower
            in the lean season. Moreover, rather than representing a
            reduction in dietary diversity, this drop is concentrated in
            staple foods (especially cereals), implying that seasonality
            brings about extreme forms of deprivation. Welfare losses
            may begin early in the lean season, even as early as April.
            When the data were collected in 2018/19, the climatic
            conditions were relatively benign and the security situation
            was more stable than today, so the effects of seasonality
            shown in this paper likely represent a lower bound. On
            policy, although initiatives currently focus on responding
            to unpredictable shocks, seasonal food insecurity could be
            better tackled by expanding social protection and providing
            regular transfers early in the lean season, when prices are
            lower and fewer households have succumbed to extreme
            deprivation. Seasonal variation happens every year and more
            can be done to support Sahelian households if there is
            information on how it will perennially threaten their wellbeing.",,,,,,,,
272,34131766,Europe and Central Asia,Policy Research Working Paper,2023-08-08T00:00:00Z,Publications & Research,"Policy Research working paper ; no. WPS
            10542; COVID-19 (Coronavirus)","Evaluation of Educational Loss in
            Europe and Central Asia",http://documents.worldbank.org/curated/en/099532508082317537/pdf/IDU0dd8d4c3d07d0c0477a0993e0aabe17fd627e.pdf,/research/2023/08/34131766/evaluation-educational-loss-europe-central-asia,http://documents.worldbank.org/curated/en/099532508082317537/IDU0dd8d4c3d07d0c0477a0993e0aabe17fd627e,2023/08/34131766/IDU0dd8d4c3d07d0c0477a0993e0aabe17fd627e,099532508082317537,Off of Sr VP Dev Econ/Chief Econ (DECVP),http://documents.worldbank.org/curated/en/099532508082317537/IDU0dd8d4c3d07d0c0477a0993e0aabe17fd627e,"Patrinos,Harry Anthony","Jakubowski,Maciej Jan","Evaluation of Educational Loss in Europe and
            Central Asia",34131766,"To what extent has the learning
            progress of school-aged children slowed during the COVID-19
            pandemic A pre-registered analysis of the first
            international assessment to be published since the pandemic
            is conducted to estimate the impact of COVID-19 on student
            reading. The effect of closures on achievement is modeled by
            predicting the deviation of the most recent results from a
            linear trend in reading achievement using data from all
            rounds using data from 28 countries in Europe and Central
            Asia. Reading scores declined by an average of 20 percent of
            a standard deviation, equivalent to just less than a year of
            schooling. Losses are significantly larger for students in
            schools that faced relatively longer closures. While there
            are no significant differences by sex, it is shown that
            lower-achieving students experienced much larger losses.","Gajderowicz,Tomasz Janusz",,,,,,,
273,34133646,World,Policy Research Working Paper,2023-08-10T00:00:00Z,Publications & Research,Policy Research working paper ; no. WPS 10543,"The Value of Information in a
            Congested Fishery",http://documents.worldbank.org/curated/en/099328108102340668/pdf/IDU0fa7aeaa202f26047da0a9180a5b921e47a97.pdf,/research/2023/08/34133646/value-information-congested-fishery,http://documents.worldbank.org/curated/en/099328108102340668/IDU0fa7aeaa202f26047da0a9180a5b921e47a97,2023/08/34133646/IDU0fa7aeaa202f26047da0a9180a5b921e47a97,099328108102340668,Off of Sr VP Dev Econ/Chief Econ (DECVP),http://documents.worldbank.org/curated/en/099328108102340668/IDU0fa7aeaa202f26047da0a9180a5b921e47a97,"Englander,Aaron Gabriel Ratliffe","Karp,Larry",The Value of Information in a Congested Fishery,34133646,"Congestion can reduce the value of a
            fishery, resulting in a lower total catch for the same
            amount of labor, fuel, and equipment expended in fishing
            activities. Absent the congestion externality, better
            information about the location and size of fish stocks
            enables fishers to make more efficient decisions. However,
            more precise information can cause fishers to converge on
            the same location or increase fishing at the same time. The
            cost of the resulting increased congestion can outweigh the
            direct benefit of better information. This paper identifies
            the circumstances where an increase in the precision of
            public and/or private information (about stock size or
            location) lowers industry profits. Using high-resolution
            data from Peru’s anchoveta fishery, the world’s largest by
            catch volume, the research reveals that despite considerable
            congestion, more precise private information would increase
            expected profits. On the other hand, the profit impact of
            more precise public information is positive but
            significantly smaller. This difference reflects the fact
            that public information increases congestion to a much
            greater extent, compared to private information. The policy
            implications are that improving private information about
            fish stocks—for example through firms investing in
            forecasting and decision-making technology—could increase
            industry profits. But anchoveta fishers would not
            necessarily benefit from more precise public information. As
            fishery managers control the accessibility and disclosure of
            information, decisions to make private information public,
            such as publishing near real-time catch data, could
            potentially lower fisher profits.","Simon,Leo",,,,,,,
274,34133654,World,Policy Research Working Paper,2023-08-10T00:00:00Z,Publications & Research,"Policy Research working paper ; no. WPS
            10544; RRR",Missing SDG Gender Indicators,http://documents.worldbank.org/curated/en/099401008102333778/pdf/IDU0948ba62905408048c609d430b3c1e874dc00.pdf,/research/2023/08/34133654/missing-sdg-gender-indicators,http://documents.worldbank.org/curated/en/099401008102333778/IDU0948ba62905408048c609d430b3c1e874dc00,2023/08/34133654/IDU0948ba62905408048c609d430b3c1e874dc00,099401008102333778,,http://documents.worldbank.org/curated/en/099401008102333778/IDU0948ba62905408048c609d430b3c1e874dc00,"Beegle,Kathleen G.","Serajuddin,Umar",Missing SDG Gender Indicators,34133654,"The Sustainable Development Goal
            agenda lays out an ambitious set of 231 indicators to track
            progress. Countries continue to fall short in terms of
            reporting on the indicators in general, and this is
            particularly the case for the subset of 50 gender-related
            indicators, where countries reported on average on 31
            percent of these indicators in at least one year from 2016
            to 2020. A closer look at this low coverage reveals four
            salient fundings. First, this is not just a problem of
            missing data; lack of reporting on existing data is detected
            to be a problem. For example, of the 32 gender-related
            indicators that are sex disaggregated, if countries that had
            a population estimate also had a sex-disaggregated estimate
            (which is almost always feasible), the Sustainable
            Development Goal gender coverage rate would be 43 percent
            instead of 31 percent. Second, better statistical systems
            are a major part of the solution, as statistical system
            strength is correlated with higher coverage. Third, poorer
            countries are doing no worse in reporting on gender-related
            Sustainable Development Goal indicators than high-income
            countries, despite weaker statistical systems. Lastly,
            sizable over (and under) performance in reporting,
            conditional on statistical strength, suggests that
            country-level advocacy and focus can yield wins in
            Sustainable Development Goal gender indicator coverage.","Stacy,Brian William","Wadhwa,Divyanshi",,,,,,
275,34133722,"Bangladesh,World",Policy Research Working Paper,2023-08-10T00:00:00Z,Publications & Research,"Policy Research working paper ; no. WPS
            10545; Impact Evaluation series","Learning from Self and Learning
            from Others : Experimental Evidence from Bangladesh",http://documents.worldbank.org/curated/en/099859108102328324/pdf/IDU01b511bf60206204197098e30c0ea53ab56d1.pdf,/research/2023/08/34133722/learning-self-learning-others-experimental-evidence-bangladesh,http://documents.worldbank.org/curated/en/099859108102328324/IDU01b511bf60206204197098e30c0ea53ab56d1,2023/08/34133722/IDU01b511bf60206204197098e30c0ea53ab56d1,099859108102328324,Off of Sr VP Dev Econ/Chief Econ (DECVP),http://documents.worldbank.org/curated/en/099859108102328324/IDU01b511bf60206204197098e30c0ea53ab56d1,"Kondylis,Florence","Loeser,John Ashton","Learning from Self and Learning from Others
            : Experimental Evidence from Bangladesh",34133722,"Can decentralizing demonstration
            accelerate learning about new technologies This paper
            randomizes access to a fixed demonstration kit for new
            flood-saline-resilient seeds across villages in Bangladesh,
            with demonstration either by a single farmer or spread
            across many farmers. In the short run, higher learning from
            self and others under decentralization increases technology
            adoption. In the long run, the impacts of any demonstration
            persist, but the additional impacts of decentralization
            vanish. A Bayesian model of learning the returns to a new
            technology suggests belief dispersion caused noisy adoption
            along the learning path, and farmers’ expected gains from
            demonstration are four times higher under decentralization.","Mobarak,Mushfiq","Jones,Maria Ruth","Stein,Daniel Kevin",,,,,
276,34143178,Europe and Central Asia,Policy Research Working Paper,2023-08-14T00:00:00Z,Publications & Research,"Policy Research working paper ; no. WPS
            10546;  COVID-19 (Coronavirus)","Assessing the Effectiveness of
            Social Protection Measures in Mitigating COVID-19-Related
            Income Shocks in the European Union",http://documents.worldbank.org/curated/en/099340208142315131/pdf/IDU06c97ec3f0fa3a04d2909373090283334d0e4.pdf,/research/2023/08/34143178/assessing-effectiveness-social-protection-measures-mitigating-covid-19-related-income-shocks-european-union,http://documents.worldbank.org/curated/en/099340208142315131/IDU06c97ec3f0fa3a04d2909373090283334d0e4,2023/08/34143178/IDU06c97ec3f0fa3a04d2909373090283334d0e4,099340208142315131,Off of Sr VP Dev Econ/Chief Econ (DECVP),http://documents.worldbank.org/curated/en/099340208142315131/IDU06c97ec3f0fa3a04d2909373090283334d0e4,"Gasior,Katrin","Jara,H. Xavier","Assessing the Effectiveness of Social
            Protection Measures in Mitigating COVID-19-Related Income
            Shocks in the European Union",34143178,"By means of counterfactual simulation
            methods, this paper quantifies the role of tax–benefit
            policies in mitigating the shock of the COVID-19 pandemic to
            household income in the European Union. The tax-benefit
            microsimulation model for the European Union EUROMOD is used
            to decompose changes in the income distribution into the
            effects of: (i) earnings losses due to COVID-19, (ii)
            automatic stabilizers, (iii) monetary compensation schemes
            introduced during the pandemic; and (iv) COVID-19-specific
            reforms to taxes and benefits implemented by European Union
            governments. The results show a great deal of heterogeneity
            between countries in terms of earnings losses and the effect
            of tax-benefit policies during the COVID-19 pandemic. In
            most countries, the largest contribution to cushioning the
            economic shock of the pandemic comes from monetary
            compensation schemes. Automatic stabilizers also play a
            role, mainly through the effects of social insurance
            contributions, taxes, and unemployment insurance benefits.
            Tax-benefit systems cushioned incomes to a large extent even
            among those most severely affected by the shock to earnings,
            with an important role for monetary compensation schemes,
            but also a larger stabilizing effect of unemployment
            insurance. Among automatic stabilizers, social assistance
            benefits played an important role in cushioning the income
            shock for the poorest quintiles among the most severely
            affected, but only in selected countries.","Makovec,Mattia",,,,,,,
277,34145160,El Salvador,Policy Research Working Paper,2023-08-17T00:00:00Z,Publications & Research,Policy Research working paper ; no. WPS 10547,"Fiscal Policy as a Tool for
            Gender Equity in El Salvador",http://documents.worldbank.org/curated/en/099343108172321137/pdf/IDU0a3a08c7701548045480a8e20775c73eb6688.pdf,/research/2023/08/34145160/fiscal-policy-tool-gender-equity-el-salvador,http://documents.worldbank.org/curated/en/099343108172321137/IDU0a3a08c7701548045480a8e20775c73eb6688,2023/08/34145160/IDU0a3a08c7701548045480a8e20775c73eb6688,099343108172321137,Off of Sr VP Dev Econ/Chief Econ (DECVP),http://documents.worldbank.org/curated/en/099343108172321137/IDU0a3a08c7701548045480a8e20775c73eb6688,"Robayo,Monica","Tribin Uribe,Ana Maria","Fiscal Policy as a Tool for Gender Equity in
            El Salvador",34145160,"This paper analyzes fiscal incidence
            in El Salvador through a gender lens using the Commitment to
            Equity model. The study aims to identify fiscal policies
            that promote gender equality and facilitates evidence-based
            policy recommendations aimed at reducing gender disparities
            and promoting more inclusive fiscal policies. The analysis
            shows that fiscal policy is not pro-poor, as it can lead to
            a 3.1 percentage point increase in overall poverty using the
            US$6.85 2017 purchasing power parity poverty line,
            disproportionately impacting particular groups. Households
            headed by single women with at least one child under six
            years old experience a poverty rate increase of 4.3
            percentage points, reaching an alarming rate of 42.7
            percent. An increasing gender gap in poverty rates is also
            observed among households where women are the sole
            providers. The results show that the net fiscal system can
            increase the incidence of poverty among this group by 4.3
            percentage points. In comparison, it increases by only 2.3
            percentage points among their male counterparts. A
            microsimulation exercise of potential fiscal reforms to
            improve the welfare position of these households reveals
            that a fiscal package eliminating indirect subsidies, social
            security exemptions for vulnerable groups, and conditional
            cash transfers to households that meet certain conditions
            could reverse these unfavorable outcomes.","Oliva Cepeda,Jose Andres",,,,,,,
278,34148382,Central Asia,Policy Research Working Paper,2023-08-21T00:00:00Z,Publications & Research,Policy Research working paper ; no. WPS 10548,"Preferences for Wage
            Discrimination against Women",http://documents.worldbank.org/curated/en/099516508212338351/pdf/IDU09d447bcd0cbd8041bd0982f0cdfa3ba4cf4f.pdf,/research/2023/08/34148382/preferences-wage-discrimination-against-women,http://documents.worldbank.org/curated/en/099516508212338351/IDU09d447bcd0cbd8041bd0982f0cdfa3ba4cf4f,2023/08/34148382/IDU09d447bcd0cbd8041bd0982f0cdfa3ba4cf4f,099516508212338351,Off of Sr VP Dev Econ/Chief Econ (DECVP),http://documents.worldbank.org/curated/en/099516508212338351/IDU09d447bcd0cbd8041bd0982f0cdfa3ba4cf4f,"Seitz,William Hutchins",,Preferences for Wage Discrimination against Women,34148382,"This study demonstrates systematic
            bias against women in public perceptions of the fairness of
            wages. In nationally representative survey experiments
            across more than 70,000 individual vignettes posed to 4,500
            respondents in three Central Asian countries, respondents
            were 13 percent more likely to say wages were “too high”
            when the randomly assigned person described in the vignette
            (subject) was a woman, and 34 percent more likely to say
            they were “too low” when the subject was a man. The pattern
            of bias favoring higher wages for men is statistically
            significant at conventional levels in all three countries,
            among both male and female respondents, and in each of the
            eight occupations studied. The results also demonstrate the
            presence of significant bias in favor or older workers,
            specifically for white-collar occupations, and the absence
            of this relationship for the blue-collar occupations
            included in the experiment. The findings reinforce the
            importance of bias as a contributing factor to the gender
            pay gap, and the value of equal pay regulations to prevent
            gender discrimination in wage setting.",,,,,,,,
279,34148423,Central Asia,Policy Research Working Paper,2023-08-21T00:00:00Z,Publications & Research,Policy Research working paper ; no. WPS 10548,"Ayollarga nisbatan ish haqini
            kamsitish uchun imtiyozlar",http://documents.worldbank.org/curated/en/099923108212341262/pdf/IDU0cb8787c10463b044780a7da0992997579ba6.pdf,/research/2023/08/34148423/ayollarga-nisbatan-ish-haqini-kamsitish-uchun-imtiyozlar,http://documents.worldbank.org/curated/en/099923108212341262/IDU0cb8787c10463b044780a7da0992997579ba6,2023/08/34148423/IDU0cb8787c10463b044780a7da0992997579ba6,099923108212341262,Off of Sr VP Dev Econ/Chief Econ (DECVP),http://documents.worldbank.org/curated/en/099923108212341262/IDU0cb8787c10463b044780a7da0992997579ba6,World Bank,,"Ayollarga nisbatan ish haqini kamsitish
            uchun imtiyozlar",34148423,"Ushbu tadqiqot ish haqining
            adolatliligi to`g`risidagi jamoatchilik fikrida ayollarga
            nisbatan tizimli e`tiqodini namoyish qiladi. Markaziy
            Osiyoning uchta davlatida 4500 respondentga taqdim etilgan
            70 000 dan ortiq alohida faraziy vaziyatlar bo`yicha
            umummilliy reprezentativ tajribalarida respondentlar
            gipotetik vaziyatda (sub`ekt) tavsiflangan tasodifiy
            tanlangan shaxs ayol bo`lganligini, ish haqi «juda yuqori»
            deb aytish ehtimoli 13 foizga ko`proq tasdiqlashgan, va
            erkak haqida gap ketganda, ish haqi «juda past» deb aytishni
            34 % ga ko`proq tasdiqlashgan. Erkaklar uchun ish haqining
            ancha uyqori foydasiga siljish modeli barcha uchala
            mamlakatda, ham erkak-respondentlar, ham va ayol-
            respondentlar orasida va ko`rib chiqilgan sakkizta kasbning
            har biri uchun odatdagi darajada statistik jihatdan
            ahamiyatli bo`lgan. Natijalar, shuningdek, keksa ishchilar
            foydasiga, xususan, «oq yoqalilar» kasblar uchun ahamiyatli
            tarafkashlik mavjudligini va tajribaga kiritilgan «ko`k
            yoqalilar» kasblar uchun bu qaramlikning yo`qligini namoyish
            etadi. Xulosalar ish haqida gender farqiga hissa qo`shuvchi
            omil sifatida tarafkashlikning muhimligini, va ish haqini
            belgilashda jins belgisi bo`yicha kamsitishlarining oldini
            olish uchun teng ish haqi qoidalarining ahamiyatini tasdiqlaydi.",,,,,,,,
280,34148425,Central Asia,Policy Research Working Paper,2023-08-21T00:00:00Z,Publications & Research,Policy Research working paper ; no. WPS 10548,"Предпочтения в отношении
            дискриминации женщин в оплате труда",http://documents.worldbank.org/curated/en/099932408212322216/pdf/IDU0d1c58f9d00b40049a6090ed04b3f9eeae5e7.pdf,/research/2023/08/34148425/предпочтения-в-отношении-дискриминации-женщин-в-оплате-труда,http://documents.worldbank.org/curated/en/099932408212322216/IDU0d1c58f9d00b40049a6090ed04b3f9eeae5e7,2023/08/34148425/IDU0d1c58f9d00b40049a6090ed04b3f9eeae5e7,099932408212322216,,http://documents.worldbank.org/curated/en/099932408212322216/IDU0d1c58f9d00b40049a6090ed04b3f9eeae5e7,"Seitz,William Hutchins",,"Предпочтения в отношении дискриминации
            женщин в оплате труда",34148425,"&#x414;а&#x43d;н&#x43e;е
            &#x438;с&#x441;л&#x435;д&#x43e;в&#x430;н&#x438;е
            &#x434;е&#x43c;о&#x43d;с&#x442;р&#x438;р&#x443;е&#x442;
            &#x441;и&#x441;т&#x435;м&#x430;т&#x438;ч&#x435;с&#x43a;о&#x435;
            &#x43f;р&#x435;д&#x443;б&#x435;ж&#x434;е&#x43d;и&#x435;
            &#x432;
            &#x43e;т&#x43d;о&#x448;е&#x43d;и&#x438;
            &#x436;е&#x43d;щ&#x438;н &#x432;
            &#x43e;б&#x449;е&#x441;т&#x432;е&#x43d;н&#x43e;м
            &#x43c;н&#x435;н&#x438;и &#x43e;
            &#x441;п&#x440;а&#x432;е&#x434;л&#x438;в&#x43e;с&#x442;и
            &#x437;а&#x440;а&#x431;о&#x442;н&#x43e;й
            &#x43f;л&#x430;т&#x44b;. &#x412;
            &#x43e;б&#x449;е&#x43d;а&#x446;и&#x43e;н&#x430;л&#x44c;н&#x44b;х
            &#x440;е&#x43f;р&#x435;з&#x435;н&#x442;а&#x442;и&#x432;н&#x44b;х
            &#x44d;к&#x441;п&#x435;р&#x438;м&#x435;н&#x442;а&#x445;
            &#x43f;о &#x43e;п&#x440;о&#x441;у
            &#x43a;а&#x441;а&#x442;е&#x43b;ь&#x43d;о
            &#x431;о&#x43b;е&#x435; 70 000
            &#x43e;т&#x434;е&#x43b;ь&#x43d;ы&#x445;
            &#x433;и&#x43f;о&#x442;е&#x442;и&#x447;е&#x441;к&#x438;х
            &#x441;и&#x442;у&#x430;ц&#x438;й,
            &#x43f;р&#x435;д&#x441;т&#x430;в&#x43b;е&#x43d;н&#x44b;х
            4500
            &#x440;е&#x441;п&#x43e;н&#x434;е&#x43d;т&#x430;м
            &#x432; &#x442;р&#x435;х
            &#x441;т&#x440;а&#x43d;а&#x445;
            &#x426;е&#x43d;т&#x440;а&#x43b;ь&#x43d;о&#x439;
            &#x410;з&#x438;и,
            &#x440;е&#x441;п&#x43e;н&#x434;е&#x43d;т&#x44b;
            &#x43d;а 13
            &#x43f;р&#x43e;ц&#x435;н&#x442;о&#x432;
            &#x447;а&#x449;е
            &#x443;т&#x432;е&#x440;ж&#x434;а&#x43b;и,
            &#x447;т&#x43e;
            &#x437;а&#x440;а&#x431;о&#x442;н&#x430;я
            &#x43f;л&#x430;т&#x430;
            &#xab;с&#x43b;и&#x448;к&#x43e;м
            &#x432;ы&#x441;о&#x43a;а&#xbb;,
            &#x43a;о&#x433;д&#x430;
            &#x441;л&#x443;ч&#x430;й&#x43d;о
            &#x432;ы&#x431;р&#x430;н&#x43d;о&#x435;
            &#x43b;и&#x446;о,
            &#x43e;п&#x438;с&#x430;н&#x43d;о&#x435;
            &#x432;
            &#x433;и&#x43f;о&#x442;е&#x442;и&#x447;е&#x441;к&#x43e;й
            &#x441;и&#x442;у&#x430;ц&#x438;и
            (&#x441;у&#x431;ъ&#x435;к&#x442;),
            &#x431;ы&#x43b;а
            &#x436;е&#x43d;щ&#x438;н&#x43e;й,
            &#x438; &#x43d;а 34% &#x447;а&#x449;е
            &#x443;т&#x432;е&#x440;ж&#x434;а&#x43b;и,
            &#x447;т&#x43e;
            &#x437;а&#x440;п&#x43b;а&#x442;ы
            &#x431;ы&#x43b;и
            &#xab;с&#x43b;и&#x448;к&#x43e;м
            &#x43d;и&#x437;к&#x438;м&#x438;»,
            &#x43a;о&#x433;д&#x430; &#x440;е&#x447;ь
            &#x448;л&#x430; &#x43e;
            &#x43c;у&#x436;ч&#x438;н&#x435;.
            &#x41c;о&#x434;е&#x43b;ь
            &#x441;м&#x435;щ&#x435;н&#x438;я &#x432;
            &#x43f;о&#x43b;ь&#x437;у
            &#x431;о&#x43b;е&#x435;
            &#x432;ы&#x441;о&#x43a;о&#x439;
            &#x437;а&#x440;а&#x431;о&#x442;н&#x43e;й
            &#x43f;л&#x430;т&#x44b; &#x434;л&#x44f;
            &#x43c;у&#x436;ч&#x438;н
            &#x431;ы&#x43b;а
            &#x441;т&#x430;т&#x438;с&#x442;и&#x447;е&#x441;к&#x438;
            &#x437;н&#x430;ч&#x438;м&#x43e;й
            &#x43d;а &#x43e;б&#x44b;ч&#x43d;о&#x43c;
            &#x443;р&#x43e;в&#x43d;е &#x432;о
            &#x432;с&#x435;х &#x442;р&#x435;х
            &#x441;т&#x440;а&#x43d;а&#x445;,
            &#x43a;а&#x43a; &#x441;р&#x435;д&#x438;
            &#x440;е&#x441;п&#x43e;н&#x434;е&#x43d;т&#x43e;в-&#x43c;у&#x436;ч&#x438;н,
            &#x442;а&#x43a; &#x438;
            &#x441;р&#x435;д&#x438;
            &#x440;е&#x441;п&#x43e;н&#x434;е&#x43d;т&#x43e;в-&#x436;е&#x43d;щ&#x438;н,
            &#x438; &#x434;л&#x44f;
            &#x43a;а&#x436;д&#x43e;й &#x438;з
            &#x432;о&#x441;ь&#x43c;и
            &#x440;а&#x441;с&#x43c;о&#x442;р&#x435;н&#x43d;ы&#x445;
            &#x43f;р&#x43e;ф&#x435;с&#x441;и&#x439;.
            &#x420;е&#x437;у&#x43b;ь&#x442;а&#x442;ы
            &#x442;а&#x43a;ж&#x435;
            &#x434;е&#x43c;о&#x43d;с&#x442;р&#x438;р&#x443;ю&#x442;
            &#x43d;а&#x43b;и&#x447;и&#x435;
            &#x437;н&#x430;ч&#x438;т&#x435;л&#x44c;н&#x43e;й
            &#x43f;р&#x435;д&#x432;з&#x44f;т&#x43e;с&#x442;и
            &#x432; &#x43f;о&#x43b;ь&#x437;у
            &#x43f;о&#x436;и&#x43b;ы&#x445;
            &#x440;а&#x431;о&#x442;н&#x438;к&#x43e;в
            &#x432;
            &#x447;а&#x441;т&#x43d;о&#x441;т&#x438;
            &#x434;л&#x44f;
            &#x43f;р&#x43e;ф&#x435;с&#x441;и&#x439;
            &#xab;б&#x435;л&#x44b;х
            &#x432;о&#x440;о&#x442;н&#x438;ч&#x43a;о&#x432;»
            &#x438;
            &#x43e;т&#x441;у&#x442;с&#x442;в&#x438;е
            &#x44d;т&#x43e;й
            &#x437;а&#x432;и&#x441;и&#x43c;о&#x441;т&#x438;
            &#x434;л&#x44f;
            &#x43f;р&#x43e;ф&#x435;с&#x441;и&#x439;
            &#xab;с&#x438;н&#x438;х
            &#x432;о&#x440;о&#x442;н&#x438;ч&#x43a;о&#x432;»,
            &#x432;к&#x43b;ю&#x447;е&#x43d;н&#x44b;х
            &#x432;
            &#x44d;к&#x441;п&#x435;р&#x438;м&#x435;н&#x442;.
            &#x412;ы&#x432;о&#x434;ы
            &#x43f;о&#x434;т&#x432;е&#x440;ж&#x434;а&#x44e;т
            &#x432;а&#x436;н&#x43e;с&#x442;ь
            &#x43f;р&#x435;д&#x443;б&#x435;ж&#x434;е&#x43d;и&#x439;
            &#x43a;а&#x43a;
            &#x444;а&#x43a;т&#x43e;р&#x430;,
            &#x441;п&#x43e;с&#x43e;б&#x441;т&#x432;у&#x44e;щ&#x435;г&#x43e;
            &#x433;е&#x43d;д&#x435;р&#x43d;о&#x43c;у
            &#x440;а&#x437;р&#x44b;в&#x443; &#x432;
            &#x43e;п&#x43b;а&#x442;е
            &#x442;р&#x443;д&#x430;, &#x438;
            &#x437;н&#x430;ч&#x435;н&#x438;е
            &#x43f;р&#x430;в&#x438;л
            &#x440;а&#x432;н&#x43e;й
            &#x43e;п&#x43b;а&#x442;ы
            &#x442;р&#x443;д&#x430; &#x434;л&#x44f;
            &#x43f;р&#x435;д&#x43e;т&#x432;р&#x430;щ&#x435;н&#x438;я
            &#x434;и&#x441;к&#x440;и&#x43c;и&#x43d;а&#x446;и&#x438;
            &#x43f;о
            &#x43f;р&#x438;з&#x43d;а&#x43a;у
            &#x43f;о&#x43b;а &#x43f;р&#x438;
            &#x443;с&#x442;а&#x43d;о&#x432;л&#x435;н&#x438;и
            &#x437;а&#x440;а&#x431;о&#x442;н&#x43e;й &#x43f;л&#x430;т&#x44b;.",,,,,,,,
281,34148967,"Nigeria,World",Policy Research Working Paper,2023-08-22T00:00:00Z,Publications & Research,Policy Research working paper ; no. WPS 10524,"Religious Terrorism, Forced
            Migration, and Women’s Empowerment : Evidence from the Boko
            Haram Insurgency",http://documents.worldbank.org/curated/en/099849108222346867/pdf/IDU0b05294830843f04de30bab00ffebb49275a0.pdf,/research/2023/08/34148967/religious-terrorism-forced-migration-women’s-empowerment-evidence-boko-haram-insurgency,http://documents.worldbank.org/curated/en/099849108222346867/IDU0b05294830843f04de30bab00ffebb49275a0,2023/08/34148967/IDU0b05294830843f04de30bab00ffebb49275a0,099849108222346867,Off of Sr VP Dev Econ/Chief Econ (DECVP),http://documents.worldbank.org/curated/en/099849108222346867/IDU0b05294830843f04de30bab00ffebb49275a0,"Elice,Paola","Martínez Flores,Fernanda","Religious Terrorism, Forced Migration, and
            Women’s Empowerment : Evidence from the Boko Haram Insurgency",34148967,"This paper examines the link between
            violent attacks of the Islamic extremist group Boko Haram,
            forced migration, and the empowerment of women in host
            communities. The paper finds positive effects of distant
            attacks on the economic well-being of women, their use of
            modern contraceptive methods, and rejection of traditional
            gender views. At the same time, however, the findings show
            an increase in the risk that women experience domestic
            violence. The paper then extensively examines forced
            displacement as an effect channel and its importance
            relative to other possible channels for explaining the
            spatial dispersion of the effects. Compared with Boko Haram
            attacks, the results are remarkably different for Fulani
            pastoralist-farmer clashes over natural resources.","Reichert,Arndt Rudiger",,,,,,,
282,34148972,India,Policy Research Working Paper,2023-08-22T00:00:00Z,Publications & Research,Policy Research working paper ; no. WPS 10549,"Does Food Insecurity Hinder
            Migration ? Experimental Evidence from the Indian Public
            Distribution System",http://documents.worldbank.org/curated/en/099914408222328779/pdf/IDU0881f8146069cc043d80b0740409c3ee6317c.pdf,/research/2023/08/34148972/food-insecurity-hinder-migration-experimental-evidence-indian-public-distribution-system,http://documents.worldbank.org/curated/en/099914408222328779/IDU0881f8146069cc043d80b0740409c3ee6317c,2023/08/34148972/IDU0881f8146069cc043d80b0740409c3ee6317c,099914408222328779,Off of Sr VP Dev Econ/Chief Econ (DECVP),http://documents.worldbank.org/curated/en/099914408222328779/IDU0881f8146069cc043d80b0740409c3ee6317c,"Baseler,Travis Andreas","Narayan,Ambar","Does Food Insecurity Hinder Migration ?
            Experimental Evidence from the Indian Public Distribution System",34148972,"People may avoid migrating if they
            cannot insure themselves against the risk of a bad outcome.
            Governments can reduce the consumption risk faced by
            migrants by allowing them to access social protection
            programs in the destination. This study randomly informed
            around 62,000 households across 18 Indian states about a new
            program allowing migrants to collect their food ration
            across the country, together with information about
            practical barriers to using the program. Four months later,
            treated households held lower beliefs about food ration
            portability, and were less likely to migrate to cities. The
            findings indicate that food insecurity risk reduces urban migration.","Ng,Odyssia Sophie Si Jia","Sinha Roy,Sutirtha",,,,,,
283,34149697,Haiti,Policy Research Working Paper,2023-08-23T00:00:00Z,Publications & Research,Policy Research working paper ; no. WPS 10550,"The Rough Road to Services and
            Livelihood Opportunities in Rural Haiti and the Added Impact
            of Natural Disasters",http://documents.worldbank.org/curated/en/099801308232333437/pdf/IDU0effbab540895904f670b5a103af084a5569c.pdf,/research/2023/08/34149697/rough-road-services-livelihood-opportunities-rural-haiti-added-impact-natural-disasters,http://documents.worldbank.org/curated/en/099801308232333437/IDU0effbab540895904f670b5a103af084a5569c,2023/08/34149697/IDU0effbab540895904f670b5a103af084a5569c,099801308232333437,Off of Sr VP Dev Econ/Chief Econ (DECVP),http://documents.worldbank.org/curated/en/099801308232333437/IDU0effbab540895904f670b5a103af084a5569c,"Stokenberga,Aiga","Escalante Hernandez,Cecilia Nallely","The Rough Road to Services and Livelihood
            Opportunities in Rural Haiti and the Added Impact of Natural Disasters",34149697,"Mobility of goods and people in rural
            Haiti is constrained by the sparce road network and low
            maintenance of existing infrastructure. These challenges are
            further exacerbated by frequent natural disasters, including
            seasonal floods and earthquakes of significant magnitudes.
            This study conducted household surveys, qualitative
            interviews with humanitarian and development organizations
            on the ground, and spatial and statistical analysis to
            understand the impact of the relative importance of various
            constraints to accessing schooling, health care, and
            livelihood opportunities in rural Haiti, especially focusing
            on the most marginalized population groups. The various data
            collected corroborate the conclusion that transport
            issues—travel time, flooded roads, and lack of continuously
            functioning public transport services, among others—are
            central in the local residents’ ability to access services
            and livelihood opportunities. At the same time, for many
            marginalized people, such as women and people living with a
            disability, other significant barriers are present, in terms
            of lack of affordability, inappropriate design of school and
            health care facilities, risk of assault, discrimination, and
            cultural norms. Living in a community where roads where
            damaged by the August 2021 earthquake is associated with
            reduced odds of having accessed needed health care or sold
            any of the produced agricultural harvest in the following
            months and with higher odds of children having missed
            school. Overall, the findings point to the need for a broad
            set of interventions—combining infrastructure and
            complementary policies—to allow everyone, including the most
            marginalized groups, to gain full access to health,
            education, and livelihood opportunities.","Dominguez Gonzalez,Karla","Espinet Alegre,Xavier","Becoulet,Malaika",,,,,B
284,34149710,Türkiye,Policy Research Working Paper,2023-08-23T00:00:00Z,Publications & Research,"Policy Research working paper ; no. WPS
            10551; RRR","A Climate-Fiscal Policy Mix to
            Achieve Türkiye’s Net-Zero Ambition under Feasibility Constraints",http://documents.worldbank.org/curated/en/099828108232316053/pdf/IDU0d36718f40735104cfe099c60ab1d82b051da.pdf,/research/2023/08/34149710/climate-fiscal-policy-mix-achieve-türkiye’s-net-zero-ambition-under-feasibility-constraints,http://documents.worldbank.org/curated/en/099828108232316053/IDU0d36718f40735104cfe099c60ab1d82b051da,2023/08/34149710/IDU0d36718f40735104cfe099c60ab1d82b051da,099828108232316053,,http://documents.worldbank.org/curated/en/099828108232316053/IDU0d36718f40735104cfe099c60ab1d82b051da,"Schoder,Christian","Tercioglu,Remzi Baris","A Climate-Fiscal Policy Mix to Achieve
            Türkiye’s Net-Zero Ambition under Feasibility Constraints",34149710,"This paper employs an estimated
            dynamic stochastic open-economy macro framework to identify
            policy interventions that allow Türkiye to achieve net-zero
            emissions by 2053 while respecting important feasibility
            constraints such as fiscal consolidation and sovereign debt
            stability as well as compensation of low-income households.
            The policy mix includes a carbon tax, a renewable energy
            subsidy, transfer payments, public infrastructure
            investments, a bad bank for stranded fossil fuel assets, and
            the phase-out of fossil fuel subsidies and public
            investment. Although the proposed policy package has only
            moderate effects on gross domestic product, transition risks
            involve declining exports and fossil asset stranding. The
            paper highlights the importance of transparent policy
            communication and a credible commitment to the net-zero
            agenda to ensure an orderly transition. Improving the rule
            of law and access to green finance considerably support the
            private sector-led low-carbon transition.",,,,,,,,
285,34150163,"World,Europe",Policy Research Working Paper,2023-08-24T00:00:00Z,Publications & Research,"Policy Research working paper ; no. WPS
            10552; RRR","Greener Is Not Always Pricier :
            Ecolabeling and Price Premium in the Tourism Industry",http://documents.worldbank.org/curated/en/099741308242314708/pdf/IDU06dbfb6270b9270493609f5b0f9fce7d556a2.pdf,/research/2023/08/34150163/greener-not-always-pricier-ecolabeling-price-premium-tourism-industry,http://documents.worldbank.org/curated/en/099741308242314708/IDU06dbfb6270b9270493609f5b0f9fce7d556a2,2023/08/34150163/IDU06dbfb6270b9270493609f5b0f9fce7d556a2,099741308242314708,,http://documents.worldbank.org/curated/en/099741308242314708/IDU06dbfb6270b9270493609f5b0f9fce7d556a2,"Bello,Ridwan Bolaji","Kassim,Olanrewaju Malik","Greener Is Not Always Pricier : Ecolabeling
            and Price Premium in the Tourism Industry",34150163,"Voluntary ecolabeling programs have
            gained popularity in the tourism industry as initiatives for
            promoting ecofriendly practices among tourism firms. Yet,
            for these programs to appeal to firms, it is crucial that
            they generate positive market benefits for ecolabeled firms.
            This paper studies the effect of a sustainable tourism label
            on prices of hotel firms. It uses hotel listing data
            collected from Booking.com and covering more than 6,000
            hotels across 10 popular European cities. The paper finds
            that the presence of the ecolabel is associated with a price
            premium of approximately 10 percent in the full sample.
            However, point estimates of this premium vary across cities,
            from a low of 1 percent in Venice to a high of 22 percent in
            London. As a novel contribution, the paper shows that the
            ecolabel delivers a quantitatively and statistically
            significant price premium only in cities where tourism
            (destination) competitiveness is high and ecolabel
            attainment is low. The paper discusses the implications of
            these findings for firms and policymakers in the industry.","Bello,Sodiq Oladayo",,,,,,,
286,34150166,"Türkiye,Turkiye",Policy Research Working Paper,2023-08-24T00:00:00Z,Publications & Research,Policy Research working paper ; no. WPS 10553,"A Spatial Perspective on Booms
            and Busts : Evidence from Türkiye",http://documents.worldbank.org/curated/en/099808208242326348/pdf/IDU0864ea00003d7104c180bebd0960c4ca02082.pdf,/research/2023/08/34150166/spatial-perspective-booms-busts-evidence-türkiye,http://documents.worldbank.org/curated/en/099808208242326348/IDU0864ea00003d7104c180bebd0960c4ca02082,2023/08/34150166/IDU0864ea00003d7104c180bebd0960c4ca02082,099808208242326348,Off of Sr VP Dev Econ/Chief Econ (DECVP),http://documents.worldbank.org/curated/en/099808208242326348/IDU0864ea00003d7104c180bebd0960c4ca02082,"Baez Ramirez,Javier Eduardo","Celik,Cigdem","A Spatial Perspective on Booms and Busts :
            Evidence from Türkiye",34150166,"This paper combines official
            subnational and remote-sensed data to uncover the
            relationships between business cycles in Türkiye and the
            corresponding changes in economic activity at lower levels
            of spatial aggregation. The objective is to document changes
            in the nature of growth within and across business cycles,
            with a focus on understanding how sectoral changes interact
            with within-country remoteness during each phase. The paper
            shows that: (i) the significant growth between 2010 and 2017
            was bookended by recessions in which gross domestic product
            per capita fell more sharply the closer a province was to
            one of the two largest cities; (ii) the two recessions
            differed in terms of their sectoral impacts, with
            manufacturing declines inversely related to remoteness
            during the first recession and positively related during the
            second; (iii) there were large increases in the construction
            sector’s gross value added during the post-2009
            rebound—consistent with unprecedented increases in nighttime
            light luminosity—with growth positively related to
            remoteness; and (iv) changes in nighttime light luminosity
            are correlated with changes in physical activity: a 10
            percent increase in nighttime lights is associated with a
            3.5 percent increase in construction output and a 1.5
            percent increase in manufacturing output. Together, the
            results suggest that recessions and recoveries that may
            appear to be similar at a macroeconomic scale may be driven
            by very different changes at more disaggregated spatial
            scales and have varied impacts on regional convergence.","Kshirsagar,Varun Sridhar",,,,,,,
287,34150489,Dominican Republic,Policy Research Working Paper,2023-08-25T00:00:00Z,Publications & Research,"Policy Research working paper ; no. WPS
            10554; Impact Evaluation series; RRR","Anticipation, Disappointment and
            Adaptation : Evidence from a Home Upgrading Project",http://documents.worldbank.org/curated/en/099232208252399497/pdf/IDU0103154c60be17045b4081040f377edca84d2.pdf,/research/2023/08/34150489/anticipation-disappointment-adaptation-evidence-home-upgrading-project,http://documents.worldbank.org/curated/en/099232208252399497/IDU0103154c60be17045b4081040f377edca84d2,2023/08/34150489/IDU0103154c60be17045b4081040f377edca84d2,099232208252399497,Off of Sr VP Dev Econ/Chief Econ (DECVP),http://documents.worldbank.org/curated/en/099232208252399497/IDU0103154c60be17045b4081040f377edca84d2,"Gine,Xavier","Martinez Ruiz,Meritxell","Anticipation, Disappointment and Adaptation
            : Evidence from a Home Upgrading Project",34150489,"This paper exploits unexpected delays
            in the implementation of a home upgrading government program
            for low-income households in the Dominican Republic to
            quantify the adverse impact of delays on subjective measures
            of well-being. The findings show that failure to account for
            delays in program implementation leads to serious
            underestimation of program impacts on well-being.","Melo,Virginia",,,,,,,C
288,34150502,"India,World",Policy Research Working Paper,2023-08-25T00:00:00Z,Publications & Research,"Policy Research working paper ; no. WPS
            10555;  COVID-19 (Coronavirus)","The Added Value of Local
            Democracy: Evidence from a Natural Experiment in India",http://documents.worldbank.org/curated/en/099254008252327013/pdf/IDU067b7438e0080b047770b8d30051dbf7e7f1d.pdf,/research/2023/08/34150502/added-value-local-democracy-evidence-natural-experiment-india,http://documents.worldbank.org/curated/en/099254008252327013/IDU067b7438e0080b047770b8d30051dbf7e7f1d,2023/08/34150502/IDU067b7438e0080b047770b8d30051dbf7e7f1d,099254008252327013,Off of Sr VP Dev Econ/Chief Econ (DECVP),http://documents.worldbank.org/curated/en/099254008252327013/IDU067b7438e0080b047770b8d30051dbf7e7f1d,"Arora,Abhishek","George,Siddharth","The Added Value of Local Democracy: Evidence
            from a Natural Experiment in India",34150502,"Governments across the world have
            increasingly devolved powers to locally elected leaders.
            This paper studies the consequences of local democracy,
            exploiting a natural experiment in Karnataka, India. Local
            elections were postponed in 2020, resulting in appointed
            administrators taking over governance in villages whose
            elected leaders completed their terms that year. This
            created quasi-random variation in the governance regime
            across villages. The paper brings together a rich set of
            administrative datasets—budgetary allocations from the
            universe of 6,000 villages, more than a million public works
            projects, local bureaucratic attendance, welfare benefits,
            and a primary survey of more than 11,810 households—to
            estimate the impacts of local democracy. The findings show
            that local democracy aligns spending more closely with
            citizen preferences, but these gains accrue more to men,
            upper castes, and other advantaged social groups. Elected
            leaders are more responsive to citizen needs and cause local
            bureaucrats to exert more effort. However, appointed
            administrators perform better on aspects of governance that
            are aligned with their specialized skills. Local democracy
            improves governance in some domains, but it has no overall
            impact on economic outcomes or effectiveness of COVID-19 management.","Rao,Vijayendra","Sharan,MR",,,,,,
289,34151748,"World,South Asia",Policy Research Working Paper,2023-08-28T00:00:00Z,Publications & Research,Policy Research working paper ; no. WPS 10556,"Masters of Disasters : The
            Heterogeneous Effects of a Crisis on Micro-Sized Firms",http://documents.worldbank.org/curated/en/099756508282325721/pdf/IDU08c4f19bc07ff00459f09d080145b21ae0160.pdf,/research/2023/08/34151748/masters-disasters-heterogeneous-effects-crisis-micro-sized-firms,http://documents.worldbank.org/curated/en/099756508282325721/IDU08c4f19bc07ff00459f09d080145b21ae0160,2023/08/34151748/IDU08c4f19bc07ff00459f09d080145b21ae0160,099756508282325721,Off of Sr VP Dev Econ/Chief Econ (DECVP),http://documents.worldbank.org/curated/en/099756508282325721/IDU08c4f19bc07ff00459f09d080145b21ae0160,"Brucal,Arlan Zandro Ilagan","Grover,Arti Goswami","Masters of Disasters : The Heterogeneous
            Effects of a Crisis on Micro-Sized Firms",34151748,"Most crises have a disproportionately
            larger negative effect on micro-sized firms. Yet, the
            heterogeneity of impact within micro-sized firms is lesser
            known. Using five waves of the World Bank's Business
            Pulse Survey data, this paper finds that firms with zero to
            four employees have a much larger drop in sales and slower
            recovery rate compared to micro-sized firms with five to
            nine employees. The overall differences in the resilience
            between the two groups of micro-sized firms could
            potentially be due to a uniformly lower productivity level
            of firms with zero to four employees. Within the two groups
            of micro-sized firms, resilience is correlated with their
            liquidity position, managerial attitudes as well as their
            abilities. Using discriminant analysis, this paper confirms
            that a significant proportion of micro-sized firms mimic the
            behavior of larger firms in terms of their resilience to
            shocks and could potentially be “misclassified” as
            micro-sized. These findings have important implications for
            targeting and tailoring support for enhancing
            businesses' resilience to shocks.",,,,,,,,
290,34151756,"Russian Fed.,Ukraine,Central Asia",Policy Research Working Paper,2023-08-28T00:00:00Z,Publications & Research,Policy Research working paper ; no. WPS 10557,"Russia’s Invasion of Ukraine and
            Firm Performance in Central Asia : The Role of Export Links
            and Digital Gains",http://documents.worldbank.org/curated/en/099815408282337165/pdf/IDU036b901aa03b7104b550ad2c07c51ef816334.pdf,/research/2023/08/34151756/russia’s-invasion-ukraine-firm-performance-central-asia-role-export-links-digital-gains,http://documents.worldbank.org/curated/en/099815408282337165/IDU036b901aa03b7104b550ad2c07c51ef816334,2023/08/34151756/IDU036b901aa03b7104b550ad2c07c51ef816334,099815408282337165,Off of Sr VP Dev Econ/Chief Econ (DECVP),http://documents.worldbank.org/curated/en/099815408282337165/IDU036b901aa03b7104b550ad2c07c51ef816334,"Dalvit,Nicolo","Iootty De Paiva Dias,Mariana","Russia’s Invasion of Ukraine and Firm
            Performance in Central Asia : The Role of Export Links and
            Digital Gains",34151756,"This paper studies the effect of
            Russia’s invasion of Ukraine on the performance of firms in
            Central Asia. It uses unique data from the Business Pulse
            Survey run by the World Bank in the Kyrgyz Republic,
            Tajikistan, and Uzbekistan, which tracks the sales and
            employment—along with other main characteristics—of about
            1,200 to 1,800 firms in a panel structure. The survey
            contains two waves before and one wave after Russia’s
            invasion of Ukraine. Using the difference-in-differences
            methodology in a regression setup, the analysis finds that
            Central Asian firms with pre-invasion trade links to Russia
            suffered greater drops in sales and employment after the
            invasion—even though exporters to Russia may have
            experienced, on average, higher sales during the studied
            period. Considering the pre-invasion digitization of firms,
            the findings show that digitization helped firms increase
            their average employment during the studied period. However,
            the analysis does not find any significant mitigating effect
            of digitalization associated with the impact of the invasion.","Melecky,Martin","Srinivasan,Nithya",,,,,,
291,34155746,Brazil,Policy Research Working Paper,2023-09-04T00:00:00Z,Publications & Research,Policy Research working paper ; no. WPS 10558,"Could Sustainability-Linked Bonds
            Incentivize Lower Deforestation in Brazil’s Legal Amazon ?",http://documents.worldbank.org/curated/en/099354409042343013/pdf/IDU024051b5607a6f04cc809b4a0d926e299c521.pdf,/research/2023/09/34155746/sustainability-linked-bonds-incentivize-lower-deforestation-brazil’s-legal-amazon,http://documents.worldbank.org/curated/en/099354409042343013/IDU024051b5607a6f04cc809b4a0d926e299c521,2023/09/34155746/IDU024051b5607a6f04cc809b4a0d926e299c521,099354409042343013,Off of Sr VP Dev Econ/Chief Econ (DECVP),http://documents.worldbank.org/curated/en/099354409042343013/IDU024051b5607a6f04cc809b4a0d926e299c521,"Wang,Dieter","O'Reilly Gurhy,Bryan","Could Sustainability-Linked Bonds
            Incentivize Lower Deforestation in Brazil’s Legal Amazon ?",34155746,"This paper proposes a new relative
            evaluation and benchmarking framework for performance linked
            financing instruments. It argues that the carrots and sticks
            of sustainability-linked bonds should not use key
            performance indicators which are solely tied to outcomes.
            Instead, they should be based on its issuer’s level of
            performance with respect to a target. The paper defines
            performance as the part of the outcome that the issuer can
            influence. Otherwise, the issuer may be rewarded or
            penalized for factors outside their control. In such a case,
            principal-agent theory would predict a dilution of the
            performance-based instrument’s incentives. This framework is
            then applied to deforestation in Brazil’s Legal Amazon and
            estimate performance by accounting for the real effective
            exchange rate, global commodity prices, and prevalent
            deforestation trends. The results show that policy efforts
            helped lower deforestation in the 2000s, even after
            accounting for external factors. The trend reversal and
            acceleration in deforestation since 2012 are partly due to
            weaker policy and macroeconomic factors. Based on these
            results, the paper proposes an Amazon sustainability-linked
            bond, which could allow for a more effective mechanism to
            incentivize policy efforts. The paper also introduces the
            feasibility and ambitiousness matrix to set sustainability
            performance targets. The matrix is used to define the terms
            low-hanging fruits and long shots and to discuss why such
            targets are subject to the risk of greenwashing.","Hanusch,Marek","Kollenda,Philipp",,,,,,
292,34156147,"Papua New Guinea,World",Policy Research Working Paper,2023-09-05T00:00:00Z,Publications & Research,Policy Research working paper ; no. WPS 10559,"Machine Learning Imputation of
            High Frequency Price Surveys in Papua New Guinea",http://documents.worldbank.org/curated/en/099230409052324201/pdf/IDU05a856a9201920042e20b9fb0f2f29afbb088.pdf,/research/2023/09/34156147/machine-learning-imputation-high-frequency-price-surveys-papua-new-guinea,http://documents.worldbank.org/curated/en/099230409052324201/IDU05a856a9201920042e20b9fb0f2f29afbb088,2023/09/34156147/IDU05a856a9201920042e20b9fb0f2f29afbb088,099230409052324201,Off of Sr VP Dev Econ/Chief Econ (DECVP),http://documents.worldbank.org/curated/en/099230409052324201/IDU05a856a9201920042e20b9fb0f2f29afbb088,"Andree,Bo Pieter Johannes","Pape,Utz Johann","Machine Learning Imputation of High
            Frequency Price Surveys in Papua New Guinea",34156147,"Capabilities to track fast-moving
            economic developments re-main limited in many regions of the
            developing world. This complicates prioritizing policies
            aimed at supporting vulnerable populations. To gain insight
            into the evolution of fluid events in a data scarce context,
            this paper explores the ability of recent machine-learning
            advances to produce continuous data in near-real-time by
            imputing multiple entries in ongoing surveys. The paper
            attempts to track inflation in fresh produce prices at the
            local market level in Papua New Guinea, relying only on
            incomplete and intermittent survey data. This application is
            made challenging by high intra-month price volatility, low
            cross-market price correlations, and weak price trends. The
            modeling approach uses chained equations to produce an
            ensemble prediction for multiple price quotes
            simultaneously. The paper runs cross-validation of the
            prediction strategy under different designs in terms of
            markets, foods, and time periods covered. The results show
            that when the survey is well-designed, imputations can
            achieve accuracy that is attractive when compared to
            costly–and logistically often infeasible–direct measurement.
            The methods have wider applicability and could help to fill
            crucial data gaps in data scarce regions such as the Pacific
            Islands, especially in conjunction with specifically
            designed continuous surveys.",,,,,,,,
293,34156230,Burkina Faso,Policy Research Working Paper,2023-09-05T00:00:00Z,Publications & Research,Policy Research working paper ; no. WPS 10560,"Women’s Empowerment and Child
            Nutritional Outcomes in Rural Burkina Faso",http://documents.worldbank.org/curated/en/099338309052326287/pdf/IDU0f073c2ee0d1c90460f085cc07a2901071158.pdf,/research/2023/09/34156230/women’s-empowerment-child-nutritional-outcomes-rural-burkina-faso,http://documents.worldbank.org/curated/en/099338309052326287/IDU0f073c2ee0d1c90460f085cc07a2901071158,2023/09/34156230/IDU0f073c2ee0d1c90460f085cc07a2901071158,099338309052326287,Off of Sr VP Dev Econ/Chief Econ (DECVP),http://documents.worldbank.org/curated/en/099338309052326287/IDU0f073c2ee0d1c90460f085cc07a2901071158,"Nikiema,Pouirkèta Rita","Kponou,Monsoi Kenneth Colombiano","Women’s Empowerment and Child Nutritional
            Outcomes in Rural Burkina Faso",34156230,"Across developing countries, women
            play an important role both as producers of major food crops
            and in improving household nutrition. This research paper
            aims to assess the effect of improving women's
            empowerment on the nutritional status of children in rural
            Burkina Faso. Based on data from the 2014 Multisectoral
            Continuous Survey, the paper uses variables such as income
            control, access to land, autonomy in production decisions,
            access to credit, and social group membership to compute a
            composite index of women’s empowerment. Accounting for
            potential endogeneity of empowerment, the study adopts a
            dual-estimation approach that, first, uses average
            empowerment by stratum and, second, applies an instrumental
            variable. The results show a low baseline level of women’s
            empowerment in rural areas, but an improvement in
            empowerment has a relatively high and positive correlation
            with children’s nutritional outcomes. The study suggests
            that improving women’s empowerment components will translate
            into significant gains in children’s nutritional outcomes in
            rural households.",,,,,,,,
294,34156267,"Western and Central Africa,Chad,Cameroon,Nigeria,Western Africa",Policy Research Working Paper,2023-09-05T00:00:00Z,Publications & Research,Policy Research working paper ; no. WPS 10561,"The Effects of Climate Change in
            the Poorest Countries : Evidence from the Permanent
            Shrinking of Lake Chad",http://documents.worldbank.org/curated/en/099512009052326812/pdf/IDU025c5ce8205ad304dc80a4190d0290f92636c.pdf,/research/2023/09/34156267/effects-climate-change-poorest-countries-evidence-permanent-shrinking-lake-chad,http://documents.worldbank.org/curated/en/099512009052326812/IDU025c5ce8205ad304dc80a4190d0290f92636c,2023/09/34156267/IDU025c5ce8205ad304dc80a4190d0290f92636c,099512009052326812,Off of Sr VP Dev Econ/Chief Econ (DECVP),http://documents.worldbank.org/curated/en/099512009052326812/IDU025c5ce8205ad304dc80a4190d0290f92636c,"Jedwab,Remi Camille","Haslop,Federico","The Effects of Climate Change in the Poorest
            Countries : Evidence from the Permanent Shrinking of Lake Chad",34156267,"Empirical studies of the economic
            effects of climate change largely rely on climate anomalies
            for causal identification purposes. Slow and permanent
            changes in climate-driven geographical conditions, that is,
            climate change as defined by the Intergovernmental Panel on
            Climate Change, have been relatively less studied,
            especially in Africa, which remains the most vulnerable
            continent to climate change. This paper focuses on Lake
            Chad, which used to be the 11th largest lake in the world.
            Lake Chad, which is the size of El Salvador, Israel, or
            Massachusetts, slowly shrank by 90 percent for exogenous
            reasons between 1963 and 1990. While the water supply
            decreased, the land supply increased, generating a priori
            ambiguous effects. These effects make the increasing global
            disappearance of lakes a critical trend to study. For
            Cameroon, Chad, Nigeria, and Niger—25 percent of Sub-Saharan
            Africa’s population— the paper constructs a novel data set
            tracking population patterns at a fine spatial level from
            the 1940s to the 2010s. Difference-in-differences show much
            slower growth in the proximity of the lake, but only after
            the lake started shrinking. These effects persist two
            decades after the lake stopped shrinking, implying limited
            adaptation. Additionally, the negative water supply effects
            on fishing, farming, and herding outweighed the growth of
            land supply and other positive effects. A quantitative
            spatial model used to rationalize these results and estimate
            aggregate welfare losses, which accounts for adaptation,
            shows overall losses of about 6 percent. The model also
            allows studying the aggregate and spatial effects of
            policies related to migration, land use, trade, roads, and cities.","Zarate Vasquez,Roman David","Rodriguez Castelan,Carlos",,,,,,
295,34158035,World,Policy Research Working Paper,2023-09-08T00:00:00Z,Publications & Research,Policy Research working paper ; no. WPS 10562,"The Resilience of SMEs and Large
            Firms in the COVID-19 Pandemic : A Decomposition Analysis",http://documents.worldbank.org/curated/en/099310009082313020/pdf/IDU058d313900c5b004ec80b3f3062ea60f8268d.pdf,/research/2023/09/34158035/resilience-smes-large-firms-covid-19-pandemic-decomposition-analysis,http://documents.worldbank.org/curated/en/099310009082313020/IDU058d313900c5b004ec80b3f3062ea60f8268d,2023/09/34158035/IDU058d313900c5b004ec80b3f3062ea60f8268d,099310009082313020,Off of Sr VP Dev Econ/Chief Econ (DECVP),http://documents.worldbank.org/curated/en/099310009082313020/IDU058d313900c5b004ec80b3f3062ea60f8268d,"Amin,Mohammad","Jolevski,Filip","The Resilience of SMEs and Large Firms in
            the COVID-19 Pandemic : A Decomposition Analysis",34158035,"This study analyzes the difference in
            the decline in sales between small and medium-size
            enterprises and large firms (the “gap”) following the
            outbreak of COVID-19 in 19 developing countries. The decline
            in sales as a percentage of the pre-pandemic level was
            bigger for small and medium-size enterprises by 12.2
            percentage points. The paper uses the
            Kitagawa-Oaxaca-Blinder and quantile decomposition methods
            to estimate individual factors’ contributions to the gap at
            the mean and across the sales decline distribution. Several
            important results emerge. First, relative to large firms,
            small and medium-size enterprises faced greater incidence of
            input supply disruptions during the pandemic, had lower
            initial labor productivity levels, and were concentrated in
            country-industry cells with a bigger sales declines. These
            differences in the level of factors widened the gap. Small
            and medium-size enterprises also suffered more than large
            firms from a given level of financial constraints, input
            supply disruptions, and country-industry-specific factors,
            and benefitted less from a given level of initial labor
            productivity. These differences in the returns to factors
            also widened the gap. Second, the gap was much larger at the
            relatively high quantiles of sales decline distribution,
            indicating that relative to large firms, small and
            medium-size enterprises were much less resilient to large
            shocks than small shocks. Third, individual factors’
            contribution to the gap varied across the sales decline
            distribution. Thus, the optimal policy mix depends on the
            size of the shock. Fourth, there were some important
            differences between geographical regions in what drove the
            gap. Thus, an eclectic policy approach is needed that duly
            accounts for the prevailing local conditions.","Islam,Asif Mohammed",,,,,,,
296,34158084,Cote dIvoire,Policy Research Working Paper,2023-09-08T00:00:00Z,Publications & Research,"Policy Research working paper ; no. WPS
            10563; Paper is funded by the Knowledge for Change Program
            (KCP); Impact Evaluation series","Savings Facilitation or Capital
            Injection ? Impacts and Spillovers of Livelihood
            Interventions in Post-Conflict Côte d’Ivoire",http://documents.worldbank.org/curated/en/099439409082319139/pdf/IDU016356e4e01f4704759089a00b05060f249c1.pdf,/research/2023/09/34158084/savings-facilitation-or-capital-injection-impacts-spillovers-livelihood-interventions-post-conflict-côte-d’ivoire,http://documents.worldbank.org/curated/en/099439409082319139/IDU016356e4e01f4704759089a00b05060f249c1,2023/09/34158084/IDU016356e4e01f4704759089a00b05060f249c1,099439409082319139,Off of Sr VP Dev Econ/Chief Econ (DECVP),http://documents.worldbank.org/curated/en/099439409082319139/IDU016356e4e01f4704759089a00b05060f249c1,"Marguerie,Alicia Charlene","Premand,Patrick","Savings Facilitation or Capital Injection ?
            Impacts and Spillovers of Livelihood Interventions in
            Post-Conflict Côte d’Ivoire",34158084,"Policy makers grapple with the
            optimal design of multidimensional strategies to improve
            poor households’ livelihoods. To address financial
            constraints, are capital injections needed, or is savings
            mobilization sufficient This paper tests the direct effects
            and local spillovers of three instruments to relax financial
            constraints, each combined with micro-entrepreneurship
            training. “Cash grants” and “cash grants with repayment”
            directly inject capital, while “village savings and loan
            associations” (VSLAs) promote more efficient group saving.
            The randomized controlled trial took place in western
            regions of Côte d’Ivoire that were affected by a
            post-electoral crisis in 2011 and an earlier conflict. The
            interventions had differential effects on the dynamics of
            savings and productive asset accumulation. The cash grant
            modalities generated investments in startup capital,
            although nearly 30 percent of the grant was saved. In
            contrast, village savings and loan associations did not
            increase total savings but gradually induced investments, so
            that productive assets caught up with cash grant recipients
            after 15 months. Positive local spillovers on savings and
            independent activities were also observed. Yet, investments
            in independent activities were not sufficient to increase
            profits, possibly because they were limited due to high
            precautionary saving motives in the post-conflict study setting.",,,,,,,,
297,34159137,World,Policy Research Working Paper,2023-09-11T00:00:00Z,Publications & Research,Policy Research working paper ; no. WPS 10564,"Policy Uncertainty and Aggregate
            Fluctuations : Evidence from Emerging and Developed Economies",http://documents.worldbank.org/curated/en/099225009112325487/pdf/IDU04ebfbcdf0e343047b90969704a2b11c8a77f.pdf,/research/2023/09/34159137/policy-uncertainty-aggregate-fluctuations-evidence-emerging-developed-economies,http://documents.worldbank.org/curated/en/099225009112325487/IDU04ebfbcdf0e343047b90969704a2b11c8a77f,2023/09/34159137/IDU04ebfbcdf0e343047b90969704a2b11c8a77f,099225009112325487,,http://documents.worldbank.org/curated/en/099225009112325487/IDU04ebfbcdf0e343047b90969704a2b11c8a77f,"Mumtaz,Haroon","Ruch,Franz Ulrich","Policy Uncertainty and Aggregate
            Fluctuations : Evidence from Emerging and Developed Economies",34159137,"This paper identifies two types of
            policy uncertainty measures–government spending and real
            interest rates–and their impact on macroeconomic activity in
            54 advanced, emerging, and developing economies. Policy
            uncertainty is defined as the inability to predict policy
            moves, that is, the conditional volatility of policy shocks.
            This is achieved in a panel vector autoregression model
            which allows, but does not require, the stochastic
            volatility of identified shocks to have direct and dynamic
            effects on macroeconomic outcomes. It shows that fiscal and
            monetary policy uncertainty are damaging to economic
            activity and act like negative supply shocks: raising prices
            while lowering output, investment and consumption. A one
            standard deviation government spending uncertainty shock
            decreases real gross domestic product (GDP) by a cumulative
            1.0 percentage point and marginally increases inflation
            after two years. A one standard deviation real interest rate
            uncertainty shock lowers real GDP by a cumulative 1.3
            percentage points after two years but raises inflation by
            0.5 percentage point.",,,,,,,,
298,34159229,Vietnam,Policy Research Working Paper,2023-09-11T00:00:00Z,Publications & Research,Policy Research working paper ; no. WPS 10565,"Identifying Skills Needs in
            Vietnam: The Survey of Detailed Skills",http://documents.worldbank.org/curated/en/099508509112311079/pdf/IDU02fc96fcf0484a04e6a08f250cc05bc09f72a.pdf,/research/2023/09/34159229/identifying-skills-needs-vietnam-survey-detailed-skills,http://documents.worldbank.org/curated/en/099508509112311079/IDU02fc96fcf0484a04e6a08f250cc05bc09f72a,2023/09/34159229/IDU02fc96fcf0484a04e6a08f250cc05bc09f72a,099508509112311079,Off of Sr VP Dev Econ/Chief Econ (DECVP),http://documents.worldbank.org/curated/en/099508509112311079/IDU02fc96fcf0484a04e6a08f250cc05bc09f72a,"Granata,Julia","Moroz,Harry Edmund","Identifying Skills Needs in Vietnam: The
            Survey of Detailed Skills",34159229,"This paper describes a new survey
            designed to collect comprehensive and granular information
            about required skills and tasks for detailed occupations in
            Vietnam. The Survey of Detailed Skills asks workers in
            Vietnam about their skills and tasks for a set of 30
            occupations that are in demand or of strategic importance
            for economic growth. In doing so, the survey generates
            practical, detailed information at the occupation level that
            policy makers and practitioners can use to inform their
            efforts to build skills in Vietnam. The Survey of Detailed
            Skills makes several contributions. Most existing efforts to
            profile occupational skills and tasks in developing
            countries draw on data from other countries, most frequently
            the Occupational Information Network (O*NET) in the United
            States. However, recent research has shown that translating
            these data across countries via occupational crosswalks
            yields inaccurate results. The Survey of Detailed Skills is
            among the first surveys to collect detailed O*NET-type
            information at the detailed occupational level in a
            developing country setting. The collection of information
            about detailed skills means that these skills can be
            flexibly grouped into different categories (for example,
            socioemotional skills, digital skills, routine skills, and
            interpersonal skills) as needed. The use of a consistent
            scale anchored to the time spent using or performing a skill
            or task creates clarity for respondents while also yielding
            a measure of skill and task importance that is easily
            interpreted. The Survey of Detailed Skills requires outlays
            on administering the survey, and inclusion of all
            occupations in Vietnam with regular updating would require
            ongoing investment.",Nga Thi Nguyen,,,,,,,
299,34161045,Europe and Central Asia,Policy Research Working Paper,2023-09-13T00:00:00Z,Publications & Research,Policy Research working paper ; no. WPS 10566,"Corruption as a Push and Pull
            Factor of Migration Flows : Evidence from European Countries",http://documents.worldbank.org/curated/en/099240109132328620/pdf/IDU0725776bc0ca1b04f280b7bc04f924e49d961.pdf,/research/2023/09/34161045/corruption-push-pull-factor-migration-flows-evidence-european-countries,http://documents.worldbank.org/curated/en/099240109132328620/IDU0725776bc0ca1b04f280b7bc04f924e49d961,2023/09/34161045/IDU0725776bc0ca1b04f280b7bc04f924e49d961,099240109132328620,Off of Sr VP Dev Econ/Chief Econ (DECVP),http://documents.worldbank.org/curated/en/099240109132328620/IDU0725776bc0ca1b04f280b7bc04f924e49d961,"Bernini,Andrea","Bossavie,Laurent Loic Yves","Corruption as a Push and Pull Factor of
            Migration Flows : Evidence from European Countries",34161045,"Conclusive evidence on the
            relationship between corruption and migration has remained
            scant in the literature to date. Using data from 2008 to
            2018 on bilateral migration flows across European Union and
            European Free Trade Association countries and four measures
            of corruption, this paper shows that corruption acts as both
            a push factor and a pull factor for migration patterns.
            Based on a gravity model, a one-unit increase in the
            corruption level in the origin country is associated with a
            11 percent increase in out-migration. The same one-unit
            increase in the destination country is associated with a 10
            percent decline in in-migration.","Garrote Sanchez,Daniel","Makovec,Mattia",,,,,,
300,34161369,Somalia,Policy Research Working Paper,2023-09-13T00:00:00Z,Publications & Research,"Policy Research working paper ; no. WPS
            10567; Impact Evaluation series","Rebel with a Cause : Effects of a
            Gender Norms Intervention for Adolescents in Somalia",http://documents.worldbank.org/curated/en/099852109132322052/pdf/IDU0d16b27d90793804ab208b160d0f4d7820246.pdf,/research/2023/09/34161369/rebel-cause-effects-gender-norms-intervention-adolescents-somalia,http://documents.worldbank.org/curated/en/099852109132322052/IDU0d16b27d90793804ab208b160d0f4d7820246,2023/09/34161369/IDU0d16b27d90793804ab208b160d0f4d7820246,099852109132322052,Off of Sr VP Dev Econ/Chief Econ (DECVP),http://documents.worldbank.org/curated/en/099852109132322052/IDU0d16b27d90793804ab208b160d0f4d7820246,"Brar,Rajdev Kaur","Buehren,Niklas","Rebel with a Cause : Effects of a Gender
            Norms Intervention for Adolescents in Somalia",34161369,"Gender inequality and restrictive
            norms are often reinforced and internalized during
            adolescence, influencing pivotal life choices. This paper
            presents results from a randomly-assigned gender norms
            intervention for young adolescents in Somalia that led to
            greater support for gender equality in reported attitudes
            among both girls and boys. In a novel lab-in-the-field
            experiment designed to observe social group dynamics,
            treated adolescents were also found to be less likely to
            succumb to peer pressure to conform when stating their
            gender attitudes in public. Perceptions of gender norms
            appears to shift for boys, leading to a greater public
            expression of gender egalitarian ideals. Furthermore, the
            findings show improved adolescent mental health, increased
            caring behavior towards siblings of the opposite sex, and a
            higher likelihood of involvement in household chores by
            boys. A complementary gender norms intervention for parents
            had limited marginal impact on the attitudes and behaviors
            of adolescents. The results suggest that gender norms
            interventions can be effective in influencing the attitudes
            and public discourse around gender equality, even in early adolescence.","Papineni,Sreelakshmi","Sulaiman,Munshi",,,,,,
301,34164630,World,Policy Research Working Paper,2023-09-19T00:00:00Z,Publications & Research,Policy Research working paper ; no. WPS 10568,"How to Deal with Exchange Rate
            Risk in Infrastructure and Other Long-Lived Projects",http://documents.worldbank.org/curated/en/099212209192362605/pdf/IDU0877f762b0163d04f400b28302d18946b5eec.pdf,/research/2023/09/34164630/deal-exchange-rate-risk-infrastructure-other-long-lived-projects,http://documents.worldbank.org/curated/en/099212209192362605/IDU0877f762b0163d04f400b28302d18946b5eec,2023/09/34164630/IDU0877f762b0163d04f400b28302d18946b5eec,099212209192362605,Off of Sr VP Dev Econ/Chief Econ (DECVP),http://documents.worldbank.org/curated/en/099212209192362605/IDU0877f762b0163d04f400b28302d18946b5eec,"de Castro,Luciano","Frischtak,Claudio R.","How to Deal with Exchange Rate Risk in
            Infrastructure and Other Long-Lived Projects",34164630,"Most developing economies rely on
            foreign capital to finance their infrastructure needs. These
            projects are usually structured as long-term (25–35 years)
            franchises that pay in local currency. If investors evaluate
            their returns in terms of foreign currency, exchange rate
            volatility introduces risk that may reduce the level of
            investment below what would be socially optimal. This paper
            proposes a mechanism with very general features that hedges
            exchange rate fluctuation by adjusting the concession
            period. Such mechanism does not imply additional costs to
            the government and could be offered as a zero-cost option to
            lenders and investors exposed to currency fluctuations. This
            general mechanism is illustrated with three alternative
            specifications and data from a 25-year highway franchise is
            used to simulate how they would play out in eight different
            countries that exhibit diverse exchange rate trajectories.","Rodrigues,Arthur",,,,,,,
302,34164644,"World,South Asia",Policy Research Working Paper,2023-09-19T00:00:00Z,Publications & Research,Policy Research working paper ; no. WPS 10569,"Inequality of Opportunity and
            Investment Choices",http://documents.worldbank.org/curated/en/099255009192328510/pdf/IDU0f59287450b70a0463908c84082a7dff1f644.pdf,/research/2023/09/34164644/inequality-opportunity-investment-choices,http://documents.worldbank.org/curated/en/099255009192328510/IDU0f59287450b70a0463908c84082a7dff1f644,2023/09/34164644/IDU0f59287450b70a0463908c84082a7dff1f644,099255009192328510,Off of Sr VP Dev Econ/Chief Econ (DECVP),http://documents.worldbank.org/curated/en/099255009192328510/IDU0f59287450b70a0463908c84082a7dff1f644,"Brock,J. Michelle","Bussolo,Maurizio",Inequality of Opportunity and Investment Choices,34164644,"Inequality of opportunity leads to
            misallocation of human capital and can affect economies via
            its impact on individual economic decision making. This
            paper studies the impact of inequality of opportunity on
            investment, using a laboratory experiment. The experiment
            randomized inequality of opportunity, then subjects chose to
            invest in a risky asset or savings. The results suggest that
            inequality of opportunity impacts investment choices only
            for people who are penalized by their circumstances and only
            once they learn the impact of inequality of opportunity on
            their relative position in the income distribution. This
            disadvantaged group invests more often and invests higher
            shares of their earnings than the control and advantaged
            groups. The fact that both inequality of opportunity and
            knowledge of relative position need to be present for the
            impact on investment to materialize points to the importance
            of peer effects. More broadly, the paper highlights the
            relevance of social preferences for understanding the
            effects of inequality of opportunity on individual decision making.",,,,,,,,
303,34167070,Cambodia,Policy Research Working Paper,2023-09-22T00:00:00Z,Publications & Research,Policy Research working paper ; no. WPS 10570,"Fiscal Policy Effects on Poverty
            and Inequality in Cambodia",http://documents.worldbank.org/curated/en/099424309222345617/pdf/IDU03b706d720365304d830a8d30945661efab4c.pdf,/research/2023/09/34167070/fiscal-policy-effects-poverty-inequality-cambodia,http://documents.worldbank.org/curated/en/099424309222345617/IDU03b706d720365304d830a8d30945661efab4c,2023/09/34167070/IDU03b706d720365304d830a8d30945661efab4c,099424309222345617,Off of Sr VP Dev Econ/Chief Econ (DECVP),http://documents.worldbank.org/curated/en/099424309222345617/IDU03b706d720365304d830a8d30945661efab4c,"Karamba,R. Wendy","Myck,Michal","Fiscal Policy Effects on Poverty and
            Inequality in Cambodia",34167070,"This study assesses the short-term
            impact of fiscal policy, and its individual elements, on
            poverty and inequality in Cambodia as of 2019. It applies
            the Commitment to Equity methodology to data from the
            Cambodia Socio-economic Survey of 2019/20 and fiscal
            administrative data from various government ministries,
            departments, and agencies for the assessment. The study
            presents among the first empirical evidence on the impact of
            taxes and social spending on households in Cambodia. The
            study finds that: (i) Cambodia’s 2019 fiscal system reduces
            inequality by 0.95 Gini index points, with the largest
            reduction in inequality created by in-kind transfers from
            spending on primary education; (ii) while Cambodia’s fiscal
            system reduces inequality, the degree of inequality
            reduction is small in international comparison; and (iii)
            low-income households pay more in indirect taxes than they
            receive in cash benefits in the short term to offset the
            burden. As a result, the number of poor and vulnerable
            individuals who, in the short term, experience net cash
            subtractions from their incomes is greater than the number
            of poor and vulnerable individuals who experience net
            additions. Fiscal policy can deliver more net benefits to
            poor and vulnerable households through expanding social
            assistance spending. Cambodia has embarked on this expansion
            during the coronavirus pandemic, bringing it closer in line
            with comparators.","Trzcinski,Kajetan Wladyslaw","Tong,Kimsun",,,,,,
304,34168234,"Tanzania,m,m",Policy Research Working Paper,2023-09-25T00:00:00Z,Publications & Research,"Policy Research working paper ; no. WPS
            10571; COVID-19 (Coronavirus); Paper is funded by the
            Knowledge for Change Program (KCP); Impact Evaluation series","Effects of a Lottery Incentive on
            Sexually Transmitted Infections and HIV Incidence among
            Female Sex Workers in Tanzania : Results from the RESPECT II
            Randomized Trial",http://documents.worldbank.org/curated/en/099428309252326332/pdf/IDU08c3a9fc50f8b6041ec08d0f0637e616ccd54.pdf,/research/2023/09/34168234/effects-lottery-incentive-sexually-transmitted-infections-hiv-incidence-among-female-sex-workers-tanzania-results-respect-ii-randomized-trial,http://documents.worldbank.org/curated/en/099428309252326332/IDU08c3a9fc50f8b6041ec08d0f0637e616ccd54,2023/09/34168234/IDU08c3a9fc50f8b6041ec08d0f0637e616ccd54,099428309252326332,Off of Sr VP Dev Econ/Chief Econ (DECVP),http://documents.worldbank.org/curated/en/099428309252326332/IDU08c3a9fc50f8b6041ec08d0f0637e616ccd54,"Balampama,Marianna","De Walque,Damien B. C. M.","Effects of a Lottery Incentive on Sexually
            Transmitted Infections and HIV Incidence among Female Sex
            Workers in Tanzania : Results from the RESPECT II Randomized Trial",34168234,"Female sex workers are a key
            population who experience a disproportionately high burden
            of HIV and sexually transmitted infections. A growing body
            of evidence suggests that financial incentives can reduce
            risky sexual behavior and the incidence of HIV and sexually
            transmitted infections; however, few studies have examined a
            lottery-based incentive mechanism or been conducted with
            female sex workers. This paper examines the effect of a
            lottery intervention on the combined incidence of HIV and
            herpes simplex virus 2 among female sex workers in Tanzania.
            The RESPECT II trial was an unmasked, two-arm, parallel
            group randomized controlled trial conducted in Dar es
            Salaam, Tanzania among 2,206 enrollees from 2018 to 2021.
            Participants were randomized in a one-to-one ratio to the
            basic test control group or to the lottery intervention
            group. The basic test group received testing and counseling
            for HIV and biweekly text messages with information on safe
            sex practices. The lottery group received the basic test
            group intervention plus entry into a weekly lottery with a
            100,000 Tanzanian shilling (US$50) reward offered to 10
            randomly selected participants, conditional on negative test
            results for syphilis and trichomonas. The primary outcome
            was combined HIV and herpes simplex virus 2 incidence after
            36 months. The results showed no statistically significant
            effect on this primary outcome. Thus the study finds no
            evidence that the lottery-based incentives reduced the
            incidence of HIV and sexually transmitted infections among
            the female sex worker population. However, the results may
            have been affected by disruption from the COVID-19 pandemic,
            and unexpectedly high study attrition levels made it
            impossible to statistically rule out possible moderate-sized effects.","Dow,William H.","Hémono,Rebecca",,,,,,
305,34168952,"Tanzania,m,m",Policy Research Working Paper,2023-09-26T00:00:00Z,Publications & Research,"Policy Research working paper ; no. WPS
            10572; COVID-19 (Coronavirus); Paper is funded by the
            Knowledge for Change Program (KCP)","Influence of COVID-19 on Female
            Sex Workers in Dar es Salaam, Tanzania : A Mixed-Methods Analysis",http://documents.worldbank.org/curated/en/099451509262330503/pdf/IDU0c9d25f3b012bb0449e0b95e01e98af20d0b7.pdf,/research/2023/09/34168952/influence-covid-19-female-sex-workers-dar-es-salaam-tanzania-mixed-methods-analysis,http://documents.worldbank.org/curated/en/099451509262330503/IDU0c9d25f3b012bb0449e0b95e01e98af20d0b7,2023/09/34168952/IDU0c9d25f3b012bb0449e0b95e01e98af20d0b7,099451509262330503,Off of Sr VP Dev Econ/Chief Econ (DECVP),http://documents.worldbank.org/curated/en/099451509262330503/IDU0c9d25f3b012bb0449e0b95e01e98af20d0b7,"Balampama,Marianna","De Walque,Damien B. C. M.","Influence of COVID-19 on Female Sex Workers
            in Dar es Salaam, Tanzania : A Mixed-Methods Analysis",34168952,"This study investigates how the
            landscape of sex work in Dar es Salaam, Tanzania, evolved in
            the context of the COVID-19 epidemic. Using a mixed-methods
            approach, the analysis triangulates data from quantitative
            and qualitative sources to quantify shifts in income,
            demand, and client frequency and describe female sex
            workers’ perspectives on their work environment. The
            COVID-19 restrictions introduced in early 2020 resulted in
            dramatic decreases in sex work income, leading to extreme
            financial vulnerability, food insecurity, and challenges in
            meeting other basic needs such as paying rent. However, in a
            2021 follow-up survey, sex workers reported the summer of
            2021 as a key turning point, with the demand for sex work
            rebounding to closer to pre-pandemic levels. Notably,
            despite the average number of unique weekly clients not yet
            having fully rebounded, by 2021 the price per client and the
            total monthly sex work income had returned to pre-pandemic
            levels. This may potentially be explained by an increased
            number of repeat clients, which represented a larger
            proportion of all clients during the COVID-19 pandemic.","Dow,William H.","Hémono,Rebecca",,,,,,
306,34168962,"Tanzania,m,m",Policy Research Working Paper,2023-09-26T00:00:00Z,Publications & Research,"Policy Research working paper ; no. WPS
            10573; Paper is funded by the Knowledge for Change Program
            (KCP); Impact Evaluation series","Effect of a Lottery Intervention
            on Gender-Based Violence among Female Sex Workers in Dar es
            Salaam, Tanzania : Results from a Randomized Trial",http://documents.worldbank.org/curated/en/099518309262312337/pdf/IDU012f77a680a5700400409d1a004cc2565e765.pdf,/research/2023/09/34168962/effect-lottery-intervention-gender-based-violence-among-female-sex-workers-dar-es-salaam-tanzania-results-randomized-trial,http://documents.worldbank.org/curated/en/099518309262312337/IDU012f77a680a5700400409d1a004cc2565e765,2023/09/34168962/IDU012f77a680a5700400409d1a004cc2565e765,099518309262312337,Off of Sr VP Dev Econ/Chief Econ (DECVP),http://documents.worldbank.org/curated/en/099518309262312337/IDU012f77a680a5700400409d1a004cc2565e765,"Hémono,Rebecca","Balampama,Marianna","Effect of a Lottery Intervention on
            Gender-Based Violence among Female Sex Workers in Dar es
            Salaam, Tanzania : Results from a Randomized Trial",34168962,"Financial incentives are a promising
            approach for HIV prevention. Some studies have shown that
            financial incentive interventions aimed to promote positive
            health and social behaviors have mixed or harmful effects on
            gender-based violence, and little is known about their
            effects among higher risk groups such as female sex workers.
            To address this gap, this study investigated the
            relationship between a lottery-based incentive and
            gender-based violence among female sex workers in Dar es
            Salaam, Tanzania. Data were analyzed from the RESPECT II
            trial, which enrolled 2,206 female sex workers in Dar es
            Salaam, Tanzania, to evaluate the effect of a lottery-based
            incentive on HIV and sexually transmitted infections.
            Participants were randomized in a one-to-one ratio to: (1)
            the basic test group (control), which provided baseline
            testing and counseling for HIV and sexually transmitted
            infections and bi-weekly text messages on safe sex
            practices; or (2) the lottery group, which included the
            basic test group intervention plus entry into a weekly
            random lottery for an award of 100,000 Tanzanian shillings
            conditional on negative tests for sexually transmitted
            infections (syphilis and trichomonas vaginalis). An
            intent-to-treat analysis was conducted to estimate
            differences in physical and sexual gender-based violence
            (overall), and intimate partner violence and non-partner
            violence between treatment arms at endline, with estimates
            expressed as unadjusted prevalence differences with 95
            percent confidence intervals. Adjusted estimates controlled
            for baseline reports of violence. Multiple imputation and
            inverse-probability of treatment weighting were used to
            account for missing data. Causal, population-level impacts
            were estimated using g-computation. Gender-based violence,
            intimate partner violence, and non-partner violence declined
            in both treatment arms over the study period among the
            sample of 1,117 female sex workers retained at endline. The
            lottery group had a lower prevalence of gender-based
            violence overall, intimate partner violence, and non-partner
            violence compared to control at endline; however, the
            differences were not statistically significant. The results
            indicate that the lottery intervention had no effect on
            violence outcomes among endline participants in the RESPECT
            II trial. These results suggest that this economic approach
            does not pose additional risks of violence in the context of
            sex work; however, they must be interpreted with caution due
            to high attrition in the study sample. Additional research
            is warranted to examine how this incentive mechanism impacts
            violence for female sex workers.","De Walque,Damien B. C. M.","Mccoy,Sandra Irene","Dow,William H.",,,,,
307,34168976,"Mexico,World",Policy Research Working Paper,2023-09-26T00:00:00Z,Publications & Research,"Policy Research working paper ; no. WPS
            10574; Impact Evaluation series; RRR","Training Microentrepreneurs over
            Zoom : Experimental Evidence from Mexico",http://documents.worldbank.org/curated/en/099553009262338447/pdf/IDU0c11dae2102d74046a008e9a0b46f0e4bd0e5.pdf,/research/2023/09/34168976/training-microentrepreneurs-over-zoom-experimental-evidence-mexico,http://documents.worldbank.org/curated/en/099553009262338447/IDU0c11dae2102d74046a008e9a0b46f0e4bd0e5,2023/09/34168976/IDU0c11dae2102d74046a008e9a0b46f0e4bd0e5,099553009262338447,Off of Sr VP Dev Econ/Chief Econ (DECVP),http://documents.worldbank.org/curated/en/099553009262338447/IDU0c11dae2102d74046a008e9a0b46f0e4bd0e5,"Davies,Elwyn Adriaan Robin","Deffebach,Peter William","Training Microentrepreneurs over Zoom :
            Experimental Evidence from Mexico",34168976,"Standard in-person business training
            programs are costly and difficult to scale to the millions
            of microenterprises in the developing world. The authors
            conducted an experiment to test the feasibility,
            cost-savings, and impact of delivering live training
            sessions over Zoom to microentrepreneurs in Mexico and
            Guatemala. This paper demonstrates that it is now feasible
            to recruit and train self-employed women online, covering a
            wide geographic area, with few technology issues. However,
            the cost savings over in-person classes are less than
            expected. Training improved business practices and
            performance over two months, but the impacts had dissipated
            within six months.","Iacovone,Leonardo","Mckenzie,David J.",,,,,,
308,34168993,Hungary,Policy Research Working Paper,2023-09-26T00:00:00Z,Publications & Research,Policy Research working paper ; no. WPS 10575,"The Labor Market Effects of
            Disability Benefit Loss",http://documents.worldbank.org/curated/en/099630509262327325/pdf/IDU03c7ccb8a0373804e1109d08090aca1386fdb.pdf,/research/2023/09/34168993/labor-market-effects-disability-benefit-loss,http://documents.worldbank.org/curated/en/099630509262327325/IDU03c7ccb8a0373804e1109d08090aca1386fdb,2023/09/34168993/IDU03c7ccb8a0373804e1109d08090aca1386fdb,099630509262327325,Off of Sr VP Dev Econ/Chief Econ (DECVP),http://documents.worldbank.org/curated/en/099630509262327325/IDU03c7ccb8a0373804e1109d08090aca1386fdb,"Bíró,Anikó","Hornok,Cecília","The Labor Market Effects of Disability
            Benefit Loss",34168993,"Disability benefits provide social
            insurance against the risk of losing working capacity, as
            well as an important source of income for individuals with
            disabilities. They are also costly and tend to reduce labor
            supply. Although spending can be contained by careful
            targeting, correcting past flaws in eligibility rules or
            assessment procedures may entail welfare costs. This paper
            studies a major reform in Hungary that reassessed the health
            and working capacity of a large share of beneficiaries.
            Leveraging age and health cutoffs in the reassessment, the
            paper estimates employment responses to loss or reduction of
            benefits. The findings show that among those who left
            disability insurance due to the reform, 58 percent were
            employed in the primary labor market, 6 percent participated
            in public works, and 36 percent were out of work without
            benefits in the post-reform period. The consequences of
            leaving disability insurance differed sharply by pre-reform
            employment status. Among the beneficiaries who were employed
            in the pre-reform year, 81 percent worked, while only 33
            percent of those without pre-reform employment did. The
            gains of the reform in activating beneficiaries were small
            and strongly driven by pre-reform employment status. This
            points to the importance of combining financial incentives
            with broader labor market programs that increase employability.","Krekó,Judit","Prinz,Daniel","Scharle,Ágota",,,,,
309,34170153,World,Policy Research Working Paper,2023-09-28T00:00:00Z,Publications & Research,"Policy Research working paper ; no. WPS
            10576; Impact Evaluation series; RRR","Job Training and Job Search
            Assistance Policies in Developing Countries",http://documents.worldbank.org/curated/en/099648409282314225/pdf/IDU0376203a30f7ac04c690bd9900b63d1dbfd80.pdf,/research/2023/09/34170153/job-training-job-search-assistance-policies-developing-countries,http://documents.worldbank.org/curated/en/099648409282314225/IDU0376203a30f7ac04c690bd9900b63d1dbfd80,2023/09/34170153/IDU0376203a30f7ac04c690bd9900b63d1dbfd80,099648409282314225,,http://documents.worldbank.org/curated/en/099648409282314225/IDU0376203a30f7ac04c690bd9900b63d1dbfd80,"Carranza,Eliana","Mckenzie,David J.","Job Training and Job Search Assistance
            Policies in Developing Countries",34170153,"Governments around the developing
            world face pressure to intervene actively to help jobseekers
            find employment. Two of the most common policies used are
            job training, based on the idea that many of those seeking
            jobs lack the skills employers want, and job search
            assistance, based on the possibility that even if workers
            have the skills demanded, search and matching frictions make
            it difficult for workers to be hired in the jobs that need
            these skills. However, reviews of the first generation of
            evaluations of these programs found typical impacts to be
            small, casting doubt on the usefulness and
            cost-effectiveness of these programs. This paper reexamines
            the arguments for whether, when, and how developing country
            governments should undertake job training and job search
            assistance policies. The authors use their experience with
            policy implementation, and evidence from recent impact
            evaluations, to argue that there is still a role for
            governments in using these programs. However, success
            depends critically on program design and delivery elements
            that can be difficult to scale effectively, and in many
            cases the binding constraint may be a lack of firms with job
            openings, rather than a lack of workers with the skills to
            fill these openings.",,,,,,,,
310,34173629,Nigeria,Policy Research Working Paper,2023-10-02T00:00:00Z,Publications & Research,"Policy Research working paper ; no. WPS
            10577; RRR","Reconceptualizing Global
            Multidimensional Poverty Measurement, with Illustration on
            Nigerian Data",http://documents.worldbank.org/curated/en/099345010022340305/pdf/IDU1894308b516a1714cd6191f11302ac764ccdb.pdf,/research/2023/10/34173629/reconceptualizing-global-multidimensional-poverty-measurement-illustration-nigerian-data,http://documents.worldbank.org/curated/en/099345010022340305/IDU1894308b516a1714cd6191f11302ac764ccdb,2023/10/34173629/IDU1894308b516a1714cd6191f11302ac764ccdb,099345010022340305,Off of Sr VP Dev Econ/Chief Econ (DECVP),http://documents.worldbank.org/curated/en/099345010022340305/IDU1894308b516a1714cd6191f11302ac764ccdb,"Decerf,Benoit Marie A","Fonton,Kike Yra","Reconceptualizing Global Multidimensional
            Poverty Measurement, with Illustration on Nigerian Data",34173629,"Multidimensional poverty measures can
            in theory make well-being comparisons that are less biased
            than those solely based on monetary poverty. However,
            multidimensional poverty measures suffer in practice from
            limitations that have led to criticisms. This paper presents
            the case for multidimensional poverty measures, two
            criticisms against their current implementations, as well as
            recently proposed solutions to improve on these criticisms.
            The paper develops a method for implementing these solutions
            in practice. The resulting well-being indicator is used to
            compare well-being across Nigerian states in 2019. This
            empirical illustration suggests that these solutions may
            substantially affect well-being comparisons. The paper also
            quantifies the potential bias inherent to comparing
            well-being solely based on monetary poverty. The results
            find substantially different well-being comparisons between
            the proposed well-being indicator and monetary poverty even
            though monetary poverty was (i) high in Nigeria in 2019 and
            (ii) very heterogeneously distributed across Nigerian
            states; and (iii) is integrated as one component of the
            proposed well-being indicator.",,,,,,,,
311,34173720,South Asia,Policy Research Working Paper,2023-10-02T00:00:00Z,Publications & Research,"Policy Research working paper ; no. WPS
            10579; COVID-19 (Coronavirus)","Do Shocks Perpetuate Disparities
            within and across Informal Firms ? Evidence from the
            COVID-19 Pandemic in South Asia",http://documents.worldbank.org/curated/en/099747310022319502/pdf/IDU0e9e499810997504ca1086ba00db6e7f5b180.pdf,/research/2023/10/34173720/shocks-perpetuate-disparities-within-across-informal-firms-evidence-covid-19-pandemic-south-asia,http://documents.worldbank.org/curated/en/099747310022319502/IDU0e9e499810997504ca1086ba00db6e7f5b180,2023/10/34173720/IDU0e9e499810997504ca1086ba00db6e7f5b180,099747310022319502,Off of Sr VP Dev Econ/Chief Econ (DECVP),http://documents.worldbank.org/curated/en/099747310022319502/IDU0e9e499810997504ca1086ba00db6e7f5b180,"Grover,Arti Goswami","Pereira Lopez,Mariana De La Paz","Do Shocks Perpetuate Disparities within and
            across Informal Firms ? Evidence from the COVID-19 Pandemic
            in South Asia",34173720,"Using three rounds of data from the
            Business Pulse Survey in South Asia, this paper studies the
            differential effects of the COVID-19 shock on informal
            firms. It also captures heterogeneity within informal firms
            based on the degree and motivation of informality. The
            findings suggest that the severity of the impact of the
            COVID-19 shock and the recovery speed are strongly
            associated with the degree of informality. Firms'
            external attributes, such as size, sector, age, and gender
            of the owner, do not explain the depth of the impact.
            Internal characteristics such as poor management
            capabilities and education of the manager and owners are
            strong predictors of vulnerability among informal firms. In
            particular, necessity firms experience a larger drop in
            sales relative to the parasitic type of informal firms. To
            add to this, the adjustment response (for example, the use
            of digital platforms) of informal firms is smaller, which
            perpetuates the gap between formal and informal firms.
            Within informal firms, the parasitic type typically have a
            smaller adjustment response. These findings have
            implications for policies to support the private sector in
            the presence of informality, including considerations
            pertaining to targeting, modality of support, and the
            instruments required for designing more impactful programs
            during shocks.",,,,,,,,
312,34173731,Chile,Policy Research Working Paper,2023-10-02T00:00:00Z,Publications & Research,Policy Research working paper ; no. WPS 10578,"Assessing the Success of National
            Human Rights Action Plans through a Political Economy Lens :
            The Case of Chile",http://documents.worldbank.org/curated/en/099807110022393647/pdf/IDU09c6100f60c1a5043170966a07cfde592b9e8.pdf,/research/2023/10/34173731/assessing-success-national-human-rights-action-plans-through-political-economy-lens-case-chile,http://documents.worldbank.org/curated/en/099807110022393647/IDU09c6100f60c1a5043170966a07cfde592b9e8,2023/10/34173731/IDU09c6100f60c1a5043170966a07cfde592b9e8,099807110022393647,Off of Sr VP Dev Econ/Chief Econ (DECVP),http://documents.worldbank.org/curated/en/099807110022393647/IDU09c6100f60c1a5043170966a07cfde592b9e8,"Fajardo Heyward,Paola Carolina","Cuesta Leiva,Jose Antonio","Assessing the Success of National Human
            Rights Action Plans through a Political Economy Lens : The
            Case of Chile",34173731,"National human rights action plans
            turn state commitments on human rights into policy. After
            three decades of numerous countries implementing these
            plans, the few existing assessments of their success are
            inconclusive. This paper develops a political economy
            framework to complement previous studies. The approach
            hypothesizes that such action plans will be successful only
            if they are built on political consensus; their perceived
            political benefits exceed their costs; and governments have
            adequate resources to design and implement them. The paper
            tests this hypothesis in Chile, a country with a recent
            history of human rights violations and sustained
            inequalities that is legally bound to produce human rights
            action plans. The findings show that these plans have not
            been successful in Chile, as none of the three conditions is
            satisfied. The paper contends that the proposed political
            economy framework can be replicated across multiple national
            action plans, countries, and contexts.",,,,,,,,
313,34174274,South Asia,Policy Research Working Paper,2023-10-03T00:00:00Z,Publications & Research,"Policy Research working paper ; no. WPS
            10580; COVID-19 (Coronavirus)","Does Informality Depress
            Investments and Job Recovery ? Firm-Level Evidence from the
            COVID-19 Crisis in South Asia",http://documents.worldbank.org/curated/en/099707110032313266/pdf/IDU09a08e2a405fb50426e0899303f14635b17cb.pdf,/research/2023/10/34174274/informality-depress-investments-job-recovery-firm-level-evidence-covid-19-crisis-south-asia,http://documents.worldbank.org/curated/en/099707110032313266/IDU09a08e2a405fb50426e0899303f14635b17cb,2023/10/34174274/IDU09a08e2a405fb50426e0899303f14635b17cb,099707110032313266,,http://documents.worldbank.org/curated/en/099707110032313266/IDU09a08e2a405fb50426e0899303f14635b17cb,"Grover,Arti Goswami","Pereira Lopez,Mariana De La Paz","Does Informality Depress Investments and Job
            Recovery ? Firm-Level Evidence from the COVID-19 Crisis in
            South Asia",34174274,"Using three rounds of the World
            Bank's Business Pulse Surveys in South Asia, this paper
            quantifies the relationship between informality and
            firms' investment and employment decisions. Accounting
            for multidimensionality in definition and the margins of
            informality, the analysis suggests that first, informal
            firms remain credit and liquidity constrained before and
            during the crisis, especially the necessity firms. In the
            pre-crisis period, access to finance is correlated with the
            extensive margin of informality, while during the crisis,
            both margins of informality matter. Second, informal firms
            perceive uncertainty to be higher because of pessimistic
            expectations on recovery and lower ability to predict future
            sales, especially the necessity firms. Third, credit
            constraints and accentuated uncertainty among informal firms
            discourage investments. Finally, while employment growth is
            slow and gradual for formal firms as they begin to recover
            sales, job growth in informal firms does not correspond to
            the recovery. The results suggest that countries with a
            large informal sector may face unusually depressed
            investments and jobs recovery and may have to deploy
            additional policy levers to accelerate recovery in the
            post-crisis period.",,,,,,,,
314,34174281,"Eastern and Southern Africa,Africa,Eastern Africa",Policy Research Working Paper,2023-10-03T00:00:00Z,Publications & Research,"Policy Research working paper ; no. WPS
            10581; COVID-19 (Coronavirus)","Trading in Clusters and the
            Future of Small-Scale Trade in the Borderlands of the Great
            Lakes Region of Africa",http://documents.worldbank.org/curated/en/099732110032331342/pdf/IDU0b9b9175c0a98a047f60ab26080581447184d.pdf,/research/2023/10/34174281/trading-clusters-future-small-scale-trade-borderlands-great-lakes-region-africa,http://documents.worldbank.org/curated/en/099732110032331342/IDU0b9b9175c0a98a047f60ab26080581447184d,2023/10/34174281/IDU0b9b9175c0a98a047f60ab26080581447184d,099732110032331342,Off of Sr VP Dev Econ/Chief Econ (DECVP),http://documents.worldbank.org/curated/en/099732110032331342/IDU0b9b9175c0a98a047f60ab26080581447184d,"Bucekuderhwa,Célestin B.","Kunaka,Charles","Trading in Clusters and the Future of
            Small-Scale Trade in the Borderlands of the Great Lakes
            Region of Africa",34174281,"This paper presents a coping strategy
            that small-scale cross-border traders adopted in response to
            the shock of the COVID-19 pandemic and examines its impact.
            Using a cross-sectional data set of 1,159 traders from the
            borderlands of the Democratic Republic of Congo and Rwanda,
            the paper assesses the impact of adopting the Cluster
            Trading Approach on trade outcomes, household income and
            poverty reduction. When applying a local average treatment
            effect approach, the findings reveal that adoption of the
            CTA causes at least 21 and 31 percentage point increases in
            traders' turnover and profit respectively. The
            household income analysis and poverty decomposition
            highlight an increase in income, even within the depth and
            severity of poverty. Thus, although access to capital is
            important for small-scale cross-border traders joining a
            cluster according to the literature, the results show that
            the level of capital is less important for income increase
            once there. As the results are robust to competing
            explanations and heterogeneity of the sample, the paper
            concludes that the Cluster Trading Approach is a
            poverty-reducing strategy and discusses the challenges for
            its sustainability.","Mvunga,Nyembezi","Ibale,Douglas Amuli",,,,,,A
315,34174885,"World,United States",Policy Research Working Paper,2023-10-04T00:00:00Z,Publications & Research,Policy Research working paper ; no. WPS 10582,"Capital Controls in Emerging and
            Developing Economies and the Transmission of U.S. Monetary Policy",http://documents.worldbank.org/curated/en/099737510042356177/pdf/IDU0d0f72eff0c5f40430109e25085e3858b298c.pdf,/research/2023/10/34174885/capital-controls-emerging-developing-economies-transmission-monetary-policy,http://documents.worldbank.org/curated/en/099737510042356177/IDU0d0f72eff0c5f40430109e25085e3858b298c,2023/10/34174885/IDU0d0f72eff0c5f40430109e25085e3858b298c,099737510042356177,Off of Sr VP Dev Econ/Chief Econ (DECVP),http://documents.worldbank.org/curated/en/099737510042356177/IDU0d0f72eff0c5f40430109e25085e3858b298c,"Ha,Jongrim","Liu,Haiqin","Capital Controls in Emerging and Developing
            Economies and the Transmission of U.S. Monetary Policy",34174885,"Emerging markets and developing
            economies (EMDEs) exhibit significantly greater volatility
            in asset returns than advanced economies. The commonalities
            in these returns (and flows) across countries are
            particularly strong for EMDEs. If these occur independently
            of the exchange rate regime and if these global financial
            cycle effects are furthermore independent of countries’
            financial openness, the result is Obstfeld (2022)’s “Lemma”:
            countries can do nothing to decouple from the global
            financial cycle. Under the prevalent view that U.S. monetary
            policy is the key driver of the global financial cycle,
            countries then inherit U.S. monetary policy no matter what
            they do on exchange rates or capital control policies. Using
            structural vector autoregression models for 78 countries
            over 1995–2019, as well as different methods of identifying
            U.S. monetary policy shocks from the literature, this paper
            tests the proposition that countries with less open capital
            accounts exhibit systematically smaller responses to U.S.
            monetary policy shocks than low capital control countries.
            This paper also considers the role of other institutional
            features such as exchange rate regimes and foreign exchange
            interventions in explaining cross-country differences in the
            responses to the shocks. The empirical results suggest that
            more stringent capital controls exhibit smaller responses of
            interest rates and exchange rates to U.S. monetary policy
            shocks and that this result holds more firmly for EMDEs than
            advanced economies. In contrast, the analysis finds only
            weak evidence that the degree of exchange rate flexibility
            affects U.S. spillovers to foreign interest rates and
            exchange rates.","Rogers,John",,,,,,,
316,34174889,Afghanistan,Policy Research Working Paper,2023-10-04T00:00:00Z,Publications & Research,Policy Research working paper ; no. WPS 10583,"Geospatial Analysis of
            Displacement in Afghanistan",http://documents.worldbank.org/curated/en/099807010042337170/pdf/IDU03c1ca6ba06ffa0476108e1f0709f7beb61e2.pdf,/research/2023/10/34174889/geospatial-analysis-displacement-afghanistan,http://documents.worldbank.org/curated/en/099807010042337170/IDU03c1ca6ba06ffa0476108e1f0709f7beb61e2,2023/10/34174889/IDU03c1ca6ba06ffa0476108e1f0709f7beb61e2,099807010042337170,,http://documents.worldbank.org/curated/en/099807010042337170/IDU03c1ca6ba06ffa0476108e1f0709f7beb61e2,"Dahmani Scuitti,Anais","Knippenberg,Erwin Willem Yvonnick Leon",Geospatial Analysis of Displacement in Afghanistan,34174889,"Given increasing levels of
            displacement due to conflict and climate change, it is
            important to establish robust monitoring systems. This paper
            explores how remote sensing data, particularly geospatial
            data, can be leveraged to monitor displacement flows. It
            draws lessons from northeastern Afghanistan, namely the 2018
            drought, which is considered one of the worst in decades.
            The analysis identifies displacement patterns by combining
            displacement data from the International Organization for
            Migration Displacement Tracking Matrix with nighttime
            lights. The results suggest that the cumulated displacement
            movements from 2018 to 2020 can be proxied by trends in
            nighttime light imagery. Settlements with higher net inflows
            of displaced persons between 2018 and 2020 have
            comparatively larger nighttime light growth. Allowing for
            nonlinearity suggests decreasing marginal returns of
            displacement on nighttime lights, as settlements showing the
            largest expansion of nighttime lights are those with the
            lowest displacement inflows. The model uses data on
            nighttime lights to predict whether a settlement was a net
            receiver of displacement flows during 2018–20 and correctly
            classifies 63.2 percent of the settlements as net inflow or
            net outflow. This study provides a proof of concept to test
            whether population displacements can be proxied using
            geospatial data trained on administrative records in a
            data-scarce environment, where real-time insights can inform
            humanitarian assistance. This work was done before the
            political crisis of August 2021.","Kosmidou-Bradley,Walker Turnbull","Belanger,Johanna Lee",,,,,,
317,34175989,Latin America,Policy Research Working Paper,2023-10-06T00:00:00Z,Publications & Research,"Policy Research working paper ; no. WPS
            10584; RRR","Business Size, Development, and
            Inequality in Latin America : A Tale of One Tail",http://documents.worldbank.org/curated/en/099316010062340644/pdf/IDU0b81563c90346f04e980ae2507c324b92013d.pdf,/research/2023/10/34175989/business-size-development-inequality-latin-america-tale-one-tail,http://documents.worldbank.org/curated/en/099316010062340644/IDU0b81563c90346f04e980ae2507c324b92013d,2023/10/34175989/IDU0b81563c90346f04e980ae2507c324b92013d,099316010062340644,Off of Sr VP Dev Econ/Chief Econ (DECVP),http://documents.worldbank.org/curated/en/099316010062340644/IDU0b81563c90346f04e980ae2507c324b92013d,"Eslava,Marcela","Melendez Arjona,Marcela","Business Size, Development, and Inequality
            in Latin America : A Tale of One Tail",34175989,"Using official employment surveys for
            45 advanced economies and Latin American countries, this
            paper shows that the positive cross-country correlation
            between business size and GDP per capita is tighter than
            previously found using firm-level datasets and finds a close
            negative business size-Gini relationship. The paper also
            finds a closer connection between individual income and
            business size for workers in less developed countries
            compared with those in advanced economies. Because
            employment data address the bias against the smallest
            productive units that characterize firm-level datasets, our
            approach uniquely assesses and highlights the dominance of
            the left tail of the business size distribution in less
            developed countries.","Tenjo Galvis,Laura Daniela","Urdaneta,Nicolás",,,,,,
318,34176010,World,Policy Research Working Paper,2023-10-06T00:00:00Z,Publications & Research,"Policy Research working paper ; no. WPS
            10585; COVID-19 (Coronavirus)","Tracing Pandemic Impacts in the
            Absence of Regular Survey Data: What Have We Learned from
            the World Bank’s High-Frequency Phone Surveys?",http://documents.worldbank.org/curated/en/099352110062338328/pdf/IDU07af731dc0211104efa080d603d304efa4b54.pdf,/research/2023/10/34176010/tracing-pandemic-impacts-absence-regular-survey-data-learned-world-bank’s-high-frequency-phone-surveys,http://documents.worldbank.org/curated/en/099352110062338328/IDU07af731dc0211104efa080d603d304efa4b54,2023/10/34176010/IDU07af731dc0211104efa080d603d304efa4b54,099352110062338328,Off of Sr VP Dev Econ/Chief Econ (DECVP),http://documents.worldbank.org/curated/en/099352110062338328/IDU07af731dc0211104efa080d603d304efa4b54,"Brunckhorst,Ben James","Kim,Yeon Soo","Tracing Pandemic Impacts in the Absence of
            Regular Survey Data: What Have We Learned from the World
            Bank’s High-Frequency Phone Surveys?",34176010,"The World Bank’s High-Frequency Phone
            Surveys were deployed to support the monitoring of household
            welfare during the COVID-19 pandemic, when most of the
            regular household survey data collection was suspended. This
            paper reviews the analytical insights gained from the
            High-Frequency Phone Survey data, including uneven dynamics
            of household welfare during the pandemic across and within
            countries, as well as novel applications to simulate
            estimates of poverty and intergenerational mobility
            following the pandemic. The paper further derives lessons
            from the data collection experience. First, phone surveys,
            while inexpensive and quick, require reliable sampling
            frames. The predominant sampling strategies—previous
            household survey and random digit dialing—each have pros and
            cons in terms of representativeness, non-response, and
            post-survey adjustments. Second, on questionnaire design,
            country customization needs to be carefully balanced against
            standardization when cross-country comparisons are likely to
            be important. Finally, baseline metrics are critical for
            crisis monitoring; this requires more frequent welfare
            monitoring and better alignment of questions in phone
            surveys and existing data sources. While phone surveys can
            be a reliable toolkit for researchers and governments, more
            research is needed on key questions related to the survey
            mode effect, and the implications of different sampling
            frames and questionnaire design.","Cojocaru,Alexandru",,,,,,,
319,34176024,Indonesia,Policy Research Working Paper,2023-10-06T00:00:00Z,Publications & Research,Policy Research working paper ; no. WPS 10586,"Informality in Indonesia: Levels,
            Trends, and Features",http://documents.worldbank.org/curated/en/099418010062356392/pdf/IDU0ce985e5e012dd046690856a0e803b1c7fe43.pdf,/research/2023/10/34176024/informality-indonesia-levels-trends-features,http://documents.worldbank.org/curated/en/099418010062356392/IDU0ce985e5e012dd046690856a0e803b1c7fe43,2023/10/34176024/IDU0ce985e5e012dd046690856a0e803b1c7fe43,099418010062356392,Off of Sr VP Dev Econ/Chief Econ (DECVP),http://documents.worldbank.org/curated/en/099418010062356392/IDU0ce985e5e012dd046690856a0e803b1c7fe43,"Hapsari,Indira Maulani",Shu Yu,"Informality in Indonesia: Levels, Trends,
            and Features",34176024,"Informality is a multidimensional
            development challenge with features that potentially differ
            across workers, firms, and countries. This paper first
            briefly summarizes the literature, discusses the multiple
            existing definitions of informality, and adapts the
            cross-country analytical framework on informality to the
            context of Indonesia. It then uses several novel datasets
            and a range of modeling approaches to capture the levels and
            trends of both output and employment informality in
            Indonesia. It further contributes to the existing literature
            by estimating informality in Indonesia at the regional,
            provincial, and sectoral levels. Those estimates were then
            benchmarked to the levels, trends, and features of the
            informal sector in emerging markets and developing economies
            to examine whether the major features of the informal sector
            in Indonesia deviate from those observed in other emerging
            markets and developing economies. The paper finds that
            despite the declining trend, both output and employment
            informality remain elevated and broadly above the comparator
            countries in the region. Informality in Indonesia is mostly
            concentrated in agriculture and low-skilled services and is
            associated with higher poverty at the provincial level.
            There also appear to be productivity, education, and salary
            gaps between formal and informal workers. Moreover, markets
            are not segregated as informal firms compete strongly with
            formal ones. Finally, informality seems to pose
            macroeconomic challenges as tax efforts and financial sector
            depth remain below the averages for emerging markets and
            developing economies.","Pape,Utz Johann","Mansour,Wael",,,,,,
320,34176108,West Bank and Gaza,Policy Research Working Paper,2023-10-06T00:00:00Z,Publications & Research,"Policy Research working paper ; no. WPS
            10587; COVID-19 (Coronavirus); MNACE labor and gender
            research programs; RRR","Labor Market Impact of the
            COVID-19 Pandemic in the West Bank and Gaza",http://documents.worldbank.org/curated/en/099712210062348112/pdf/IDU16066baa71805414d371ad3e16ab9668b9b03.pdf,/research/2023/10/34176108/labor-market-impact-covid-19-pandemic-west-bank-gaza,http://documents.worldbank.org/curated/en/099712210062348112/IDU16066baa71805414d371ad3e16ab9668b9b03,2023/10/34176108/IDU16066baa71805414d371ad3e16ab9668b9b03,099712210062348112,Off of Sr VP Dev Econ/Chief Econ (DECVP),http://documents.worldbank.org/curated/en/099712210062348112/IDU16066baa71805414d371ad3e16ab9668b9b03,"Deng,Jingyuan","Elmallakh,Nelly Youssef Louis William","Labor Market Impact of the COVID-19 Pandemic
            in the West Bank and Gaza",34176108,"This paper studies the impact of the
            COVID-19 pandemic on men’s labor market outcomes in the West
            Bank and Gaza, examining adjustments at the extensive
            (participation) and intensive (hours of work) margins of the
            labor supply. Quarterly panel data from national labor force
            surveys allow observing labor market transitions, job loss
            and job gain rates, and labor market stocks. The findings
            show that the COVID-19 pandemic was associated with a
            decline in employment and labor market participation among
            men in the immediate aftermath of the pandemic. Moreover,
            the analysis finds evidence of large adjustments at the
            intensive margin of employment, as working hours declined.
            The changes in aggregate labor market indicators seem to be
            driven by an increase in job loss and a decline in job gain
            in the West Bank and Gaza. Despite the apparent resilience
            of the labor market, as labor market indicators quickly
            bounced back to their pre-pandemic levels, the results show
            that the most vulnerable segments of the workforce, such as
            informal workers, workers in blue collar occupations, the
            least educated, and residents in refugee camps, bore a
            disproportionately heavier burden.","Flabbi,Luca","Gatti,Roberta V.",,,,,,
321,34177896,Iraq,Policy Research Working Paper,2023-10-10T00:00:00Z,Publications & Research,Policy Research working paper ; no. WPS 10588,"The Effects of Fiscal Policy on
            Inequality and Poverty in Iraq",http://documents.worldbank.org/curated/en/099756510102321216/pdf/IDU0e287b0b90c36804788085bf0a11c7abd8ae4.pdf,/research/2023/10/34177896/effects-fiscal-policy-inequality-poverty-iraq,http://documents.worldbank.org/curated/en/099756510102321216/IDU0e287b0b90c36804788085bf0a11c7abd8ae4,2023/10/34177896/IDU0e287b0b90c36804788085bf0a11c7abd8ae4,099756510102321216,Off of Sr VP Dev Econ/Chief Econ (DECVP),http://documents.worldbank.org/curated/en/099756510102321216/IDU0e287b0b90c36804788085bf0a11c7abd8ae4,"Amjad,Beenish","Cabrera,Maynor Vinicio","The Effects of Fiscal Policy on Inequality
            and Poverty in Iraq",34177896,"This study assesses the
            distributional impacts of public expenditures and taxes on
            poverty and inequality in the Republic of Iraq. The analysis
            uses the Commitment to Equity methodology and is based on
            the survey and government fiscal administrative data for
            fiscal year 2017. Results from the analysis show that Iraq’s
            fiscal policy is modestly progressive. It reduces short-term
            inequality by 6.7 and 3.0 Gini points with and without
            including public spending on education and health services.
            Both results are less than the global and
            upper-middle-income country averages. However, driven by
            direct transfers from poverty targeted social safety net
            cash transfers and generous pension allowances, the fiscal
            system reduces short-term poverty by 5 percentage points
            when evaluated using the international poverty line of
            US$5.5. This is one of the largest in the global and
            upper-middle-income country databases. These positive
            short-term results are achieved primarily because households
            pay almost no taxes. Iraq’s tax revenues are far lower than
            even the lower-income countries’ average. Unlike in most
            countries, Iraqi households in all quintiles, even the
            richest, are net beneficiaries of the fiscal policy. Given
            oil price volatility and the global movement away from
            fossil fuels, the high oil dependence and lack of a broader
            revenue base pose a significant fiscal sustainability
            challenge in Iraq.","Phadera,Lokendra",,,,,,,
322,34178827,"Venezuela, Republica Bolivariana de,Colombia",Policy Research Working Paper,2023-10-12T00:00:00Z,Publications & Research,"Policy Research working paper ; no. WPS
            10590; RRR","The Fine Line between Nudging and
            Nagging : Increasing Take-up Rates through Social Media Platforms",http://documents.worldbank.org/curated/en/099056510112312194/pdf/IDU0f51680c00611904d4908d0a06b750ed004b1.pdf,/research/2023/10/34178827/fine-line-between-nudging-nagging-increasing-take-up-rates-through-social-media-platforms,http://documents.worldbank.org/curated/en/099056510112312194/IDU0f51680c00611904d4908d0a06b750ed004b1,2023/10/34178827/IDU0f51680c00611904d4908d0a06b750ed004b1,099056510112312194,Off of Sr VP Dev Econ/Chief Econ (DECVP),http://documents.worldbank.org/curated/en/099056510112312194/IDU0f51680c00611904d4908d0a06b750ed004b1,"Moya ,Andrés","Rozo Villarraga,Sandra Viviana","The Fine Line between Nudging and Nagging :
            Increasing Take-up Rates through Social Media Platforms",34178827,"This study assesses if nudges in the
            form of informational videos sent via WhatsApp are effective
            in boosting take-up rates among vulnerable populations,
            specifically in the context of a regularization program for
            Venezuelan forced migrants in Colombia. The study randomly
            assigned 1,375 eligible migrants to receive one of three
            informational videos or be in a control group. The videos
            aimed at solving issues related to awareness, trust, and
            bottlenecks in the step-by-step registration. The main
            results indicate that program take-up rates for individuals
            who received any video were eight percentage points lower
            compared to the control group. The effects are mostly driven
            by the treated individuals who received the links but did
            not watch the videos, who are older, busier, and have less
            internet access relative to other treated individuals.
            Additionally, the study evaluates the effectiveness of
            iterative WhatsApp surveys in collecting data from
            hard-to-reach populations. It finds that while iterative
            WhatsApp surveys had low retention rates, iterative contacts
            helped to reduce attrition. Furthermore, switching behaviors
            from nonresponse to response were common after iterative
            contact attempts.","Urbina Florez,Maria Jose",,,,,,,
323,34179149,East Asia and Pacific,Policy Research Working Paper,2023-10-12T00:00:00Z,Publications & Research,"Policy Research working paper ; no. WPS
            10591; RRR","What I Really Want: Policy Maker
            Views on Education in East Asia Pacific",http://documents.worldbank.org/curated/en/099246410122325829/pdf/IDU093cd4c4400a550455f0afed04b95af694b29.pdf,/research/2023/10/34179149/really-want-policy-maker-views-education-east-asia-pacific,http://documents.worldbank.org/curated/en/099246410122325829/IDU093cd4c4400a550455f0afed04b95af694b29,2023/10/34179149/IDU093cd4c4400a550455f0afed04b95af694b29,099246410122325829,Off of Sr VP Dev Econ/Chief Econ (DECVP),http://documents.worldbank.org/curated/en/099246410122325829/IDU093cd4c4400a550455f0afed04b95af694b29,"Yarrow,Noah Bunce","Cahu,Paul Marie Michel","What I Really Want: Policy Maker Views on
            Education in East Asia Pacific",34179149,"This paper reports the views and
            perceptions of randomly selected education policy makers in
            the East Asia Pacific region, based on surveys of 651 senior
            public officials in 14 middle-income countries. The findings
            show that officials tend to prioritize increasing secondary
            school completion over improving learning quality, and they
            severely underestimate learning poverty and do so by a
            larger margin than officials in other countries. Officials
            were most likely to cite system capacity as the primary
            constraint to improving learning. The findings show that
            officials’ support for gender equality and disability
            inclusion is high. Interviewed officials tend to oppose
            violence against students and prefer to invest in in-service
            teacher training or early-grade reading compared to other
            options, such as EdTech or inclusion for students with
            disabilities. This mix of alignment and misalignment between
            policy makers’ goals and the stated goals of development
            partners can inform future engagement in policy dialogue,
            analysis, and information campaigns.","Breeding,Mary E.","Afkar,Rythia",,,,,,
324,34186262,Italy,Policy Research Working Paper,2023-10-26T00:00:00Z,Publications & Research,Policy Research working paper ; no. WPS 10592,"Assessing the Efficiency and
            Fairness of the Fit for 55 Package toward Net Zero Emissions
            under Different Revenue Recycling Schemes for Italy",http://documents.worldbank.org/curated/en/099709210262338527/pdf/IDU042a9ebbc06cb8044b109d7c0c0edad73f0a7.pdf,/research/2023/10/34186262/assessing-efficiency-fairness-fit-55-package-toward-net-zero-emissions-under-different-revenue-recycling-schemes-italy,http://documents.worldbank.org/curated/en/099709210262338527/IDU042a9ebbc06cb8044b109d7c0c0edad73f0a7,2023/10/34186262/IDU042a9ebbc06cb8044b109d7c0c0edad73f0a7,099709210262338527,,http://documents.worldbank.org/curated/en/099709210262338527/IDU042a9ebbc06cb8044b109d7c0c0edad73f0a7,"Orecchia,Carlo","Cala,Valerio Ferdinando","Assessing the Efficiency and Fairness of the
            Fit for 55 Package toward Net Zero Emissions under Different
            Revenue Recycling Schemes for Italy",34186262,"One of Italy’s key objectives is to
            reform and modernize the tax system to increase tax
            efficiency and improve environmental sustainability and
            regional economic outcomes, in line with the European Union
            strategy. Within the framework of the European Green Deal,
            Italy is committed to contributing to the goal of becoming
            the first climate neutral region by 2050 (the “Fit for 55”
            package). As an intermediate step toward the 2050 target,
            the European Union must reduce greenhouse gas emissions by
            at least 55 percent by 2030 compared to 1990 levels. Carbon
            pricing is at the core of the proposal, but its full
            implementation is also expected to have regressive effects,
            harming poorer households, and adverse economic impacts,
            reducing firms’ competitiveness. This paper evaluates the
            effects of the carbon pricing proposal of the “Fit for 55”
            package on welfare, sectoral production, and income
            distribution. To tackle the adverse social and economic
            effects, it compares different revenue recycling schemes
            shifting the tax burden from major direct and indirect taxes
            to carbon emissions. It finds that well-targeted revenue
            recycling policies might significantly reduce the negative
            effects. The analysis adopts the Italian Regional and
            Environmental Computable General Equilibrium of the
            Department of Finance model, which is a new (recursive)
            dynamic computable general equilibrium model developed by
            the Italian Ministry of the Economy with technical
            assistance from the World Bank. It has a detailed energy
            specification that allows for capital/labor/energy
            substitution in production, intra-fuel energy substitution
            across all demand agents, a multi-output and multi-input
            production structure, an extended energy system with 11
            different types of technologies, multiple households to
            address distributional impacts, and detailed information on
            the Italian tax system.","de Cristofaroa,Fabiana","Dudu,Hasan",,,,,,
325,34188936,"China,United States,World,East Asia and Pacific",Policy Research Working Paper,2023-10-31T00:00:00Z,Publications & Research,Policy Research working paper ; no. WPS 10593,"Is US Trade Policy Reshaping
            Global Supply Chains ?",http://documents.worldbank.org/curated/en/099812010312311610/pdf/IDU0938e50fe0608704ef70b7d005cda58b5af0d.pdf,/research/2023/10/34188936/trade-policy-reshaping-global-supply-chains,http://documents.worldbank.org/curated/en/099812010312311610/IDU0938e50fe0608704ef70b7d005cda58b5af0d,2023/10/34188936/IDU0938e50fe0608704ef70b7d005cda58b5af0d,099812010312311610,,http://documents.worldbank.org/curated/en/099812010312311610/IDU0938e50fe0608704ef70b7d005cda58b5af0d,"Freund,Caroline","Mattoo,Aaditya","Is US Trade Policy Reshaping Global Supply
            Chains ?",34188936,"This paper examines the reshaping of
            supply chains using detailed US 10-digit import data
            (tariff-line level) between 2017 and 2022. The results show
            that while US-China decoupling in bilateral trade is real,
            supply chains remain intertwined with China. Over the
            period, China’s share of US imports fell from 22 to 16
            percent. The paper shows that the decline is due to US
            tariffs. US imports from China are being replaced with
            imports from large developing countries with revealed
            comparative advantage in a product. Countries replacing
            China tend to be deeply integrated into China’s supply
            chains and are experiencing faster import growth from China,
            especially in strategic industries. Put differently, to
            displace China on the export side, countries must embrace
            China’s supply chains. Within products, the reorientation of
            trade is consistent with a “China + 1” strategy, as opposed
            to diversified sourcing across multiple countries. There is
            some evidence of nearshoring, but it is exclusive to border
            nations, and there is no consistent evidence of reshoring.
            Despite the significant reshaping, China remained the top
            supplier of imported goods to the US in 2022.","Mulabdic,Alen","Ruta,Michele",,,,,,
326,34191204,"Africa,World",Policy Research Working Paper,2023-11-03T00:00:00Z,Publications & Research,"Policy Research working paper ; no. WPS
            10594; RRR",A Fish Cartel for Africa,http://documents.worldbank.org/curated/en/099528011032341633/pdf/IDU044b7309903a1b0401f097e406532c42b6cc4.pdf,/research/2023/11/34191204/fish-cartel-africa,http://documents.worldbank.org/curated/en/099528011032341633/IDU044b7309903a1b0401f097e406532c42b6cc4,2023/11/34191204/IDU044b7309903a1b0401f097e406532c42b6cc4,099528011032341633,Off of Sr VP Dev Econ/Chief Econ (DECVP),http://documents.worldbank.org/curated/en/099528011032341633/IDU044b7309903a1b0401f097e406532c42b6cc4,"Englander,Aaron Gabriel Ratliffe","Costello,Christopher",A Fish Cartel for Africa,34191204,"Many countries sell fishing rights to
            foreign nations and fishers. Although African coastal waters
            are among the world’s most biologically rich, African
            countries earn much less than their peers from selling
            access to foreign fishers. African countries sell fishing
            access individually (in contrast to some Pacific countries
            that sell access as a bloc). This paper develops a bilateral
            oligopoly model to simulate the effects of an African fish
            cartel. The model shows that wielding market power entails
            both ecological and economic dimensions. Africa would
            substantially restrict access catch, which would increase
            biomass by 16 percent. This would confer economic benefits
            to all African nations, raising profits by an average of 23
            percent. These benefits arise because market power shifts
            from foreign buyers to African sellers. Although impediments
            to sustainable development, like corruption, are hard to
            change in the medium term, deeper African integration is an
            already emerging solution to African countries’ economic and
            ecological challenges.",,,,,,,,
327,34192225,Morocco,Policy Research Working Paper,2023-11-06T00:00:00Z,Publications & Research,Policy Research working paper ; no. WPS 10595,"Exports to Jobs : Morocco’s Trade
            Patterns and Local Labor Market Outcomes",http://documents.worldbank.org/curated/en/099816511062330271/pdf/IDU00b69230f03adb04b7608cd80f3e08b2ce869.pdf,/research/2023/11/34192225/exports-jobs-morocco’s-trade-patterns-local-labor-market-outcomes,http://documents.worldbank.org/curated/en/099816511062330271/IDU00b69230f03adb04b7608cd80f3e08b2ce869,2023/11/34192225/IDU00b69230f03adb04b7608cd80f3e08b2ce869,099816511062330271,,http://documents.worldbank.org/curated/en/099816511062330271/IDU00b69230f03adb04b7608cd80f3e08b2ce869,"Roche Rodriguez,Jaime Alfonso","Lopez-Acevedo,Gladys C.","Exports to Jobs : Morocco’s Trade Patterns
            and Local Labor Market Outcomes",34192225,"Morocco’s trade liberalization
            policies coincided with macroeconomic growth over the past
            two decades. The relationship between trade liberalization
            and individual-level labor market outcomes, however, are not
            well understood. By combining three complementary approaches
            and modeling techniques, this paper estimates (i) the
            relationship between trade agreements and trade flows, (ii)
            the relationship between trade exposure and various local
            labor market outcomes, and (iii) the relationship between
            firm employment and exports. The results show that tariffs
            have fallen and trade as a share of gross domestic product
            has increased. Morocco’s trade agreements, however, are not
            always associated with higher trade flows. Furthermore,
            trade has led to mixed results for workers. Increased trade
            has decreased informality but may have adversely affected
            female labor force participation. Trade liberalization seems
            to have induced a shift from female labor-intensive
            industries, such as apparel, to capital-intensive sectors
            that are predominantly male-intensive. The firm-level
            analysis confirms these results by showing that increases in
            employment from exports has occurred mainly in male,
            capital-intensive sectors.","Robertson,Raymond","Zárate,Daniela Ruiz",,,,,,
328,34192232,Afghanistan,Policy Research Working Paper,2023-11-06T00:00:00Z,Publications & Research,"Policy Research working paper ; no. WPS
            10596; Impact Evaluation series; Paper is funded by the
            Knowledge for Change Program (KCP); RRR","The Enduring Impacts of a Big
            Push during Multiple Crises : Experimental Evidence from Afghanistan",http://documents.worldbank.org/curated/en/099837211062311087/pdf/IDU1e486b8ed1e7a114d231a60d1848c87baeeb1.pdf,/research/2023/11/34192232/enduring-impacts-big-push-during-multiple-crises-experimental-evidence-afghanistan,http://documents.worldbank.org/curated/en/099837211062311087/IDU1e486b8ed1e7a114d231a60d1848c87baeeb1,2023/11/34192232/IDU1e486b8ed1e7a114d231a60d1848c87baeeb1,099837211062311087,Off of Sr VP Dev Econ/Chief Econ (DECVP),http://documents.worldbank.org/curated/en/099837211062311087/IDU1e486b8ed1e7a114d231a60d1848c87baeeb1,"Bedoya Arguelles,Guadalupe","Belyakova,Yulia","The Enduring Impacts of a Big Push during
            Multiple Crises : Experimental Evidence from Afghanistan",34192232,"How do proven strategies to improve
            the economic conditions of ultra-poor households hold up
            against the increasing severity and co-incidence of
            economic, security, and climate shocks Five years after
            receiving an economic livelihoods package, and shortly prior
            to the 2021 regime change, “ultra-poor” women in Afghanistan
            continued to have significantly higher levels of
            consumption, assets, market work participation, financial
            inclusion, children’s school enrollment, and women’s
            psychological well-being and empowerment, relative to the
            control group. Households boost resilience by diversifying
            productive activities and the program improves equality by
            reducing the gaps between ultra-poor and non-ultra- poor
            households across multiple dimensions. The results
            illustrate how an increasingly popular approach to improve
            the conditions of the very poor through a one-off “big push”
            intervention can strengthen household resilience through
            multiple shocks in one of the most fragile settings worldwide.","Coville,Aidan","Escande,Thomas","Isaqzadeh,Mohammad","Ndiaye,Aminata",,,,F
329,34192813,World,Policy Research Working Paper,2023-11-07T00:00:00Z,Publications & Research,"Policy Research working paper ; no. WPS
            10597; Paper is funded by the Knowledge for Change Program (KCP)","Using Large Language Models for
            Qualitative Analysis can Introduce Serious Bias",http://documents.worldbank.org/curated/en/099433311072326082/pdf/IDU09959393309484041660b85d0ab10e497bd1f.pdf,/research/2023/11/34192813/using-large-language-models-qualitative-analysis-can-introduce-serious-bias,http://documents.worldbank.org/curated/en/099433311072326082/IDU09959393309484041660b85d0ab10e497bd1f,2023/11/34192813/IDU09959393309484041660b85d0ab10e497bd1f,099433311072326082,Off of Sr VP Dev Econ/Chief Econ (DECVP),http://documents.worldbank.org/curated/en/099433311072326082/IDU09959393309484041660b85d0ab10e497bd1f,"Ashwin,Julian","Chhabra,Aditya","Using Large Language Models for Qualitative
            Analysis can Introduce Serious Bias",34192813,"Large Language Models (LLMs) are
            quickly becoming ubiquitous, but the implications for social
            science research are not yet well understood. This paper
            asks whether LLMs can help us analyse large-N qualitative
            data from open-ended interviews, with an application to
            transcripts of interviews with displaced Rohingya people in
            Cox’s Bazaar, Bangladesh. The analysis finds that a great
            deal of caution is needed in using LLMs to annotate text as
            there is a risk of introducing biases that can lead to
            misleading inferences. Here this refers to bias in the
            technical sense, that the errors that LLMs make in
            annotating interview transcripts are not random with respect
            to the characteristics of the interview subjects. Training
            simpler supervised models on high-quality human annotations
            with flexible coding leads to less measurement error and
            bias than LLM annotations. Therefore, given that some high
            quality annotations are necessary in order to asses whether
            an LLM introduces bias, this paper argues that it is
            probably preferable to train a bespoke model on these
            annotations than it is to use an LLM for annotation.","Rao,Vijayendra",,,,,,,
330,34192820,"N/A,Brazil,World",Policy Research Working Paper,2023-11-07T00:00:00Z,Publications & Research,"Policy Research working paper ; no. WPS
            10598; RRR","MiDES: New Data and Facts from
            Local Procurement and Budget Execution in Brazil",http://documents.worldbank.org/curated/en/099456511072320917/pdf/IDU0577a4ea10ff8504db6089400548fa91b30a3.pdf,/research/2023/11/34192820/mides-new-data-facts-local-procurement-budget-execution-brazil,http://documents.worldbank.org/curated/en/099456511072320917/IDU0577a4ea10ff8504db6089400548fa91b30a3,2023/11/34192820/IDU0577a4ea10ff8504db6089400548fa91b30a3,099456511072320917,Off of Sr VP Dev Econ/Chief Econ (DECVP),http://documents.worldbank.org/curated/en/099456511072320917/IDU0577a4ea10ff8504db6089400548fa91b30a3,"Dahis,Ricardo","Ricca,Bernardo","MiDES: New Data and Facts from Local
            Procurement and Budget Execution in Brazil",34192820,"This paper introduces a new
            disaggregated and harmonized dataset on public procurement
            and budget execution by Brazilian subnational entities,
            which currently covers half of Brazilian municipalities and
            spans the years 2003–21. This dataset provides key
            information that was previously unavailable from aggregate
            data, such as the identities of suppliers, details on
            purchases of goods and services, and granular information on
            the life cycle of each expenditure action. It then uses
            these data to provide new stylized facts about local public
            finance. First, it shows that about one-quarter of
            government purchases are locally procured and discusses
            implications for efficiency. Second, it demonstrates that
            close to 15 percent of payments exceed the 30-day threshold
            and that payment timeliness is systematically correlated
            with the income level of the municipality.","De Gouvea Scot De Arruda,Thiago","Machado Sales,Nathalia","Nascimento Moreira,Lucas",,,,,
331,34193411,"Yemen,Republic of,Yemen, Republic of",Policy Research Working Paper,2023-11-08T00:00:00Z,Publications & Research,"Policy Research working paper ; no. WPS
            10599; RRR","Alternative Paths for Yemen up to
            2030 : A CGE-Based Simulation Analysis",http://documents.worldbank.org/curated/en/099249311082315064/pdf/IDU053cfd48101eb60427209ee1024bfd808028b.pdf,/research/2023/11/34193411/alternative-paths-yemen-up-2030-cge-based-simulation-analysis,http://documents.worldbank.org/curated/en/099249311082315064/IDU053cfd48101eb60427209ee1024bfd808028b,2023/11/34193411/IDU053cfd48101eb60427209ee1024bfd808028b,099249311082315064,Off of Sr VP Dev Econ/Chief Econ (DECVP),http://documents.worldbank.org/curated/en/099249311082315064/IDU053cfd48101eb60427209ee1024bfd808028b,"Lofgren,Hans","Cicowiez,Martín","Alternative Paths for Yemen up to 2030 : A
            CGE-Based Simulation Analysis",34193411,"Over nine years of violence and
            conflict have profoundly altered the Republic of Yemen’s
            economy. The war has shattered the country’s already fragile
            socioeconomic equilibria, affecting nearly every facet of
            life. Since the onset of the conflict, economic diagnostics
            have focused on descriptions of the deteriorating
            macro-fiscal and poverty conditions, lack of food security,
            and loss of capital accumulation. However, relatively little
            attention has gone toward the development of a
            forward-looking vision for the country, rooted in Yemen’s
            current economic structure. This paper helps to fill this
            gap by presenting and analyzing a set of scenarios for
            Yemen’s economy up to 2030. The analysis is based on a new
            version of the Sustainable Development Goal Simulation
            model, a dynamic computable general equilibrium (CGE) model,
            which is applied to a new social accounting matrix (SAM) for
            Yemen. The new social accounting matrix has the virtue of
            consolidating sparce and often inconsistent Yemeni data from
            multiple sources (the World Bank, the International Monetary
            Fund, and the United Nations system) into a coherent
            framework that reflects the basic structure of the economy,
            both at the macro and sectoral levels. The simulation
            analysis is built around three broad scenarios spanning 2022
            through 2030. The results suggest that if the conflict
            subsides, governance is strengthened, and the donor
            community provides crucial aid, considerable progress,
            including reduced poverty rates and improved living
            conditions, can be achieved by 2030. Given Yemen’s low
            levels of infrastructure and human development, the
            potential payoffs from investments in these areas are great.","Mele,Gianluca",,,,,,,
332,34193594,World,Policy Research Working Paper,2023-11-08T00:00:00Z,Publications & Research,Policy Research working paper ; no. WPS 10600,"Endogenous Institutions and
            Economic Policy",http://documents.worldbank.org/curated/en/099828511082336962/pdf/IDU06226078f0057104ad308acd0b14a01eeba69.pdf,/research/2023/11/34193594/endogenous-institutions-economic-policy,http://documents.worldbank.org/curated/en/099828511082336962/IDU06226078f0057104ad308acd0b14a01eeba69,2023/11/34193594/IDU06226078f0057104ad308acd0b14a01eeba69,099828511082336962,Off of Sr VP Dev Econ/Chief Econ (DECVP),http://documents.worldbank.org/curated/en/099828511082336962/IDU06226078f0057104ad308acd0b14a01eeba69,"Robinson,James Alan","Vostroknutov,Alexander",Endogenous Institutions and Economic Policy,34193594,"This paper proposes a new framework
            to model institutions and institutional change. It shows how
            moral agents, who strive to cooperate with others, can form
            institutions that facilitate cooperation. The framework
            makes it possible to model informal as well as formal
            institutions as games played by moral agents: when the
            quality of the government is low and agents are not willing
            to use its services they will create informal institutions
            that allow them to cooperate outside the official channels.
            It is also possible to conceptualize institutions as
            inclusive or extractive and model institutional change as a
            consequence of the choice of moral agents among available
            institutions as time unfolds. With a series of examples of
            clientelistic networks, the paper shows that the framework
            can be useful for understanding how and why such networks
            form and persist. The framework can be used to model any
            interactions among moral agents, thus giving rise to a wide
            variety of possible institutional settings.","Vostroknutova,Ekaterina",,,,,,,
333,34194176,World,Policy Research Working Paper,2023-11-09T00:00:00Z,Publications & Research,Policy Research working paper ; no. WPS 10601,"Quality Regulation Creates and
            Reallocates Trade",http://documents.worldbank.org/curated/en/099830011092318128/pdf/IDU024f2b1070def5040720b16d012df71a0d969.pdf,/research/2023/11/34194176/quality-regulation-creates-reallocates-trade,http://documents.worldbank.org/curated/en/099830011092318128/IDU024f2b1070def5040720b16d012df71a0d969,2023/11/34194176/IDU024f2b1070def5040720b16d012df71a0d969,099830011092318128,Off of Sr VP Dev Econ/Chief Econ (DECVP),http://documents.worldbank.org/curated/en/099830011092318128/IDU024f2b1070def5040720b16d012df71a0d969,"Zavala,Lucas","Fernandes,Ana Margarida",Quality Regulation Creates and Reallocates Trade,34194176,"Quality regulation has become the
            dominant instrument of trade policy. Panel evidence shows
            that regulations classified as sanitary and phytosanitary
            measures and technical barriers to trade both increase trade
            on average. Other non-tariff measures like quotas decrease
            trade. Sanitary and phytosanitary measures reallocate trade
            from lower-income exporting countries to higher-income
            exporting countries, while technical barriers to trade
            measures do the opposite. Sanitary and phytosanitary and
            technical barriers to trade measures increase the sales
            concentration of exporting firms from lower-income
            countries, but do not affect the concentration of exporting
            firms from higher-income countries or importing firms. The
            costs of quality regulation are primarily borne by exporting
            firms, especially in lower-income countries.","Haygood,Ryan","Reed,Tristan","Reyes,Jose Daniel",,,,,
334,34194257,"Ethiopia,Ghana,Zambia",Policy Research Working Paper,2023-11-09T00:00:00Z,Publications & Research,Policy Research working paper ; no. WPS 10602,"Making the Low-Income Country
            Debt Sustainability Framework Fit for Purpose",http://documents.worldbank.org/curated/en/099138311092310534/pdf/IDU0f7d657e600e14045fa0913f066d33d53954a.pdf,/research/2023/11/34194257/making-low-income-country-debt-sustainability-framework-fit-purpose,http://documents.worldbank.org/curated/en/099138311092310534/IDU0f7d657e600e14045fa0913f066d33d53954a,2023/11/34194257/IDU0f7d657e600e14045fa0913f066d33d53954a,099138311092310534,Off of Sr VP Dev Econ/Chief Econ (DECVP),http://documents.worldbank.org/curated/en/099138311092310534/IDU0f7d657e600e14045fa0913f066d33d53954a,"Gill,Indermit S.","Pinto,Brian R.","Making the Low-Income Country Debt
            Sustainability Framework Fit for Purpose",34194257,"The World Bank and the International
            Monetary Fund use the Low-Income Country Debt Sustainability
            Framework to assess the sustainability of sovereign debt in
            about 75 low- and middle-income developing countries. It is
            overdue for a review, and this paper recommends that it be
            replaced for three reasons. First, it was designed when
            official concessional external debt was virtually synonymous
            with public debt. Over the past decade, however, the
            marginal cost of borrowing for Low-Income Country Debt
            Sustainability Framework countries has been defined
            increasingly by domestic and external debt markets. This has
            rendered the framework largely obsolete. Second, the
            framework focuses mainly on external debt, but development
            outcomes in the framework countries are more closely related
            to overall public debt. The mission of the World Bank—and,
            increasingly, the International Monetary Fund—is to improve
            growth, stability and living standards. So public debt ought
            to be the principal focus of the revised Low-Income Country
            Debt Sustainability Framework. Third, causality in the
            framework countries flows from fiscal deficits to current
            account deficits rather than the other way around, and the
            public component constitutes the lion’s share of total
            external debt. To focus on external debt distress in these
            circumstances is tantamount to tackling the
            symptom—accumulated current-account deficits—instead of the
            fundamental cause: fiscal deficits, or the gap between
            government investment and saving. The experiences of
            Ethiopia, Ghana and Zambia illustrate the arguments. The
            paper recommends a framework based on nominal public debt
            and its dynamics, supplemented with a thorough analysis of
            international liquidity. Discarding the Low-Income Country
            Debt Sustainability Framework could well be disruptive in
            the short run. However, the alternative would be worse:
            retaining an obsolete framework that has failed to
            anticipate public debt crises and is poorly aligned with the
            Sustainable Development Goals.",,,,,,,,
335,34195858,World,Policy Research Working Paper,2023-11-13T00:00:00Z,Publications & Research,"Policy Research working paper ; no. WPS
            10603; COVID-19 (Coronavirus); RRR","Digital Payments and the COVID-19
            Shock : The Role of Preexisting Conditions in Banking,
            Infrastructure, Human Capabilities, and Digital Regulation",http://documents.worldbank.org/curated/en/099454311132327828/pdf/IDU08c76166f0dda20435909e82051f6aa962419.pdf,/research/2023/11/34195858/digital-payments-covid-19-shock-role-preexisting-conditions-banking-infrastructure-human-capabilities-digital-regulation,http://documents.worldbank.org/curated/en/099454311132327828/IDU08c76166f0dda20435909e82051f6aa962419,2023/11/34195858/IDU08c76166f0dda20435909e82051f6aa962419,099454311132327828,Off of Sr VP Dev Econ/Chief Econ (DECVP),http://documents.worldbank.org/curated/en/099454311132327828/IDU08c76166f0dda20435909e82051f6aa962419,"Cull,Robert J.","Foster,Vivien","Digital Payments and the COVID-19 Shock :
            The Role of Preexisting Conditions in Banking,
            Infrastructure, Human Capabilities, and Digital Regulation",34195858,"Treating data collected pre- and
            post-COVID-19 as a quasi-experiment, this paper examines the
            importance of presumed enablers and safeguards in driving
            the observed expansion of digital payments and digital
            financial inclusion. The analysis interacts drivers of
            digital payment usage with a country-specific proxy of the
            severity of the COVID-19 shock, leveraging variation in both
            the drivers and the quasi-treatment (the COVID-19 shock) to
            identify the parameters. Although regulation of banks and
            digital economic activity were correlated with digital
            payments before and during the pandemic, the capabilities of
            users and connectivity (to electricity, the internet, and
            mobile telephony) were responsible for increased use of
            digital financial services in response to the shock. An
            interpretation is that governments and the private sector
            were able to overcome underdeveloped banking systems and
            weak regulation of the digital economy, but only where there
            was adequate digital infrastructure, connectivity, and a
            high share of the population that understood and could make
            use of digital payments.","Jolliffe,Dean Mitchell","Lederman,Daniel","Mare,Davide Salvatore","Veerappan,Malarvizhi",,,,
336,34196317,Colombia,Policy Research Working Paper,2023-11-14T00:00:00Z,Publications & Research,"Policy Research working paper ; no. WPS
            10605; COVID-19 (Coronavirus); RRR","How Have Gender Gaps in the
            Colombian Labor Market Changed during the Economic Recovery?",http://documents.worldbank.org/curated/en/099304511142330780/pdf/IDU106568b4115d44141981b647142f7d72e519f.pdf,/research/2023/11/34196317/gender-gaps-colombian-labor-market-changed-during-economic-recovery,http://documents.worldbank.org/curated/en/099304511142330780/IDU106568b4115d44141981b647142f7d72e519f,2023/11/34196317/IDU106568b4115d44141981b647142f7d72e519f,099304511142330780,Off of Sr VP Dev Econ/Chief Econ (DECVP),http://documents.worldbank.org/curated/en/099304511142330780/IDU106568b4115d44141981b647142f7d72e519f,"Davalos,Maria Eugenia","Londono Aguirre,Diana Isabel","How Have Gender Gaps in the Colombian Labor
            Market Changed during the Economic Recovery?",34196317,"This paper analyzes gender gaps in
            the Colombian labor market, with a particular focus on the
            impact of the COVID-19 shock and the economic recovery.
            Using household survey and administrative data, the analysis
            finds significant and persistent gender gaps in favor of men
            in terms of participation, unemployment, and income. These
            gaps are heterogeneous at the regional level in Colombia,
            and are exacerbated among women with children, particularly
            young children, and those with low levels of education. The
            COVID-19 pandemic widened these gaps, including from higher
            female concentration in the most affected sectors and
            potentially associated with the disproportionate burden of
            care on women. Moreover, using decomposition techniques, the
            paper finds that the decline observed in the hourly gender
            wage gap results from two offsetting effects: the explained
            gap, which favors women due to their endowments, primarily
            education level, and the unexplained gap, which favors men
            and may be associated with discriminatory biases. Moreover,
            the gender wage gap widens significantly when considering
            monthly income, showing variations in hours worked between
            men and women. Given the poorer labor market outcomes among
            women with children, policies toward the reduction and
            redistribution of care work within households could
            contribute to increase women’s opportunities in the labor market.","Medina Gaspar,Daniel Santiago",,,,,,,
337,34196385,"Africa,World",Policy Research Working Paper,2023-11-13T00:00:00Z,Publications & Research,"Policy Research working paper ; no. WPS
            10604; LSMS; RRR","Economic Sentiments and
            Expectations in Sub-Saharan Africa in a Time of Multiple Shocks",http://documents.worldbank.org/curated/en/099534511142334272/pdf/IDU0aaa58d140265a04ad308d9301eafc488f2cb.pdf,/research/2023/11/34196385/economic-sentiments-expectations-sub-saharan-africa-time-multiple-shocks,http://documents.worldbank.org/curated/en/099534511142334272/IDU0aaa58d140265a04ad308d9301eafc488f2cb,2023/11/34196385/IDU0aaa58d140265a04ad308d9301eafc488f2cb,099534511142334272,Off of Sr VP Dev Econ/Chief Econ (DECVP),http://documents.worldbank.org/curated/en/099534511142334272/IDU0aaa58d140265a04ad308d9301eafc488f2cb,"Wollburg,Philip Randolph","Bentze,Thomas Patrick","Economic Sentiments and Expectations in
            Sub-Saharan Africa in a Time of Multiple Shocks",34196385,"Against the background of high
            inflation, climate shocks, and concerns about rising food
            insecurity, this study documents the state of economic
            sentiments and expectations of households in five African
            countries—Burkina Faso, Ethiopia, Malawi, Nigeria, and
            Uganda—that are home to 36 percent of the Sub-Saharan
            African population. Leveraging nationally representative
            phone survey data, 57 percent of households across the five
            countries report that their financial situation and their
            country’s economic situation have worsened significantly in
            the past 12 months. While expectations for the future are
            more positive, there are marked differences across countries
            that suggest uneven recovery prospects and nonnegligible
            uncertainty about the future. Households overwhelmingly
            report prices to have increased considerably over the past
            12 months and expect prices to increase faster, or at the
            same rate, over the next 12 months. Close to 54 percent of
            households—home to 206 million individuals—further expect
            that climate shocks will have adverse impacts on their
            finances in the next year. Economic sentiments are closely
            related to livelihood outcomes such as food insecurity, lack
            of access to staple foods, income loss, and unemployment,
            and sentiments about the household financial situation,
            country economic situation, price increases, and climate
            shocks are also interdependent. Households whose financial
            situation has worsened in the past year are consistently
            more pessimistic about their financial future. Food insecure
            households, in particular, are not only more likely to
            report a worsening financial situation in the recent past
            and pessimism about the future, but also more likely to
            expect to be adversely impacted by climate shocks.","Kilic,Talip",,,,,,,
338,34196475,World,Policy Research Working Paper,2023-11-14T00:00:00Z,Publications & Research,"Policy Research working paper ; no. WPS
            10606; Paper is funded by the Knowledge for Change Program (KCP)",Containing Tariff Evasion,http://documents.worldbank.org/curated/en/099840311142323145/pdf/IDU002e20ed00ff8a042fb0a68e0875d475ad647.pdf,/research/2023/11/34196475/containing-tariff-evasion,http://documents.worldbank.org/curated/en/099840311142323145/IDU002e20ed00ff8a042fb0a68e0875d475ad647,2023/11/34196475/IDU002e20ed00ff8a042fb0a68e0875d475ad647,099840311142323145,Off of Sr VP Dev Econ/Chief Econ (DECVP),http://documents.worldbank.org/curated/en/099840311142323145/IDU002e20ed00ff8a042fb0a68e0875d475ad647,"Anne,Clement Xavier Frederik","Chalendard,Cyril Romain",Containing Tariff Evasion,34196475,"To identify transactions at risk of
            tariff evasion, this paper matches export transaction data
            from France with import transaction data from Madagascar
            using container identifiers. Reporting discrepancies between
            exporters and importers are prevalent but small, with over
            two-fifths of importers reporting in a way that increases
            their tariff liability. Yet, aggregate tariff revenues are
            24 percent lower due to discrepancies. These revenue losses
            are highly concentrated: the top five evaders account for
            three-quarters of all tariff revenue losses and larger
            shipments are more at risk of evasion. Tariff enforcement in
            Madagascar is ineffective and only marginally mitigates
            revenue losses.","Fernandes,Ana Margarida","Rijkers,Bob","Vicard,Vincent",,,,,
339,34196964,Nigeria,Policy Research Working Paper,2023-11-15T00:00:00Z,Publications & Research,Policy Research working paper ; no. WPS 10607,"Herder-Related Violence,
            Agricultural Work, and the Informal Sector as a Safety Net",http://documents.worldbank.org/curated/en/099417511152376048/pdf/IDU0087febc70d8df04ff50a05a0a34a221591c0.pdf,/research/2023/11/34196964/herder-related-violence-agricultural-work-informal-sector-safety-net,http://documents.worldbank.org/curated/en/099417511152376048/IDU0087febc70d8df04ff50a05a0a34a221591c0,2023/11/34196964/IDU0087febc70d8df04ff50a05a0a34a221591c0,099417511152376048,Off of Sr VP Dev Econ/Chief Econ (DECVP),http://documents.worldbank.org/curated/en/099417511152376048/IDU0087febc70d8df04ff50a05a0a34a221591c0,"Bloem,Jeffrey Richard","Damon,Amy","Herder-Related Violence, Agricultural Work,
            and the Informal Sector as a Safety Net",34196964,"Violent conflict between nomadic
            herders and settled—mostly agricultural—communities in
            Nigeria occurs as both groups clash over the use of land and
            resources, in part, due to a changing climate. This paper
            uses panel data from 2010 through 2019 to study the labor
            responses of individuals to exposure to herder-related
            violence during the post-planting and post-harvest seasons.
            Specifically, it considers a “shadow of violence” channel,
            where recent exposure to a violent event alters
            labor-related responses to a subsequent event. Results find
            that in the post-planting season, exposure to a
            herder-related violent event leads to an increase in
            informal work for both men and women, a decrease in
            agricultural work for men, and an increase in total hours
            worked for women among households that have previously been
            exposed to herder-related violence in the preceding six
            months. The paper also considers two other specific forms
            for a “shadow of violence” channel—namely, raised tensions
            over open-grazing bans enacted in 2016 and 2017 within three
            states and a drastic peak in violence in the first half of
            2018— and find similar results. Lastly, findings show how
            household exposure to violence can have so-called knock-on
            effects. Households exposed to herder-related violence in
            the previous post-planting season shift consumption and crop
            selling patterns in the post-harvest season. These findings
            highlight the gender-specific labor response to violence and
            document the role of the informal sector as a partial safety
            net for individuals in the presence of adverse shocks.","Francis,David C.","Mitchell,Harrison",,,,,,
340,34196967,Indonesia,Policy Research Working Paper,2023-11-15T00:00:00Z,Publications & Research,Policy Research working paper ; no. WPS 10608,"Indonesia's Informal
            Economy: Measurement, Evidence, and a Research Agenda",http://documents.worldbank.org/curated/en/099435011152325553/pdf/IDU025ef01630fdd504ae5085e90437dc8b1c171.pdf,/research/2023/11/34196967/indonesias-informal-economy-measurement-evidence-research-agenda,http://documents.worldbank.org/curated/en/099435011152325553/IDU025ef01630fdd504ae5085e90437dc8b1c171,2023/11/34196967/IDU025ef01630fdd504ae5085e90437dc8b1c171,099435011152325553,Off of Sr VP Dev Econ/Chief Econ (DECVP),http://documents.worldbank.org/curated/en/099435011152325553/IDU025ef01630fdd504ae5085e90437dc8b1c171,"Ablaza,Christine Marie Jimenez","Alladi,Vinayak","Indonesia's Informal Economy:
            Measurement, Evidence, and a Research Agenda",34196967,"Indonesia has made remarkable
            economic progress since the Asian Financial Crisis. To
            sustain its growth and achieve high-income status by 2045,
            it needs to address the long-standing challenge of
            informality. Doing so will require a coordinated policy
            approach informed by robust empirical evidence on the
            underlying causes and consequences of informality. This
            paper contributes to this agenda by reviewing the state of
            knowledge on the informal economy in Indonesia. The study
            focuses on three key areas of relevance to future policies
            on informality, namely: (1) key definitions and measures,
            (2) existing data sources, and (3) findings from previous
            research. The paper identifies remaining gaps in the
            existing data and empirical literature and uses this to
            construct an agenda for future work on the subject.","Pape,Utz Johann",,,,,,,
341,34198137,Africa,Policy Research Working Paper,2023-11-16T00:00:00Z,Publications & Research,Policy Research working paper ; no. WPS 10609,"Trade and Infrastructure
            Integration in Africa",http://documents.worldbank.org/curated/en/099424311162313828/pdf/IDU0fca49b5b01b530416009eab02c488f834b70.pdf,/research/2023/11/34198137/trade-infrastructure-integration-africa,http://documents.worldbank.org/curated/en/099424311162313828/IDU0fca49b5b01b530416009eab02c488f834b70,2023/11/34198137/IDU0fca49b5b01b530416009eab02c488f834b70,099424311162313828,Off of Sr VP Dev Econ/Chief Econ (DECVP),http://documents.worldbank.org/curated/en/099424311162313828/IDU0fca49b5b01b530416009eab02c488f834b70,"Fontagné,Lionel","Lebrand,Mathilde Sylvie Maria",Trade and Infrastructure Integration in Africa,34198137,"Economic integration of the African
            continent rests on two pillars: the ratification of an
            ambitious trade agreement and massive investment in
            transportation infrastructure. Leveraging a newly created
            city-level database on African exporters’ transport times,
            transport route optimization and general equilibrium
            modeling of international trade, the paper quantifies the
            impact of greater trade and transport integration in Africa.
            A pan-African agreement, such as the African Continental
            Free Trade Area, would increase African countries’ exports
            by an average of 3.4 percent and increase gross domestic
            product by 0.6 percent. Complementing trade integration by
            reducing transportation time on roads, ports and border
            posts would increase exports by 11.5 percent and increase
            gross domestic product by 2 percent. Major transport
            investments are necessary to reap the full benefits of the
            African Continental Free Trade Area.","Murray,Siobhan","Ruta,Michele","Santoni,Gianluca",,,,,
342,34199941,Indonesia,Policy Research Working Paper,2023-11-20T00:00:00Z,Publications & Research,Policy Research working paper ; no. WPS 10610,"Improving Consumption-Based Tax
            Compliance : Evidence from Point of Sale Usage in
            Subnational Governments in Indonesia",http://documents.worldbank.org/curated/en/099323111202326450/pdf/IDU00285b30f058fe040a909971003e14dcb92ca.pdf,/research/2023/11/34199941/improving-consumption-based-tax-compliance-evidence-point-sale-usage-subnational-governments-indonesia,http://documents.worldbank.org/curated/en/099323111202326450/IDU00285b30f058fe040a909971003e14dcb92ca,2023/11/34199941/IDU00285b30f058fe040a909971003e14dcb92ca,099323111202326450,Off of Sr VP Dev Econ/Chief Econ (DECVP),http://documents.worldbank.org/curated/en/099323111202326450/IDU00285b30f058fe040a909971003e14dcb92ca,"Chattha,Muhammad Khudadad","Tyas,Prabaning","Improving Consumption-Based Tax Compliance :
            Evidence from Point of Sale Usage in Subnational Governments
            in Indonesia",34199941,"This paper studies the impact of
            point of sale technology adoption on local tax compliance by
            firms. The paper exploits administrative data on monthly
            restaurant and hotel tax payments in the Indonesian
            districts of West Manggarai and Gorontalo and combines this
            with information on the point of sales distribution timeline
            from 2018 to 2022. The findings show that certain point of
            sales treatments led to a substantial increase in restaurant
            tax payments, ranging from 55 to 180 percent, while others
            did not increase tax revenues. The paper discusses the
            underlying drivers of the results and argues that the
            effectiveness of point of sales technology is conditional on
            (i) the devices’ ease of use, (ii) the recipients’
            technological aptitude, and (iii) the presence of
            information accessible by third parties.","Soko,Naranggi Pramudya","Fadilla,Raka Rizky",,,,,,
343,34200623,World,Policy Research Working Paper,2023-11-21T00:00:00Z,Publications & Research,Policy Research working paper ; no. WPS 10611,"Forecasting Industrial Commodity
            Prices : Literature Review and a Model Suite",http://documents.worldbank.org/curated/en/099329511212316381/pdf/IDU07821126108129045030af6304c96e8bbbc1a.pdf,/research/2023/11/34200623/forecasting-industrial-commodity-prices-literature-review-model-suite,http://documents.worldbank.org/curated/en/099329511212316381/IDU07821126108129045030af6304c96e8bbbc1a,2023/11/34200623/IDU07821126108129045030af6304c96e8bbbc1a,099329511212316381,Off of Sr VP Dev Econ/Chief Econ (DECVP),http://documents.worldbank.org/curated/en/099329511212316381/IDU07821126108129045030af6304c96e8bbbc1a,"Arroyo Marioli,Francisco","Khadan,Jeetendra","Forecasting Industrial Commodity Prices :
            Literature Review and a Model Suite",34200623,"Almost two-thirds of emerging market
            and developing economies rely heavily on resource sectors
            for economic activity, fiscal and export revenues. In these
            economies, economic planning requires sound baseline
            projections for the global prices of the commodities they
            rely on and a sense of the risks around such baseline
            projections. This paper presents a model suite to prepare
            well-founded forecasts for the global prices for oil and six
            industrial metals (aluminum, copper, lead, nickel, tin, and
            zinc). The model suite adapts six approaches used in the
            literature and tests their forecast performance. Broadly
            speaking, futures prices or bivariate correlations performed
            well at short horizons, and consensus forecasts and a
            large-scale macroeconometric model performed well at long
            horizons. The strength of Bayesian vector autoregression
            models lies in generating forecast scenarios. The sizable
            forecast error bands generated by the model suite highlight
            the need for policy makers to engage in careful contingency
            planning for higher or lower prices.","Ohnsorge,Franziska Lieselotte","Yamazaki,Takefumi",,,,,,
344,34200651,"Afghanistan,Tajikistan",Policy Research Working Paper,2023-11-21T00:00:00Z,Publications & Research,"Policy Research working paper ; no. WPS
            10612; RRR","Impacts of Extremist Ideologies
            on Refugees' Integration : Evidence from Afghan
            Refugees in Tajikistan",http://documents.worldbank.org/curated/en/099421311212327670/pdf/IDU143a459851cbec149f71bd74155d1653109ed.pdf,/research/2023/11/34200651/impacts-extremist-ideologies-refugees-integration-evidence-afghan-refugees-tajikistan,http://documents.worldbank.org/curated/en/099421311212327670/IDU143a459851cbec149f71bd74155d1653109ed,2023/11/34200651/IDU143a459851cbec149f71bd74155d1653109ed,099421311212327670,,http://documents.worldbank.org/curated/en/099421311212327670/IDU143a459851cbec149f71bd74155d1653109ed,"Bossavie,Laurent Loic Yves","Rozo Villarraga,Sandra Viviana","Impacts of Extremist Ideologies on
            Refugees' Integration : Evidence from Afghan Refugees
            in Tajikistan",34200651,"This paper examines the effect of
            exposure to extremist ideologies in the home country on the
            subsequent integration of refugees in host countries. For
            this purpose, it combines a rich census of Afghan refugees
            living in Tajikistan in 2023, following the Taliban’s
            takeover in Afghanistan, with uniquely scraped
            district-yearly data on the territories controlled by the
            Taliban, U.S. allies, and contested territories between the
            two factions between 2017 and 2021. The empirical strategy
            compares the integration outcomes of refugees who
            experienced varying exposure to extremism generated by the
            exogenous and sudden dramatic shift in Taliban’s territorial
            control in their province of birth between 2017 and 2021.
            Findings suggest that refugees who were born in provinces
            with increased Taliban territorial control between 2017 and
            2021, despite having comparable pre-migration
            characteristics to refugees born elsewhere in Afghanistan,
            are less integrated into their Tajik host communities than
            the other refugees. These refugees also show lower
            educational levels and more mental health problems.","Urbina Florez,Maria Jose",,,,,,,
345,34200675,"Africa,World",Policy Research Working Paper,2023-11-21T00:00:00Z,Publications & Research,"Policy Research working paper ; no. WPS
            10613; LSMS","Too Rare to Dare ? Leveraging
            Household Surveys to Boost Research on Climate Migration",http://documents.worldbank.org/curated/en/099549411212332513/pdf/IDU0e61b2bba09d5504c7d0a8060d09902c03f23.pdf,/research/2023/11/34200675/too-rare-dare-leveraging-household-surveys-boost-research-climate-migration,http://documents.worldbank.org/curated/en/099549411212332513/IDU0e61b2bba09d5504c7d0a8060d09902c03f23,2023/11/34200675/IDU0e61b2bba09d5504c7d0a8060d09902c03f23,099549411212332513,Off of Sr VP Dev Econ/Chief Econ (DECVP),http://documents.worldbank.org/curated/en/099549411212332513/IDU0e61b2bba09d5504c7d0a8060d09902c03f23,"Carletto,Calogero","Letta,Marco","Too Rare to Dare ? Leveraging Household
            Surveys to Boost Research on Climate Migration",34200675,"Reliable microeconomic data to
            understand the climate-migration nexus are virtually
            nonexistent. Nationally representative multitopic household
            surveys are rarely, if ever, explicitly designed for
            studying migration issues. Despite this limitation, most
            countries have no alternatives to the use of household
            surveys when it comes to analyzing complex multidimensional
            phenomena such as the interrelationship between climate
            change and migration. This paper offers a critical
            reflection on current challenges faced by multi-topic
            household surveys in responding to this need, but also, more
            importantly, on the many opportunities embedded in their
            use. Specifically, using the Living Standards Measurement
            Study as a case study, a conceptual framework, practical
            empirical guidance, and a methodological agenda are proposed
            to address data gaps and contribute to a more solid
            understanding of the climate-migration nexus.","Montalbano,Pierluigi","Paolantonio,Adriana","Zezza,Alberto",,,,,
346,34200726,"Egypt, Arab Republic of",Policy Research Working Paper,2023-11-21T00:00:00Z,Publications & Research,Policy Research working paper ; no. WPS 10614,"Reassessing the Impacts of
            Exports on Local Labor Market Outcomes : A Supply Chain
            Perspective — Evidence from the Arab Republic of Egypt",http://documents.worldbank.org/curated/en/099103111212320875/pdf/IDU19b33d9be10ecc14c271a20912466b8207626.pdf,/research/2023/11/34200726/reassessing-impacts-exports-local-labor-market-outcomes-supply-chain-perspective-—-evidence-arab-republic-egypt,http://documents.worldbank.org/curated/en/099103111212320875/IDU19b33d9be10ecc14c271a20912466b8207626,2023/11/34200726/IDU19b33d9be10ecc14c271a20912466b8207626,099103111212320875,Off of Sr VP Dev Econ/Chief Econ (DECVP),http://documents.worldbank.org/curated/en/099103111212320875/IDU19b33d9be10ecc14c271a20912466b8207626,"Tillan,Pablo Antonio","Kokas,Deeksha","Reassessing the Impacts of Exports on Local
            Labor Market Outcomes : A Supply Chain Perspective —
            Evidence from the Arab Republic of Egypt",34200726,"This paper examines the overall
            impact of exports while accounting for supply chain linkages
            on local labor market outcomes in the Arab Republic of Egypt
            between 2007 and 2018. The paper assesses the effects not
            only on directly exporting industries, but also on
            industries indirectly affected by rising export demand.
            Furthermore, it examines potential impacts on specific
            groups of workers, such as high-skilled individuals and
            female workers. The results show that trade does not lead to
            the same connection with domestic labor markets in Egypt as
            observed in other countries, as highlighted in the existing
            literature explaining the adverse effects of imports on
            developing countries. Despite being more open to trade,
            trade-intensive industries in Egypt have not experienced a
            significant increase in their share of employment within the
            overall workforce. To harness the benefits of trade, Egypt
            must undertake deeper reforms aimed at significantly
            expanding the export sector.","Bezerra De Goes,Carlos Andre","Lopez-Acevedo,Gladys C.",,,,,,
347,34201505,World,Policy Research Working Paper,2023-11-22T00:00:00Z,Publications & Research,"Policy Research working paper ; no. WPS
            10615; RRR","Building Public Support for
            Reducing Fossil Fuel Subsidies : Evidence across 12
            Middle-Income Countries",http://documents.worldbank.org/curated/en/099623511222327179/pdf/IDU15ee7729614e8314a85188a8112e5028d7d24.pdf,/research/2023/11/34201505/building-public-support-reducing-fossil-fuel-subsidies-evidence-across-12-middle-income-countries,http://documents.worldbank.org/curated/en/099623511222327179/IDU15ee7729614e8314a85188a8112e5028d7d24,2023/11/34201505/IDU15ee7729614e8314a85188a8112e5028d7d24,099623511222327179,Off of Sr VP Dev Econ/Chief Econ (DECVP),http://documents.worldbank.org/curated/en/099623511222327179/IDU15ee7729614e8314a85188a8112e5028d7d24,"Hoy,Christopher Alexander","Kim,Yeon Soo","Building Public Support for Reducing Fossil
            Fuel Subsidies : Evidence across 12 Middle-Income Countries",34201505,"This study examines which factors
            influence support for reducing fossil fuel subsidies and
            what types of information shift people’s views through
            surveying 37,000 respondents across 12 middle-income
            countries that provided over US$750 billion in explicit and
            implicit subsidies for fossil fuels in 2022. Respondents
            were randomly allocated to receive information about the
            relative cost of fossil fuel subsidies, how they are
            regressive, or worsen climate change and air pollution. They
            were then asked about their support for reforms with and
            without accompanying policies. These treatments,
            particularly about environmental damage, increased support
            for reforms in countries that primarily subsidize gasoline
            and among respondents who perceive themselves to be middle
            class. Around 30 percent of respondents supported reducing
            fossil fuel subsidies in isolation, but this share increased
            to over 95 percent if accompanying policies were
            implemented. These findings help inform governments about
            how to build public support for phasing out fossil fuel subsidies.","Nguyen,Minh Cong","Sosa,Mariano Ernesto","Tiwari,Sailesh",,,,,
348,34203039,"Africa,World",Policy Research Working Paper,2023-11-27T00:00:00Z,Publications & Research,Policy Research working paper ; no. WPS 10621,"An Anatomy of Urbanization in
            Sub-Saharan Africa",http://documents.worldbank.org/curated/en/099415311272320571/pdf/IDU0faef6c000aaba0485209f0e08928760d9a57.pdf,/research/2023/11/34203039/anatomy-urbanization-sub-saharan-africa,http://documents.worldbank.org/curated/en/099415311272320571/IDU0faef6c000aaba0485209f0e08928760d9a57,2023/11/34203039/IDU0faef6c000aaba0485209f0e08928760d9a57,099415311272320571,Off of Sr VP Dev Econ/Chief Econ (DECVP),http://documents.worldbank.org/curated/en/099415311272320571/IDU0faef6c000aaba0485209f0e08928760d9a57,"Combes,Pierre Philippe","Gorin,Clément",An Anatomy of Urbanization in Sub-Saharan Africa,34203039,"This paper provides a detailed
            descriptive analysis of patterns of urbanization across
            Sub-Saharan Africa for the year circa 2015. Despite the
            rapidity and importance of Sub-Saharan Africa’s
            urbanization, little is known about the anatomy of patterns
            of urbanization across the region due to a lack of detailed
            and accurate official data on urban settlements and
            populations. To address this gap, the paper applies a
            modified version of the “dartboard” algorithm to
            high-resolution gridded population data for the region,
            which is derived from digitized maps of the footprints of
            all buildings in the region from very high-resolution
            satellite imagery. This allows for a consistent definition
            of urban areas across all countries in the region,
            overcoming the measurement problems that arise from relying
            on official definitions of urban areas, which vary markedly
            across countries. Using this definition, the paper presents
            evidence on key empirical regularities that are related to
            disparities across the urban hierarchies, such as the extent
            of urban primacy and Zipf’s law, as well as on the internal
            structures of cities, such as population density gradients
            and the number of centers that cities possess. The paper
            also analyzes how these characteristics are related to key
            country characteristics. Finally, the paper compares the
            results with those that arise from the use of an alternative
            definition of urban areas—the degree of urbanization.","Nakamura,Shohei","Roberts,Mark","Stewart,Benjamin P.",,,,,
349,34203046,Afghanistan,Policy Research Working Paper,2023-11-27T00:00:00Z,Publications & Research,Policy Research working paper ; no. WPS 10616,"Updating Poverty in Afghanistan
            Using the SWIFT-Plus Methodology",http://documents.worldbank.org/curated/en/099439111272329963/pdf/IDU0ed4d6e61077f404936080040a13f92c09683.pdf,/research/2023/11/34203046/updating-poverty-afghanistan-using-swift-plus-methodology,http://documents.worldbank.org/curated/en/099439111272329963/IDU0ed4d6e61077f404936080040a13f92c09683,2023/11/34203046/IDU0ed4d6e61077f404936080040a13f92c09683,099439111272329963,Off of Sr VP Dev Econ/Chief Econ (DECVP),http://documents.worldbank.org/curated/en/099439111272329963/IDU0ed4d6e61077f404936080040a13f92c09683,"Barriga Cabanillas,Oscar Eduardo","Chawla,Parth","Updating Poverty in Afghanistan Using the
            SWIFT-Plus Methodology",34203046,"Close to half of the population of
            Afghanistan was living below the national poverty line prior
            to the regime change in August 2021, with no additional
            information on poverty collected in the country since the
            last official household survey in 2019/20. This paper fills
            this knowledge gap through survey-to-survey imputation using
            a SWIFT-plus methodology. The analysis trains a predictive
            model on data from the 2019/20 Expenditure and Labor Force
            survey and imputes poverty in the latest Afghanistan Welfare
            Monitoring Survey. The analysis accounts for seasonality in
            welfare patterns and implements several tests to assess the
            model’s predictive capacity. The results show that 48.3
            percent of the Afghan population was poor as of April–June
            2023, a relative decline of 4 percentage points compared to
            poverty levels observed over the same months in 2020. The
            reduction in poverty was concentrated among rural
            households, with a decline from 51 to 44 percent, while it
            stagnated in urban areas at around 58 percent. Although no
            poverty data exists since 2020, the evolution of
            self-reported welfare and food security makes it reasonable
            to conclude that poverty first increased during the
            immediate economic contraction following the regime change
            and has progressively declined since then.","Redaelli,Silvia","Yoshida,Nobuo",,,,,,
350,34203219,World,Policy Research Working Paper,2023-11-27T00:00:00Z,Publications & Research,Policy Research working paper ; no. WPS 10620,"Where Is Poverty Concentrated ?
            New Evidence Based on Internationally Consistent Urban and
            Poverty Measurements",http://documents.worldbank.org/curated/en/099823311272312886/pdf/IDU047ac48f0062ea04222098780cda70c42240d.pdf,/research/2023/11/34203219/poverty-concentrated-new-evidence-based-internationally-consistent-urban-poverty-measurements,http://documents.worldbank.org/curated/en/099823311272312886/IDU047ac48f0062ea04222098780cda70c42240d,2023/11/34203219/IDU047ac48f0062ea04222098780cda70c42240d,099823311272312886,Off of Sr VP Dev Econ/Chief Econ (DECVP),http://documents.worldbank.org/curated/en/099823311272312886/IDU047ac48f0062ea04222098780cda70c42240d,"Nakamura,Shohei","Combes,Pierre Philippe","Where Is Poverty Concentrated ? New Evidence
            Based on Internationally Consistent Urban and Poverty Measurements",34203219,"The lack of comparable urban
            definitions across countries has presented a significant
            challenge in effectively addressing poverty in both urban
            and rural areas. This study aims to tackle this issue by
            comparing subnational poverty statistics across countries,
            integrating internationally consistent definitions of urban
            areas into the World Bank’s official global poverty
            measurement framework. Focusing primarily on 16 Sub-Saharan
            African countries, the analysis reveals that poverty rates
            tend to be lower in densely populated urban areas. However,
            the findings also highlight that urban areas have a higher
            concentration of impoverished populations than previously
            estimated. These results underscore the importance of
            employing consistent urban definitions in cross-country
            poverty analysis and call for a reevaluation of
            geographically targeted policies to expedite poverty
            reduction efforts.","Moellerherm,Robin","Robert,Charlotte Genevieve Julka","Roberts,Mark","Stewart,Benjamin","Yakubenko,Slava",,,
351,34203226,World,Policy Research Working Paper,2023-11-27T00:00:00Z,Publications & Research,Policy Research working paper ; no. WPS 10617,"Is Natural Capital a Complement
            to Human Capital ? Evidence from 46 Countries",http://documents.worldbank.org/curated/en/099900511272319329/pdf/IDU02481177706e52040f109690065dd9c32e366.pdf,/research/2023/11/34203226/natural-capital-complement-human-capital-evidence-46-countries,http://documents.worldbank.org/curated/en/099900511272319329/IDU02481177706e52040f109690065dd9c32e366,2023/11/34203226/IDU02481177706e52040f109690065dd9c32e366,099900511272319329,Off of Sr VP Dev Econ/Chief Econ (DECVP),http://documents.worldbank.org/curated/en/099900511272319329/IDU02481177706e52040f109690065dd9c32e366,World Bank,,"Is Natural Capital a Complement to Human
            Capital ? Evidence from 46 Countries",34203226,"The environment has long been the
            foundation of human flourishing, but its continued
            degradation is threatening to reverse recent development
            gains, especially in human health. This paper analyzes the
            possible complementarity between natural and human capital
            by linking high-resolution deforestation data with health
            outcomes for 0.7 million children across 46 countries.
            Forest loss is often a consequence of economic activities
            that may confer market and other benefits. At the same time,
            it can adversely affect the provision of forest ecosystem
            services and reduce the associated socioeconomic and
            environmental benefits for rural communities. The net effect
            is thus ambiguous. The paper focuses on the hydrological
            services provided by forests and exploits quasi-random
            variation in deforestation upstream to assess the impacts on
            waterborne disease outcomes for rural households downstream.
            The results not only indicate increases in diarrheal disease
            incidence among children under 5 years old, but also offer
            new evidence of early-life exposure to deforestation on
            childhood stunting, a well-known indicator of later-life
            productivity. A case study for Peru shows similar results
            for diarrheal disease, but a weaker effect of forest loss on
            stunting. The paper concludes that maintaining natural
            capital has the potential to generate meaningful
            improvements in long-run human capital.",,,,,,,,
352,34203250,"Yemen,Republic of,Yemen, Republic of",Policy Research Working Paper,2023-11-27T00:00:00Z,Publications & Research,Policy Research working paper ; no. WPS 10618,"Changes in Household Dynamics in
            South Yemen",http://documents.worldbank.org/curated/en/099940211272332616/pdf/IDU00eb13b0d0956f040000b2b20db907ab2286e.pdf,/research/2023/11/34203250/changes-household-dynamics-south-yemen,http://documents.worldbank.org/curated/en/099940211272332616/IDU00eb13b0d0956f040000b2b20db907ab2286e,2023/11/34203250/IDU00eb13b0d0956f040000b2b20db907ab2286e,099940211272332616,,http://documents.worldbank.org/curated/en/099940211272332616/IDU00eb13b0d0956f040000b2b20db907ab2286e,"Ishak,Phoebe Saad Wasfy","Aghajanian,Alia Jane",Changes in Household Dynamics in South Yemen,34203250,"This paper contributes to an
            important agenda by studying how female participation in
            household decision making has been affected by the ongoing
            civil conflict in the Republic of Yemen in areas under the
            control of the Internationally Recognized Government. The
            preliminary results find an increase in women’s
            participation in decision making since the start of the
            conflict. Using a difference-in-difference approach that
            controls for individual and household characteristics, the
            analysis finds that this result is driven by households
            living in districts with medium intensity conflict as
            compared to low intensity conflict. This result holds up to
            a series of robustness checks and is explained by changes in
            household composition, whereby men are more likely to leave
            the household in conflict affected districts, leaving women
            in charge of household decisions.","Ghorpade,Yashodhan",,,,,,,
353,34204435,World,Policy Research Working Paper,2023-11-29T00:00:00Z,Publications & Research,Policy Research working paper ; no. WPS 10619,"Counting People Exposed to,
            Vulnerable to, or at High Risk From Climate Shocks — A Methodology",http://documents.worldbank.org/curated/en/099602511292336760/pdf/IDU07639ca570f3cb048db09bf60fc2cc82df22d.pdf,/research/2023/11/34204435/counting-people-exposed-vulnerable-or-high-risk-climate-shocks-—-methodology,http://documents.worldbank.org/curated/en/099602511292336760/IDU07639ca570f3cb048db09bf60fc2cc82df22d,2023/11/34204435/IDU07639ca570f3cb048db09bf60fc2cc82df22d,099602511292336760,Off of Sr VP Dev Econ/Chief Econ (DECVP),http://documents.worldbank.org/curated/en/099602511292336760/IDU07639ca570f3cb048db09bf60fc2cc82df22d,"Doan,Miki Khanh","Hill,Ruth","Counting People Exposed to, Vulnerable to,
            or at High Risk From Climate Shocks — A Methodology",34204435,"Based on global datasets, 4.5 billion
            people were exposed to extreme weather events (flood,
            drought, cyclone, or heatwave) in 2019, an increase from 4
            billion in 2010. Among exposed people in 2019, 2.3 billion
            people lived with less than $6.85 per day and about 400
            million lived in extreme poverty (on less than $2.15 per
            day). This paper presents a methodology to estimate the
            number of people who are at high risk from extreme weather
            events, defined as the people who are exposed to these
            events and highly vulnerable to them. Vulnerability is
            proxied by a set of indicators measuring (1) the physical
            propensity to experience severe losses (proxied by the lack
            of access to basic infrastructure services, here water and
            electricity) and (2) the inability to cope with and recover
            from losses (proxied by low income, not having education,
            not having access to financial services and not having
            access to social protection). Estimates from 75 countries
            for which data on all indicators are available suggest that,
            in 2019, 42 percent of the total population (and 70 percent
            of people exposed) are at high risk from extreme weather
            shocks, if one indicator is enough to be considered as
            highly vulnerable. If high vulnerability is defined based on
            being vulnerable on two dimensions or more, then 12 percent
            of the total population (and 20 percent of people exposed)
            are at high risk from extreme weather shocks. The trend
            between 2010 and 2019 can be explored in a subset of
            countries covering 60 percent of the world population. In
            these countries, even though the population exposed to
            extreme weather events has been increasing, the number of
            people at high risk has declined. The exception is
            Sub-Saharan Africa where the number of people at high risk
            has increased between 2010 and 2019.","Hallegatte,Stephane","Corral Rodas,Paul Andres","Brunckhorst,Ben James","Nguyen,Minh","Freije-Rodriguez,Samuel","Naikal,Esther G.",,
354,34205862,World,Policy Research Working Paper,2023-12-01T00:00:00Z,Publications & Research,Policy Research working paper ; no. WPS 10622,Are the Poorest Catching Up ?,http://documents.worldbank.org/curated/en/099257212012320427/pdf/IDU04b6e9b6e0a87504b5d09a0b0012bb203154e.pdf,/research/2023/12/34205862/poorest-catching-up,http://documents.worldbank.org/curated/en/099257212012320427/IDU04b6e9b6e0a87504b5d09a0b0012bb203154e,2023/12/34205862/IDU04b6e9b6e0a87504b5d09a0b0012bb203154e,099257212012320427,,http://documents.worldbank.org/curated/en/099257212012320427/IDU04b6e9b6e0a87504b5d09a0b0012bb203154e,"Cust,James Frederick","Collier,Paul",Are the Poorest Catching Up ?,34205862,"Are global incomes converging or
            diverging Despite recent empirical evidence supporting the
            hypothesis of unconditional beta convergence, this paper
            argues that such findings overlook the stark reality facing
            the world’s poorest people. Many lower income countries,
            including those among the so-called “Bottom Billion,”
            continue to slip further behind the rest of the world, while
            the numbers of those living in extreme poverty are beginning
            to rise again after decades of decline. The paper explores
            how these contradictions can coexist and discusses the
            policy importance of looking beyond global average trends.
            The paper identifies three confusions that can arise when
            analyzing trends in income convergence. First, a focus on
            unconditional convergence can overlook important policy
            questions, such as whether countries are likely to eradicate
            extreme poverty or to catch up with the rest of the world.
            Tests for convergence may yield only partial answers,
            especially in light of recent findings that show that
            unconditional beta convergence can coexist with a
            significant group of countries slipping ever further behind
            the rest of the world. Meanwhile extreme poverty numbers are
            increasing rather than decreasing. Second, average trends
            can both obscure and be distorted by underlying differences
            in country composition. In the extreme case, while
            fast-growing China was below global mean incomes between
            2000 and 2020, it significantly boosted empirical support
            for global convergence. Now that China has passed this
            threshold, the finding will likely reverse in the coming
            years as more data is available. Third, different levels of
            availability of time periods and country coverage can
            distort and even bias empirical findings, especially where
            limitations to data availability is correlated with lower
            income or diverging economies.","Rivera-Ballesteros, lexis",,,,,,,
355,34206486,World,Policy Research Working Paper,2023-12-01T00:00:00Z,Publications & Research,Policy Research working paper ; no. WPS 10623,"Energy Price Shocks and Current
            Account Balances : Evidence from Emerging Market and
            Developing Economies",http://documents.worldbank.org/curated/en/099529112012323945/pdf/IDU0b00bb5920b38c041f0093b80460779a24451.pdf,/research/2023/12/34206486/energy-price-shocks-current-account-balances-evidence-emerging-market-developing-economies,http://documents.worldbank.org/curated/en/099529112012323945/IDU0b00bb5920b38c041f0093b80460779a24451,2023/12/34206486/IDU0b00bb5920b38c041f0093b80460779a24451,099529112012323945,Off of Sr VP Dev Econ/Chief Econ (DECVP),http://documents.worldbank.org/curated/en/099529112012323945/IDU0b00bb5920b38c041f0093b80460779a24451,"Lebrand,Mathilde Sylvie Maria","Vasishtha,Garima","Energy Price Shocks and Current Account
            Balances : Evidence from Emerging Market and Developing Economies",34206486,"This paper investigates the effects
            of real energy price shocks on the current account balances
            of 45 emerging market and developing economies using
            country-specific structural vector autoregression models.
            The empirical results suggest that a 1 percent increase in
            real oil prices results in up to 0.11 percentage point
            cumulative improvement in the current account balances of
            oil exporters after five years, while a similar shock to
            real natural gas prices results in up to 0.06 percentage
            point improvement in the current account balances of natural
            gas exporters after five years. Real coal price shocks
            result in higher current account balances of oil exporters
            and natural gas exporters, suggesting substitution of coal
            with oil and natural gas in such cases. When the
            contributions of alternative real energy prices to the
            variance of current account balances are compared, oil price
            shocks dominate those of natural gas and coal prices. On the
            source of oil price shocks, the results support the view
            that the effects of oil demand shocks on current account
            balances are different from those of oil supply shocks. The
            results are robust to alternative specifications and
            identification schemes.","Yilmazkuday,Hakan",,,,,,,
356,34208238,Central Africa,Policy Research Working Paper,2023-12-04T00:00:00Z,Publications & Research,"Policy Research working paper ; no. WPS
            10624; RRR","Stuck in a Conflict Trap : The
            Case of the Central African Republic Civil War",http://documents.worldbank.org/curated/en/099817212042333118/pdf/IDU18d62e24d1a9ef14f1d19ea61a9ee9a4e9b72.pdf,/research/2023/12/34208238/stuck-conflict-trap-case-central-african-republic-civil-war,http://documents.worldbank.org/curated/en/099817212042333118/IDU18d62e24d1a9ef14f1d19ea61a9ee9a4e9b72,2023/12/34208238/IDU18d62e24d1a9ef14f1d19ea61a9ee9a4e9b72,099817212042333118,Off of Sr VP Dev Econ/Chief Econ (DECVP),http://documents.worldbank.org/curated/en/099817212042333118/IDU18d62e24d1a9ef14f1d19ea61a9ee9a4e9b72,"Mandon,Pierre Jean-Claude","Nossek,Vincent Remi","Stuck in a Conflict Trap : The Case of the
            Central African Republic Civil War",34208238,"This paper uses the synthetic control
            method to assess the impact of the civil war in the Central
            African Republic on the main socioeconomic indicators. Based
            on a donor pool of low-income countries, the paper builds a
            synthetic counterfactual to evaluate the magnitude of the
            socioeconomic impacts of the civil war. The results indicate
            that the civil war led to a significant drop in gross
            domestic product per capita (41.6 percent), nighttime light
            intensity (33.8 percent), industrial production (34.1
            percent), manufacturing value added (33.7 percent), and the
            human asset index (20.2 percent), from 2013, which is
            considered as the starting point of the ongoing political
            and civil crisis.","Sandjong Tomi,Diderot Guy D Estaing",,,,,,,
357,34208252,World,Policy Research Working Paper,2023-12-04T00:00:00Z,Publications & Research,"Policy Research working paper ; no. WPS
            10625; Impact Evaluation series","Asking Better Questions : The
            Effect of Changing Investment Organizations’ Evaluation
            Practices on Gender Disparities in Funding Innovation",http://documents.worldbank.org/curated/en/099928412042326894/pdf/IDU0ab42caf50f6a8048af0b22203c59c8887bef.pdf,/research/2023/12/34208252/asking-better-questions-effect-changing-investment-organizations’-evaluation-practices-gender-disparities-funding-innovation,http://documents.worldbank.org/curated/en/099928412042326894/IDU0ab42caf50f6a8048af0b22203c59c8887bef,2023/12/34208252/IDU0ab42caf50f6a8048af0b22203c59c8887bef,099928412042326894,Off of Sr VP Dev Econ/Chief Econ (DECVP),http://documents.worldbank.org/curated/en/099928412042326894/IDU0ab42caf50f6a8048af0b22203c59c8887bef,"Miller,Amisha","Lall,Saurabh A.","Asking Better Questions : The Effect of
            Changing Investment Organizations’ Evaluation Practices on
            Gender Disparities in Funding Innovation",34208252,"Female innovators raise fewer
            resources from investors, even when their ventures are
            similar to those of all-male teams. Efforts to mitigate the
            disparities have typically focused on changing how founders
            seek investment. However, the causes of gender disparities
            are systemic: in uncertain contexts, evaluators value
            women’s competence or leadership potential lower than men’s,
            and investors inquire more about risks when facing female
            founders than males. What is the effect of investment
            organizations’ evaluation practices on gender disparities in
            funding innovation This paper examines a two-stage global
            field experiment with investors making 1,871 investment
            decisions on early-stage startups, which resulted in
            $320,000 invested in 16 startups. The experiment changed an
            organization’s evaluation framework to systematize investor
            inquiry across all ventures by including prompts about (1)
            risk and reward and (2) progress during the evaluation
            period. This caused treated investors to (1) assess startups
            more consistently and (2) assess startup competence more
            dynamically than control investors. It eliminated, even
            reversed, the gender gap in investment outcomes. These
            results have implications for organizations making decisions
            in uncertain contexts, and those aiming to reduce gender disparities.","Goldstein,Markus P.","Montalvao Machado,Joao H. C.",,,,,,
358,34208542,"World,United States",Policy Research Working Paper,2023-12-05T00:00:00Z,Publications & Research,"Policy Research working paper ; no. WPS
            10626; RRR","Migration, families, and
            counterfactual families",http://documents.worldbank.org/curated/en/099330212052366138/pdf/IDU0724d761b0c05d040a20b8f40261a46f47247.pdf,/research/2023/12/34208542/migration-families-counterfactual-families,http://documents.worldbank.org/curated/en/099330212052366138/IDU0724d761b0c05d040a20b8f40261a46f47247,2023/12/34208542/IDU0724d761b0c05d040a20b8f40261a46f47247,099330212052366138,Off of Sr VP Dev Econ/Chief Econ (DECVP),http://documents.worldbank.org/curated/en/099330212052366138/IDU0724d761b0c05d040a20b8f40261a46f47247,"Bertoli,Simone","Mckenzie,David J.","Migration, families, and counterfactual families",34208542,"Migration changes how families form
            and dissolve, and how one should conceptualize the family.
            This has implications for thinking about how the migration
            decision is modelled when individuals are unable to picture
            the counterfactual families they may have. Differences in
            marital status can induce two otherwise identical
            individuals to make different migration decisions. It also
            has implications for attempts to causally estimate impacts
            of migration, when the family composition changes with the
            migration decision itself. This paper shows empirically that
            changing marital status after migration is widespread, and
            that the traditional model of a fixed family sending off a
            migrant who remains part of that same family only describes
            a minority of migrants moving from developing countries to
            the U.S. The authors draw out lessons from thinking about
            counterfactual families for empirical research and for
            migration policy.","Murard,Elie",,,,,,,
359,34208588,Madagascar,Policy Research Working Paper,2023-12-05T00:00:00Z,Publications & Research,Policy Research working paper ; no. WPS 10627,"Malnourished but Not Destitute :
            The Spatial Interplay between Nutrition and Poverty in Madagascar",http://documents.worldbank.org/curated/en/099418112052343853/pdf/IDU0b5db13f709205047ad084e00af5c9c27ff24.pdf,/research/2023/12/34208588/malnourished-not-destitute-spatial-interplay-between-nutrition-poverty-madagascar,http://documents.worldbank.org/curated/en/099418112052343853/IDU0b5db13f709205047ad084e00af5c9c27ff24,2023/12/34208588/IDU0b5db13f709205047ad084e00af5c9c27ff24,099418112052343853,Off of Sr VP Dev Econ/Chief Econ (DECVP),http://documents.worldbank.org/curated/en/099418112052343853/IDU0b5db13f709205047ad084e00af5c9c27ff24,"Matekenya,Dunstan","Mulangu,Francis Muamba","Malnourished but Not Destitute : The Spatial
            Interplay between Nutrition and Poverty in Madagascar",34208588,"Hidden hunger, or micronutrient
            deficiencies, is a serious public health issue affecting
            approximately 2 billion people worldwide. Identifying areas
            with high prevalence of hidden hunger is crucial for
            targeted interventions and effective resource allocation.
            However, conventional methods such as nutritional
            assessments and dietary surveys are expensive and
            time-consuming, rendering them unsustainable for developing
            countries. This study proposes an alternative approach to
            estimating the prevalence of hidden hunger at the commune
            level in Madagascar by combining data from the household
            budget survey and the Demographic and Health Survey. The
            study employs small area estimation techniques to borrow
            strength from the recent census and produce precise and
            accurate estimates at the lowest administrative level. The
            findings reveal that 17.9 percent of stunted children reside
            in non-poor households, highlighting the ineffectiveness of
            using poverty levels as a targeting tool for identifying
            stunted children. The findings also show that 21.3 percent
            of non-stunted children live in impoverished households,
            reinforcing Sen's argument that malnutrition is not
            solely a product of destitution. These findings emphasize
            the need for tailored food security interventions designed
            for specific geographical areas with clustered needs rather
            than employing uniform nutrition policies. The study
            concludes by outlining policies that are appropriate for
            addressing various categories of hidden hunger.","Newhouse,David Locke",,,,,,,
360,34208602,World,Policy Research Working Paper,2023-12-05T00:00:00Z,Publications & Research,"Policy Research working paper ; no. WPS
            10628; Impact Evaluation series","Is There Still A Role for Direct
            Government Support to Firms in Developing Countries?",http://documents.worldbank.org/curated/en/099601212052338958/pdf/IDU0b34e6a2d01a52049ec09e66091587f19bc5e.pdf,/research/2023/12/34208602/still-role-direct-government-support-firms-developing-countries,http://documents.worldbank.org/curated/en/099601212052338958/IDU0b34e6a2d01a52049ec09e66091587f19bc5e,2023/12/34208602/IDU0b34e6a2d01a52049ec09e66091587f19bc5e,099601212052338958,Off of Sr VP Dev Econ/Chief Econ (DECVP),http://documents.worldbank.org/curated/en/099601212052338958/IDU0b34e6a2d01a52049ec09e66091587f19bc5e,"Mckenzie,David J.",,"Is There Still A Role for Direct Government
            Support to Firms in Developing Countries?",34208602,"Should governments in developing
            countries directly support firms with policies such as
            grants, subsidized loans, and training and consulting
            programs, or should they instead just aim to enact sensible
            regulatory and macroeconomic policies and not attempt to
            engage in industrial policy While industrial policy has
            gained renewed attention in developed economies, it faces
            considerable skepticism in developing countries scarred by
            previous experiences and facing limited fiscal space. This
            paper discusses the rationale for government involvement,
            and then lessons from a recent research agenda in
            development economics on how to target these programs, on
            whether they induce firms to undertake additional
            activities, on avoiding political capture, and on how these
            interact with competition. This work shows that these
            policies can deliver some of their promised benefits, but
            that there is still much to learn and the need for
            systematic and serious attempts at prospective impact
            evaluation as new policies are launched.",,,,,,,,
361,34209286,Malaysia,Policy Research Working Paper,2023-12-06T00:00:00Z,Publications & Research,Policy Research working paper ; no. WPS 10629,"Social Insurance for Gig Workers
            : Insights from a Discrete Choice Experiment in Malaysia",http://documents.worldbank.org/curated/en/099319112062324832/pdf/IDU0d8d7bece0c4c4042b50aef90f750da3e988a.pdf,/research/2023/12/34209286/social-insurance-gig-workers-insights-discrete-choice-experiment-malaysia,http://documents.worldbank.org/curated/en/099319112062324832/IDU0d8d7bece0c4c4042b50aef90f750da3e988a,2023/12/34209286/IDU0d8d7bece0c4c4042b50aef90f750da3e988a,099319112062324832,,http://documents.worldbank.org/curated/en/099319112062324832/IDU0d8d7bece0c4c4042b50aef90f750da3e988a,"Ghorpade,Yashodhan","Abdur Rahman,Amanina Binti","Social Insurance for Gig Workers : Insights
            from a Discrete Choice Experiment in Malaysia",34209286,"The rise of “gig” or digital platform
            work globally has led to both enthusiasm for its potential
            to create lucrative employment for large numbers of people,
            as well as concern about its implications for worker
            protection that is often provided in more standard
            employment. While gig work platforms may not be akin to
            employers in standard work relationships, arrangements that
            do not obligate them to provide worker protection and social
            insurance contributions may leave several platform workers
            unprotected against a range of risks. Is the observed lack
            of protection among digital platform workers explained by an
            unwillingness on part of the workers themselves to make
            necessary contributions for social insurance coverage This
            paper analyzes this question in the context of Malaysia, a
            rapidly growing upper-middle-income East Asian economy that
            has witnessed a rise in gig work in recent years. The paper
            deploys a novel vignette-based experiment to ascertain gig
            workers’ willingness to pay for social insurance coverage.
            The analysis finds overall a large unmet need for social
            insurance among gig workers, as well as a high level of
            willingness to pay for (especially) unemployment insurance,
            retirement savings, and accidental and injury insurance.
            This implies that the policy challenge is to channel such
            willingness into regular contributions for social insurance
            coverage through relevant and flexible options for
            contributions. More than subsidies, this segment of the
            workforce could perhaps benefit from better tailored, more
            flexible, and more easily accessible instruments for social
            insurance. The analysis also finds evidence of substitution
            between distinct insurance instruments. For instance, those
            who have access to retirement savings appear to be less
            willing to pay for unemployment insurance, and those with
            private medical insurance are less likely to contribute to
            the state-run injury insurance scheme. This underlines the
            need to approach risk insurance for digital platform workers
            more holistically and to consider a wider range of insurance
            instruments, including those offered by the private sector.","Binti Jasmin,Alyssa Farha",,,,,,,
362,34209351,Malaysia,Policy Research Working Paper,2023-12-06T00:00:00Z,Publications & Research,"Policy Research working paper ; no. WPS
            10630; COVID-19 (Coronavirus)","The Valuation of Flexible Work
            Arrangements : Insights from a Discrete Choice Experiment in Malaysia",http://documents.worldbank.org/curated/en/099350012062332245/pdf/IDU00f1c30090e32d04ed70b4240311d373d8c89.pdf,/research/2023/12/34209351/valuation-flexible-work-arrangements-insights-discrete-choice-experiment-malaysia,http://documents.worldbank.org/curated/en/099350012062332245/IDU00f1c30090e32d04ed70b4240311d373d8c89,2023/12/34209351/IDU00f1c30090e32d04ed70b4240311d373d8c89,099350012062332245,Off of Sr VP Dev Econ/Chief Econ (DECVP),http://documents.worldbank.org/curated/en/099350012062332245/IDU00f1c30090e32d04ed70b4240311d373d8c89,"Ghorpade,Yashodhan","Binti Jasmin,Alyssa Farha","The Valuation of Flexible Work Arrangements
            : Insights from a Discrete Choice Experiment in Malaysia",34209351,"The changing nature of work,
            accelerated by the experience of the COVID-19 pandemic, has
            resulted in several fundamental shifts in the terms and
            conditions of work. Along with the clear trend of increased
            nonstandard employment, including through the gig economy
            and platform work, this poses critical questions for
            policies and practices of the organization of work
            arrangements, and about who may bear the costs of emerging
            arrangements. This paper explores whether workers in
            freelancing and standard work arrangements in Malaysia view
            a trade-off between flexibility and income and are willing
            to forgo a share of earnings for greater flexibility. The
            paper deploys a novel discrete choice experiment in which
            respondents are asked to choose their preferred job from two
            hypothetical job descriptions with randomly assigned
            attributes, namely, flexibility and associated earnings. The
            findings show substantial but not overwhelming preference
            for greater flexibility, especially among freelancers, and a
            clear trade-off between measures of flexibility and income.
            The findings also show considerable variation in the
            preference for flexibility, much of which is not explained
            by worker demographics and other observable characteristics
            but is consistent with other measures of the importance
            attached to flexibility and earning income. The analysis
            outlines pathways through which offering even a modicum of
            flexibility can enhance workers’ utility without necessarily
            increasing costs for employers, provides evidence of
            considerable preference heterogeneity, and warns against
            imposing uniform approaches to (in)flexible work arrangements.","Abdur Rahman,Amanina Binti",,,,,,,
363,34209391,"Africa,World",Policy Research Working Paper,2023-12-06T00:00:00Z,Publications & Research,Policy Research working paper ; no. WPS 10631,"Data Gaps in Microdata in the
            Context of Forced Displacement",http://documents.worldbank.org/curated/en/099556112062334277/pdf/IDU0161b812905efa046ca09d4909a91003ae709.pdf,/research/2023/12/34209391/data-gaps-microdata-context-forced-displacement,http://documents.worldbank.org/curated/en/099556112062334277/IDU0161b812905efa046ca09d4909a91003ae709,2023/12/34209391/IDU0161b812905efa046ca09d4909a91003ae709,099556112062334277,Off of Sr VP Dev Econ/Chief Econ (DECVP),http://documents.worldbank.org/curated/en/099556112062334277/IDU0161b812905efa046ca09d4909a91003ae709,"Masaki,Takaaki","Madson,B.","Data Gaps in Microdata in the Context of
            Forced Displacement",34209391,"This paper aims to understand the
            existing gaps in micro-level data on forcibly displaced
            people—refugees and internally displaced persons. The paper
            undertakes a comprehensive review of all existing
            micro-level data sets in the United Nations High
            Commissioner for Refugees Microdata Library and the World
            Bank Microdata Library. It first identifies a corpus of
            micro-level data sets that are designed to have a
            representative sample of refugees and/or internally
            displaced persons and assesses gaps in geographical and
            thematic coverage. The paper then evaluates whether the data
            sets contain a core set of questions that are essential for
            the proper identification of refugees and internally
            displaced persons. The findings show that microdata on
            forcibly displaced people are comparatively rich in
            Sub-Saharan Africa in contrast to other regions. However,
            data scarcity is notably pronounced in countries facing
            fragility and conflict. Scarcity is also evident among
            internally displaced persons and on topics such as labor and
            employment, finance (for instance, credit, debt, and
            banking), agriculture/livestock/fishery, and education. The
            paper also highlights that many of the existing micro-level
            data sets on forcibly displaced people do not contain the
            core set of questions needed for proper identification of
            refugees or internally displaced persons according to
            international statistical standards.",,,,,,,,
364,34210169,Africa,Policy Research Working Paper,2023-12-07T00:00:00Z,Publications & Research,"Policy Research working paper ; no. WPS
            10632; COVID-19 (Coronavirus)","Banking in Africa : Opportunities
            and Challenges in Volatile Times",http://documents.worldbank.org/curated/en/099021012072314723/pdf/IDU02ba078c809b2404f9d09f800ec70c22d6e0e.pdf,/research/2023/12/34210169/banking-africa-opportunities-challenges-volatile-times,http://documents.worldbank.org/curated/en/099021012072314723/IDU02ba078c809b2404f9d09f800ec70c22d6e0e,2023/12/34210169/IDU02ba078c809b2404f9d09f800ec70c22d6e0e,099021012072314723,,http://documents.worldbank.org/curated/en/099021012072314723/IDU02ba078c809b2404f9d09f800ec70c22d6e0e,"Beck,Thorsten","Cull,Robert J.","Banking in Africa : Opportunities and
            Challenges in Volatile Times",34210169,"This paper surveys existing
            literature and data to take stock of the current state of
            banking systems across Sub-Saharan Africa. It documents
            different dimensions of the development of the banking
            systems in the region and compares Africa’s banking systems
            to those of comparable low- and lower-middle-income
            countries outside the region. The paper also discusses the
            progress in policies and institutions underpinning financial
            deepening and the results of specific innovations to reach
            traditionally unbanked segments of the population, such as
            innovative branch expansion programs, mobile banking, and
            new financial products. In view of the COVID-19 pandemic,
            the paper discusses government support for financial systems
            and banking sector performance during crises. Overall, the
            survey shows a picture of achievements and challenges, with
            progress along some fronts but other challenges persisting
            even as new ones arise, including the turning of the global
            financial cycle in 2022/23 and increasing geopolitical tensions.","Mare,Davide Salvatore","Valenzuela,Patricio",,,,,,
365,34210179,Africa,Policy Research Working Paper,2023-12-07T00:00:00Z,Publications & Research,"Policy Research working paper ; no. WPS
            10633; RRR","Disruptive Technologies and
            Finance : An Analysis of Digital Startups in Africa",http://documents.worldbank.org/curated/en/099045212072337941/pdf/IDU16a36e64313a2a14fea18e4e1a6b8ac38a381.pdf,/research/2023/12/34210179/disruptive-technologies-finance-analysis-digital-startups-africa,http://documents.worldbank.org/curated/en/099045212072337941/IDU16a36e64313a2a14fea18e4e1a6b8ac38a381,2023/12/34210179/IDU16a36e64313a2a14fea18e4e1a6b8ac38a381,099045212072337941,Off of Sr VP Dev Econ/Chief Econ (DECVP),http://documents.worldbank.org/curated/en/099045212072337941/IDU16a36e64313a2a14fea18e4e1a6b8ac38a381,"Vargas Da Cruz,Marcio Jose","Pereira Lopez,Mariana De La Paz","Disruptive Technologies and Finance : An
            Analysis of Digital Startups in Africa",34210179,"This paper investigates the
            relationship between disruptive technologies and access to
            finance for digital tech firms in Africa. Through textual
            analysis of data from Crunchbase and Pitchbook, the study
            explores how firms across different age cohorts incorporate
            disruptive technologies into their offerings in e-commerce,
            fintech, and information technology services. The findings
            reveal three key insights for African digital tech startups.
            First, African startups are less likely to incorporate
            disruptive technologies into their offerings compared to
            other regions, except for mobile payments. Second,
            incorporating these technologies is associated with more
            funding, but this link is weaker in Africa than in other
            regions. These results hold when excluding mobile payments
            and addressing potential endogeneity using instrumental
            variables. Third, firms that do incorporate disruptive
            technologies tend to secure funding earlier, with lower
            initial amounts, but are more likely to succeed in terms of
            exit or valuation growth than their peers.","Salgado Chavez,Edgar",,,,,,,
366,34212577,"World,European Union,United Kingdom",Policy Research Working Paper,2023-12-11T00:00:00Z,Publications & Research,Policy Research working paper ; no. WPS 10634,"Quantifying Economic Impacts of
            Trade Agreements with Heterogeneous Trade Elasticities",http://documents.worldbank.org/curated/en/099658012112333292/pdf/IDU0332bdf3d0f531043830b9a20e812ebd9cdd1.pdf,/research/2023/12/34212577/quantifying-economic-impacts-trade-agreements-heterogeneous-trade-elasticities,http://documents.worldbank.org/curated/en/099658012112333292/IDU0332bdf3d0f531043830b9a20e812ebd9cdd1,2023/12/34212577/IDU0332bdf3d0f531043830b9a20e812ebd9cdd1,099658012112333292,,http://documents.worldbank.org/curated/en/099658012112333292/IDU0332bdf3d0f531043830b9a20e812ebd9cdd1,"Kee,Hiau Looi","Nicita,Alessandro","Quantifying Economic Impacts of Trade
            Agreements with Heterogeneous Trade Elasticities",34212577,"Bilateral trade relationships between
            countries vary across products. Such heterogeneity poses
            challenges when assessing the economic impacts of trade
            agreements. This paper estimates bilateral trade
            elasticities at the product level and explores these impacts
            using a hypothetical no-deal Brexit as an example. The
            findings indicate that the European Union’s demand for the
            United Kingdom’s products is often less elastic compared to
            products from other trading partners. The findings also show
            substantial heterogeneity in the elasticities across
            products and a negative correlation between these
            elasticities and tariffs. These factors mitigate the extent
            of trade welfare losses compared to a scenario using
            homogeneous elasticities.",,,,,,,,
367,34212650,World,Policy Research Working Paper,2023-12-11T00:00:00Z,Publications & Research,Policy Research working paper ; no. WPS 10635,"Linking Trade to Jobs, Incomes,
            and Activities : New Stylized Facts for Low- and
            Middle-Income Countries",http://documents.worldbank.org/curated/en/099813412112341111/pdf/IDU09e34c9d205fd6043190a05b0f0e02335a74b.pdf,/research/2023/12/34212650/linking-trade-jobs-incomes-activities-new-stylized-facts-low--middle-income-countries,http://documents.worldbank.org/curated/en/099813412112341111/IDU09e34c9d205fd6043190a05b0f0e02335a74b,2023/12/34212650/IDU09e34c9d205fd6043190a05b0f0e02335a74b,099813412112341111,Off of Sr VP Dev Econ/Chief Econ (DECVP),http://documents.worldbank.org/curated/en/099813412112341111/IDU09e34c9d205fd6043190a05b0f0e02335a74b,"Winkler,Deborah Elisabeth","Kruse,Hagen","Linking Trade to Jobs, Incomes, and
            Activities : New Stylized Facts for Low- and Middle-Income Countries",34212650,"Trade expansion can create more and
            better jobs. This paper revisits the linkages between trade
            and jobs, focusing on employment, labor incomes, and job
            activities across a large sample of countries and sectors
            over 1995 to 2018. Instrumental variables regressions and
            new input-output measures of jobs and activities in exports
            highlight several patterns: Exports and especially imports
            of intermediate inputs are associated with more jobs and
            higher incomes, while final imports show weaker
            correlations. Manufacturing has the biggest potential for
            job and income creation both directly and indirectly in
            supplying sectors. As countries move from specialization in
            commodities to limited manufacturing to advanced
            manufacturing and services global value chains,
            export-employment and export-income elasticities increase.
            Global value chain–intensive developing countries tend to
            have larger shares of production activities in exports
            compared to resource-intensive countries. As countries get
            richer, nonproduction activities in exports, such as
            support, engineering, and managerial services, become
            increasingly important. Finally, the paper explores the role
            of policy for the export job share across countries.","Aguilar Luna,Luis Alejandro","Maliszewska,Maryla",,,,,,
368,34212676,World,Policy Research Working Paper,2023-12-11T00:00:00Z,Publications & Research,Policy Research working paper ; no. WPS 10636,"Productive Longevity : What Can
            Work in Low- and Middle-Income Countries?",http://documents.worldbank.org/curated/en/099830412112315829/pdf/IDU05b2d75e70863c04d490a5f50fbb7cafcd7f3.pdf,/research/2023/12/34212676/productive-longevity-can-work-low--middle-income-countries,http://documents.worldbank.org/curated/en/099830412112315829/IDU05b2d75e70863c04d490a5f50fbb7cafcd7f3,2023/12/34212676/IDU05b2d75e70863c04d490a5f50fbb7cafcd7f3,099830412112315829,Off of Sr VP Dev Econ/Chief Econ (DECVP),http://documents.worldbank.org/curated/en/099830412112315829/IDU05b2d75e70863c04d490a5f50fbb7cafcd7f3,"Johansson De Silva,Sara","Santos,Indhira Vanessa","Productive Longevity : What Can Work in Low-
            and Middle-Income Countries?",34212676,"The world’s population is aging at
            dramatic speed. By 2050, most of the world’s seniors (aged
            65+) will be living in what are currently low- and
            middle-income countries. Aging will require low- and
            middle-income countries to develop comprehensive policy
            solutions to sustain welfare levels and ensure that welfare
            is equitably distributed across generations and
            socioeconomic groups. Given higher informality and lower
            human capital levels in low- and middle-income countries
            than more advanced economies, the balance and composition of
            the policy package in these contexts may differ, but there
            will be a common need for labor market policies to increase
            “productive longevity”—that is, to foster higher labor force
            participation and productivity among mature workers. This
            paper presents a framework identifying market,
            institutional, and behavioral failures that create
            constraints to productive longevity, and policies that may
            overcome these constraints. Drawing, to the extent possible,
            on the experience of low- and middle-income countries, the
            paper reviews evidence on supply-side and demand-side
            interventions to improve incentives, remove barriers to
            work, and invest in skills, as well as policies to improve
            matching of mature workers in labor markets. The paper ends
            with a discussion of meta-lessons for low- and middle-income countries.",,,,,,,,
369,34212706,World,Policy Research Working Paper,2023-12-11T00:00:00Z,Publications & Research,Policy Research working paper ; no. WPS 10637,"Leveraging Trade for More and
            Better Job Opportunities in Developing Countries : A
            Framework for Policy",http://documents.worldbank.org/curated/en/099856012112325245/pdf/IDU08431b4fc03f3404f03098a900587df4e1a40.pdf,/research/2023/12/34212706/leveraging-trade-more-better-job-opportunities-developing-countries-framework-policy,http://documents.worldbank.org/curated/en/099856012112325245/IDU08431b4fc03f3404f03098a900587df4e1a40,2023/12/34212706/IDU08431b4fc03f3404f03098a900587df4e1a40,099856012112325245,Off of Sr VP Dev Econ/Chief Econ (DECVP),http://documents.worldbank.org/curated/en/099856012112325245/IDU08431b4fc03f3404f03098a900587df4e1a40,"Shepherd,Ben","Winkler,Deborah Elisabeth","Leveraging Trade for More and Better Job
            Opportunities in Developing Countries : A Framework for Policy",34212706,"Trade and labor markets are
            intimately connected. This connection presents governments
            with a dual economic challenge that cannot be resolved
            without social compromise: maximizing aggregate gains but
            minimizing disaggregated costs, which can include losses to
            individuals and groups. This paper draws on recent research
            to develop a framework for thinking rigorously about these
            linkages. It then examines aspects of policy design and
            implementation that relate directly to labor market
            outcomes. It discusses three sets of policies that are
            required to help resolve the government’s dual challenge in
            a sustainable way: policies for people, sectors, and places.
            The framework includes policies to mitigate losses and
            facilitate movement of workers, classical trade policies,
            and a broad set of complementary policies that reduce trade
            costs. It also looks at the need for fiscal space to
            implement policies, and highlights the tension between
            tariff reductions and trade-related taxes, especially in
            countries where trade taxes account for a significant
            proportion of total government revenue.",,,,,,,,
370,34212724,Romania,Policy Research Working Paper,2023-12-11T00:00:00Z,Publications & Research,"Policy Research working paper ; no. WPS
            10638; RRR","Preparatory School Years and
            Maternal Employment in Romania",http://documents.worldbank.org/curated/en/099916512112331443/pdf/IDU04bdf4f0b0085404fe308329043198ba43117.pdf,/research/2023/12/34212724/preparatory-school-years-maternal-employment-romania,http://documents.worldbank.org/curated/en/099916512112331443/IDU04bdf4f0b0085404fe308329043198ba43117,2023/12/34212724/IDU04bdf4f0b0085404fe308329043198ba43117,099916512112331443,,http://documents.worldbank.org/curated/en/099916512112331443/IDU04bdf4f0b0085404fe308329043198ba43117,"Robayo,Monica","Rude,Britta Laurin","Preparatory School Years and Maternal
            Employment in Romania",34212724,"This paper uses the introduction of
            preparatory school classes targeting six-year-old children
            in Romania to study whether universal, compulsory, public
            care provision could increase female employment. Results
            from difference-in-difference estimations show that the
            reform resulted in rising employment rates for mothers of
            six-year-old children. The effect is lower for mothers
            living in households with elderly people, but larger for
            those facing stronger trade-offs prior to the reform.
            Overall, investing in universal, compulsory, public
            childcare is beneficial and could significantly increase
            female employment and labor force participation rates.",,,,,,,,
371,34212730,Argentina,Policy Research Working Paper,2023-12-11T00:00:00Z,Publications & Research,Policy Research working paper ; no. WPS 10639,"Revealing 21% of GDP in Hidden
            Assets : Evidence from Argentina",http://documents.worldbank.org/curated/en/099934312112322376/pdf/IDU00738e97b03268043dd0a3d500bb680f31ebd.pdf,/research/2023/12/34212730/revealing-21-gdp-hidden-assets-evidence-argentina,http://documents.worldbank.org/curated/en/099934312112322376/IDU00738e97b03268043dd0a3d500bb680f31ebd,2023/12/34212730/IDU00738e97b03268043dd0a3d500bb680f31ebd,099934312112322376,Off of Sr VP Dev Econ/Chief Econ (DECVP),http://documents.worldbank.org/curated/en/099934312112322376/IDU00738e97b03268043dd0a3d500bb680f31ebd,"Londoño-Vélez,Juliana","Tortarolo,Dario","Revealing 21% of GDP in Hidden Assets :
            Evidence from Argentina",34212730,"Despite substantial offshore tax
            evasion, Argentines disclosed assets worth 21 percent of GDP
            under a tax amnesty in 2016. This paper studies how
            enforcement initiatives impact individuals' tax
            behavior, tax progressivity, and revenue collection.
            Offshore tax evasion is concentrated among the wealthiest
            0.1 percent of adults. Tax compliance improved, expanding
            the tax bases for both wealth tax and capital income tax,
            especially at the top. The subsequent tax hike on foreign
            assets in 2019 boosted tax progressivity, raising the
            effective tax rate for the wealthiest 0.1 percent of adults,
            and established Argentina's wealth tax as one of the
            most successful globally in revenue generation.",,,,,,,,
372,34213264,Indonesia,Policy Research Working Paper,2023-12-12T00:00:00Z,Publications & Research,Policy Research working paper ; no. WPS 10640,"Are Ride-Hailing Services and
            Public Transport Complements or Substitutes ? Evidence from
            the Opening of Jakarta’s MRT System",http://documents.worldbank.org/curated/en/099322112122328638/pdf/IDU04517b3d3012db04c4d08eb603acc2bb9d18f.pdf,/research/2023/12/34213264/ride-hailing-services-public-transport-complements-or-substitutes-evidence-opening-jakarta’s-mrt-system,http://documents.worldbank.org/curated/en/099322112122328638/IDU04517b3d3012db04c4d08eb603acc2bb9d18f,2023/12/34213264/IDU04517b3d3012db04c4d08eb603acc2bb9d18f,099322112122328638,,http://documents.worldbank.org/curated/en/099322112122328638/IDU04517b3d3012db04c4d08eb603acc2bb9d18f,"Bosker,Maarten","Roberts,Mark","Are Ride-Hailing Services and Public
            Transport Complements or Substitutes ? Evidence from the
            Opening of Jakarta’s MRT System",34213264,"Motorbike-based ride-hailing services
            are widespread in many of the most congested cities in the
            developing world. These services often predate the
            construction of modern public mass rapid transit systems.
            Ride-hailing services may complement such investments by
            providing important first and last mile connectivity.
            However, it has also been argued that they undermine the
            viability of mass rapid transit systems as people prefer to
            use ride-hailing services given their convenience and low
            prices. This paper applies an event study research design to
            proprietary, high-frequency data from one of Indonesia’s
            largest ride-hailing services, Gojek. The findings show that
            the opening of stations on Jakarta’s first mass rapid
            transit line led to large increases in ride-hailing activity
            in the immediate vicinities of the stations. This was
            accompanied by a significant decline in the average distance
            of ride-hailing trips to and from the station locations.
            These findings are consistent with ride-hailing services
            complementing public transport by providing first and last
            mile connectivity to the newly opened mass rapid transit
            system. Interestingly, this holds for both commuting and
            non-commuting trips and is strongest for mass rapid transit
            station locations that were not already served by Jakarta’s
            bus rapid transit system.","Tiwari,Sailesh","Wibisana,Putu Sanjiwacika","Wihardja,Maria Monica","Yanurzha,Ramda",,,,
373,34213298,"World,Europe and Central Asia",Policy Research Working Paper,2023-12-12T00:00:00Z,Publications & Research,"Policy Research working paper ; no. WPS
            10641; RRR; COVID-19 (Coronavirus)","Government Support and Firm
            Performance during COVID-19",http://documents.worldbank.org/curated/en/099404412122317205/pdf/IDU0d4cdf5830014b043cf0801e03451560fd5f5.pdf,/research/2023/12/34213298/government-support-firm-performance-during-covid-19,http://documents.worldbank.org/curated/en/099404412122317205/IDU0d4cdf5830014b043cf0801e03451560fd5f5,2023/12/34213298/IDU0d4cdf5830014b043cf0801e03451560fd5f5,099404412122317205,Off of Sr VP Dev Econ/Chief Econ (DECVP),http://documents.worldbank.org/curated/en/099404412122317205/IDU0d4cdf5830014b043cf0801e03451560fd5f5,"Bruhn,Miriam","Demirguc-Kunt,Asli","Government Support and Firm Performance
            during COVID-19",34213298,"This paper assesses the medium-run
            effects of government support to firms during the COVID-19
            crisis and whether the effectiveness of this support varied
            with its timing. Using data from three rounds of the World
            Bank’s Enterprise Surveys COVID-19 Follow-up Surveys carried
            out between May 2020 and April 2022, it relates government
            support in Round 1 (received in the first half of 2020) and
            Round 2 (received during the second half of 2020 or early
            2021) with firm performance in Round 3 (generally mid-2021).
            Controlling for a host of background characteristics, firms
            that received support in Round 1 performed better in terms
            of Round 3 sales, but only if they did not have continued
            support. Firms that also received support in Round 2 had
            similar Round 3 sales as those that received no support and
            were more likely to decrease employment. Firms that received
            government support only in Round 2 experienced no boost in
            Round 3 performance. The findings suggest that government
            support should be provided promptly, but it should also be
            phased out quickly.","Singer,Dorothe",,,,,,,
374,34213411,"Sri Lanka,World",Policy Research Working Paper,2023-12-12T00:00:00Z,Publications & Research,Policy Research working paper ; no. WPS 10642,"Fertilizer Import Bans,
            Agricultural Exports, and Welfare : Evidence from Sri Lanka",http://documents.worldbank.org/curated/en/099557412122318720/pdf/IDU104598f2e1bdd714d911a7781a48abca1ac80.pdf,/research/2023/12/34213411/fertilizer-import-bans-agricultural-exports-welfare-evidence-sri-lanka,http://documents.worldbank.org/curated/en/099557412122318720/IDU104598f2e1bdd714d911a7781a48abca1ac80,2023/12/34213411/IDU104598f2e1bdd714d911a7781a48abca1ac80,099557412122318720,Off of Sr VP Dev Econ/Chief Econ (DECVP),http://documents.worldbank.org/curated/en/099557412122318720/IDU104598f2e1bdd714d911a7781a48abca1ac80,"Ghose,Devaki","Pinheiro Fraga,Eduardo","Fertilizer Import Bans, Agricultural
            Exports, and Welfare : Evidence from Sri Lanka",34213411,"This paper quantifies the value of
            fertilizer for agricultural production and trade in a
            developing economy where agriculture is centrally important
            by using an unprecedented natural experiment whereby the
            government of Sri Lanka imposed an abrupt and unexpected ban
            on the imports of all chemical fertilizers in May 2021. The
            analysis combines novel high-frequency firm-level trade
            data, detailed agricultural ground production data, crop
            yield estimates from state-of-the-art remote sensing
            techniques, and dynamic event study designs. The findings
            show that the fertilizer ban led to dramatic declines in
            agricultural production, fertilizer imports, and exports of
            fertilizer-dependent crops. Using a quantitative trade
            model, the paper finds that the ban’s welfare effects were
            equivalent to a 1.5 percent income reduction on average,
            with losses disproportionately concentrated on landowners
            (whose income is tied to agriculture) relative to workers
            and on regions specialized in the cultivation of relatively
            fertilizer-intensive crops. The findings quantify the
            equilibrium value of fertilizer in agriculture, an important
            estimate for any fertilizer-related policy (such as
            fertilizer subsidies) and for the public debate on the costs
            and benefits of environmental regulation more generally.","Fernandes,Ana Margarida",,,,,,,
375,34213420,Georgia,Policy Research Working Paper,2023-12-12T00:00:00Z,Publications & Research,Policy Research working paper ; no. WPS 10643,"Impacts and Sources of Air
            Pollution in Tbilisi, Georgia",http://documents.worldbank.org/curated/en/099646212122322612/pdf/IDU02641249b0ee45048c60b23107ec0644d38d2.pdf,/research/2023/12/34213420/impacts-sources-air-pollution-tbilisi-georgia,http://documents.worldbank.org/curated/en/099646212122322612/IDU02641249b0ee45048c60b23107ec0644d38d2,2023/12/34213420/IDU02641249b0ee45048c60b23107ec0644d38d2,099646212122322612,Off of Sr VP Dev Econ/Chief Econ (DECVP),http://documents.worldbank.org/curated/en/099646212122322612/IDU02641249b0ee45048c60b23107ec0644d38d2,"Baquie,Sandra","Behrer,Arnold Patrick","Impacts and Sources of Air Pollution in
            Tbilisi, Georgia",34213420,"Air pollution profoundly impacts
            welfare, causing more deaths globally than malnutrition,
            AIDS, tuberculosis, and malaria combined. In the Georgian
            capital, Tbilisi, air pollution levels exceed international
            standards and surpass levels in other cities in the region.
            The average monthly PM2.5 concentration in Tbilisi is 20
            Micrograms per cubic meter, four times higher than the World
            Health Organization’s annual recommended limit. This paper
            uses multiple data sources — administrative data, satellite
            imagery, private real estate transactions, and traffic data
            — to estimate the impact of air pollution on the health and
            productivity of people in Tbilisi. It estimates that a 1
            percent increase in PM2.5 levels corresponds to a 0.24
            percent increase in respiratory hospitalization rates. A 1
            percent increase in PM2.5 is also associated with a 0.2
            percent decrease in rental prices. All the estimates are
            lower bounds of the total impact of air pollution as they
            only account for short-term consequences. The study shows
            that traffic and industrial activity are significant drivers
            of air pollution in Tbilisi. The paper also estimates the
            positive co-benefits of potential carbon pricing policies
            from air pollution reduction. Adopting a carbon tax of $25
            per ton would reduce hospitalizations by 0.44 percent per
            district by 2036, while increasing rental prices by 0.38 percent.","Du,Xinming","Fuchs Tarlovsky,Alan","Nozaki,Natsuko Kiso",,,,,
376,34214449,World,Policy Research Working Paper,2023-12-13T00:00:00Z,Publications & Research,Policy Research working paper ; no. WPS 10644,"Firms and Climate Change in Low-
            and Middle-Income Countries",http://documents.worldbank.org/curated/en/099520212132322680/pdf/IDU0547ba0d4074fe049c10b8d90e70009f655c3.pdf,/research/2023/12/34214449/firms-climate-change-low--middle-income-countries,http://documents.worldbank.org/curated/en/099520212132322680/IDU0547ba0d4074fe049c10b8d90e70009f655c3,2023/12/34214449/IDU0547ba0d4074fe049c10b8d90e70009f655c3,099520212132322680,Off of Sr VP Dev Econ/Chief Econ (DECVP),http://documents.worldbank.org/curated/en/099520212132322680/IDU0547ba0d4074fe049c10b8d90e70009f655c3,"Goicoechea,Ana","Lang,Megan Elizabeth","Firms and Climate Change in Low- and
            Middle-Income Countries",34214449,"Low- and middle-income countries
            (LMICs) face a disproportionate burden from climate change,
            potentially threatening the operations and profitability of
            firms. Simultaneously, firms in LMICs may contribute to
            climate change through the emissions associated with
            production. This paper synthesizes the empirical evidence on
            the links between climate change and firms in LMICs. It
            identifies three major gaps: poor geographic coverage,
            little discussion of how market failures interact with
            climate change in ways that constrain firm decisions, and an
            overall greater focus on policies for mitigation than adaptation.",,,,,,,,
377,34214489,World,Policy Research Working Paper,2023-12-13T00:00:00Z,Publications & Research,"Policy Research working paper ; no. WPS
            10645; RRR","The Trade-Growth Nexus: Evidence
            of Causality from Innovative Instruments for Trade",http://documents.worldbank.org/curated/en/099550412132341350/pdf/IDU1a68116e91579814937191a71918736db8633.pdf,/research/2023/12/34214489/trade-growth-nexus-evidence-causality-innovative-instruments-trade,http://documents.worldbank.org/curated/en/099550412132341350/IDU1a68116e91579814937191a71918736db8633,2023/12/34214489/IDU1a68116e91579814937191a71918736db8633,099550412132341350,Off of Sr VP Dev Econ/Chief Econ (DECVP),http://documents.worldbank.org/curated/en/099550412132341350/IDU1a68116e91579814937191a71918736db8633,"Nana,Ibrahim","Motelle,Sephooko Ignatius","The Trade-Growth Nexus: Evidence of
            Causality from Innovative Instruments for Trade",34214489,"During the past decades, extensive
            literature has emphasized the role of both international
            trade and openness in fostering economic growth. Endogeneity
            bias is a nagging challenge for any empirical attempt to
            study the causal relationship between trade and economic
            growth. This study contributes to the existing stock of
            knowledge and helps to address these challenges by
            introducing new instrumental variables for trade. The study
            samples 197 countries over 1970–2020. The findings suggest
            that international trade has a positive and significant
            effect on gross domestic product per capita, which tends to
            be higher for emerging markets and development economies.
            Thus, the study provides an enhanced empirical foundation
            for the expectation that investments made to support trade
            are also good for economic growth, especially in emerging markets.","Starnes,Susan K.",,,,,,,
378,34215230,"Egypt, Arab Republic of",Policy Research Working Paper,2023-12-14T00:00:00Z,Publications & Research,"Policy Research working paper ; no. WPS
            10646; COVID-19 (Coronavirus)","The Effect of COVID-19 on the
            Gender Employment Gap in Egyptian Manufacturing",http://documents.worldbank.org/curated/en/099832312142329811/pdf/IDU18c41f68e1260b14e7d1804e1092626f792f0.pdf,/research/2023/12/34215230/effect-covid-19-gender-employment-gap-egyptian-manufacturing,http://documents.worldbank.org/curated/en/099832312142329811/IDU18c41f68e1260b14e7d1804e1092626f792f0,2023/12/34215230/IDU18c41f68e1260b14e7d1804e1092626f792f0,099832312142329811,Off of Sr VP Dev Econ/Chief Econ (DECVP),http://documents.worldbank.org/curated/en/099832312142329811/IDU18c41f68e1260b14e7d1804e1092626f792f0,"El-Haddad,Amirah","Ishak,Phoebe Saad Wasfy","The Effect of COVID-19 on the Gender
            Employment Gap in Egyptian Manufacturing",34215230,"This paper examines the evolution of
            the gender employment gap post COVID-19 in the Egyptian
            manufacturing sector, using a unique firm-level data set.
            The findings show that the COVID-19 shock led to a slight
            improvement in the gender employment gap, both in absolute
            and relative terms, driven by a larger reduction in male
            employment compared to that for female employment. The
            heterogeneity analysis shows that exporting firms and firms
            in industrial zones on average increased both types of
            employment post COVID-19. Two types of firms contributed to
            a worsening of the gender gap, namely firms that adopted
            technology and those that provided worker training prior to
            the pandemic, pushing male employment up while not doing the
            same for female employment. Additionally, the informal
            sector contributed to a worsening of the gender gap during
            the pandemic.",,,,,,,,
379,34216042,World,Policy Research Working Paper,2023-12-15T00:00:00Z,Publications & Research,"Policy Research working paper ; no. WPS
            10647; RRR","Vehicle and Fuel Taxation for
            Transport Demand Management : Learnings from the Literature
            through a Development Lens",http://documents.worldbank.org/curated/en/099900312152317565/pdf/IDU1115208e81423d143811b86e15f35c138b74c.pdf,/research/2023/12/34216042/vehicle-fuel-taxation-transport-demand-management-learnings-literature-through-development-lens,http://documents.worldbank.org/curated/en/099900312152317565/IDU1115208e81423d143811b86e15f35c138b74c,2023/12/34216042/IDU1115208e81423d143811b86e15f35c138b74c,099900312152317565,Off of Sr VP Dev Econ/Chief Econ (DECVP),http://documents.worldbank.org/curated/en/099900312152317565/IDU1115208e81423d143811b86e15f35c138b74c,He He,"Kim,Chaeyoung","Vehicle and Fuel Taxation for Transport
            Demand Management : Learnings from the Literature through a
            Development Lens",34216042,"Correctly pricing private vehicles
            and their use is paramount to building sustainable, safe,
            and equitable transportation systems. However, determining
            the “right” price – the combination of taxes on vehicle
            purchase, ownership, and use – is a complex problem.
            Although a rich literature exists on the subject, it is
            built on evidence from developed countries. This paper
            synthesizes the lessons learned from the literature,
            theoretical and empirical, on vehicle and fuel taxation for
            managing private vehicle demand. In particular, the paper
            examines the efficiency and distributional impacts of
            purchase, ownership, and use taxes. The literature is
            unequivocal that taxing use dominates taxing purchase or
            ownership on efficiency grounds. Nonetheless, the latter
            instruments can still have important roles to play, for
            example, addressing specific market failures, for equity and
            political acceptability considerations, or for ease of
            enforcement. The paper also discusses the practical
            challenges of saliency, gaming, and evasion of taxes; how
            the effectiveness of taxes as policy instruments also
            depends on the availability of alternatives to driving; and
            what the emergence of electric vehicles means for optimal
            taxation. Importantly, the paper considers how these
            lessons, mostly derived from high-income countries with
            mature automobile markets, apply to developing contexts. In
            addition to the policy discussion, the paper conducts two
            exercises compiling empirical evidence. It compiles and
            compares estimates of the externality costs associated with
            private vehicle use, including congestion, local air
            pollution, greenhouse gas emissions, injuries, and noise.
            Similarly, it compiles and compares demand response
            elasticities to vehicle purchase, ownership, and use taxes.
            Both serve as useful references for researchers, development
            practitioners, and policy makers.",,,,,,,,
380,34218168,World,Policy Research Working Paper,2023-12-18T00:00:00Z,Publications & Research,Policy Research working paper ; no. WPS 10648,What Explains Global Inflation,http://documents.worldbank.org/curated/en/099417212182324899/pdf/IDU04d2b00a8052e30403409fc1033a96b1c81ac.pdf,/research/2023/12/34218168/explains-global-inflation,http://documents.worldbank.org/curated/en/099417212182324899/IDU04d2b00a8052e30403409fc1033a96b1c81ac,2023/12/34218168/IDU04d2b00a8052e30403409fc1033a96b1c81ac,099417212182324899,Off of Sr VP Dev Econ/Chief Econ (DECVP),http://documents.worldbank.org/curated/en/099417212182324899/IDU04d2b00a8052e30403409fc1033a96b1c81ac,"Ha,Jongrim","Kose,Ayhan",What Explains Global Inflation,34218168,"This paper examines the drivers of
            fluctuations in global inflation, defined as a common factor
            across monthly headline consumer price index (CPI) inflation
            in G7 countries, over the past half-century. It estimates a
            Factor-Augmented Vector Autoregression model where a wide
            range of shocks, including global demand, supply, oil price,
            and interest rate shocks, are identified through narrative
            sign restrictions motivated by the predictions of a simple
            dynamic general equilibrium model. The authors report three
            main results. First, oil price shocks followed by global
            demand shocks explained the lion’s share of variation in
            global inflation. Second, the contribution of global demand
            and oil price shocks increased over time, from 56 percent
            during 1970–1985 to 65 percent during 2001–2022, whereas the
            importance of global supply shocks declined. Since the
            pandemic, global demand and oil price shocks have accounted
            for most of the variation in global inflation. Finally, oil
            price shocks played a much smaller role in global core CPI
            inflation variation, for which global supply shocks were the
            main source of variation. These results are robust to
            various sensitivity exercises, including alternative
            definitions of global variables, different samples of
            countries, and additional narrative restrictions.","Ohnsorge,Franziska Lieselotte",,,,,,,
381,34218204,"Romania,World",Policy Research Working Paper,2023-12-18T00:00:00Z,Publications & Research,"Policy Research working paper ; no. WPS
            10649; COVID-19 (Coronavirus)","Does State Ownership Have Limits
            in Romania ? An Assessment of Firm Performance and Market Outcomes",http://documents.worldbank.org/curated/en/099512412182368915/pdf/IDU0e1b2d58d06b57042190830e0c9fa9740d811.pdf,/research/2023/12/34218204/state-ownership-limits-romania-assessment-firm-performance-market-outcomes,http://documents.worldbank.org/curated/en/099512412182368915/IDU0e1b2d58d06b57042190830e0c9fa9740d811,2023/12/34218204/IDU0e1b2d58d06b57042190830e0c9fa9740d811,099512412182368915,Off of Sr VP Dev Econ/Chief Econ (DECVP),http://documents.worldbank.org/curated/en/099512412182368915/IDU0e1b2d58d06b57042190830e0c9fa9740d811,"Dauda,Seidu","Pop,Georgiana","Does State Ownership Have Limits in Romania
            ? An Assessment of Firm Performance and Market Outcomes",34218204,"This paper assesses the performance
            of Romanian state-owned enterprises with various degrees of
            ownership (minority owned with 10 to 24.9 percent stakes,
            minority owned with 25 to 49.9 percent stakes, and majority
            owned with at least 50 percent ownership stakes) and control
            levels (central versus local state-owned enterprises and
            directly versus indirectly owned state-owned enterprises)
            relative to privately owned enterprises. The paper uses the
            Romanian firm-level data from the Ministry of Finance
            covering enterprises of all sizes from 2011 to 2020,
            combined with the new World Bank Businesses of the State
            dataset, which tracks ownership of state business entities
            with at least 10 percent stake in Romania. The paper
            analyzes whether various degrees of state ownership and
            levels of control matter for state-owned enterprises’
            performance. The paper also assesses whether Romanian
            state-owned enterprises were able to act as stabilizers
            during the early period of the COVID-19 pandemic, and how
            the presence of state-owned enterprises in markets
            correlates with market outcomes. The findings show that
            relative to private firms, Romanian state-owned enterprises,
            particularly those that are majority owned, directly owned,
            and local ones, employ more people, pay higher wages, but
            are less productive. In addition, Romanian state-owned
            enterprises cushioned the job and wage losses associated
            with the COVID-19 pandemic better than private firms,
            especially in competitive sectors. Finally, there is
            evidence that the presence of state-owned enterprises may
            limit private firm entry and allocative efficiency.","Iootty De Paiva Dias,Mariana",,,,,,,
382,34218347,Brazil,Policy Research Working Paper,2023-12-18T00:00:00Z,Publications & Research,Policy Research working paper ; no. WPS 10650,"Spatial Misallocation of
            Complementary Infrastructure Investment : Evidence from Brazil",http://documents.worldbank.org/curated/en/099822112182319219/pdf/IDU009479c3106f960481d0b85a02738d5c6f7aa.pdf,/research/2023/12/34218347/spatial-misallocation-complementary-infrastructure-investment-evidence-brazil,http://documents.worldbank.org/curated/en/099822112182319219/IDU009479c3106f960481d0b85a02738d5c6f7aa,2023/12/34218347/IDU009479c3106f960481d0b85a02738d5c6f7aa,099822112182319219,Off of Sr VP Dev Econ/Chief Econ (DECVP),http://documents.worldbank.org/curated/en/099822112182319219/IDU009479c3106f960481d0b85a02738d5c6f7aa,"Pérez-Sebastián,Fidel","Serrano Quintero,Rafael","Spatial Misallocation of Complementary
            Infrastructure Investment : Evidence from Brazil",34218347,"How does the misallocation of
            complementary public capital affect the spatial organization
            of economic activity To answer this question, this paper
            endogenizes the government's decision to invest in the
            transport and electricity networks. A novel multi-sector
            quantitative spatial equilibrium model incorporates the
            quality of the electric power and the road transportation
            infrastructure networks, which determine sectoral
            productivities and trade costs. Simulation results for the
            Brazilian economy point to significant welfare gains from
            reallocating infrastructure investment. Spatial and fiscal
            complementarities in heterogeneous infrastructure provision
            determine a sizeable part of those gains. Misallocation of
            both infrastructure investments is positively associated
            with local political support for the incumbent authority.","Steinbuks,Jevgenijs",,,,,,,
383,34218381,Ethiopia,Policy Research Working Paper,2023-12-18T00:00:00Z,Publications & Research,Policy Research working paper ; no. WPS 10651,"Shifting Spousal Decision-Making
            Patterns : Whom You Target in an Agricultural Intervention Matters",http://documents.worldbank.org/curated/en/099844112182322847/pdf/IDU0026af08e0313104e4408c2903a55d6bc30fa.pdf,/research/2023/12/34218381/shifting-spousal-decision-making-patterns-target-agricultural-intervention-matters,http://documents.worldbank.org/curated/en/099844112182322847/IDU0026af08e0313104e4408c2903a55d6bc30fa,2023/12/34218381/IDU0026af08e0313104e4408c2903a55d6bc30fa,099844112182322847,Off of Sr VP Dev Econ/Chief Econ (DECVP),http://documents.worldbank.org/curated/en/099844112182322847/IDU0026af08e0313104e4408c2903a55d6bc30fa,"Bedi,Tara Sylvia","Buehren,Niklas","Shifting Spousal Decision-Making Patterns :
            Whom You Target in an Agricultural Intervention Matters",34218381,"Does it matter whether poverty
            reduction programs target the female or male spouse A
            randomized controllled trial in Ethiopia is used to study
            the differential impacts of easing information and financial
            constraints on agricultural productivity and household
            welfare, using data from 1,214 households in two regions of
            Ethiopia. The program targeted the husband, the wife, or
            both in a married household. The results indicate that the
            targeted spouse determines the type and channel of impacts.
            Targeting both spouses increased agricultural productivity
            in the short run and the monetary value of small ruminants
            and poultry in the long run, with a marginal positive impact
            on nonfood expenditure. Targeting only the female spouse
            resulted in increased business income from businesses with
            female involvement. This consequently increased household
            use of formal savings devices. This is in line with female
            preferences outside agriculture and for off-farm activities,
            and it results in little impact on agricultural
            productivity, despite an increase in women’s access to
            extension services. Targeting only the male spouse has no
            impact on household savings or expenditure even though it
            increases men’s wage income. The results suggest that the
            sharing of knowledge about the intervention changed
            household decisions. This would explain the different
            outcomes when both spouses were targeted, rather than only one.","Goldstein,Markus P.","Ketema,Tigist Assefa",,,,,,
384,34219051,Brazil,Policy Research Working Paper,2023-12-19T00:00:00Z,Publications & Research,Policy Research working paper ; no. WPS 10652,"The Macroeconomic Effects of Cash
            Transfers : Evidence from Brazil",http://documents.worldbank.org/curated/en/099423212192325062/pdf/IDU1b5ff3e101c9201420b1895614c04fc38e0af.pdf,/research/2023/12/34219051/macroeconomic-effects-cash-transfers-evidence-brazil,http://documents.worldbank.org/curated/en/099423212192325062/IDU1b5ff3e101c9201420b1895614c04fc38e0af,2023/12/34219051/IDU1b5ff3e101c9201420b1895614c04fc38e0af,099423212192325062,Off of Sr VP Dev Econ/Chief Econ (DECVP),http://documents.worldbank.org/curated/en/099423212192325062/IDU1b5ff3e101c9201420b1895614c04fc38e0af,"Galego Mendes,Arthur","Miyamoto,Wataru","The Macroeconomic Effects of Cash Transfers
            : Evidence from Brazil",34219051,"This paper provides new evidence on
            the macroeconomic impact of cash transfers in developing
            countries. Using a Bartik-style identification strategy, the
            paper documents that Brazil’s Bolsa Familia transfer program
            leads to a large and persistent increase in relative
            state-level GDP, formal employment, and informal employment.
            A state receiving 1% of GDP in extra transfers grows 2.2ppts
            faster in the first year, with R$100,000 of extra transfers
            generating five formal-equivalent jobs, half of which are
            informal. Consistent with a demand-side mechanism, the
            effects are concentrated in non-tradable sectors. However,
            an open-economy New Keynesian model only partially captures
            the high multipliers estimated.","Nguyen,Thuy Lan","Pennings,Steven Michael","Feler,Leo",,,,,
385,34219083,Colombia,Policy Research Working Paper,2023-12-19T00:00:00Z,Publications & Research,Policy Research working paper ; no. WPS 10653,"Unraveling the Factors behind
            Women's Empowerment in the Labor Market in Colombia",http://documents.worldbank.org/curated/en/099501312192310265/pdf/IDU042d7bddb00f800401709f2004011416e5f10.pdf,/research/2023/12/34219083/unraveling-factors-behind-womens-empowerment-labor-market-colombia,http://documents.worldbank.org/curated/en/099501312192310265/IDU042d7bddb00f800401709f2004011416e5f10,2023/12/34219083/IDU042d7bddb00f800401709f2004011416e5f10,099501312192310265,Off of Sr VP Dev Econ/Chief Econ (DECVP),http://documents.worldbank.org/curated/en/099501312192310265/IDU042d7bddb00f800401709f2004011416e5f10,"Iregui-Bohórquez,Ana María","Melo-Becerra,Ligia Alba","Unraveling the Factors behind Women's
            Empowerment in the Labor Market in Colombia",34219083,"This paper examines the evolution of
            Colombian women's participation in the labor market
            from 1960 to 2018, shedding light on the complex factors
            that influence their labor opportunities. The study
            emphasizes the significance of the historical context in
            understanding these factors. This research uncovers nuanced
            insights using a two-step methodology involving principal
            component analysis and time-varying effect modeling. The
            results indicate that the transition from high to low
            fertility rates significantly influenced female labor
            participation until the late 1970s. Educational
            advancements, economic growth, and changing marital dynamics
            also played a role in shaping evolving patterns. From 1980
            to 1995, factors such as diminishing fertility, declining
            infant mortality, and varying economic conditions influenced
            women's labor involvement. From 1995 to 2010, higher
            education emerged as a key driver, accompanied by shifting
            societal norms, and from 2010 to 2018, the period witnessed
            positive contributions from fertility rates, minimum wage,
            and male labor participation. This study underscores the
            intricate relationship between education, demographics,
            social norms, and economics in shaping women's labor
            force participation, providing valuable insights for
            gender-inclusive policies and promoting women's
            economic empowerment.","Ramírez-Giraldo,María Teresa","Tribin Uribe,Ana Maria","Zárate-Solano,Héctor M.",,,,,
386,34220483,"India,World",Policy Research Working Paper,2023-12-20T00:00:00Z,Publications & Research,Policy Research working paper ; no. WPS 10654,"Can Effective Policy
            Implementation Alter Political Selection ? Evidence from
            Female Legislators in India",http://documents.worldbank.org/curated/en/099338312202357080/pdf/IDU00ad6fafa0b7b7040d90af810942a6f30277c.pdf,/research/2023/12/34220483/can-effective-policy-implementation-alter-political-selection-evidence-female-legislators-india,http://documents.worldbank.org/curated/en/099338312202357080/IDU00ad6fafa0b7b7040d90af810942a6f30277c,2023/12/34220483/IDU00ad6fafa0b7b7040d90af810942a6f30277c,099338312202357080,,http://documents.worldbank.org/curated/en/099338312202357080/IDU00ad6fafa0b7b7040d90af810942a6f30277c,S Anukriti,"Calvi,Rossella","Can Effective Policy Implementation Alter
            Political Selection ? Evidence from Female Legislators in India",34220483,"Can effective policy implementation
            change political selection by inducing voters to prioritize
            leader competence over other traits, such as gender This
            paper answers this question by examining the impact of a
            successful school-expansion program on the likelihood of
            women being elected to state legislatures in India. The
            paper shows that the program increased voter prioritization
            of leader competence over gender, boosting the share of
            women among candidates and state parliamentarians and the
            overall capability of elected officials. These findings are
            consistent with the predictions of a model of candidate
            self-selection where voters trade off candidate competence
            with their bias against female leaders.","Chakravarty,Abhishek",,,,,,,
387,34220589,World,Policy Research Working Paper,2023-12-20T00:00:00Z,Publications & Research,"Policy Research working paper ; no. WPS
            10655; RRR","How Can Lower-Income Countries
            Collect More Taxes ? The Role of Technology, Tax Agents, and Politics",http://documents.worldbank.org/curated/en/099414512202322811/pdf/IDU0d4a0474f06d5c04dbc08c5703782bba3ec27.pdf,/research/2023/12/34220589/can-lower-income-countries-collect-more-taxes-role-technology-tax-agents-politics,http://documents.worldbank.org/curated/en/099414512202322811/IDU0d4a0474f06d5c04dbc08c5703782bba3ec27,2023/12/34220589/IDU0d4a0474f06d5c04dbc08c5703782bba3ec27,099414512202322811,Off of Sr VP Dev Econ/Chief Econ (DECVP),http://documents.worldbank.org/curated/en/099414512202322811/IDU0d4a0474f06d5c04dbc08c5703782bba3ec27,"Okunogbe,Oyebola Motunrayo","Tourek,Gabriel Zenon","How Can Lower-Income Countries Collect More
            Taxes ? The Role of Technology, Tax Agents, and Politics",34220589,"This paper examines recent evidence
            on tax administration interventions aimed at increasing tax
            revenues in lower-income countries. It focuses on two major
            themes: the use of new information technology tools—for
            identifying taxable entities, verifying tax liabilities, and
            ensuring collection of liabilities—and how the deployment
            and incentives of tax officials shape their performance. The
            paper discusses the promise and pitfalls of interventions in
            these two areas and the strategic interactions between them.
            Lastly, it emphasizes the importance of political incentives
            and considers the conditions under which governments choose
            to invest in tax capacity and expand tax collection.",,,,,,,,
388,34220656,World,Policy Research Working Paper,2023-12-20T00:00:00Z,Publications & Research,Policy Research working paper ; no. WPS 10656,"Correcting Sampling and
            Nonresponse Bias in Phone Survey Poverty Estimation Using
            Reweighting and Poverty Projection Models",http://documents.worldbank.org/curated/en/099439112202312439/pdf/IDU1e2c666e61beea141bd192b812ed3b1ea5a99.pdf,/research/2023/12/34220656/correcting-sampling-nonresponse-bias-phone-survey-poverty-estimation-using-reweighting-poverty-projection-models,http://documents.worldbank.org/curated/en/099439112202312439/IDU1e2c666e61beea141bd192b812ed3b1ea5a99,2023/12/34220656/IDU1e2c666e61beea141bd192b812ed3b1ea5a99,099439112202312439,Off of Sr VP Dev Econ/Chief Econ (DECVP),http://documents.worldbank.org/curated/en/099439112202312439/IDU1e2c666e61beea141bd192b812ed3b1ea5a99,"Zhang,Kexin","Takamatsu,Shinya","Correcting Sampling and Nonresponse Bias in
            Phone Survey Poverty Estimation Using Reweighting and
            Poverty Projection Models",34220656,"To monitor the evolution of household
            living conditions during the COVID-19 pandemic, the World
            Bank conducted COVID-19 High-Frequency Phone Surveys in
            around 80 countries. Phone surveys are cheap and easy to
            implement, but they have some major limitations, such as the
            absence of poverty data, sampling bias due to incomplete
            telephone coverage in many developing countries, and
            frequent nonresponses to phone interviews. To overcome these
            limitations, the World Bank conducted pilots in 20 countries
            where the Survey of Wellbeing via Instant and Frequent
            Tracking, a rapid poverty monitoring tool, was adopted to
            estimate poverty rates based on 10 to 15 simple questions
            collected via phone interviews, and where sampling weights
            were adjusted to correct the sampling and nonresponse bias.
            This paper examines whether reweighting procedures and the
            Survey of Wellbeing via Instant and Frequent Tracking
            methodology can eliminate the bias in poverty estimation
            based on the COVID-19 High-Frequency Phone Surveys.
            Experiments using artificial phone survey samples show that
            (i) reweighting procedures cannot fully eliminate bias in
            poverty estimates, as previous research has demonstrated,
            but (ii) when combined with Survey of Wellbeing via Instant
            and Frequent Tracking poverty projections, they effectively
            eliminate bias in poverty estimates and other statistics.","Yoshida,Nobuo",,,,,,,
389,,,,,,,,,,,,,,,,,,,,,,,,,,,
