,id,count,docty,docdt,majdocty,colti,display_title,pdfurl,listing_relative_url,url_friendly_title,new_url,guid,origu,url,authors.0.author,authors.1.author,docna.0.docna,entityids.entityid,abstracts.cdata!,authors.2.author,authors.3.author,authors.4.author,authors.5.author,authors.6.author,authors.7.author,authors.8.author,EnvironmentalCategory
0,34234558,Bulgaria,Policy Research Working Paper,2024-01-09T00:00:00Z,Publications & Research,"Policy Research working paper ; no. WPS
            10657; COVID-19 (Coronavirus); PROSPERITY; RRR","Reassessing Welfare Impacts of
            Bulgarian Fiscal Policy through a Child Poverty Perspective",http://documents.worldbank.org/curated/en/099322301092438309/pdf/IDU188f80cfb173ec1413c19a5b1f768dd633328.pdf,/research/2024/01/34234558/reassessing-welfare-impacts-bulgarian-fiscal-policy-through-child-poverty-perspective,http://documents.worldbank.org/curated/en/099322301092438309/IDU188f80cfb173ec1413c19a5b1f768dd633328,2024/01/34234558/IDU188f80cfb173ec1413c19a5b1f768dd633328,099322301092438309,Off of Sr VP Dev Econ/Chief Econ (DECVP),http://documents.worldbank.org/curated/en/099322301092438309/IDU188f80cfb173ec1413c19a5b1f768dd633328,"Robayo,Monica","Cabrera,Maynor Vinicio","Reassessing Welfare Impacts of Bulgarian
            Fiscal Policy through a Child Poverty Perspective",34234558,"This paper delves into
            Bulgaria's persistent issue of child poverty, even
            amidst policy efforts at the European Union (EU) and
            national levels. The study updates a comprehensive fiscal
            incidence analysis using the Commitment to Equity (CEQ)
            model, considering COVID-19's impact and a
            child-focused perspective, and simulates child-related
            policy interventions' effectiveness in alleviating
            child poverty. Our results show that Bulgaria's fiscal
            system has a limited impact on the overall at-risk of
            poverty rate, though it shows potential in reducing poverty
            for lower income deciles. Bulgaria's fiscal system
            reduces inequality compared to other countries with similar
            income levels, primarily driven by the substantial influence
            of direct transfers, education, and health allocations.
            Nevertheless, the redistributive effect of direct taxes and
            transfers remains comparatively modest within Europe. The
            study emphasizes the progressive nature of Bulgaria's
            fiscal components, benefiting the poorest through social
            benefits. When applying a child lens, our results show that
            fiscal policy is not very effective in addressing child
            poverty, as it reduces it by just 0.3 percentage points.
            However, means-tested programs targeting families and
            children play a significant role in mitigating child
            poverty. This research also underscores that specific
            households in Bulgaria face heightened vulnerability and may
            not receive optimal support from fiscal measures, including
            households with three or more children and lone-parent
            households, especially those headed by lone females.
            Microsimulation results suggest that enhancing child tax
            deductions among low-income earners and refining the design
            of child benefits to improve targeting effectiveness and
            generosity can notably contribute to child poverty
            reduction. The paper offers insights into more equitable
            policy design in Bulgaria's pursuit of combating child poverty.",,,,,,,,
1,34234665,European Union,Policy Research Working Paper,2024-01-09T00:00:00Z,Publications & Research,"Policy Research working paper ; no. WPS
            10658; COVID-19 (Coronavirus); Paper is funded by the
            Knowledge for Change Program (KCP); PROSPERITY","Are Regional Fiscal Multipliers
            on EU Structural and Investment Fund Spending Large ? A
            Reassessment of the Evidence",http://documents.worldbank.org/curated/en/099454401092494983/pdf/IDU18f59eeba1cf4714b7a190091fb9ef0cc9001.pdf,/research/2024/01/34234665/regional-fiscal-multipliers-eu-structural-investment-fund-spending-large-reassessment-evidence,http://documents.worldbank.org/curated/en/099454401092494983/IDU18f59eeba1cf4714b7a190091fb9ef0cc9001,2024/01/34234665/IDU18f59eeba1cf4714b7a190091fb9ef0cc9001,099454401092494983,Off of Sr VP Dev Econ/Chief Econ (DECVP),http://documents.worldbank.org/curated/en/099454401092494983/IDU18f59eeba1cf4714b7a190091fb9ef0cc9001,"Fiuratti,Federico Ivan","Nikolova,Desislava Enikova","Are Regional Fiscal Multipliers on EU
            Structural and Investment Fund Spending Large ? A
            Reassessment of the Evidence",34234665,"The European Commission’s
            “NextGenerationEU” COVID-19 recovery package has underscored
            interest in the size of regional fiscal multipliers in
            Europe. While the objective of these funds is the long-term
            transformation toward more sustainable green growth and
            digitalization in EU economies, several recent papers have
            also focused on their short-term stimulatory effects and
            have estimated large short-term regional multipliers on
            historical EU structural and investment fund spending. This
            has contributed to a view that EU funds can boost growth
            substantially not only in the long term, but also in the
            short term in countries receiving large flows, particularly
            in Central and Eastern Europe. This paper reevaluates the
            evidence by estimating regional short-term multipliers using
            recent data on EU fund spending and a leave-one-out
            predicted disbursement schedule instrument. In contrast with
            much of the recent literature, there is little evidence of
            large relative GDP multipliers at either the national or
            subnational level in the short term. This is despite a
            strong response of regional investment to EU funds, which
            often increases euro for euro. The results suggest that
            expectations should be tempered on using EU structural and
            investment funds as a tool for short-term regional fiscal
            stimulus, and instead policy makers may want to focus on the
            long-term benefits of EU funds, in line with their original purpose.","Pennings,Steven Michael","Schiffbauer,Marc Tobias",,,,,,
2,34234742,Middle East and North Africa,Policy Research Working Paper,2024-01-09T00:00:00Z,Publications & Research,"Policy Research working paper ; no. WPS
            10659; MNACE labor and gender research programs; PEOPLE","Connecting People to Projects : A
            New Approach to Measuring Women’s Employment in the Middle
            East and North Africa",http://documents.worldbank.org/curated/en/099529501092432412/pdf/IDU1e6444df0122f014b98186271c838b68c9b12.pdf,/research/2024/01/34234742/connecting-people-projects-new-approach-measuring-women’s-employment-middle-east-north-africa,http://documents.worldbank.org/curated/en/099529501092432412/IDU1e6444df0122f014b98186271c838b68c9b12,2024/01/34234742/IDU1e6444df0122f014b98186271c838b68c9b12,099529501092432412,Off of Sr VP Dev Econ/Chief Econ (DECVP),http://documents.worldbank.org/curated/en/099529501092432412/IDU1e6444df0122f014b98186271c838b68c9b12,"Assaad,Ragui A","Krafft,Caroline Gould","Connecting People to Projects : A New
            Approach to Measuring Women’s Employment in the Middle East
            and North Africa",34234742,"Innovations to date in detecting
            women’s employment have focused primarily on improving
            individual-level questions. This paper explores an
            alternative approach, using data on household enterprises
            and asking who participates in these activities. This
            research uses the latest waves of the Labor Market Panel
            Surveys for the Arab Republic of Egypt (2018) and Tunisia
            (2014). The research questions are (1) How do men’s and
            women’s employment rates change when adding enterprise-based
            detection questions to standard individual-level questions
            (2) Was the additional market employment detected with
            project-based approaches classified as subsistence work with
            individual measurement approaches (3) For which women is
            additional employment detected using project-based
            approaches The paper presents descriptive results on work
            based on the different approaches. It also estimates changes
            in state (being reclassified as working) from adding
            enterprise-level data. The findings show large increases in
            employment rates for rural women in both countries when
            including enterprise-based detection questions.",,,,,,,,
3,34234814,"Africa,World",Policy Research Working Paper,2024-01-09T00:00:00Z,Publications & Research,"Policy Research working paper ; no. WPS
            10660; LSMS; RSB; PLANET","The Impacts of Disasters on
            African Agriculture: New Evidence from Micro-Data",http://documents.worldbank.org/curated/en/099631201092430123/pdf/IDU1a05387711b76b14abe1a96b151bc26fb28e2.pdf,/research/2024/01/34234814/impacts-disasters-african-agriculture-new-evidence-micro-data,http://documents.worldbank.org/curated/en/099631201092430123/IDU1a05387711b76b14abe1a96b151bc26fb28e2,2024/01/34234814/IDU1a05387711b76b14abe1a96b151bc26fb28e2,099631201092430123,Off of Sr VP Dev Econ/Chief Econ (DECVP),http://documents.worldbank.org/curated/en/099631201092430123/IDU1a05387711b76b14abe1a96b151bc26fb28e2,"Wollburg,Philip Randolph","Markhof,Yannick Valentin","The Impacts of Disasters on African
            Agriculture: New Evidence from Micro-Data",34234814,"Disasters affect millions of people
            each year and cause economic losses worth many billions of
            dollars globally. Reporting on disaster impacts in research,
            policy, and news primarily relies on macro statistics based
            on disaster inventories. The macro statistics suggest that a
            relatively small share of disaster damages accrues in
            Africa. This paper, instead, uses detailed survey micro-data
            from six African countries to quantify disaster damages in
            one key sector: crop agriculture. The micro-data reveals
            much higher damages and more people affected than the macro
            statistics would indicate. On average, 36 percent of the
            agricultural plots in the sample suffer crop losses due to
            adverse climatic events. In the countries and time period
            analyzed, these losses reduced total crop production by an
            average of 29 percent. Importantly, many of these losses are
            underreported or undetected in key disaster inventories and
            therefore elude macro statistics. In the case of droughts
            and floods, the economic losses recorded in the micro-data
            are $5.1 billion higher than in the macro statistics,
            affecting 145 million to 170 million people, more than four
            times as many as the macro statistics suggest. The
            difference stems mostly from smaller and less severe but
            frequent adverse events that are not recorded in disaster inventories.","Bentze,Thomas Patrick","Ponzini,Giulia",,,,,,
4,34234826,"Morocco,Egypt, Arab Republic of,Jordan",Policy Research Working Paper,2024-01-09T00:00:00Z,Publications & Research,"Policy Research working paper ; no. WPS
            10661; MNACE labor and gender research programs; PEOPLE","For Labor or for Divorce ?
            Unilateral Divorce Laws and Women’s Labor Outcomes",http://documents.worldbank.org/curated/en/099652201092435820/pdf/IDU1007f1e40136dc14d5618ed3139e211ed42d7.pdf,/research/2024/01/34234826/labor-or-divorce-unilateral-divorce-laws-women’s-labor-outcomes,http://documents.worldbank.org/curated/en/099652201092435820/IDU1007f1e40136dc14d5618ed3139e211ed42d7,2024/01/34234826/IDU1007f1e40136dc14d5618ed3139e211ed42d7,099652201092435820,Off of Sr VP Dev Econ/Chief Econ (DECVP),http://documents.worldbank.org/curated/en/099652201092435820/IDU1007f1e40136dc14d5618ed3139e211ed42d7,"El Mekkaoui,Najat","Loukili,Sara","For Labor or for Divorce ? Unilateral
            Divorce Laws and Women’s Labor Outcomes",34234826,"Despite substantial progress in
            closing the gender gap, women’s labor force participation in
            the Middle East and North Africa remains one of the lowest
            globally, at a mere 18 percent. This paper investigates the
            effect of the introduction of unilateral divorce laws on
            women’s labor outcomes, using data from the Demographic and
            Health Survey program that spans decades and a
            quasi-experimental difference-in-differences design in three
            countries: Morocco, the Arab Republic of Egypt, and Jordan.
            The results highlight that no-fault divorce legislation was
            associated with a modest increase in mothers’ labor
            outcomes, measured by current employment, a few years after
            the reform. These findings are likely induced by a power
            shift and anticipatory effects that drive women into the
            labor force. However, when a longer time window is
            considered, 10 or more years after the reform, the study
            documents a negative effect of the reform on women’s labor
            outcomes in Morocco, and a positive effect in the Arab
            Republic of Egypt and Jordan. These differences can be
            attributed to a set of countervailing effects, including
            social norms, labor market dynamics, and evolution of the
            legislation, that make the derived utility from marriage, in
            some cases, more attractive than that derived from
            employment, and vice versa. These findings partially confirm
            results from previous research on the relationship between
            no-fault divorce and women’s agency and empowerment in the
            Middle East and North Africa region, but, at the same time,
            contrast with prominent perspectives on legislation that
            aims at reducing gender-based discrimination. Instead, they
            show that there might be undesired effects of legislation
            and provide a policy relevant discussion on that basis.","Fourouheshfar,Yeganeh","Eissa,Nada Omer",,,,,,
5,34234978,Argentina,Policy Research Working Paper,2024-01-09T00:00:00Z,Publications & Research,"Policy Research working paper ; no. WPS
            10662; INFRASTRUCTURE","Leveraging Big Data to Understand
            Women’s Mobility in Buenos Aires",http://documents.worldbank.org/curated/en/099953201092473028/pdf/IDU119c031ad1ac5a146a019875195feede84554.pdf,/research/2024/01/34234978/leveraging-big-data-understand-women’s-mobility-buenos-aires,http://documents.worldbank.org/curated/en/099953201092473028/IDU119c031ad1ac5a146a019875195feede84554,2024/01/34234978/IDU119c031ad1ac5a146a019875195feede84554,099953201092473028,Off of Sr VP Dev Econ/Chief Econ (DECVP),http://documents.worldbank.org/curated/en/099953201092473028/IDU119c031ad1ac5a146a019875195feede84554,"Stokenberga,Aiga","Ivarsson Molina,Linda Ellin Maria","Leveraging Big Data to Understand Women’s
            Mobility in Buenos Aires",34234978,"While the travelers’ gender has not
            been a central consideration driving urban mobility
            planning, increasing evidence points to
            gender-differentiated mobility preferences and behaviors.
            This paper explores this topic in the context of the Buenos
            Aires Metropolitan Area, aiming to identify policy relevant
            differences between the mobility of women and men. It does
            so by leveraging mobile phone–based data, combined with
            existing household travel survey data and an original
            large-scale interception survey implemented in late 2021 and
            early 2022. The paper provides descriptive analysis of key
            spatial and temporal mobility patterns as well as implements
            statistical analysis to identify whether gender represented
            a key determinant of mode choice in the context of the
            pandemic. The analysis finds that women in the Buenos Aires
            Metropolitan Area travel less, tend to have shorter
            individual trips, and are much more likely than men to
            travel during off-peak hours, including due to
            disproportionately taking on “care mobility”
            responsibilities. In terms of mode choices, women represent
            the majority of public transport users and are more likely
            than men to say they would cycle. However, women’s share
            among public transport users and their actual cycling and
            walking appear to be spatially correlated with,
            respectively, the availability of public transport services
            and dedicated, safe infrastructure. The travel responses to
            the pandemic documented in the original survey data also
            suggest that women are more likely than men to switch from
            public transport to private motorized modes as soon as their
            incomes allow them to unless appropriate health safety
            measures are put in place.","Fulponi,Juan Ignacio","Dominguez Gonzalez,Karla",,,,,,
6,34235628,Middle East and North Africa,Policy Research Working Paper,2024-01-10T00:00:00Z,Publications & Research,"Policy Research working paper ; no. WPS
            10663; MNACE labor and gender research programs; DIGITAL","Could Digital Inclusion Close the
            Gender Economic Gap in the MENA Region ?",http://documents.worldbank.org/curated/en/099411101102421402/pdf/IDU112bb2bf813c6214f5e19bf71e40bc4e8b3e1.pdf,/research/2024/01/34235628/digital-inclusion-close-gender-economic-gap-mena-region,http://documents.worldbank.org/curated/en/099411101102421402/IDU112bb2bf813c6214f5e19bf71e40bc4e8b3e1,2024/01/34235628/IDU112bb2bf813c6214f5e19bf71e40bc4e8b3e1,099411101102421402,Off of Sr VP Dev Econ/Chief Econ (DECVP),http://documents.worldbank.org/curated/en/099411101102421402/IDU112bb2bf813c6214f5e19bf71e40bc4e8b3e1,"Mohieldin,Mahmoud","Ramadan,Racha","Could Digital Inclusion Close the Gender
            Economic Gap in the MENA Region ?",34235628,"Closing the gender digital divide by
            ensuring equal access to and benefit of the internet may
            reduce economic inequalities and close the gender gap in
            employment by providing new economic opportunities and
            facilitating access to market information. This paper
            estimates the impact of digital inclusion, measured by the
            Inclusive Internet Index on the female-to-male labor force
            participation ratio, while controlling for other economic
            and social factors. Using data from the World Development
            Indicators, the Economist Intelligence Unit database, and
            the World Bank’s Women, Business and the Law database for 13
            countries in the Middle East and North Africa region for
            four years (2018 to 2021), a pooled cross section dataset is
            constructed. The model is estimated using generalized least
            squares to control for heteroskedasticity. The results show
            that an inclusive internet environment would reduce the
            gender gap in the labor force. Other key drivers include the
            structure of the economic growth, norms, and gender roles in
            the society. These results are relevant for the United
            Nations Sustainable Development Goals agenda, mainly goals 5
            and 10.",,,,,,,,
7,34235906,"Ghana,World",Policy Research Working Paper,2024-01-10T00:00:00Z,Publications & Research,"Policy Research working paper ; no. WPS
            10664; LSMS; PEOPLE","Labor Market Participation and
            Employment Choice in Ghana : Do Individual Personality
            Traits and Gender Role Attitudes Matter ?",http://documents.worldbank.org/curated/en/099847101102435095/pdf/IDU1b87794181d58c1435d18ef51bf24092eacd1.pdf,/research/2024/01/34235906/labor-market-participation-employment-choice-ghana-individual-personality-traits-gender-role-attitudes-matter,http://documents.worldbank.org/curated/en/099847101102435095/IDU1b87794181d58c1435d18ef51bf24092eacd1,2024/01/34235906/IDU1b87794181d58c1435d18ef51bf24092eacd1,099847101102435095,Off of Sr VP Dev Econ/Chief Econ (DECVP),http://documents.worldbank.org/curated/en/099847101102435095/IDU1b87794181d58c1435d18ef51bf24092eacd1,"Amankwah,Akuffo","Castaing,Pauline","Labor Market Participation and Employment
            Choice in Ghana : Do Individual Personality Traits and
            Gender Role Attitudes Matter ?",34235906,"In addition to the conventional
            determinants of labor market participation and the choice
            between wage employment and self-employment, there is a
            growing interest of the significance of gender role
            attitudes and personality traits. This study uses data from
            the 2022 Ghana Informal Sector Measurement Study to
            investigate the influence of these factors on employment
            outcomes in the Northern and Ashanti regions of Ghana. The
            findings are based on a series of analyses, including
            descriptive, multinomial logistic, and linear probability
            model regressions. The empirical results show the critical
            role played by both gender role attitudes and personality
            traits in shaping individuals' decisions on labor
            market participation and employment choices. Notably,
            personality traits emerge as significant drivers of observed
            employment outcomes. However, the impact of these
            personality traits is often mitigated or even reversed in
            the presence of heightened traditionalism. Furthermore, the
            gender-disaggregated analysis reveals that possessing at
            least a secondary education level is a pivotal factor in the
            selection of men into formal employment, whereas this
            criterion holds less significance for women. Conversely,
            once the decision to participate in the labor market has
            been made, having at least a secondary education becomes
            relevant for securing wage employment, regardless of an
            individual's gender.","Owoo,Nkechi Srodah","Palacios-Lopez,Amparo",,,,,,
8,34236745,World,Policy Research Working Paper,2024-01-11T00:00:00Z,Publications & Research,"Policy Research working paper ; no. WPS
            10665; RRR; PLANET","Trade, Outsourcing, and the Environment",http://documents.worldbank.org/curated/en/099321301112414585/pdf/IDU1e2f5c11c11f0614c5c19f511696a41248dec.pdf,/research/2024/01/34236745/trade-outsourcing-environment,http://documents.worldbank.org/curated/en/099321301112414585/IDU1e2f5c11c11f0614c5c19f511696a41248dec,2024/01/34236745/IDU1e2f5c11c11f0614c5c19f511696a41248dec,099321301112414585,Off of Sr VP Dev Econ/Chief Econ (DECVP),http://documents.worldbank.org/curated/en/099321301112414585/IDU1e2f5c11c11f0614c5c19f511696a41248dec,"Artuc,Erhan","Sommer,Konstantin Heinrich Ludwig","Trade, Outsourcing, and the Environment",34236745,"This paper analyzes the effects of
            carbon taxation and border carbon adjustments in a setting
            where firms can choose to respond to taxation by abating or
            by outsourcing part of their production. For this, this
            paper sets up a general equilibrium trade model, calibrated
            with world trade and input-output data that features a
            discrete choice production structure, where the producers
            choose between outsourcing or abating emission-intensive
            intermediate production steps. The paper finds that border
            adjustments that cannot target scope 3 emissions can lead to
            outsourcing, and thus leakage, further down the value chain,
            but nevertheless induce higher abatement both in the
            countries that impose the border adjustment and in the ones
            affected by it.",,,,,,,,
9,34236962,World,Policy Research Working Paper,2024-01-11T00:00:00Z,Publications & Research,"Policy Research working paper ; no. WPS
            10666; COVID-19 (Coronavirus); PEOPLE","COVID-19, School Closures, and
            Student Learning Outcomes : New Global Evidence from PISA",http://documents.worldbank.org/curated/en/099932301112496929/pdf/IDU16cf7d0801f2091478b1934914b47c3ab4027.pdf,/research/2024/01/34236962/covid-19-school-closures-student-learning-outcomes-new-global-evidence-pisa,http://documents.worldbank.org/curated/en/099932301112496929/IDU16cf7d0801f2091478b1934914b47c3ab4027,2024/01/34236962/IDU16cf7d0801f2091478b1934914b47c3ab4027,099932301112496929,Off of Sr VP Dev Econ/Chief Econ (DECVP),http://documents.worldbank.org/curated/en/099932301112496929/IDU16cf7d0801f2091478b1934914b47c3ab4027,"Jakubowski,Maciej Jan","Gajderowicz,Tomasz Janusz","COVID-19, School Closures, and Student
            Learning Outcomes : New Global Evidence from PISA",34236962,"The COVID-19 pandemic resulted in
            significant disruption in schooling worldwide. This paper
            uses global test score data to estimate learning losses. It
            models the effect of school closures on achievement by
            predicting the deviation of the most recent results from a
            linear trend using data from all rounds of the Programme for
            International Student Assessment. Scores declined by an
            average of 14 percent of a standard deviation, roughly equal
            to seven months of learning. Losses were greater for
            students in schools that faced relatively longer closures,
            boys, immigrants, and disadvantaged students. Educational
            losses may translate into significant national income losses
            over time.","Patrinos,Harry Anthony",,,,,,,
10,34237443,World,Policy Research Working Paper,2024-01-12T00:00:00Z,Publications & Research,"Policy Research working paper ; no. WPS
            10667; MNACE labor and gender research programs; PEOPLE","Are Global Value Chains Women
            Friendly in Developing Countries ? Evidence from Firm-Level Data",http://documents.worldbank.org/curated/en/099305401122411045/pdf/IDU1eee5371015c2514c9b1865b18d2e9156c72f.pdf,/research/2024/01/34237443/global-value-chains-women-friendly-developing-countries-evidence-firm-level-data,http://documents.worldbank.org/curated/en/099305401122411045/IDU1eee5371015c2514c9b1865b18d2e9156c72f,2024/01/34237443/IDU1eee5371015c2514c9b1865b18d2e9156c72f,099305401122411045,Off of Sr VP Dev Econ/Chief Econ (DECVP),http://documents.worldbank.org/curated/en/099305401122411045/IDU1eee5371015c2514c9b1865b18d2e9156c72f,"Kalliny,Marize","Zaki,Chahir","Are Global Value Chains Women Friendly in
            Developing Countries ? Evidence from Firm-Level Data",34237443,"Despite the efforts made to increase
            women’s inclusion in the economy, they are still
            underrepresented in trade in general and in global value
            chains in particular. Thus, this paper aims at examining the
            impact of global value chains on women’s trade participation
            as entrepreneurs and employees. It also analyzes how this
            effect is moderated through external (gender provisions in
            trade agreements) and internal (investment climate
            variables) factors. The analysis uses firm-level data for
            154 developing economies and emerging markets with a special
            focus on the Middle East and North Africa region, being one
            of the regions with the lowest female labor force
            participation. The main findings show that global value
            chains integration increases the likelihood of being a
            female owner and the share of female employees, especially
            production ones. A less robust negative effect is found for
            the impact on being a female top manager. These effects are
            moderated by the inclusion of gender provisions in trade
            agreements and by the characteristics of the investment
            climate (especially tax policy, access to finance, and
            corruption). These results remain robust after controlling
            for the endogeneity of global value chains using an
            instrumental variable approach and a propensity score
            estimation method where the treatment is being part of a
            global value chains. Thus, global value chains can be
            perceived as a tool that boosts women’s empowerment in
            emerging economies, especially in the Middle East and North
            Africa region.",,,,,,,,
11,34237636,Nepal,Policy Research Working Paper,2024-01-12T00:00:00Z,Publications & Research,"Policy Research working paper ; no. WPS
            10668; PLANET","Costing Disasters : Hedonic
            Pricing, Neighborhood Effects, and the Nepal Gorkha Earthquakes",http://documents.worldbank.org/curated/en/099016401122483160/pdf/IDU15961202c16cae1400d1aae01ada6801e6793.pdf,/research/2024/01/34237636/costing-disasters-hedonic-pricing-neighborhood-effects-nepal-gorkha-earthquakes,http://documents.worldbank.org/curated/en/099016401122483160/IDU15961202c16cae1400d1aae01ada6801e6793,2024/01/34237636/IDU15961202c16cae1400d1aae01ada6801e6793,099016401122483160,Off of Sr VP Dev Econ/Chief Econ (DECVP),http://documents.worldbank.org/curated/en/099016401122483160/IDU15961202c16cae1400d1aae01ada6801e6793,"Floreani,Vincent Arthur","Rama,Martin G.","Costing Disasters : Hedonic Pricing,
            Neighborhood Effects, and the Nepal Gorkha Earthquakes",34237636,"Disasters are frequent and clearly
            harmful in developing countries, but precisely estimating
            their overall cost and distributional impact is challenging.
            This paper proposes a microsimulation approach to do so
            rapidly, borrowing concepts from both poverty analysis and
            urban economics. Because housing prices reflect the present
            value of a specific bundle of living conditions, local
            earnings opportunities, and local access to services, their
            change in the aftermath of a disaster can be interpreted as
            a measure of the welfare cost incurred by households. A
            hedonic pricing function is used to estimate such changes
            based on the destruction experienced by the dwellings
            themselves, but also on the overall destruction suffered by
            their surrounding areas. The first element captures the
            damage from worse living conditions, whereas the second
            captures the loss from diminished earnings opportunities and
            access to services. The proposed approach is illustrated by
            estimating the cost of the 2015 Gorkha earthquakes in Nepal.
            Overall, the estimated impact is comparable to that from the
            official assessment. But its spatial distribution is
            significantly different due to the pivotal influence of
            neighborhood effects.",,,,,,,,
12,34239665,Philippines,Policy Research Working Paper,2024-01-16T00:00:00Z,Publications & Research,"Policy Research working paper ; no. WPS
            10669; COVID-19 (Coronavirus); PEOPLE","The Importance of Existing Social
            Protection Programs for Mental Health in Pandemic Times",http://documents.worldbank.org/curated/en/099637201162481468/pdf/IDU17a9f43a1155191400d18bb91fe2719ee4d34.pdf,/research/2024/01/34239665/importance-existing-social-protection-programs-mental-health-pandemic-times,http://documents.worldbank.org/curated/en/099637201162481468/IDU17a9f43a1155191400d18bb91fe2719ee4d34,2024/01/34239665/IDU17a9f43a1155191400d18bb91fe2719ee4d34,099637201162481468,Off of Sr VP Dev Econ/Chief Econ (DECVP),http://documents.worldbank.org/curated/en/099637201162481468/IDU17a9f43a1155191400d18bb91fe2719ee4d34,"Cho,Yoonyoung","Molina,Teresa Sacro","The Importance of Existing Social Protection
            Programs for Mental Health in Pandemic Times",34239665,"When it comes to mental health, do
            social protection programs matter more in times of crisis
            Using panel data from the Philippines around the onset of
            the COVID-19 pandemic, this study compares depression rates
            among beneficiaries of an existing conditional cash transfer
            program to those of non-beneficiaries of similar
            socioeconomic status. Depression rates were almost identical
            for the two groups in late 2019, but significantly lower for
            conditional cash transfer beneficiaries by July 2020, after
            the initiation of strict quarantine measures and a large
            emergency cash transfer program. One interpretation of the
            increased importance of the conditional cash transfer
            program during the pandemic is that these transfers have
            larger protective effects in times of vulnerability. Another
            possible reason is that the existing infrastructure of the
            program, by allowing for more timely distribution of the
            emergency cash, enhanced the effectiveness of the
            government’s pandemic response for conditional cash transfer
            beneficiaries. This paper finds evidence supporting both explanations.",,,,,,,,
13,34239706,"Syrian Arab Republic,Jordan",Policy Research Working Paper,2024-01-16T00:00:00Z,Publications & Research,"Policy Research working paper ; no. WPS
            10670; COVID-19 (Coronavirus); MNACE labor and gender
            research programs; PEOPLE","Job Finding and Separation among
            Syrian refugees in Jordan and Their Hosts during the
            COVID-19 Pandemic",http://documents.worldbank.org/curated/en/099821301162430228/pdf/IDU16c8b4f4a1d5c9142801a62b166575607c40c.pdf,/research/2024/01/34239706/job-finding-separation-among-syrian-refugees-jordan-hosts-during-covid-19-pandemic,http://documents.worldbank.org/curated/en/099821301162430228/IDU16c8b4f4a1d5c9142801a62b166575607c40c,2024/01/34239706/IDU16c8b4f4a1d5c9142801a62b166575607c40c,099821301162430228,Off of Sr VP Dev Econ/Chief Econ (DECVP),http://documents.worldbank.org/curated/en/099821301162430228/IDU16c8b4f4a1d5c9142801a62b166575607c40c,"Wahby,Sarah Mohammad Osman","Assaad,Ragui A","Job Finding and Separation among Syrian
            refugees in Jordan and Their Hosts during the COVID-19 Pandemic",34239706,"Refugees face important barriers to
            participation in the formal market, which locks them in
            informal employment and makes them more vulnerable to
            shocks. Using data from Jordan, this paper compares the job
            finding and separation rates of Syrian refugees to those of
            their hosts before and after the onset of the COVID-19
            pandemic. The findings show the change in these rates over
            time for Syrians to be similar to those of their Jordanian
            hosts prior to the pandemic, with a significant divergence
            after the start of the pandemic. Distinguishing between
            Syrians living in camps and those living in host communities
            shows that the Syrian disadvantage was entirely explained by
            living in camps.",,,,,,,,
14,34239717,World,Policy Research Working Paper,2024-01-16T00:00:00Z,Publications & Research,"Policy Research working paper ; no. WPS
            10671; PEOPLE","Estimating Economic Costs of
            Unhealthy Diets : A Proposed Methodology",http://documents.worldbank.org/curated/en/099839401162431298/pdf/IDU152ca6b541085314ca41a22a1bf67750bec89.pdf,/research/2024/01/34239717/estimating-economic-costs-unhealthy-diets-proposed-methodology,http://documents.worldbank.org/curated/en/099839401162431298/IDU152ca6b541085314ca41a22a1bf67750bec89,2024/01/34239717/IDU152ca6b541085314ca41a22a1bf67750bec89,099839401162431298,Off of Sr VP Dev Econ/Chief Econ (DECVP),http://documents.worldbank.org/curated/en/099839401162431298/IDU152ca6b541085314ca41a22a1bf67750bec89,"Horton,Susan E.","Fracassi,Patrizia","Estimating Economic Costs of Unhealthy Diets
            : A Proposed Methodology",34239717,"Healthy diets have been characterized
            as responding to four universal principles—nutrient
            adequacy, dietary diversity, macronutrient balance, and
            moderation. With rising incomes, diet concerns globally have
            shifted from inadequacy of nutrients and lack of diversity,
            to lack of balance and moderation. This has occurred
            alongside declining rates of stunting and wasting in
            children under five and increasing rates of overweight and
            obesity across a broad age span. Calculations undertaken for
            low- and middle-income countries for policy and advocacy
            purposes of the economic cost of unhealthy diets have used
            nutritional status as a proxy or have made estimates of the
            impact of noncommunicable diseases by simply adding up known
            risks of individual diet factors. Both these methods have
            problems. This paper proposes a new methodology, taking
            advantage of recent, more holistic, measures of diet
            quality. Preliminary regression results are presented using
            cross-country data and the Global Dietary Recommendations
            Score and Minimum Dietary Diversity for women. The results
            suggest that diet quality variables generally have the
            expected signs, but there are also clear limitations of
            using cross-country data. The methodology could be applied
            in future to a limited number of broadly representative low-
            and middle-income countries data sets containing both diet
            recall data as well as measures of noncommunicable disease
            risk status. The analysis suggests that this work could
            inform policies such as the repurposing of existing agrifood
            policies to complement existing public health policies, to
            reduce the economic and health burdens imposed by unhealthy diets.","Siekmans,Kendra","Kato,Tomoko","Hanley-Cook,Giles",,,,,
15,34239758,"Middle East and North Africa,World",Policy Research Working Paper,2024-01-16T00:00:00Z,Publications & Research,"Policy Research working paper ; no. WPS
            10672; PEOPLE","Female Headship and Poverty in
            the Arab Region: Analysis of Trends and Dynamics Based on a
            New Typology",http://documents.worldbank.org/curated/en/099916001162436719/pdf/IDU11b4274c21f7ee1444b192b010c62ef384a79.pdf,/research/2024/01/34239758/female-headship-poverty-arab-region-analysis-trends-dynamics-based-new-typology,http://documents.worldbank.org/curated/en/099916001162436719/IDU11b4274c21f7ee1444b192b010c62ef384a79,2024/01/34239758/IDU11b4274c21f7ee1444b192b010c62ef384a79,099916001162436719,,http://documents.worldbank.org/curated/en/099916001162436719/IDU11b4274c21f7ee1444b192b010c62ef384a79,"AlAzzawi,Shireen","Dang,Hai-Anh H.","Female Headship and Poverty in the Arab
            Region: Analysis of Trends and Dynamics Based on a New Typology",34239758,"Various challenges are thought to
            render female-headed households (FHHs) vulnerable to poverty
            in the Arab region. Yet, previous studies have had mixed
            results and the absence of household panel survey data
            hinders analysis of poverty dynamics. This paper addresses
            these challenges by proposing a novel typology of FHHs and
            analyzes synthetic panels constructed from 20 rounds of
            repeated cross-sectional surveys spanning the past two
            decades from the Arab Republic of Egypt, Iraq, Jordan,
            Mauritania, the West Bank and Gaza, and Tunisia. The paper
            finds that the definition of FHHs matters for measuring
            poverty levels and dynamics. Most types of FHHs are less
            poor than non–FHHs on average, but FHHs with a major share
            of female adults are generally poorer. FHHs are more likely
            to escape poverty than households on average, but FHHs
            without children are the most likely to do so. While more
            children are generally associated with more poverty for
            FHHs, there is heterogeneity across countries in addition to
            heterogeneity across measures of FHHs. The findings provide
            useful inputs for social protection and employment programs
            aiming at reducing gender inequalities and poverty in the
            Arab region.","Hlasny,Vladimir","Abanokova,Ksenia","Behrman,Jere R.",,,,,
16,34240433,World,Policy Research Working Paper,2024-01-17T00:00:00Z,Publications & Research,"Policy Research working paper ; no. WPS
            10673; RRR; RSB; DIGITAL","Missing Evidence : Tracking
            Academic Data Use around the World",http://documents.worldbank.org/curated/en/099503001172493286/pdf/IDU1ad0286b61aec014d8c19d3e1e651d3fe6286.pdf,/research/2024/01/34240433/missing-evidence-tracking-academic-data-use-around-world,http://documents.worldbank.org/curated/en/099503001172493286/IDU1ad0286b61aec014d8c19d3e1e651d3fe6286,2024/01/34240433/IDU1ad0286b61aec014d8c19d3e1e651d3fe6286,099503001172493286,Off of Sr VP Dev Econ/Chief Econ (DECVP),http://documents.worldbank.org/curated/en/099503001172493286/IDU1ad0286b61aec014d8c19d3e1e651d3fe6286,"Stacy,Brian William","Kitzmüller,Lucas","Missing Evidence : Tracking Academic Data
            Use around the World",34240433,"Data-driven research on a country is
            key to producing evidence-based public policies. Yet little
            is known about where data-driven research is lacking and how
            it could be expanded. This paper proposes a method for
            tracking academic data use by country of subject, applying
            natural language processing to open-access research papers.
            The model’s predictions produce country estimates of the
            number of articles using data that are highly correlated
            with a human-coded approach, with a correlation of 0.99.
            Analyzing more than 1 million academic articles, the paper
            finds that the number of articles on a country is strongly
            correlated with its gross domestic product per capita,
            population, and the quality of its national statistical
            system. The paper identifies data sources that are strongly
            associated with data-driven research and finds that
            availability of subnational data appears to be particularly
            important. Finally, the paper classifies countries into
            groups based on whether they could most benefit from
            increasing their supply of or demand for data. The findings
            show that the former applies to many low- and
            lower-middle-income countries, while the latter applies to
            many upper-middle- and high-income countries.","Wang,Xiaoyu","Mahler,Daniel Gerszon","Serajuddin,Umar",,,,,
17,34241066,Afghanistan,Policy Research Working Paper,2024-01-18T00:00:00Z,Publications & Research,"Policy Research working paper ; no. WPS
            10674; RRR; Impact Evaluation series; PEOPLE","Closing the gap : Effect of a
            gender quota on women's access to education in Afghanistan",http://documents.worldbank.org/curated/en/099300101182423297/pdf/IDU1617049971af801450e18c91117260363b929.pdf,/research/2024/01/34241066/closing-gap-effect-gender-quota-womens-access-education-afghanistan,http://documents.worldbank.org/curated/en/099300101182423297/IDU1617049971af801450e18c91117260363b929,2024/01/34241066/IDU1617049971af801450e18c91117260363b929,099300101182423297,Off of Sr VP Dev Econ/Chief Econ (DECVP),http://documents.worldbank.org/curated/en/099300101182423297/IDU1617049971af801450e18c91117260363b929,"Najam,Rafiuddin",,"Closing the gap : Effect of a gender quota
            on women's access to education in Afghanistan",34241066,"Affirmative action is a promising
            solution to the crucial challenge of bridging the gap in
            women's access to higher education in low- and
            middle-income countries (LMICs). This paper uses public
            universities' matriculation data from 2013–2018 and
            difference-in-differences estimators to examine the causal
            impact of a gender quota on women's educational
            opportunities in Afghanistan. The quota increased the
            proportion of women in the treated concentration group by
            nine percentage points and the share of women from low
            socio-economic status by three percentage points. The
            expansion was associated with a 0.04-unit decline in the
            average score ratio of female-to-male applicants, driven by
            a reduction in the score threshold needed for women's
            admission. The effects were condensed in competitive
            concentrations, where the overall share of women and women
            with low SES increased by 17 and four percentage points,
            respectively. The findings suggest that affirmative action
            is a viable option for addressing the gender gap in fragile settings.",,,,,,,,
18,34241150,South Sudan,Policy Research Working Paper,2024-01-18T00:00:00Z,Publications & Research,"Policy Research working paper ; no. WPS
            10675; PEOPLE","Implications of Choice of Second
            Stage Selection Method on Sampling Error and Non-Sampling
            Error : Evidence from an IDP Camp in South Sudan",http://documents.worldbank.org/curated/en/099450101182424685/pdf/IDU185fa1625143051482919ed61284e2ea25794.pdf,/research/2024/01/34241150/implications-choice-second-stage-selection-method-sampling-error-non-sampling-error-evidence-idp-camp-south-sudan,http://documents.worldbank.org/curated/en/099450101182424685/IDU185fa1625143051482919ed61284e2ea25794,2024/01/34241150/IDU185fa1625143051482919ed61284e2ea25794,099450101182424685,Off of Sr VP Dev Econ/Chief Econ (DECVP),http://documents.worldbank.org/curated/en/099450101182424685/IDU185fa1625143051482919ed61284e2ea25794,"Himelein,Kristen","Pape,Utz Johann","Implications of Choice of Second Stage
            Selection Method on Sampling Error and Non-Sampling Error :
            Evidence from an IDP Camp in South Sudan",34241150,"The most common sampling approach for
            cross-sectional household surveys in the developing world is
            a stratified two-stage design, where the first stage is
            usually a sample from a census-based area frame, and the
            second stage is a random sample of households from each of
            the areas selected in the first stage. To overcome the
            problem of outdated census frame information, it is common
            to conduct a household listing operation within these areas.
            However, these listing operations come with severe
            implications for survey costs, timeframe, as well as
            quality. To avoid such second-stage operations, some surveys
            choose alternate approaches for their second-stage
            operation. This paper compares five of these approaches,
            namely, satellite mapping, segmentation, grid square, the
            north method, and random walk, through simulations based on
            a census conducted in a refugee camp in South Sudan. The
            paper compares the simulated approach with the estimates
            derived from the actual experiment and finds that all the
            resulting estimates are biased. Nevertheless, in addition to
            their practical challenges, the satellite mapping,
            segmentation, and grid square approaches exhibit the
            smallest bias. Although random walk shows the worst
            performance in the simulations, it regains ground in its
            implementation, especially vis-à-vis the north method, where
            implementation adds most significantly to its bias. In
            conclusion, most probability-based methods perform better
            than non-probability methods like random walk and are
            therefore preferrable when no traditional household listing
            can take place. Although it is important to consider the
            theoretical properties of sampling approaches,
            implementation is at least as important. Training,
            implementation modalities, and monitoring of compliance are
            key factors in the overall performance.","Wild,Michael",,,,,,,
19,34241163,Brazil,Policy Research Working Paper,2024-01-18T00:00:00Z,Publications & Research,"Policy Research working paper ; no. WPS
            10676; PEOPLE","Does Local Employment Growth
            Accelerate Exits from Social Assistance ? Evidence From
            Brazil’s Conditional Cash Transfer Bolsa Familia",http://documents.worldbank.org/curated/en/099508001182418663/pdf/IDU1527571dc1f7d114c8a1ae5917c1b8225ec9c.pdf,/research/2024/01/34241163/local-employment-growth-accelerate-exits-social-assistance-evidence-brazil’s-conditional-cash-transfer-bolsa-familia,http://documents.worldbank.org/curated/en/099508001182418663/IDU1527571dc1f7d114c8a1ae5917c1b8225ec9c,2024/01/34241163/IDU1527571dc1f7d114c8a1ae5917c1b8225ec9c,099508001182418663,Off of Sr VP Dev Econ/Chief Econ (DECVP),http://documents.worldbank.org/curated/en/099508001182418663/IDU1527571dc1f7d114c8a1ae5917c1b8225ec9c,"Fietz,Katharina Maria","Morgandi,Matteo","Does Local Employment Growth Accelerate
            Exits from Social Assistance ? Evidence From Brazil’s
            Conditional Cash Transfer Bolsa Familia",34241163,"A substantial literature studied the
            capacity of safety nets to expand automatically during labor
            market shocks; however, less is known about the dynamics of
            social assistance when labor market conditions improve, and
            who may benefit from positive changes, especially in
            developing countries. This paper studies how rising formal
            employment at the municipal level affects the likelihood of
            beneficiary families to exit Bolsa Familia, Brazil’s dynamic
            means-tested cash transfer. The analysis exploits panel data
            from Brazil’s vast social registry, matched with seven years
            of Bolsa Familia payroll information and formal employment
            records. It finds that the Bolsa Familia program displays
            significant and heterogeneous dynamism, with beneficiaries
            with higher levels of education and fewer constraints to
            labor supply taking fewer years to exit. The analysis then
            uses fixed-effects estimates, combined with a shift shares
            instrument, to identify the effects of exogenous changes in
            the local labor market on exits. The findings show that the
            increase in local employment leads to a small, statistically
            significant rise in the probability of exiting from Bolsa
            Familia, associated with rising formal employment among
            social assistance recipients. These effects are concentrated
            in households with spare labor supply and those with medium
            levels of education.","Lyrio De Oliveira,Gabriel","Ferreira Cruz E Superti,Luiz Henrique",,,,,,
20,34241308,World,Policy Research Working Paper,2024-01-18T00:00:00Z,Publications & Research,"Policy Research working paper ; no. WPS
            10677; PROSPERITY",VAT Rate Structures in Theory and Practice,http://documents.worldbank.org/curated/en/099920201182414099/pdf/IDU12d02d19f1336a14e0c1b53714d134b306a9f.pdf,/research/2024/01/34241308/vat-rate-structures-theory-practice,http://documents.worldbank.org/curated/en/099920201182414099/IDU12d02d19f1336a14e0c1b53714d134b306a9f,2024/01/34241308/IDU12d02d19f1336a14e0c1b53714d134b306a9f,099920201182414099,Off of Sr VP Dev Econ/Chief Econ (DECVP),http://documents.worldbank.org/curated/en/099920201182414099/IDU12d02d19f1336a14e0c1b53714d134b306a9f,"Thomas,Alastair Geoffrey Arthur",,VAT Rate Structures in Theory and Practice,34241308,"Most countries’ value-added tax (VAT)
            systems apply reduced VAT rates to a selection of
            expenditure items in order to achieve distributional goals,
            and (to a lesser extent) social and cultural objectives.
            This paper assesses the case for applying reduced VAT rates,
            with a particular focus on OECD countries where reduced
            rates feature prominently. It examines both the theoretical
            and empirical evidence, as well as practical considerations,
            and concludes that the case for reduced VAT rates is weak.
            In particular, the optimal indirect tax literature finds no
            redistributive role for reduced VAT rates when other more
            direct instruments are available. These theoretical findings
            are supported by the empirical literature that shows reduced
            VAT rates to be a poorly targeted means of supporting lower
            income households, particularly when compared to targeted
            cash transfer programs. Similarly, reduced VAT rates are
            unlikely to be a well-targeted way to encourage consumption
            of merit goods, while they also create significant
            administrative complexity. These findings have significant
            implications for tax reform in both developed and developing
            economies. In particular, where countries have the
            administrative capacity to implement effectively targeted
            cash transfer programs, they should use these programs to
            support poorer households instead of reduced VAT rates.",,,,,,,,
21,34243167,Grenada,Policy Research Working Paper,2024-01-22T00:00:00Z,Publications & Research,Policy Research working paper ; no. WPS 10678,"Fiscal Incidence on the Island:
            Grenada’s Fiscal System and Its Incidence",http://documents.worldbank.org/curated/en/099315201222443333/pdf/IDU1a5a6417d1a77d14ba51b09518a83e3fc689f.pdf,/research/2024/01/34243167/fiscal-incidence-island-grenada’s-fiscal-system-incidence,http://documents.worldbank.org/curated/en/099315201222443333/IDU1a5a6417d1a77d14ba51b09518a83e3fc689f,2024/01/34243167/IDU1a5a6417d1a77d14ba51b09518a83e3fc689f,099315201222443333,Off of Sr VP Dev Econ/Chief Econ (DECVP),http://documents.worldbank.org/curated/en/099315201222443333/IDU1a5a6417d1a77d14ba51b09518a83e3fc689f,"Canavire Bacarreza,Gustavo Javier","Gómez Aliaga,Guillermo","Fiscal Incidence on the Island: Grenada’s
            Fiscal System and Its Incidence",34243167,"This paper examines the
            distributional effects of fiscal policy in Grenada. Using
            data from the 2017–18 Living Conditions and Household
            Budgets Survey and following the Commitment to Equity
            analysis framework, the paper estimates the effects of
            fiscal policy interventions on inequality and poverty. It
            analyzes the distributional incidence of direct and indirect
            taxes, direct transfers provided by social transfers and
            school feeding programs, and in-kind transfers generated by
            public services in health and education. The results show
            that Grenada has a tax system that is neutral on the
            value-added tax side and progressive on the personal income
            tax side. Furthermore, direct transfers make a modest
            contribution to poverty reduction and are almost neutral in
            their distributive impact. The results contribute to the
            understanding of who bears the burden of taxation and
            benefits from transfers and of how Grenada’s fiscal system
            can improve its redistributive effect.","Britton,Chevanne Regina Lygia","Rios Avila,Fernando","Jimenez Pozo,Wilson Leonardo","Granados Ibarra,Silvia Juliana","Li,Ran",,,
22,34243399,"Uganda,World",Policy Research Working Paper,2024-01-22T00:00:00Z,Publications & Research,"Policy Research working paper ; no. WPS
            10679; PEOPLE","The Costs Come before the
            Benefits: Why Donors Should Invest More in Refugee Autonomy
            in Uganda",http://documents.worldbank.org/curated/en/099825401222436103/pdf/IDU16a019d351e7a014fca1a36d11e801ee4a2d0.pdf,/research/2024/01/34243399/costs-come-before-benefits-donors-invest-more-refugee-autonomy-uganda,http://documents.worldbank.org/curated/en/099825401222436103/IDU16a019d351e7a014fca1a36d11e801ee4a2d0,2024/01/34243399/IDU16a019d351e7a014fca1a36d11e801ee4a2d0,099825401222436103,Off of Sr VP Dev Econ/Chief Econ (DECVP),http://documents.worldbank.org/curated/en/099825401222436103/IDU16a019d351e7a014fca1a36d11e801ee4a2d0,"Atamanov,Aziz","Hoogeveen,Johannes G.","The Costs Come before the Benefits: Why
            Donors Should Invest More in Refugee Autonomy in Uganda",34243399,"When host countries allow refugees to
            earn income, two main groups benefit: refugees, who become
            financially autonomous, and international institutions that
            can reduce the humanitarian aid that would otherwise be
            needed to support refugees. Uganda is one of the more
            progressive countries when it comes to promoting the
            financial independence of refugees and shifting from
            humanitarian aid to development ways of working. This note
            considers how successful refugees in Uganda have been in
            becoming financially independent and estimates how
            assistance has been saved due to these efforts at economic
            inclusion. Using the international poverty line of US$2.15
            in 2017 purchasing power parities to proxy the costs of
            basic needs, the results suggest that the amount of total
            aid needed was reduced by almost 45 percent. They also show
            that many refugees live in poverty, implying that the
            present combination of aid and work is inadequate to assure
            a decent standard of living. While more assistance is needed
            in the short run, reductions in development assistance are
            feasible but require upfront investments in refugee earning
            capacity to realize them.","Reese,Benjamin Christopher",,,,,,,
23,34243842,Malawi,Policy Research Working Paper,2024-01-23T00:00:00Z,Publications & Research,"Policy Research working paper ; no. WPS
            10680; RRR; PEOPLE",Rural Labor and Long Recall Loss,http://documents.worldbank.org/curated/en/099314301232420189/pdf/IDU1f0a4a5fa17a29146e919386190683a48ead2.pdf,/research/2024/01/34243842/rural-labor-long-recall-loss,http://documents.worldbank.org/curated/en/099314301232420189/IDU1f0a4a5fa17a29146e919386190683a48ead2,2024/01/34243842/IDU1f0a4a5fa17a29146e919386190683a48ead2,099314301232420189,Off of Sr VP Dev Econ/Chief Econ (DECVP),http://documents.worldbank.org/curated/en/099314301232420189/IDU1f0a4a5fa17a29146e919386190683a48ead2,"Ambler,Kate","Herskowitz,Sylvan Rene",Rural Labor and Long Recall Loss,34243842,"Surveys frequently rely on annual
            recall to capture individuals’ labor activities over the
            preceding year. This paper uses a panel of rural households
            in Malawi for a survey experiment to test the effect of a
            long, annual recall window on reported labor supply relative
            to a set of quarterly interviews. The paper documents large
            losses in reported labor participation using the long recall
            window with reductions of over 20 percent of reported
            activities and months worked and a 2.5 times greater
            incidence of reported unemployment relative to the shorter
            window. These losses are greater for activities further in
            the past and especially for individuals whose labor supply
            is reported by other family members, reaching up to 50
            percent for some outcomes. The profile of households’
            primary respondents, predominantly male and older, and
            differential effects by age further suggest that long recall
            may cause meaningful biases in the resulting data for women
            and younger household members.","Maredia,Mywish Karimbhai",,,,,,,
24,34243850,Indonesia,Policy Research Working Paper,2024-01-23T00:00:00Z,Publications & Research,"Policy Research working paper ; no. WPS
            10681; Impact Evaluation series; PEOPLE","Leveraging Women’s Views to
            Influence Gender Norms around Women Working : Evidence from
            an Online Intervention in Indonesia",http://documents.worldbank.org/curated/en/099424001232435449/pdf/IDU1edba8d7d10b7214eb11bfe31bb7ad3731c0c.pdf,/research/2024/01/34243850/leveraging-women’s-views-influence-gender-norms-around-women-working-evidence-online-intervention-indonesia,http://documents.worldbank.org/curated/en/099424001232435449/IDU1edba8d7d10b7214eb11bfe31bb7ad3731c0c,2024/01/34243850/IDU1edba8d7d10b7214eb11bfe31bb7ad3731c0c,099424001232435449,Off of Sr VP Dev Econ/Chief Econ (DECVP),http://documents.worldbank.org/curated/en/099424001232435449/IDU1edba8d7d10b7214eb11bfe31bb7ad3731c0c,"Cameron,Lisa","Contreras Suarez,Diana Stella","Leveraging Women’s Views to Influence Gender
            Norms around Women Working : Evidence from an Online
            Intervention in Indonesia",34243850,"How to influence social norms that
            drive behavior in relation to women’s participation in
            employment is not well understood. Providing randomly
            selected participants with information on the extent of (i)
            women’s support for women with children working; (ii)
            husband’s support for sharing day-to-day childcare with
            wives; and (iii) mothers’ and mother-in-law’s support for
            working women, increased the probability of choosing an
            online career mentoring course for women over a shopping
            voucher of equal value by 25 percent. Information beyond
            women’s support for working women further increased support
            for women working for some groups, although not strongly so.","Setyonaluri,Diahhadi",,,,,,,
25,34244968,World,Policy Research Working Paper,2024-01-24T00:00:00Z,Publications & Research,"Policy Research working paper ; no. WPS
            10682; PLANET","The Impact of Climate Change on
            Work : Lessons for Developing Countries",http://documents.worldbank.org/curated/en/099842001242436996/pdf/IDU13fb2bcd51c7f1140371b61811281e0957f86.pdf,/research/2024/01/34244968/impact-climate-change-work-lessons-developing-countries,http://documents.worldbank.org/curated/en/099842001242436996/IDU13fb2bcd51c7f1140371b61811281e0957f86,2024/01/34244968/IDU13fb2bcd51c7f1140371b61811281e0957f86,099842001242436996,Off of Sr VP Dev Econ/Chief Econ (DECVP),http://documents.worldbank.org/curated/en/099842001242436996/IDU13fb2bcd51c7f1140371b61811281e0957f86,"Feriga,Moustafa Amgad Moustafa Ahmed Moustafa","Lozano Gracia,Nancy","The Impact of Climate Change on Work :
            Lessons for Developing Countries",34244968,"What is the impact of climate change
            on labor Reviewing the evidence, this paper finds five areas
            of potential impact. Climate change may have an immediate
            effect on labor demand, labor supply and time allocation,
            on-the-job productivity, and income and vulnerability among
            the self-employed. In the medium term, climate change may
            lead to a reallocation of labor across economic activities
            and across space. Impact estimates typically rely on fixed
            effect estimation. These estimates require care when
            interpreted as they typically reflect the short-term direct
            impact of past events and abstract from potential
            adaptation. The paper discusses emerging work trying to
            address this, analyzing the responses by firms, farms,
            households, and workers. Together, the existing evidence
            points toward six potential areas of government response.
            Potential labor policies include green jobs, green skills,
            labor-oriented adaptation, flexible work regulation, labor
            market integration, and social protection. The paper
            concludes by setting out avenues for future research in this field.","Serneels,Pieter Maria",,,,,,,
26,34247621,Africa,Policy Research Working Paper,2024-01-29T00:00:00Z,Publications & Research,"Policy Research working paper ; no. WPS
            10683; PLANET","The Welfare Cost of Drought in
            Sub-Saharan Africa",http://documents.worldbank.org/curated/en/099325301292478621/pdf/IDU1ae0eac0e145d214c6218002156b672eb8155.pdf,/research/2024/01/34247621/welfare-cost-drought-sub-saharan-africa,http://documents.worldbank.org/curated/en/099325301292478621/IDU1ae0eac0e145d214c6218002156b672eb8155,2024/01/34247621/IDU1ae0eac0e145d214c6218002156b672eb8155,099325301292478621,Off of Sr VP Dev Econ/Chief Econ (DECVP),http://documents.worldbank.org/curated/en/099325301292478621/IDU1ae0eac0e145d214c6218002156b672eb8155,"Gascoigne,Jon","Baquie,Sandra",The Welfare Cost of Drought in Sub-Saharan Africa,34247621,"This paper quantifies the impact of
            drought on household consumption for five main
            agroecological zones in Africa, developing vulnerability (or
            damage) functions of the relationship between rainfall
            deficits and poverty. Damage functions are a key element in
            models that quantify the risk of extreme weather and the
            impacts of climate change. Although these functions are
            commonly estimated for storm or flood damages to buildings,
            they are less often available for income losses from
            droughts. The paper takes a regional approach to the
            analysis, developing standardized hazard definitions and
            methods for matching hazard and household data, allowing
            survey data from close to 100,000 households to be used in
            the analysis. The damage functions are used to quantify the
            impact of historical weather conditions on poverty for eight
            countries, highlighting the risk to poverty outcomes that
            weather variability causes. National poverty rates are 1–12
            percent higher, depending on the country, under the worst
            weather conditions relative to the best conditions observed
            in the past 13 years. This amounts to an increase in the
            total poverty gap that ranges from US$4 million to US$2.4
            billion (2011 purchasing power parity).","Vinha,Katja Pauliina","Skoufias,Emmanuel","Calcutt,Evie Isabel Neall","Kshirsagar,Varun Sridhar","Meenan,Conor","Hill,Ruth",,
27,34247735,World,Policy Research Working Paper,2024-01-29T00:00:00Z,Publications & Research,"Policy Research working paper ; no. WPS
            10684; PEOPLE","Dysfunctional Family Management :
            Family-Managed Businesses and the Quality of Management Practices",http://documents.worldbank.org/curated/en/099626001292432099/pdf/IDU16da65b2c1ef8914b1a19d5e1ac4acf945a1b.pdf,/research/2024/01/34247735/dysfunctional-family-management-family-managed-businesses-quality-management-practices,http://documents.worldbank.org/curated/en/099626001292432099/IDU16da65b2c1ef8914b1a19d5e1ac4acf945a1b,2024/01/34247735/IDU16da65b2c1ef8914b1a19d5e1ac4acf945a1b,099626001292432099,Off of Sr VP Dev Econ/Chief Econ (DECVP),http://documents.worldbank.org/curated/en/099626001292432099/IDU16da65b2c1ef8914b1a19d5e1ac4acf945a1b,"Islam,Asif Mohammed","Gatti,Roberta V.","Dysfunctional Family Management :
            Family-Managed Businesses and the Quality of Management Practices",34247735,"Better managed firms perform better.
            Existing evidence has shown that family-managed firms have
            poorer management practices. Several reasons have been
            proposed. Limiting to family members reduces the talent pool
            of potential managers. Family management creates
            disincentives for other talented workers given that the
            environment is not meritocratic. Family managers themselves
            may be less motivated given that they may not have to
            compete for the position. This study scales up the evidence
            by exploring the relationship between family managers and
            management practices for about 9,000 medium and large firms
            across 41 developing and advanced economies. The study
            contributes to the literature by investigating several
            internal and external operating factors that attenuate or
            accentuate the relationship between family management and
            the quality of management practices. The engagement of
            governments in terms of corruption and political connections
            is found to be influential.",,,,,,,,
28,34248402,World,Policy Research Working Paper,2024-01-30T00:00:00Z,Publications & Research,"Policy Research working paper ; no. WPS
            10685; PROSPERITY","Just Transition : Issues for
            Central Banks and Financial Regulators",http://documents.worldbank.org/curated/en/099400201302418524/pdf/IDU1b60fc889152fd141721bc2a18de8e26e97cd.pdf,/research/2024/01/34248402/just-transition-issues-central-banks-financial-regulators,http://documents.worldbank.org/curated/en/099400201302418524/IDU1b60fc889152fd141721bc2a18de8e26e97cd,2024/01/34248402/IDU1b60fc889152fd141721bc2a18de8e26e97cd,099400201302418524,Off of Sr VP Dev Econ/Chief Econ (DECVP),http://documents.worldbank.org/curated/en/099400201302418524/IDU1b60fc889152fd141721bc2a18de8e26e97cd,"Calice,Pietro","Demekas,Dimitri G.","Just Transition : Issues for Central Banks
            and Financial Regulators",34248402,"Recent calls on central banks and
            financial regulators to use the tools at their disposal to
            help mitigate the negative economic and social impacts of
            climate policies are based on several false analogies
            between the energy transition and the “just” energy
            transition. The same false analogies explain why voluntary
            efforts to incorporate just transition considerations into
            private financial decisions and products copying approaches
            from climate finance have so far failed to gain traction.
            None of the above invalidates the just transition as a
            political aspiration. However, only the government has the
            legitimacy and authority to identify the regions or sectors
            where the negative impacts of the energy transition are to
            be mitigated, determine the extent and instruments for this
            mitigation, and adjust them over time in line with shifting
            social preferences. This is an essentially political task
            that cannot be delegated to technocratic agencies.
            Nevertheless, within the parameters established by the
            government, central banks and financial regulators can play
            a supporting role by ensuring accurate data on the social
            impact of the energy transition, enforcing disclosure
            requirements, sensitizing financial firms to just
            transition–related risks, and raising awareness among
            financial firms. However, they must be cautious not to
            overstep their mandate, and remain mindful of the
            limitations of their toolkit and of the risks and potential
            unintended consequences of their actions.",,,,,,,,
29,34248405,World,Policy Research Working Paper,2024-01-30T00:00:00Z,Publications & Research,"Policy Research working paper ; no. WPS
            10686; PEOPLE","Little Nomads : Economic and
            Social Impacts of Migration on Children",http://documents.worldbank.org/curated/en/099418301302435890/pdf/IDU113cacc80159c21491318dca10779c4990d0b.pdf,/research/2024/01/34248405/little-nomads-economic-social-impacts-migration-children,http://documents.worldbank.org/curated/en/099418301302435890/IDU113cacc80159c21491318dca10779c4990d0b,2024/01/34248405/IDU113cacc80159c21491318dca10779c4990d0b,099418301302435890,Off of Sr VP Dev Econ/Chief Econ (DECVP),http://documents.worldbank.org/curated/en/099418301302435890/IDU113cacc80159c21491318dca10779c4990d0b,"Cortina Toro,Magdalena","Jimenez,Juan Miguel","Little Nomads : Economic and Social Impacts
            of Migration on Children",34248405,"This paper reviews the main findings
            from 113 studies produced between 1990 and 2023, focusing on
            the impact of migration on various child groups affected
            through the migration path, including left-behind, migrant
            (voluntary and forced), and native children. The findings
            reveal that migration influences children’s outcomes in
            complex and context-dependent ways, and it interacts
            dramatically with household demographics and public
            policies. Key results include the following: (i) left-behind
            children benefit from remittances but experience dramatic
            declines in their cognitive and non-cognitive development
            due to parental absence; (ii) immigrant children generally
            fare better than those in their origin countries but still
            underperform compared to native children in host countries;
            and (iii) the impacts of migration on native children
            largely depend on the adjustment of public service supply to
            meet increased demand. In cases where education services
            expand to meet rising demand, the effect on native children
            can be minimal or even positive. This paper emphasizes the
            need for more experimental or quasi-experimental research to
            examine the effectiveness of programs that support migrant
            and minor host children, and it calls for longitudinal data
            collection to better understand the challenges and needs of
            migrant children, particularly in developing countries.","Rozo Villarraga,Sandra Viviana",,,,,,,
30,34248497,West Bank and Gaza,Policy Research Working Paper,2024-01-30T00:00:00Z,Publications & Research,"Policy Research working paper ; no. WPS
            10687; RRR; PROSPERITY","Fiscal Policy, Poverty, and
            Inequality in a Constrained Environment : The Case of the
            West Bank and Gaza",http://documents.worldbank.org/curated/en/099646401302432923/pdf/IDU11fba1aab1fb111482e1a1441122a743dfde3.pdf,/research/2024/01/34248497/fiscal-policy-poverty-inequality-constrained-environment-case-west-bank-gaza,http://documents.worldbank.org/curated/en/099646401302432923/IDU11fba1aab1fb111482e1a1441122a743dfde3,2024/01/34248497/IDU11fba1aab1fb111482e1a1441122a743dfde3,099646401302432923,Off of Sr VP Dev Econ/Chief Econ (DECVP),http://documents.worldbank.org/curated/en/099646401302432923/IDU11fba1aab1fb111482e1a1441122a743dfde3,"Amjad,Beenish","Carrasco Nunez,Haydeeliz","Fiscal Policy, Poverty, and Inequality in a
            Constrained Environment : The Case of the West Bank and Gaza",34248497,"This report analyzes the
            distributional impacts of the main taxes and transfers on
            households’ welfare in the West Bank and Gaza. The analysis
            uses the Commitment to Equity methodology, enabling
            comparison of the results to other countries where this
            framework has been applied. The report assesses the effects
            of government taxation, social expenditure, and indirect
            subsidies on poverty and inequality in the West Bank and
            Gaza. The results indicate that the combination of taxes and
            transfers modelled in the West Bank and Gaza reduces
            inequality by 6.5 Gini points but increases the national
            poverty headcount by 8.4 percentage points. These fiscal
            policy outcomes on poverty and inequality reduction are
            below average in terms of desirability compared to other
            lower-middle-income countries. The taxes and transfers
            modelled in the West Bank and Gaza achieve most inequality
            reduction through in-kind benefits from public basic
            education and public hospitals, followed by the Cash
            Transfer Program and the value-added tax (VAT). Their large
            impact on inequality reduction is explained by a combination
            of their progressivity and their size relative to household
            income. The redistributive effect of direct taxes, customs
            duties, and indirect subsidies is zero or close to zero.
            Indirect taxes represent the fiscal interventions
            contributing most to the increase in national poverty;
            customs duties followed by VAT represent the largest burden
            on households’ incomes. Direct transfers from social
            protection cannot offset the impoverishment effect from
            indirect taxes because they have very limited coverage. Only
            the poorest decile is a net cash beneficiary after paying
            taxes and receiving cashable transfers. The rest of the
            deciles are net payers to the fiscal system. To decrease
            poverty and inequality in the West Bank and Gaza, the most
            significant policy recommendation to emerge from the
            analysis is to expand direct transfers to the second and
            third deciles to compensate for indirect tax burdens.
            Financing this reform is feasible through domestic tax
            mobilization or through rationalization of inefficient fuel
            and electricity subsidies that benefit the top income
            deciles most.","Finn,Arden Jeremy","Goldman,Maya Scott",,,,,,
31,34249073,Lebanon,Policy Research Working Paper,2024-02-01T00:00:00Z,Publications & Research,"Policy Research working paper ; no. WPS
            10688; PROSPERITY","Globalization, Dutch Disease, and
            Vulnerability to External Shocks in a Small Open Economy :
            The Case of Lebanon in 1916 and 2019",http://documents.worldbank.org/curated/en/099324301312410845/pdf/IDU16cf9281c16b28145b51b4fa17b1af694b7a9.pdf,/research/2024/02/34249073/globalization-dutch-disease-vulnerability-external-shocks-small-open-economy-case-lebanon-1916-2019,http://documents.worldbank.org/curated/en/099324301312410845/IDU16cf9281c16b28145b51b4fa17b1af694b7a9,2024/02/34249073/IDU16cf9281c16b28145b51b4fa17b1af694b7a9,099324301312410845,Off of Sr VP Dev Econ/Chief Econ (DECVP),http://documents.worldbank.org/curated/en/099324301312410845/IDU16cf9281c16b28145b51b4fa17b1af694b7a9,"Bou Habib,Chadi",,"Globalization, Dutch Disease, and
            Vulnerability to External Shocks in a Small Open Economy :
            The Case of Lebanon in 1916 and 2019",34249073,"This paper investigates the
            similarities between the economy of 1912 Mount Lebanon on
            the eve of the famine of 1916 and the economy of 2004
            Lebanon that set the stage for the major economic and social
            crisis of 2019. A simple general equilibrium simulation
            shows that, as long as the Lebanese economy remains reliant
            on foreign inflows, crises will persist, with different
            manifestations. Regardless of the period considered, foreign
            inflows increase domestic prices and induce real
            appreciation. Low productive capacities and insufficient job
            creation lead to high emigration. Emigration increases the
            reliance on foreign inflows, which in turn increase domestic
            prices and reduce competitiveness, hence triggering further
            emigration and further reliance on foreign inflows. Income
            and prices increase, but exports decline, and growth remains
            volatile. The interruption of the flows of capital and goods
            and the impossibility to migrate due to the First World War
            drove Lebanon into starvation in 1916. The interruption of
            inflows of capital in 2019 led to a major crisis and massive
            outmigration, as predicted through the simulations based on
            the structure of the Lebanese economy in 2004. The
            simulations effectively capture the impact of external
            shocks on the Lebanese economy and closely align with the
            actual changes in economic variables during 2005 to 2020.",,,,,,,,
32,34249090,World,Policy Research Working Paper,2024-01-31T00:00:00Z,Publications & Research,"Policy Research working paper ; no. WPS
            10689; PLANET","In Most Low- and Middle-Income
            Countries Pollution Levels Are Higher in Wealthier Areas",http://documents.worldbank.org/curated/en/099449201312441737/pdf/IDU12354a7cd103c314993198571ea404b85aecb.pdf,/research/2024/01/34249090/most-low--middle-income-countries-pollution-levels-higher-wealthier-areas,http://documents.worldbank.org/curated/en/099449201312441737/IDU12354a7cd103c314993198571ea404b85aecb,2024/01/34249090/IDU12354a7cd103c314993198571ea404b85aecb,099449201312441737,Off of Sr VP Dev Econ/Chief Econ (DECVP),http://documents.worldbank.org/curated/en/099449201312441737/IDU12354a7cd103c314993198571ea404b85aecb,"Behrer,Arnold Patrick","Heft-Neal,Sam","In Most Low- and Middle-Income Countries
            Pollution Levels Are Higher in Wealthier Areas",34249090,"Air pollution is a major threat to
            health, and the dangers are particularly acute in low- and
            middle-income countries. However, little is known about how
            the burden of pollution is spread across the wealth
            distribution in these countries. This paper uses new data
            providing high-resolution wealth estimates for more than 100
            low- and middle-income countries, combined with equally
            high-resolution estimates of air pollution, to estimate how
            wealth is correlated with ambient air pollution around the
            world. The findings show that on average air pollution is
            positively correlated with wealth, but the relationship is
            highly heterogeneous across countries. The fact that air
            pollution and wealth are both disproportionately high in
            urban areas, where economic activity is largely
            concentrated, appears to drive this relationship. When the
            analysis is limited to anthropogenic sources of pollution,
            the relationship becomes less heterogeneous and more
            systematically positive. The paper also examines the
            relationship between pollution exposure and wealth within
            large cities around the world. Again, the findings show
            substantial heterogeneity across cities. The paper explores
            several hypotheses for this heterogeneity but does not find
            a single explanation. Economic concentration within cities
            appears to explain some of the relationship. Cities with
            more concentrated economic opportunity tend to have more
            positive correlations between pollution and wealth.",,,,,,,,
33,34249700,Africa,Policy Research Working Paper,2024-02-01T00:00:00Z,Publications & Research,"Policy Research working paper ; no. WPS
            10690; PEOPLE","The Growth Elasticity of Poverty
            : Is Africa Any Different ?",http://documents.worldbank.org/curated/en/099312502012418681/pdf/IDU1e36a6afa14bb414e6c192e61c45a54f4b453.pdf,/research/2024/02/34249700/growth-elasticity-poverty-africa-different,http://documents.worldbank.org/curated/en/099312502012418681/IDU1e36a6afa14bb414e6c192e61c45a54f4b453,2024/02/34249700/IDU1e36a6afa14bb414e6c192e61c45a54f4b453,099312502012418681,Off of Sr VP Dev Econ/Chief Econ (DECVP),http://documents.worldbank.org/curated/en/099312502012418681/IDU1e36a6afa14bb414e6c192e61c45a54f4b453,"Wu,Haoyu","Atamanov,Aziz","The Growth Elasticity of Poverty : Is Africa
            Any Different ?",34249700,"On current trends, the future of
            global poverty reduction will be determined by Sub-Saharan
            Africa. Yet even during Sub-Saharan Africa’s period of high
            economic growth — roughly corresponding to the first decade
            and a half of the 2000s — the extent to which this growth
            translated into improved living standards for African
            households was hotly debated. This paper revisits the issue
            of Sub-Saharan Africa’s relatively low growth elasticity of
            poverty using a sample of 575 successive and comparable
            growth spells between 1981 and 2021. The findings confirm
            that, even controlling for initial differences in poverty,
            income levels, and inequality, Sub-Saharan Africa
            consistently had a significantly lower growth elasticity of
            poverty relative to other regions over this period. The
            lower growth elasticity of poverty, which has remained
            unchanged over time, is due to a lower passthrough between
            growth in gross domestic product per capita (or growth in
            household final consumption expenditure as measured by
            national accounts) and growth in household consumption
            expenditures as measured from surveys. Given the low
            passthrough of economic growth to households, Africa thus
            needs higher rates of economic growth than its peer
            countries in other regions to achieve equal rates of poverty
            reduction. Given the challenge of achieving this in the
            current global economic environment, success in reducing
            global poverty will require a focused effort to strengthen
            the effect of aggregate economic growth on household welfare
            in Sub-Saharan Africa. The results suggest that this will
            require (i) improved provision of basic education services
            and basic infrastructure, (ii) faster structural
            transformation, and (iii) a decrease in the occurrence and
            persistence of violent conflicts.","Bundervoet,Tom","Paci,Pierella",,,,,,
34,34249732,"Iran (Islamic Republic Of,Iraq",Policy Research Working Paper,2024-02-01T00:00:00Z,Publications & Research,"Policy Research working paper ; no. WPS
            10691; MNACE labor and gender research programs; PEOPLE","The Long-Term and
            Gender-Equalizing Impacts of the Islamic Republic of
            Iran-Iraq War in 1980–88 on School Access and Labor Market Performance",http://documents.worldbank.org/curated/en/099349102012434554/pdf/IDU1f87e964d10cb614d3219bdd1759b52b0527b.pdf,/research/2024/02/34249732/long-term-gender-equalizing-impacts-islamic-republic-iran-iraq-war-1980–88-school-access-labor-market-performance,http://documents.worldbank.org/curated/en/099349102012434554/IDU1f87e964d10cb614d3219bdd1759b52b0527b,2024/02/34249732/IDU1f87e964d10cb614d3219bdd1759b52b0527b,099349102012434554,Off of Sr VP Dev Econ/Chief Econ (DECVP),http://documents.worldbank.org/curated/en/099349102012434554/IDU1f87e964d10cb614d3219bdd1759b52b0527b,"Xuan Hoang,Trung",,"The Long-Term and Gender-Equalizing Impacts
            of the Islamic Republic of Iran-Iraq War in 1980–88 on
            School Access and Labor Market Performance",34249732,"This paper uses the context of the
            Islamic Republic of Iran-Iraq war in 1980–88 to study the
            long-term impacts of exposure to the war during school years
            on educational attainment and labor market outcomes in Iraq.
            The analysis uses an event study and the Iraq Household
            Socio-Economic Surveys 2006–2007. The findings show that the
            Islamic Republic of Iran-Iraq conflict had a negative impact
            on the social welfare of men who were exposed to the war,
            including on social security, pension plan, health care,
            paid leave, and job permanence, while little impact on women
            is found. Additionally, the conflict reduced wages for both
            men and women. Furthermore, men who were exposed to the
            conflict were more likely to work in dangerous jobs or
            without air conditioning, while no evidence on this is found
            for women. The paper also shows the impact of the intensity
            of the Islamic Republic of Iran-Iraq war on educational
            attainment and labor market outcomes. It documents the
            education channel through which the war affects labor market
            outcomes, showing that the war decreased the educational
            levels of men and women born between 1971 and 1981. The
            findings are robust to a variety of robustness checks and
            falsification tests.",,,,,,,,
35,34249852,World,Policy Research Working Paper,2024-02-01T00:00:00Z,Publications & Research,"Policy Research working paper ; no. WPS
            10692; MNACE labor and gender research programs; PEOPLE; RRR","Breadwinners and Caregivers :
            Examining the Global Relationship between Gender Norms and
            Economic Behavior",http://documents.worldbank.org/curated/en/099821402012437374/pdf/IDU1bf06cd191699f1462f18236168ed5e5295bf.pdf,/research/2024/02/34249852/breadwinners-caregivers-examining-global-relationship-between-gender-norms-economic-behavior,http://documents.worldbank.org/curated/en/099821402012437374/IDU1bf06cd191699f1462f18236168ed5e5295bf,2024/02/34249852/IDU1bf06cd191699f1462f18236168ed5e5295bf,099821402012437374,,http://documents.worldbank.org/curated/en/099821402012437374/IDU1bf06cd191699f1462f18236168ed5e5295bf,"Goldstein,Markus P.","Gonzalez Martinez,Paula Lorena","Breadwinners and Caregivers : Examining the
            Global Relationship between Gender Norms and Economic Behavior",34249852,"Gender norms are often emphasized to
            help explain gender gaps in the labor market. This paper
            examines global patterns of gender attitudes and norms
            toward the stereotypical gender roles of the male
            breadwinner and female caregiver, and broad support for
            gender equality in opportunities, and studies their
            relationship with economic behavior. Using data collected
            via Facebook from 150,000 individuals across 111 countries
            the paper explores how gender beliefs and norms are related
            to labor supply, household production, and intrahousehold
            decision-making power within a country. The paper provides
            descriptive evidence that the more gender equitable or
            counter-stereotypical are beliefs and norms, the more likely
            women are to work, the more time men spend on household
            chores, and the higher the likelihood of joint
            decision-making among couples. The findings suggest an
            underestimation of the support for gender equality globally
            and the extent of underestimation varies by gender and
            region. The paper concludes with a discussion of potential
            entry points for policy to help address gender norms.","Kilic,Talip","Papineni,Sreelakshmi","Wollburg,Philip Randolph",,,,,
36,34252495,Tunisia,Policy Research Working Paper,2024-02-06T00:00:00Z,Publications & Research,"Policy Research working paper ; no. WPS
            10693; MNACE labor and gender research programs; PEOPLE","Tackling Gender Discriminatory
            Inheritance Law Privately : Lessons from a Survey Experiment
            in Tunisia",http://documents.worldbank.org/curated/en/099804402052432900/pdf/IDU16715ac0d1906814580188631d44bf194b848.pdf,/research/2024/02/34252495/tackling-gender-discriminatory-inheritance-law-privately-lessons-survey-experiment-tunisia,http://documents.worldbank.org/curated/en/099804402052432900/IDU16715ac0d1906814580188631d44bf194b848,2024/02/34252495/IDU16715ac0d1906814580188631d44bf194b848,099804402052432900,,http://documents.worldbank.org/curated/en/099804402052432900/IDU16715ac0d1906814580188631d44bf194b848,"Hauser,Christina Sarah",,"Tackling Gender Discriminatory Inheritance
            Law Privately : Lessons from a Survey Experiment in Tunisia",34252495,"When reform of gender discriminatory
            law fails, individual action can offer a second-best
            solution. As most Muslim-majority countries, Tunisia applies
            Islamic inheritance law, systematically favoring sons over
            daughters. By making gifts to their daughter, parents can
            privately attenuate gender discrimination in inheritance.
            This study investigates to what extent gifting can represent
            an alternative to legal reform and for whom. Within a
            randomized experiment, this study tests whether providing
            information on public support for inheritance law reform
            and/or the possibility to make a gift to one’s daughter has
            a causal impact on individual attitudes towards women’s
            right to inheritance. The overall evidence on the
            effectiveness of the proposed informational treatments to
            encourage gifting is mixed. However, approval of gifting
            daughters is high—especially among the wealthy. Men are more
            likely to gift than women. By contrast, demand for legal
            reform is significantly higher among women and individuals
            with low educational attainment. The findings thus suggest
            that gifting indeed represents an alternative to legal
            reform; but mostly for a relatively well-off subset of the
            population, leaving the agency to the traditionally male
            head of the family.",,,,,,,,
37,34252504,Morocco,Policy Research Working Paper,2024-02-05T00:00:00Z,Publications & Research,"Policy Research working paper ; no. WPS
            10694; MNACE labor and gender research programs; PEOPLE","Gender Role Attitudes, Perceived
            Norms, and the ""Double Burden'' in Morocco",http://documents.worldbank.org/curated/en/099822202052424136/pdf/IDU18821daf01292214ebc1865c19a2c631d7d2f.pdf,/research/2024/02/34252504/gender-role-attitudes-perceived-norms-double-burden-morocco,http://documents.worldbank.org/curated/en/099822202052424136/IDU18821daf01292214ebc1865c19a2c631d7d2f,2024/02/34252504/IDU18821daf01292214ebc1865c19a2c631d7d2f,099822202052424136,Off of Sr VP Dev Econ/Chief Econ (DECVP),http://documents.worldbank.org/curated/en/099822202052424136/IDU18821daf01292214ebc1865c19a2c631d7d2f,"Barnett,Carolyn Louise",,"Gender Role Attitudes, Perceived Norms, and
            the ""Double Burden'' in Morocco",34252504,"To what extent do attitudes and
            perceived norms around household roles hinder the emergence
            of more gender-equal distributions of labor in Morocco
            Moroccan women undertake a disproportionate share of unpaid
            household and care labor and participate in the labor force
            at low rates. Yet everyday practices are shifting, and
            normative expectations may be as well. From an online survey
            of predominantly urban, employed Moroccans, this paper finds
            that respondents aspire for men to be equal contributors in
            care tasks. Yet, unpaid labor burdens remain highly unequal,
            respondents disfavor men taking primary responsibility for
            cooking or cleaning, and women's share of household
            labor correlates with perceptions of what men prefer more
            than with individuals' actual preferences. Results from
            a conjoint survey experiment measuring preferences around
            employment and the household division of labor confirm
            respondents' interest in more egalitarian relations in
            principle, but also suggest that strong preferences for a
            male breadwinner family model will continue to drive an
            unequal distribution of labor at home.",,,,,,,,
38,34254016,World,Policy Research Working Paper,2024-02-07T00:00:00Z,Publications & Research,"Policy Research working paper ; no. WPS
            10695; LSMS; KCP; PEOPLE","Recording the Time Divide : A
            Comparative Study of Smartphone- and Recall-Based Approaches
            to Time Use Measurement",http://documents.worldbank.org/curated/en/099814102072416574/pdf/IDU195d006a6196d314cc21a96310b5efaaff3cd.pdf,/research/2024/02/34254016/recording-time-divide-comparative-study-smartphone--recall-based-approaches-time-use-measurement,http://documents.worldbank.org/curated/en/099814102072416574/IDU195d006a6196d314cc21a96310b5efaaff3cd,2024/02/34254016/IDU195d006a6196d314cc21a96310b5efaaff3cd,099814102072416574,Off of Sr VP Dev Econ/Chief Econ (DECVP),http://documents.worldbank.org/curated/en/099814102072416574/IDU195d006a6196d314cc21a96310b5efaaff3cd,"Kilic,Talip","Koolwal,Gayatri B.","Recording the Time Divide : A Comparative
            Study of Smartphone- and Recall-Based Approaches to Time Use Measurement",34254016,"Based on a randomized survey
            experiment in Malawi, this study examines how innovative
            techniques in time use data collection could sidestep
            measurement concerns with traditional recall-based time use
            measurement. The experiment assigns random samples of
            households, and adult men and women within, to one of two
            treatment arms on time use measurement: a traditional
            24-hour recall time use diary, and a self-administered
            smartphone-based pictorial time diary, known as the
            TimeTracker app, for real-time data collection. Compared to
            the recall arm, participation in employment and unpaid
            domestic and care work is shown to be higher in the
            smartphone arm for both men and women. The resulting
            estimates of gender gaps, while continuing to be large, are
            narrower in the smartphone arm, except for care work where
            the estimated gender gap increases. The recall treatment
            leads to substantial underreporting of activities after 6
            pm, which otherwise accounts for nearly 30 percent of daily
            reported time in the smartphone arm. Likewise, the extent of
            simultaneous activities, particularly among women, is
            markedly lower in the recall arm. The overall reported time
            is, however, higher in the recall arm due to the minimum
            15-minute duration that was used for recording activities
            the 24-hour recall diary, while over one-third of activities
            lasted less than 15 minutes in the smartphone arm. The
            analysis also shows that using stylized time use questions
            with a 7-day recall, as opposed to a 24-hour recall diary,
            results in an even greater overestimation of reported time
            in employment and unpaid work.","Vundru,Wilbert Drazi","Daum,Thomas Lothar Georg","Buchwald,Hannes","Seymour,Greg","Mvula,Peter Mathias","Munthali,Alister Chaundumuka","Kachinjika,Monice",
39,34254084,World,Policy Research Working Paper,2024-02-07T00:00:00Z,Publications & Research,"Policy Research working paper ; no. WPS
            10696; PLANET","Turning Risks into Reward :
            Diversifying the Global Value Chains of Decarbonization Technologies",http://documents.worldbank.org/curated/en/099936402072438837/pdf/IDU127b390ef1155014bd91aea9110575d799ce6.pdf,/research/2024/02/34254084/turning-risks-reward-diversifying-global-value-chains-decarbonization-technologies,http://documents.worldbank.org/curated/en/099936402072438837/IDU127b390ef1155014bd91aea9110575d799ce6,2024/02/34254084/IDU127b390ef1155014bd91aea9110575d799ce6,099936402072438837,Off of Sr VP Dev Econ/Chief Econ (DECVP),http://documents.worldbank.org/curated/en/099936402072438837/IDU127b390ef1155014bd91aea9110575d799ce6,"Rosenow,Samuel Kaspar","Mealy,Penelope Ann","Turning Risks into Reward : Diversifying the
            Global Value Chains of Decarbonization Technologies",34254084,"Reaching net-zero emissions by 2050
            requires unprecedented scaling up in the global deployment
            of critical decarbonization technologies, such as solar
            photovoltaics, wind turbines, and electric vehicles. This
            challenge is currently rife with both risks and rewards:
            while securing an adequate supply of these technologies has
            become an urgent policy priority for many countries, their
            high-growth global value chains also offer lucrative
            benefits for those able to meet the burgeoning global
            demand. Although recent policy responses have sought to
            nearshore production to reduce risks and capitalize on
            rewards, this paper instead lays out an evidence-based
            strategy to help diversify the global value chains of
            decarbonization technologies across countries with latent
            production capabilities and resource endowments. To that
            end, it constructs a new dataset of traded products,
            components, and materials associated with decarbonization
            technologies; develops new indexes capturing countries’
            current export strengths and future diversification
            potential in these global value chains; and highlights
            products with supply risks due to high market concentration
            levels and those with development rewards in terms of their
            potential for growth, knowledge spillovers, and
            technological upgrading. Taken together, the evidence
            supports the idea that there is plenty of opportunity to
            diversify these value chains across a larger number of
            countries to avoid the risks associated with reliance on
            only a few countries.",,,,,,,,
40,34254549,World,Policy Research Working Paper,2024-02-08T00:00:00Z,Publications & Research,"Policy Research working paper ; no. WPS
            10697; PEOPLE","Does Global Warming Worsen
            Poverty and Inequality ? An Updated Review",http://documents.worldbank.org/curated/en/099455202082432489/pdf/IDU1f816eef91ee7914e9f1ac0216dd1d09d0264.pdf,/research/2024/02/34254549/global-warming-worsen-poverty-inequality-updated-review,http://documents.worldbank.org/curated/en/099455202082432489/IDU1f816eef91ee7914e9f1ac0216dd1d09d0264,2024/02/34254549/IDU1f816eef91ee7914e9f1ac0216dd1d09d0264,099455202082432489,,http://documents.worldbank.org/curated/en/099455202082432489/IDU1f816eef91ee7914e9f1ac0216dd1d09d0264,"Dang,Hai-Anh H.","Hallegatte,Stephane","Does Global Warming Worsen Poverty and
            Inequality ? An Updated Review",34254549,"This paper offers an updated and
            comprehensive review of recent studies on the impact of
            climate change, particularly global warming, on poverty and
            inequality, paying special attention to data sources as well
            as empirical methods. While studies consistently find
            negative impacts of higher temperature on poverty across
            different geographical regions, with higher vulnerability
            especially in poorer Sub-Saharan Africa, there is
            inconclusive evidence on climate change impacts on
            inequality. Further analysis of a recently constructed
            global database at the subnational unit level derived from
            official national household income and consumption surveys
            shows that temperature change has larger impacts in the
            short term and more impacts on chronic poverty than
            transient poverty. The results are robust to different model
            specifications and measures of chronic poverty and are more
            pronounced for poorer countries. The findings offer relevant
            inputs into current efforts to fight climate change.","Trinh,Trong-Anh",,,,,,,
41,34254581,Malawi,Policy Research Working Paper,2024-02-08T00:00:00Z,Publications & Research,"Policy Research working paper ; no. WPS
            10698; LSMS; PEOPLE; RRR","Are Unit Values Reliable Proxies
            for Prices ? Implications of Better Price Data for Household
            Consumption Measurement in a Low-Income Context",http://documents.worldbank.org/curated/en/099523402082423712/pdf/IDU1ca3149d119ea014c5c1a1f7114388f64a05e.pdf,/research/2024/02/34254581/unit-values-reliable-proxies-prices-implications-better-price-data-household-consumption-measurement-low-income-context,http://documents.worldbank.org/curated/en/099523402082423712/IDU1ca3149d119ea014c5c1a1f7114388f64a05e,2024/02/34254581/IDU1ca3149d119ea014c5c1a1f7114388f64a05e,099523402082423712,Off of Sr VP Dev Econ/Chief Econ (DECVP),http://documents.worldbank.org/curated/en/099523402082423712/IDU1ca3149d119ea014c5c1a1f7114388f64a05e,"Alimi,Omoniyi Babatunde","Vundru,Wilbert Drazi","Are Unit Values Reliable Proxies for Prices
            ? Implications of Better Price Data for Household
            Consumption Measurement in a Low-Income Context",34254581,"Household Consumption and Expenditure
            Surveys are key to consumption-based monetary poverty
            measurement. In the absence of market price surveys that are
            linked to Household Consumption and Expenditure Surveys,
            unit values are used as proxies for market prices in
            estimating nominal consumption aggregates, price deflators,
            poverty lines, and poverty statistics. This practice relies
            on the Hicksian separability assumption: within-commodity
            group relative prices are constant across space and the
            price of a single good is an accurate proxy for the
            commodity group price. To test, for the first time in a
            low-income context, whether Hicksian separability holds,
            this paper uses the price data collected for an extensive
            list of food items, including several
            variety/quality-differentiated products for specific items,
            in a national market survey that was conducted in Malawi in
            sync with the Household Consumption and Expenditure Survey
            that is the source of official poverty statistics. The
            analysis demonstrates that Hicksian separability fails to
            hold across space and time and that unit values are biased
            proxies for prices. Integrating the Household Consumption
            and Expenditure Survey and market survey data based on
            location and timing of fieldwork permits an assessment of
            consumption and poverty estimation based on market prices
            versus unit values. Relative to unit values, using market
            prices leads to higher food and overall consumption
            expenditures—both in nominal and real terms—while generating
            higher poverty lines and higher food and overall poverty
            rates. Compared to their counterparts based on unit values,
            spatially-disaggregated poverty estimates based on market
            prices exhibit a stronger correlation with nightlights —an
            objective proxy for living standards.","Kilic,Talip",,,,,,,
42,34255210,Haiti,Policy Research Working Paper,2024-02-09T00:00:00Z,Publications & Research,"Policy Research working paper ; no. WPS
            10699; PROSPERITY","Household Vulnerability and
            Preparedness for Disasters in Haiti",http://documents.worldbank.org/curated/en/099410402092437974/pdf/IDU1a9bbd8131fc9b147fd182b912a5ee3360289.pdf,/research/2024/02/34255210/household-vulnerability-preparedness-disasters-haiti,http://documents.worldbank.org/curated/en/099410402092437974/IDU1a9bbd8131fc9b147fd182b912a5ee3360289,2024/02/34255210/IDU1a9bbd8131fc9b147fd182b912a5ee3360289,099410402092437974,Off of Sr VP Dev Econ/Chief Econ (DECVP),http://documents.worldbank.org/curated/en/099410402092437974/IDU1a9bbd8131fc9b147fd182b912a5ee3360289,"Canavire Bacarreza,Gustavo Javier","Carrasco,Naraya","Household Vulnerability and Preparedness for
            Disasters in Haiti",34255210,"This paper examines the socioeconomic
            factors correlated with vulnerability to natural hazards,
            using unique data from the High-Frequency Phone Surveys
            conducted in Haiti in 2021, 2022, and 2023. The results
            indicate a high overall exposure to hazards, with a
            significant number of individuals living in households
            facing the threat of multiple hazards. The analysis finds
            that disaster preparedness is generally low, with the
            poorest households experiencing the most significant
            challenges. Households in the bottom two wealth quintiles
            are less likely to have the necessary supplies to prepare
            adequately for and respond to disasters compared to those in
            the upper quintiles. Moreover, the level of education of the
            household head and access to the internet are found to be
            correlated with the likelihood of having better disaster
            preparedness. This suggests that higher levels of education
            and internet access play a significant role in improving
            preparedness levels among households. Overall, these
            findings highlight the importance of addressing
            socioeconomic factors when developing strategies to enhance
            resilience to natural hazards. By focusing on improving
            disaster preparedness among the most vulnerable households
            and promoting education and internet access, policy makers
            can mitigate the negative impacts of natural disasters on
            affected communities.","Cardona Botero,Marlen Yamilet","Nsababera,Olive Umuhire",,,,,,B
43,34256610,Philippines,Policy Research Working Paper,2024-02-12T00:00:00Z,Publications & Research,"Policy Research working paper ; no. WPS
            10700; RRR; PEOPLE","Indigenous peoples, land and
            conflict in Mindanao, Philippines",http://documents.worldbank.org/curated/en/099605402122420595/pdf/IDU1344414f71079c143dd1826b1a7e6ecd4a71d.pdf,/research/2024/02/34256610/indigenous-peoples-land-conflict-mindanao-philippines,http://documents.worldbank.org/curated/en/099605402122420595/IDU1344414f71079c143dd1826b1a7e6ecd4a71d,2024/02/34256610/IDU1344414f71079c143dd1826b1a7e6ecd4a71d,099605402122420595,,http://documents.worldbank.org/curated/en/099605402122420595/IDU1344414f71079c143dd1826b1a7e6ecd4a71d,"Madrigal Correa,Alma Lucia","Cuesta Leiva,Jose Antonio","Indigenous peoples, land and conflict in
            Mindanao, Philippines",34256610,"This article explores the links
            between conflict, land and indigenous peoples in several
            regions of Mindano, the Philippines, notorious for their
            levels of poverty and conflict. The analysis takes advantage
            of the unprecedented concurrence of data from the most
            recent, 2020, census; an independent conflict data monitor
            for Mindanao; and administrative sources on ancestral land
            titling for indigenous peoples in the Philippines. While
            evidence elsewhere compellingly links land titling with
            conflict reduction, a more nuanced story emerges in the
            Philippines. Conflicts, including land- and resource-related
            conflicts, are generally less likely in districts
            (barangays) with higher shares of indigenous peoples.
            Ancestral domain areas also have a lower likelihood for
            general conflict but a higher likelihood for land-related
            conflict. Ancestral domains titling does not automatically
            solve land-related conflicts. When administrative delays
            take place (from cumbersome bureaucratic processes,
            insufficient resources and weak institutional capacity),
            titling processes may lead to sustained, rather than
            decreased, conflict.","Somerville,Sergio Patrick",,,,,,,
44,34256684,India,Policy Research Working Paper,2024-02-12T00:00:00Z,Publications & Research,"Policy Research working paper ; no. WPS
            10701; INFRASTRUCTURE","Gender-Specific Transportation
            Costs and Female Time Use : Evidence from India’s Pink Slip Program",http://documents.worldbank.org/curated/en/099818202122438574/pdf/IDU1d307646a185e114fe31a5d5182d8e0dd0305.pdf,/research/2024/02/34256684/gender-specific-transportation-costs-female-time-use-evidence-india’s-pink-slip-program,http://documents.worldbank.org/curated/en/099818202122438574/IDU1d307646a185e114fe31a5d5182d8e0dd0305,2024/02/34256684/IDU1d307646a185e114fe31a5d5182d8e0dd0305,099818202122438574,Off of Sr VP Dev Econ/Chief Econ (DECVP),http://documents.worldbank.org/curated/en/099818202122438574/IDU1d307646a185e114fe31a5d5182d8e0dd0305,"Chen,Yutong","Cosar,Kerem","Gender-Specific Transportation Costs and
            Female Time Use : Evidence from India’s Pink Slip Program",34256684,"This paper estimates a synthetic
            difference-in-differences specification on the roll-out of a
            program providing free bus transit for women in several
            Indian states, to examine the impact on women’s time
            allocation and labor supply. Household expenditures on buses
            fall and women save time on travel. However, there is
            substantial heterogeneity. Skilled employed women increase
            labor supply and reduce time on household chores.
            Low-skilled married women increase time on household
            activities and reduce labor supply. Unemployed women
            increase job search with no effect on employment. The
            findings show that gender roles within households undermine
            the effect of gender-specific travel subsidies on female
            labor supply.","Ghose,Devaki","Mahendru,Shirish","Sekhri,Sheetal",,,,,
45,34257481,Bolivia,Policy Research Working Paper,2024-02-13T00:00:00Z,Publications & Research,"Policy Research working paper ; no. WPS
            10702; PROSPERITY; RRR","Beyond the Usual : Understanding
            the Multidimensional Nature of Job Quality in Bolivia’s
            Labor Market",http://documents.worldbank.org/curated/en/099348302132436280/pdf/IDU18b26459614fd01419e187b114ef9dc2c94ee.pdf,/research/2024/02/34257481/beyond-usual-understanding-multidimensional-nature-job-quality-bolivia’s-labor-market,http://documents.worldbank.org/curated/en/099348302132436280/IDU18b26459614fd01419e187b114ef9dc2c94ee,2024/02/34257481/IDU18b26459614fd01419e187b114ef9dc2c94ee,099348302132436280,,http://documents.worldbank.org/curated/en/099348302132436280/IDU18b26459614fd01419e187b114ef9dc2c94ee,"Canavire Bacarreza,Gustavo Javier","Cueva,Ronald A.","Beyond the Usual : Understanding the
            Multidimensional Nature of Job Quality in Bolivia’s Labor Market",34257481,"Job quality can impact workers’
            productivity and contribute to societal well-being. To
            analyze the evolution of job quality in Bolivia, this paper
            employs Bolivian household survey data spanning 2007 to 2021
            to construct a synthetic job quality index. The index
            incorporates a broad definition of a good job, encompassing
            six dimensions: adherence to regulations, working
            conditions, establishment of an appropriate wage-job
            linkage, productive usage and adaptability of skills,
            availability of career opportunities, and employment
            resilience. The findings indicate that job quality in
            Bolivia has mostly remained incessant, exhibiting limited
            change even during periods of high growth in economic
            output. However, this result masks heterogeneities, with
            significant variation in job quality associated with
            workers’ demographic and job-specific characteristics and
            across regions.","Davalos,Maria Eugenia",,,,,,,
46,34258473,Africa,Policy Research Working Paper,2024-02-14T00:00:00Z,Publications & Research,"Policy Research working paper ; no. WPS
            10703; PEOPLE","Urban Informality in Sub-Saharan
            Africa : Profiling Workers and Firms in an Urban Context",http://documents.worldbank.org/curated/en/099417402142413528/pdf/IDU1e9d2d68a110ad14aaa1af9a110e90bd603f1.pdf,/research/2024/02/34258473/urban-informality-sub-saharan-africa-profiling-workers-firms-urban-context,http://documents.worldbank.org/curated/en/099417402142413528/IDU1e9d2d68a110ad14aaa1af9a110e90bd603f1,2024/02/34258473/IDU1e9d2d68a110ad14aaa1af9a110e90bd603f1,099417402142413528,Off of Sr VP Dev Econ/Chief Econ (DECVP),http://documents.worldbank.org/curated/en/099417402142413528/IDU1e9d2d68a110ad14aaa1af9a110e90bd603f1,"Cunningham,Wendy","Newhouse,David Locke","Urban Informality in Sub-Saharan Africa :
            Profiling Workers and Firms in an Urban Context",34258473,"This paper describes the state of
            informal sector work in urban Sub-Saharan Africa, using
            household surveys from 26 countries representing 61 percent
            of the population of Sub-Saharan Africa and firm surveys
            from three countries. Five main conclusions emerge. First,
            the urban informal sector is large and persistent in
            Sub-Saharan Africa. Approximately 56 to 65 percent of urban
            workers are informal, half of whom are self-employed. Data
            from five countries suggest little systematic reduction in
            the prevalence of informality during the 2010s. Second,
            heterogeneity in the African informal sector cuts along
            demographic lines. Women are overrepresented in informal
            self-employment, men in informal wage work, and youth in
            unpaid employment. Third, while the urban informal workers
            are, on average, poorer and in less-skilled occupations than
            formal sector workers, the majority are not extremely poor
            and are in mid-skilled occupations. Fourth, informal
            enterprises are small and are challenged to survive and grow
            into job-creating firms. Few find much benefit from
            registration given the costs, both monetary (taxes) and
            transactional (information about the registration process).
            Fifth, access to urban public services (utilities) is weakly
            associated with the probability of working in an informal
            job, although access to mobile phones is high across all job
            types. If thriving urban jobs are to contribute to economic
            and social development in Africa, it will be crucial for
            policies and programs to take into consideration the
            heterogeneity in jobs, the profile of workers, and the urban context.","Ricaldi,Federica","Tchuisseu Seuyong,Feraud","Viollaz,Mariana","Edochie,Ifeanyi Nzegwu",,,,
47,34258623,World,Policy Research Working Paper,2024-02-14T00:00:00Z,Publications & Research,"Policy Research working paper ; no. WPS
            10704; PROSPERITY","What Lies Behind “Good”
            Analytical Work on Development ? Four Years of Knowledge
            Products at the World Bank",http://documents.worldbank.org/curated/en/099903402142440751/pdf/IDU13f9a323e1cde614afd1a3ad14b8f54a61674.pdf,/research/2024/02/34258623/lies-behind-“good”-analytical-work-development-four-years-knowledge-products-world-bank,http://documents.worldbank.org/curated/en/099903402142440751/IDU13f9a323e1cde614afd1a3ad14b8f54a61674,2024/02/34258623/IDU13f9a323e1cde614afd1a3ad14b8f54a61674,099903402142440751,Off of Sr VP Dev Econ/Chief Econ (DECVP),http://documents.worldbank.org/curated/en/099903402142440751/IDU13f9a323e1cde614afd1a3ad14b8f54a61674,"Rama,Martin G.","Singh,Rucheta","What Lies Behind “Good” Analytical Work on
            Development ? Four Years of Knowledge Products at the World Bank",34258623,"The World Bank’s analytical work has
            a strong reputation, but its knowledge products are also
            perceived to be of varying quality and relevance, and the
            drivers of this heterogeneity are only partially understood.
            Building on previous evaluations, this paper adopts a
            production function approach to assess how budget resources,
            time to completion, technical skills, and institutional
            responsibilities affect the internal ratings and external
            visibility of different types of analytical tasks at the
            World Bank. To this effect, the paper first matches records
            from three unconnected electronic platforms — for internal
            documents, budget codes, and external publications — to
            assemble a comprehensive database of knowledge products and
            their key characteristics. With analytical documents as its
            unit of observation, the exercise shows that: (1) devoting
            more resources to analytical tasks leads to both better
            ratings and greater visibility; (2) both outcomes are
            systematically worse when a greater share of resources comes
            from trust funds; (3) they are also consistently worse for
            tasks that take longer to complete; (4) more academically
            oriented team leaders underperform on ratings and
            overperform on visibility, whereas technically solid but
            less stellar team leaders overperform on ratings; and (5)
            everything else equal, performance varies systematically
            with the nature of the unit in charge. The findings of the
            paper can be read as a cautionary note against knowledge
            management that is based on the counting of analytical
            tasks. Instead, the findings call for much stronger
            information systems on knowledge products, a better
            alignment of incentives for the units in charge, and regular
            evaluations in the spirit of this paper.","Aslam,Aiza",,,,,,,
48,34259647,"Iran, Islamic Republic of",Policy Research Working Paper,2024-02-15T00:00:00Z,Publications & Research,"Policy Research working paper ; no. WPS
            10705; PROSPERITY; MNACE labor and gender research programs;
            COVID-19 (Coronavirus)","The Gendered Impact of the
            COVID-19 Crisis on the Iranian Labor Market",http://documents.worldbank.org/curated/en/099818302152432113/pdf/IDU11cf387c91f3f0147751b94213db464cbae01.pdf,/research/2024/02/34259647/gendered-impact-covid-19-crisis-iranian-labor-market,http://documents.worldbank.org/curated/en/099818302152432113/IDU11cf387c91f3f0147751b94213db464cbae01,2024/02/34259647/IDU11cf387c91f3f0147751b94213db464cbae01,099818302152432113,Off of Sr VP Dev Econ/Chief Econ (DECVP),http://documents.worldbank.org/curated/en/099818302152432113/IDU11cf387c91f3f0147751b94213db464cbae01,"Redaelli,Silvia",,"The Gendered Impact of the COVID-19 Crisis
            on the Iranian Labor Market",34259647,"Despite sizable government
            interventions to sustain the economy, in the first year of
            the pandemic (2021/22), approximately 1 million jobs were
            lost in the Islamic Republic of Iran, and labor force
            participation contracted by 3 percentage points. Iranian
            women were the most affected: two out of three jobs lost
            between 2019/20 and 2020/21 were previously held by women.
            The gendered impact of the crisis contributed to widening
            Iranian women’s disadvantage in the labor market. Most
            importantly, the gains in female labor force participation
            that had slowly accumulated since 2011 vanished. Consistent
            with what is observed in other countries, women with young
            children were the most affected by the crisis. The combined
            effect of school closures and unequal intra-household
            allocation of care responsibilities, associated with
            prevailing gender norms, pushed Iranian women with children
            out of the labor force. Whether or not these trends will be
            reversed as the management of the COVID-19 pandemic is
            normalized and the economy recovers from the crisis remains
            an important policy question.",,,,,,,,
49,34261583,Middle East and North Africa,Policy Research Working Paper,2024-02-20T00:00:00Z,Publications & Research,"Policy Research working paper ; no. WPS
            10706; PROSPERITY; RRR","How Large Are the Economic
            Dividends from Closing Gender Employment Gaps in the Middle
            East and North Africa ?",http://documents.worldbank.org/curated/en/099530002202434373/pdf/IDU1ab7478451463c145e41b0f412fced4be7ecd.pdf,/research/2024/02/34261583/large-economic-dividends-closing-gender-employment-gaps-middle-east-north-africa,http://documents.worldbank.org/curated/en/099530002202434373/IDU1ab7478451463c145e41b0f412fced4be7ecd,2024/02/34261583/IDU1ab7478451463c145e41b0f412fced4be7ecd,099530002202434373,,http://documents.worldbank.org/curated/en/099530002202434373/IDU1ab7478451463c145e41b0f412fced4be7ecd,"Fiuratti,Federico Ivan","Pennings,Steven Michael","How Large Are the Economic Dividends from
            Closing Gender Employment Gaps in the Middle East and North
            Africa ?",34261583,"This paper quantifies the gains in
            gross domestic product per capita from closing gender
            employment gaps in the Middle East and North Africa, using
            three neoclassical growth models. The paper starts with
            baseline impacts from the Gender Employment Gap Index, which
            suggests that in the long run, gross domestic product per
            capita would be around 50 percent higher in the typical
            economy in the region if gender employment gaps were closed
            (mean 54 percent, median 49 percent). However, the gains are
            heterogeneous, ranging from less than 10 percent in Qatar to
            more than 80 percent in the Republic of Yemen. The paper
            then explores short-term gains, when capital is fixed (or
            adjusts slowly), and gains in the medium-term, with sluggish
            implementation of reforms using the Long Term Growth Model,
            which roughly halves the gains (and lowers the gains by more
            than half in resource-rich countries). Finally, the paper
            incorporates the effects of changes in the skill
            distribution in a model incorporating capital-skill
            complementarities in production. Because gender employment
            gaps in the Middle East and North Africa tend to be larger
            among the unskilled, closing these gaps reduces average
            skill levels, moderating long-term gains by 5-10 percentage
            points. However, if women in the Middle East and North
            Africa continue the current trend toward greater educational
            attainment, the gains will be greater than in the baseline.
            All three models—the Gender Employment Gap Index, the Long
            Term Growth Model, and capital-skill complementarities—point
            to large increases in gross domestic product per capita from
            closing gender employment gaps.","Torres Coronado,Jesica",,,,,,,
50,34261590,Ethiopia,Policy Research Working Paper,2024-02-20T00:00:00Z,Publications & Research,"Policy Research working paper ; no. WPS
            10707; RRR; PROSPERITY; LSMS","Presumptive Tax on Small and
            Microenterprises with a Gender Lens in Ethiopia",http://documents.worldbank.org/curated/en/099610502202466295/pdf/IDU1a10001d614c4e1487c188fd1577ebc8aadf7.pdf,/research/2024/02/34261590/presumptive-tax-small-microenterprises-gender-lens-ethiopia,http://documents.worldbank.org/curated/en/099610502202466295/IDU1a10001d614c4e1487c188fd1577ebc8aadf7,2024/02/34261590/IDU1a10001d614c4e1487c188fd1577ebc8aadf7,099610502202466295,Off of Sr VP Dev Econ/Chief Econ (DECVP),http://documents.worldbank.org/curated/en/099610502202466295/IDU1a10001d614c4e1487c188fd1577ebc8aadf7,"Komatsu,Hitomi",,"Presumptive Tax on Small and
            Microenterprises with a Gender Lens in Ethiopia",34261590,"Governments often use simplified
            business tax systems, such as presumptive tax regimes, to
            register and tax small and microenterprises. Despite
            concerns about how such regimes could disproportionately
            affect female-owned and low-revenue entrepreneurs, there is
            a lack of empirical analysis examining the tax burden. The
            presumptive tax in Ethiopia has a complex assessment system,
            where the tax liabilities are determined according to the
            activity type and turnover (99 activities and 19 turnover
            bands), and some activities do not have a tax-free
            threshold. This paper uses two rounds of data in the
            Ethiopian Socioeconomic Surveys and the tax code to analyze
            the equity and gender implications of the presumptive tax on
            small and microenterprises by imputing the effective tax
            rates. There are three key findings. First, the effective
            tax rates are higher for businesses in the lowest quartile
            at 4.3 percent of turnover compared to 1.5 percent for
            businesses in the highest quartile, using the most recent
            survey, resulting in a regressive system. Second, male-owned
            businesses tend to operate in sectors without a tax-free
            threshold and are more likely than female-owned businesses
            to face higher tax rates. Third, the effective tax rates are
            high for businesses in food and beverage services, which is
            female-dominated, and for transit services, which is
            male-dominated, due to the lack of a tax-free threshold for
            these sectors. The study finds that an alternative
            presumptive tax system with a single tax rate on turnover
            and an exemption for all low-revenue businesses would be
            simpler for tax assessment and more progressive.",,,,,,,,
51,34263410,World,Policy Research Working Paper,2024-02-21T00:00:00Z,Publications & Research,"Policy Research working paper ; no. WPS
            10708; PLANET","Costs of Health Care Associated
            Infections from Inadequate Water and Sanitation in Health
            Care Facilities in Eastern and Southern Africa",http://documents.worldbank.org/curated/en/099428002212438578/pdf/IDU1fd9af37311cfe143471843c1e9de76a93d7e.pdf,/research/2024/02/34263410/costs-health-care-associated-infections-inadequate-water-sanitation-health-care-facilities-eastern-southern-africa,http://documents.worldbank.org/curated/en/099428002212438578/IDU1fd9af37311cfe143471843c1e9de76a93d7e,2024/02/34263410/IDU1fd9af37311cfe143471843c1e9de76a93d7e,099428002212438578,Off of Sr VP Dev Econ/Chief Econ (DECVP),http://documents.worldbank.org/curated/en/099428002212438578/IDU1fd9af37311cfe143471843c1e9de76a93d7e,"Hutton,Guy","Chase,Claire","Costs of Health Care Associated Infections
            from Inadequate Water and Sanitation in Health Care
            Facilities in Eastern and Southern Africa",34263410,"In Sub-Saharan Africa, health care
            facilities face critical challenges in water supply,
            sanitation, and hygiene services; health care waste
            management; and environmental cleanliness. With coverage
            below 50 percent, these deficiencies pose significant health
            risks to patients and health care workers, contributing to
            health care–associated infections. Meta-analyses and
            individual studies estimate rates of health care–associated
            infections in Sub-Saharan Africa at between 13 and 30
            percent of hospital admissions, impacting patients,
            families, and health care providers. Rising antimicrobial
            resistance further exacerbates health outcomes and costs. In
            Eastern and Southern Africa, an estimated 3.1 million health
            care–associated infections in 2022 incurred over 320,000
            excess deaths, costing at least US$6 billion, or 1.14
            percent of combined gross domestic product in 2022.
            Investing in comprehensive water supply, sanitation, and
            hygiene and health care waste management can yield
            substantial benefits, with a benefit-cost ratio of 5.8 for
            all economic costs. Beyond preventing health care–associated
            infections, improved cleanliness and infrastructure are
            crucial for patient satisfaction, impacting future health
            care–seeking behavior and health care worker job
            satisfaction. Sub-Saharan African countries should
            prioritize infrastructure investment, budget allocation,
            staffing, and behavioral improvements to enhance the quality
            of health care and mitigate these pressing challenges.","Kennedy-Walker,Ruth Jane",,,,,,,
52,34264690,World,Policy Research Working Paper,2024-02-22T00:00:00Z,Publications & Research,"Policy Research working paper ; no. WPS
            10709; PROSPERITY; RRR",Stages of Diversification Redux,http://documents.worldbank.org/curated/en/099550102222412535/pdf/IDU16395fe8916f1a142331a82011cfc3941da57.pdf,/research/2024/02/34264690/stages-diversification-redux,http://documents.worldbank.org/curated/en/099550102222412535/IDU16395fe8916f1a142331a82011cfc3941da57,2024/02/34264690/IDU16395fe8916f1a142331a82011cfc3941da57,099550102222412535,Off of Sr VP Dev Econ/Chief Econ (DECVP),http://documents.worldbank.org/curated/en/099550102222412535/IDU16395fe8916f1a142331a82011cfc3941da57,"Assem Mohammed G Hassan Ahmed,Hoda","Gatti,Roberta V.",Stages of Diversification Redux,34264690,"The existing literature on
            development and economic diversification finds an inverted-U
            function between these two variables, whereby economies
            diversify as they grow up to a point, after which they start
            specializing. This paper contributes to this literature by
            investigating the stages of diversification over the course
            of development during the past 57 years. The paper
            emphasizes the trajectories of resource-rich and
            resource-poor countries, an issue that has not been covered
            by the extant literature. In addition, the paper studies the
            stages of diversification across three dimensions, namely
            employment, value-added, and exports. Additionally, it
            examines the relationship for services. Non-parametric
            estimations suggest a U-shaped curve between measures of
            economic concentration and per capita income levels, which
            is in line with existing evidence. However, these patterns
            are mainly driven by between-country rather than
            within-country variation, a finding that had been ignored in
            the existing literature. Diversification patterns also
            differ across resource-rich and resource-poor countries:
            Employment and value added in resource-rich countries are on
            average more concentrated at low levels of development while
            in resource poor countries, they are more concentrated at
            high levels of development. In contrast, at all levels of
            development, exports are more concentrated in resource-rich countries.","Lederman,Daniel",,,,,,,
53,34266383,"India,World",Policy Research Working Paper,2024-02-27T00:00:00Z,Publications & Research,"Policy Research working paper ; no. WPS
            10710; INFRASTRUCTURE","Which Firms Drive the Gains from
            Connectivity and Competition ? The Impact of India’s Golden
            Quadrilateral across the Firm Life Cycle",http://documents.worldbank.org/curated/en/099512302262439753/pdf/IDU10670799d15e61144091962a184bed7f1504a.pdf,/research/2024/02/34266383/firms-drive-gains-connectivity-competition-impact-india’s-golden-quadrilateral-across-firm-life-cycle,http://documents.worldbank.org/curated/en/099512302262439753/IDU10670799d15e61144091962a184bed7f1504a,2024/02/34266383/IDU10670799d15e61144091962a184bed7f1504a,099512302262439753,Off of Sr VP Dev Econ/Chief Econ (DECVP),http://documents.worldbank.org/curated/en/099512302262439753/IDU10670799d15e61144091962a184bed7f1504a,"Grover,Arti Goswami","Maloney,William F.","Which Firms Drive the Gains from
            Connectivity and Competition ? The Impact of India’s Golden
            Quadrilateral across the Firm Life Cycle",34266383,"This paper uses the construction of
            India's Golden Quadrilateral (GQ) highway to explore
            the impact of an exogenous increase in market access and
            competition across the firm life cycle and generates four
            findings. First, while exit rates fall for all plants,
            aggregate gains are driven by expansion of young plants.
            Older plants stagnate or contract, consistent with the
            challenges of increased competition for incumbents. Second,
            the benefits of connectivity to young plants depend on
            access to complementary factors, such as finance, and
            business conditions, although older plants respond better in
            more distorted districts, perhaps reflecting access to
            inputs while protecting output markets as in de Loecker et
            al. (2016). Third, expanding young plants correspond to
            capital intensive value chain embedded activities that do
            not require close coordination with final producers. Fourth,
            plant-level panel data confirms plant capabilities as
            central to both the magnitude of the response, and to the
            composition of plants driving it. Aggregate expansion among
            young plants is driven by high skill plants while
            contraction of old plants is driven by low skill plants,
            consistent with frontier firms being able to escape
            competition (Aghion et al. 2014).","O'Connell,Stephen A.",,,,,,,
54,34266428,World,Policy Research Working Paper,2024-02-26T00:00:00Z,Publications & Research,"Policy Research working paper ; no. WPS
            10711: PEOPLE","Does Financial Development Reduce
            Gender Disparity in Top Manager Positions in Manufacturing
            SMEs in Developing Countries ?",http://documents.worldbank.org/curated/en/099559502262437941/pdf/IDU10d69f1e4178061466c1ad5017894d51e2cf3.pdf,/research/2024/02/34266428/financial-development-reduce-gender-disparity-top-manager-positions-manufacturing-smes-developing-countries,http://documents.worldbank.org/curated/en/099559502262437941/IDU10d69f1e4178061466c1ad5017894d51e2cf3,2024/02/34266428/IDU10d69f1e4178061466c1ad5017894d51e2cf3,099559502262437941,Off of Sr VP Dev Econ/Chief Econ (DECVP),http://documents.worldbank.org/curated/en/099559502262437941/IDU10d69f1e4178061466c1ad5017894d51e2cf3,Mohammad Amin,"Gomez Caceres,Norma Janeth","Does Financial Development Reduce Gender
            Disparity in Top Manager Positions in Manufacturing SMEs in
            Developing Countries ?",34266428,"Women often face more hurdles than
            men in obtaining finance. This is especially so when credit
            supply is limited and financial markets are less developed.
            As a result, owners of firms may prefer men over women as
            top managers of their firms, widening the gender gap in top
            manager positions. This paper tests this idea using
            firm-level survey data for small and medium-size formal
            manufacturing enterprises in 47 developing countries. The
            results confirm a positive relationship between credit
            supply and the likelihood of having a woman versus a man as
            the top manager. This positive relationship is much stronger
            in industries that are more dependent on external sources of
            finance for technological reasons. It is also stronger in
            countries with poor coverage by credit bureaus and low
            competition between banks, which is consistent with
            “statistical” and “taste-based” discrimination against women
            borrowers. The main result is robust to several endogeneity
            checks, sample alterations, and alternative measures of
            credit supply and financial development.",,,,,,,,
55,34267316,Ethiopia,Policy Research Working Paper,2024-02-27T00:00:00Z,Publications & Research,"Policy Research working paper ; no. WPS
            10712; RRR; LSMS; PROSPERITY","Does Unequal Tax Burden
            Contribute to Women-Owned Businesses Leaving the Tax Net ?",http://documents.worldbank.org/curated/en/099413302272427285/pdf/IDU11431b4861e05814b171b2d41d6bc9d75d28d.pdf,/research/2024/02/34267316/unequal-tax-burden-contribute-women-owned-businesses-leaving-tax-net,http://documents.worldbank.org/curated/en/099413302272427285/IDU11431b4861e05814b171b2d41d6bc9d75d28d,2024/02/34267316/IDU11431b4861e05814b171b2d41d6bc9d75d28d,099413302272427285,Off of Sr VP Dev Econ/Chief Econ (DECVP),http://documents.worldbank.org/curated/en/099413302272427285/IDU11431b4861e05814b171b2d41d6bc9d75d28d,"Ambel,Alemayehu A.","Woldeyes,Firew Bekele","Does Unequal Tax Burden Contribute to
            Women-Owned Businesses Leaving the Tax Net ?",34267316,"This study investigates gender
            disparities in the tax burden in Addis Ababa, Ethiopia,
            using data on 2,320 taxpayers for 2011 and 2012. A quantile
            regression analysis is employed to control for firm
            characteristics such as sector, size, and age. The results
            show that women-owned businesses are more likely to operate
            in low-profit sectors and report lower sales and tax
            liabilities than men-owned businesses. However, women-owned
            businesses pay as much as men-owned businesses in taxes,
            suggesting that they are subject to a higher effective tax
            rate. This, in turn, may lead to women-owned businesses
            exiting the tax net at a higher rate. These findings suggest
            that gender disparities in tax compliance are not simply due
            to differences in firm characteristics but may also be due
            to biases in tax declaration and enforcement processes.",,,,,,,,
56,34274045,Africa,Policy Research Working Paper,2024-03-04T00:00:00Z,Publications & Research,"Policy Research working paper ; no. WPS
            10713; PROSPERITY","Governance in Sub-Saharan Africa
            in the 21st Century : Four Trends and an Uncertain Outlook",http://documents.worldbank.org/curated/en/099808303042442715/pdf/IDU143e8beba17307142d319f8b1504c365946ed.pdf,/research/2024/03/34274045/governance-sub-saharan-africa-21st-century-four-trends-uncertain-outlook,http://documents.worldbank.org/curated/en/099808303042442715/IDU143e8beba17307142d319f8b1504c365946ed,2024/03/34274045/IDU143e8beba17307142d319f8b1504c365946ed,099808303042442715,Off of Sr VP Dev Econ/Chief Econ (DECVP),http://documents.worldbank.org/curated/en/099808303042442715/IDU143e8beba17307142d319f8b1504c365946ed,"Isser,Deborah Hannah","Raballand,Gael J. R. F.","Governance in Sub-Saharan Africa in the 21st
            Century : Four Trends and an Uncertain Outlook",34274045,"What can be learned from the
            governance trajectory of African countries since the
            beginning of the 21st century What is the quality of
            governance on the African continent and how does it shape
            development The first decade of the millennium saw promising
            growth and poverty reduction in much of the continent. Yet,
            Sub-Saharan Africa has also been the stage of a stream of
            governance reform failures and policy reversals, and many
            countries continue to suffer from the consequences of poor
            governance. This paper explores the dynamics of governance
            reform on the continent over the past two decades and points
            to four key trends. First, effective state institutions,
            capable of maintaining peace, fostering growth, and
            delivering services, have developed unevenly. Second,
            progress has been made on enhancing the inclusiveness and
            accountability of institutions, but it remains constrained
            by the weakness of checks and balances and the persistence
            of patterns of centralized and exclusive power arrangements.
            Third, civic capacity has risen considerably, but the
            inability of institutions to respond to social expectations
            and political mobilization threatens to turn liberal civic
            engagement into distrust, populism, and radicalization.
            Fourth, the combination of these three trends contributes to
            the rise of political instability, which constitutes a major
            threat for the continent.","Watts,Michael John","Zovighian,Diane",,,,,,
57,34275300,Ethiopia,Policy Research Working Paper,2024-03-05T00:00:00Z,Publications & Research,"Policy Research working paper ; no. WPS
            10714; PLANET","High Temperature and Learning
            Outcomes : Evidence from Ethiopia",http://documents.worldbank.org/curated/en/099026303062419731/pdf/IDU1d26268e21171c147d21bed81a844d4d1d4b1.pdf,/research/2024/03/34275300/high-temperature-learning-outcomes-evidence-ethiopia,http://documents.worldbank.org/curated/en/099026303062419731/IDU1d26268e21171c147d21bed81a844d4d1d4b1,2024/03/34275300/IDU1d26268e21171c147d21bed81a844d4d1d4b1,099026303062419731,Off of Sr VP Dev Econ/Chief Econ (DECVP),http://documents.worldbank.org/curated/en/099026303062419731/IDU1d26268e21171c147d21bed81a844d4d1d4b1,"Srivastava,Bhavya","Hirfrfot,Kibrom Tafere","High Temperature and Learning Outcomes :
            Evidence from Ethiopia",34275300,"This paper uses data from 2003–19 on
            2.47 million test takers of a national high stakes
            university entrance exam in Ethiopia to study the impacts of
            temperature on learning outcomes. It finds that high
            temperatures during the school year leading up to the exam
            reduce test scores, controlling for temperatures when the
            exam is taken. The results suggest that the scores of female
            students are less impacted by higher temperatures compared
            to their male counterparts. Additionally, the analysis finds
            that the scores of students from schools located in hotter
            regions are less impacted by higher temperatures compared to
            their counterparts from cooler regions. The evidence
            suggests that the adverse effects of temperature are driven
            by impacts from within-classroom temperatures, rather than
            from indirect impacts on agriculture.","Behrer,Arnold Patrick",,,,,,,
58,34275344,Cambodia,Policy Research Working Paper,2024-03-05T00:00:00Z,Publications & Research,"Policy Research working paper ; no. WPS
            10715; PEOPLE","Environmental Hazards, Climate,
            and Health in Cambodia : The Shield of Sanitation",http://documents.worldbank.org/curated/en/099027103062441502/pdf/IDU1a6ed49c91591914f4e198a21bde2d796969f.pdf,/research/2024/03/34275344/environmental-hazards-climate-health-cambodia-shield-sanitation,http://documents.worldbank.org/curated/en/099027103062441502/IDU1a6ed49c91591914f4e198a21bde2d796969f,2024/03/34275344/IDU1a6ed49c91591914f4e198a21bde2d796969f,099027103062441502,Off of Sr VP Dev Econ/Chief Econ (DECVP),http://documents.worldbank.org/curated/en/099027103062441502/IDU1a6ed49c91591914f4e198a21bde2d796969f,World Bank,,"Environmental Hazards, Climate, and Health
            in Cambodia : The Shield of Sanitation",34275344,"Environmental degradation is the
            largest public health challenge of the century and is likely
            to be exacerbated by climate change. This study undertakes a
            comprehensive examination of the health implications of
            environmental hazards in Cambodia, simultaneously addressing
            extreme temperatures, precipitation patterns, and air
            pollution. It leverages data from the Demographic and Health
            Surveys and satellite-derived metrics on temperature,
            precipitation, and fine particulate matter. The analysis
            identifies a positive association between temperature and
            the occurrence of diarrhea and cough among children and a
            nonlinear relationship between precipitation and these
            health outcomes. Furthermore, the study demonstrates that
            pollution significantly impacts cough incidence. To
            anticipate future trends, climate simulations are employed
            to forecast the incidence of child diarrhea in Cambodia
            under different climate and development scenarios. The
            projections indicate that diarrhea incidence could increase
            to 19 percent by 2040 without significant adaptation
            measures that would lessen the adverse impact of weather.
            For instance, the acceleration in toilet ownership over the
            last decade reduced diarrhea incidence by at least 1.2 to
            1.4 percentage points. Nevertheless, the path ahead requires
            proactive efforts to improve sanitation and hygiene. The
            forecasts suggest that, without additional strategies to
            counter climate change’s adverse effects, only universal
            toilet ownership would contain the climate-driven increase
            in diarrhea incidence expected by 2040.",,,,,,,,
59,34275365,World,Policy Research Working Paper,2024-03-05T00:00:00Z,Publications & Research,"Policy Research working paper ; no. WPS
            10716; DIGITAL; Impact Evaluation series","Cross-Country Empirical Analysis
            of GovTech Platforms on Citizen Engagement",http://documents.worldbank.org/curated/en/099029103062432172/pdf/IDU1e2fc782f13ddb14ac41ae801f190d313322f.pdf,/research/2024/03/34275365/cross-country-empirical-analysis-govtech-platforms-citizen-engagement,http://documents.worldbank.org/curated/en/099029103062432172/IDU1e2fc782f13ddb14ac41ae801f190d313322f,2024/03/34275365/IDU1e2fc782f13ddb14ac41ae801f190d313322f,099029103062432172,,http://documents.worldbank.org/curated/en/099029103062432172/IDU1e2fc782f13ddb14ac41ae801f190d313322f,World Bank,,"Cross-Country Empirical Analysis of GovTech
            Platforms on Citizen Engagement",34275365,"Countries worldwide are implementing
            GovTech reforms to modernize the public sector and achieve
            better performance while responding to citizens’ needs. At
            its core, GovTech represents a whole-of-government approach
            to public sector modernization, which emphasizes three
            critical aspects: (i) citizen-centric public services that
            are universally accessible; (ii) a whole-of-government
            approach to digital government transformation; and (iii)
            simple, efficient, and transparent government systems.
            Within this context, strengthening citizen engagement is
            crucial to ensure accountability, improve public policy
            quality, and enhance service delivery. Accordingly, this
            study aims to be the first cross-country empirical
            assessment of the impact of GovTech platforms, which can
            allow citizens to: (i) participate in policy decision-making
            and (ii) provide feedback on public service delivery. Using
            a large sample of 176 countries, the study assesses the
            impact of the implementation of national platforms that
            allow citizens to participate more effectively. This
            research employs entropy balancing as the main
            identification strategy, as well as propensity score
            matching and ordinary least squares regressions on the
            matching sample as alternatives. Additional robustness
            checks were performed using alternative GovTech Maturity
            Index 2022 data and by considering the possibility of a
            slower diffusion of the technology. A sensitivity analysis,
            considering the role of governance, political and
            institutional factors, as well as the level of development,
            is likewise performed. The results show a significant and
            positive impact of GovTech platforms on citizen engagement.
            Similarly, democracy and the equal distribution of political
            power have strong and positive effects on citizen
            engagement. By contrast, public sector corruption negatively
            and significantly impacts citizen engagement. The findings
            also provide evidence that GovTech platforms are more
            effective in fostering citizen engagement in high-income
            economies and in countries where the government is
            efficient, institutional and social fragility is low, and
            there is no conflict or only low-intensity conflict. The
            results of an Africa-focused analysis indicate that African
            countries that have adopted such digital platforms likewise
            experience an increase in citizen engagement.",,,,,,,,
60,34276185,World,Policy Research Working Paper,2024-03-06T00:00:00Z,Publications & Research,"Policy Research working paper ; no. WPS
            10717; PEOPLE; Paper is funded by the Knowledge for Change
            Program (KCP); RRR","Reviewing Assessment Tools for
            Measuring Country Statistical Capacity",http://documents.worldbank.org/curated/en/099452403062436721/pdf/IDU19f52d3a9112621410e192c4140dcbc9fad6e.pdf,/research/2024/03/34276185/reviewing-assessment-tools-measuring-country-statistical-capacity,http://documents.worldbank.org/curated/en/099452403062436721/IDU19f52d3a9112621410e192c4140dcbc9fad6e,2024/03/34276185/IDU19f52d3a9112621410e192c4140dcbc9fad6e,099452403062436721,Off of Sr VP Dev Econ/Chief Econ (DECVP),http://documents.worldbank.org/curated/en/099452403062436721/IDU19f52d3a9112621410e192c4140dcbc9fad6e,"Dang,Hai-Anh H.","Pullinger,John James","Reviewing Assessment Tools for Measuring
            Country Statistical Capacity",34276185,"Country statistical capacity is
            increasingly recognized as crucial for development, but no
            academic study exists that reviews the available assessment
            tools. This paper offers the first review study that fills
            this gap, paying particular attention to data and practical
            measurement challenges. It compares the World Bank’s
            recently developed Statistical Performance Indicators and
            Index with other widely used indexes, such as the Open Data
            Inventory index, the Global Data Barometer index, and other
            regional and self-assessment tools. The findings show that
            each index brings advantages in data sources, number of
            indicators, measurement focus, coverage of countries and
            time periods, and correlation with common development
            indexes. The Open Data Inventory index covers the most
            countries, the Global Data Barometer index collects data
            through its surveys, and the Statistical Performance
            Indicators and Index offer a broader framework for assessing
            statistical systems. The paper offers further thoughts on
            the potential mechanisms through which these tools can bring
            positive impacts on economic activities and some political
            economy concerns, as well as future directions for development.","Serajuddin,Umar","Stacy,Brian William",,,,,,
61,34276412,Africa,Policy Research Working Paper,2024-03-06T00:00:00Z,Publications & Research,"Policy Research working paper ; no. WPS
            10718; DIGITAL","The Quality and Price of Africa’s
            Imports of Digital Goods",http://documents.worldbank.org/curated/en/099023203062417297/pdf/IDU139a4bb921ca441476b197eb159bcb1d2248a.pdf,/research/2024/03/34276412/quality-price-africa’s-imports-digital-goods,http://documents.worldbank.org/curated/en/099023203062417297/IDU139a4bb921ca441476b197eb159bcb1d2248a,2024/03/34276412/IDU139a4bb921ca441476b197eb159bcb1d2248a,099023203062417297,Off of Sr VP Dev Econ/Chief Econ (DECVP),http://documents.worldbank.org/curated/en/099023203062417297/IDU139a4bb921ca441476b197eb159bcb1d2248a,"Bastos,Paulo S. R.","Castro,Lucio","The Quality and Price of Africa’s Imports of
            Digital Goods",34276412,"Imported digital goods are critical
            for productivity growth in low-income countries. Using
            detailed data on international trade flows and tariffs, this
            paper finds that African nations tend to import relatively
            low quality, low price digital goods. It also finds that
            digital goods in Africa are subject to relatively higher
            tariffs, along with other factors that contribute to their
            higher cost in the domestic market compared to other
            regions, especially in some low-income countries. The
            findings show that the African Continental Free Trade Area
            will do little to reduce this tariff burden, as most digital
            goods are sourced from higher income nonmembers. In
            contrast, unilateral tariff liberalization toward all
            countries would significantly increase the imports of
            digital goods in Africa.","Vargas Da Cruz,Marcio Jose",,,,,,,
62,34277575,World,Policy Research Working Paper,2024-03-08T00:00:00Z,Publications & Research,"Policy Research working paper ; no. WPS
            10719; PLANET",Environmental Policy under Weak Institutions,http://documents.worldbank.org/curated/en/099521103082439941/pdf/IDU1d17d244f1b27a14b1c18cbe180694660faa3.pdf,/research/2024/03/34277575/environmental-policy-under-weak-institutions,http://documents.worldbank.org/curated/en/099521103082439941/IDU1d17d244f1b27a14b1c18cbe180694660faa3,2024/03/34277575/IDU1d17d244f1b27a14b1c18cbe180694660faa3,099521103082439941,,http://documents.worldbank.org/curated/en/099521103082439941/IDU1d17d244f1b27a14b1c18cbe180694660faa3,"Karayalcin,Cem","Onder,Harun",Environmental Policy under Weak Institutions,34277575,"Developing countries are facing
            mounting pressures to incorporate environmental concerns
            into their policy reform agendas. This paper finds that
            common environmental policies, such as levying taxes to
            reduce the excessive exploitation of natural assets, can be
            self-defeating when (i) institutions are weak and (ii) the
            general equilibrium effects of such policy actions are
            overlooked. This seemingly paradoxical result is driven by
            fundamental mechanisms in structural transformation
            frameworks, without the need for strong assumptions. It also
            carries a clear policy implication: environmental policies
            should be considered within a country’s broader development
            context, rather than in isolation.",,,,,,,,
63,34279276,"Venezuela, Republica Bolivariana de,Colombia",Policy Research Working Paper,2024-03-12T00:00:00Z,Publications & Research,"Policy Research working paper ; no. WPS
            10720; PEOPLE","Right to Education : Forced
            Migration and Child Education Outcomes",http://documents.worldbank.org/curated/en/099217103122416095/pdf/IDU1762420931299014dab1884a149cfca999edc.pdf,/research/2024/03/34279276/right-education-forced-migration-child-education-outcomes,http://documents.worldbank.org/curated/en/099217103122416095/IDU1762420931299014dab1884a149cfca999edc,2024/03/34279276/IDU1762420931299014dab1884a149cfca999edc,099217103122416095,Off of Sr VP Dev Econ/Chief Econ (DECVP),http://documents.worldbank.org/curated/en/099217103122416095/IDU1762420931299014dab1884a149cfca999edc,"Vargas,Juan F.","Rozo Villarraga,Sandra Viviana","Right to Education : Forced Migration and
            Child Education Outcomes",34279276,"About a third of the 7.7 million
            Venezuelans who have left their country due to political and
            economic turmoil have settled in neighboring Colombia. The
            extent to which the Colombian schooling system can absorb
            the massive demand for education of Venezuelan children is
            key for their future trajectory of human capital
            accumulation, as well as that of Colombian students in
            receiving communities. This paper estimates the effect of
            Venezuelan migration on educational outcomes of children
            living in settlement municipalities in Colombia, distinguish
            between the effect of the migration shock on native and
            migrant students. Specifically, it estimates the effect of
            the migration shock on school enrollment, dropout/promotion
            rates and standardized test scores. The identification
            relies on a plausibly exogenous measure of the predicted
            migration shock faced by each Colombian municipality every
            year. The findings show that the migration shock increased
            the enrollment of Venezuelan students in both public and
            private schools and in all school grades, but also generated
            negative spillovers related to failing promotion rates and
            increasing dropout. This paper documents that these negative
            effects are explained by the differential enrollment
            capacity of schools, as well as by the deterioration of key
            school inputs.",,,,,,,,
64,34280293,"WESTERN AND CENTRAL AFRICA,Cote dIvoire,Western Africa",Policy Research Working Paper,2024-03-13T00:00:00Z,Publications & Research,"Policy Research working paper ; no. WPS
            10721; PEOPLE; Impact Evaluation series","Empowering Adolescent Girls
            through Safe Spaces and Accompanying Measures in Côte d’Ivoire",http://documents.worldbank.org/curated/en/099314103132429536/pdf/IDU1c0b1991d1ba7714b8e19dc6176916e89e31f.pdf,/research/2024/03/34280293/empowering-adolescent-girls-through-safe-spaces-accompanying-measures-côte-d’ivoire,http://documents.worldbank.org/curated/en/099314103132429536/IDU1c0b1991d1ba7714b8e19dc6176916e89e31f,2024/03/34280293/IDU1c0b1991d1ba7714b8e19dc6176916e89e31f,099314103132429536,Off of Sr VP Dev Econ/Chief Econ (DECVP),http://documents.worldbank.org/curated/en/099314103132429536/IDU1c0b1991d1ba7714b8e19dc6176916e89e31f,"Boulhane,Othmane","Boxho,Claire Elise","Empowering Adolescent Girls through Safe
            Spaces and Accompanying Measures in Côte d’Ivoire",34280293,"This study uses a cluster-randomized
            controlled trial to investigate the effects of a large-scale
            women and girls empowerment program on sexual and
            reproductive health and empowerment outcomes in Côte
            d’Ivoire. The study assesses and compares the impact of
            diverse strategies aimed at equipping girls with life skills
            and sexual and reproductive health knowledge, provided
            through well-established safe spaces, in isolation or in
            combination with livelihood support interventions, or with
            initiatives designed to engage boys and men and community
            and religious leaders. The findings show that one year after
            the end of the interventions, safe spaces alone have a
            moderate impact on girls’ empowerment, while safe spaces
            combined with husbands’ and future husbands’ clubs are the
            most impactful. Combining safe spaces with livelihood
            support interventions leads to improvements in adolescent
            girls’ employment outcomes, as expected. Finally, the
            findings show that engaging leaders in the context of safe
            spaces interventions yields mixed results on girls’ empowerment.","Kanga,Désiré","Koussoube,Mousson Estelle Jamel","Rouanet,Lea Marie",,,,,C
65,34282991,"Honduras,World",Policy Research Working Paper,2024-03-18T00:00:00Z,Publications & Research,"Policy Research working paper ; no. WPS
            10722; RRR; PROSPERITY","Two Decades of Top Income Shares
            in Honduras",http://documents.worldbank.org/curated/en/099302403182435474/pdf/IDU116a7803b1e2ff144e6196f8152799cced739.pdf,/research/2024/03/34282991/two-decades-top-income-shares-honduras,http://documents.worldbank.org/curated/en/099302403182435474/IDU116a7803b1e2ff144e6196f8152799cced739,2024/03/34282991/IDU116a7803b1e2ff144e6196f8152799cced739,099302403182435474,Off of Sr VP Dev Econ/Chief Econ (DECVP),http://documents.worldbank.org/curated/en/099302403182435474/IDU116a7803b1e2ff144e6196f8152799cced739,"Del Carmen,Giselle","Garriga,Santiago",Two Decades of Top Income Shares in Honduras,34282991,"This paper presents distributional
            national accounts for Honduras over 2003–2019, using survey
            microdata, administrative tax records, and national account
            aggregates. It assembles comprehensive data on formal income
            for high-income individuals, including information on
            corporate shareholders, which allows corporate profits to be
            assigned to their owners. The estimates suggest a high and
            persistent inequality in the country: the top 1 percent
            highest earners received approximately 30 percent of the
            total income over the period, placing Honduras among the
            most unequal countries in the world. Undistributed corporate
            profits are the overwhelming income source at the very top
            of the distribution, highlighting its importance in the
            measurement of income inequality. Finally, using a panel of
            tax records, the paper also documents that not only is
            inequality persistent, but the same individuals are often
            observed at the top, suggesting that the observed inequality
            has deep roots.","Nuñez,Wilman","De Gouvea Scot De Arruda,Thiago",,,,,,
66,34283118,Africa,Policy Research Working Paper,2024-03-18T00:00:00Z,Publications & Research,"Policy Research working paper ; no. WPS
            10723; PEOPLE","New Evidence on Inequality of
            Opportunity in Sub-Saharan Africa : More Unequal Than We Thought",http://documents.worldbank.org/curated/en/099558203182421649/pdf/IDU1a3c568111b02514f9d19e221936be7486403.pdf,/research/2024/03/34283118/new-evidence-inequality-opportunity-sub-saharan-africa-more-unequal-thought,http://documents.worldbank.org/curated/en/099558203182421649/IDU1a3c568111b02514f9d19e221936be7486403,2024/03/34283118/IDU1a3c568111b02514f9d19e221936be7486403,099558203182421649,Off of Sr VP Dev Econ/Chief Econ (DECVP),http://documents.worldbank.org/curated/en/099558203182421649/IDU1a3c568111b02514f9d19e221936be7486403,"Atamanov,Aziz","Cuevas,Pablo Facundo","New Evidence on Inequality of Opportunity in
            Sub-Saharan Africa : More Unequal Than We Thought",34283118,"Unequal access to economic
            opportunity for individuals with different innate
            characteristics, such as ethnicity or parents’ socioeconomic
            status, is often seen as both morally undesirable and bad
            for economic growth. This paper estimates inequality of
            opportunity, or the share of inequality explained by birth
            characteristics, across 18 countries in Sub-Saharan Africa.
            For many countries, this is the first time inequality of
            opportunity is measured. The paper uses nationally
            representative household survey data harmonized to allow for
            cross-country comparisons. Using consumption per capita as
            the outcome, the findings show that inequality of
            opportunity in Sub-Saharan Africa is stark and more
            pronounced than previously estimated. On average, inherited
            circumstances explain more than half of inequality in the
            region. Estimates range from 40 to 60 percent in most
            countries and reach 74 percent in South Africa. The findings
            show that birthplace, parents’ education, and ethnicity tend
            to be the most significant contributors, but there is large
            variation in the importance of circumstances across
            countries. This represents the most comprehensive estimate
            of inequality of opportunity to date in the poorest and one
            of the most unequal regions in the world, and it underscores
            the pressing need for policy makers to intensify their
            efforts to address inequality of opportunity to foster
            societies that are more equitable and unlock the full
            potential for growth in the region.","Lebow,Jeremy Aaron","Mahler,Daniel Gerszon",,,,,,
67,34283178,World,Policy Research Working Paper,2024-03-18T00:00:00Z,Publications & Research,"Policy Research working paper ; no. WPS
            10724; RRR: PLANET; LSMS","Climate Immobility Traps : A
            Household-Level Test",http://documents.worldbank.org/curated/en/099733203182440391/pdf/IDU1ff17bb7c1820d14ea71b1a41f7b756657814.pdf,/research/2024/03/34283178/climate-immobility-traps-household-level-test,http://documents.worldbank.org/curated/en/099733203182440391/IDU1ff17bb7c1820d14ea71b1a41f7b756657814,2024/03/34283178/IDU1ff17bb7c1820d14ea71b1a41f7b756657814,099733203182440391,Off of Sr VP Dev Econ/Chief Econ (DECVP),http://documents.worldbank.org/curated/en/099733203182440391/IDU1ff17bb7c1820d14ea71b1a41f7b756657814,"Letta,Marco","Montalbano,Pierluigi",Climate Immobility Traps : A Household-Level Test,34283178,"The complex relationship between
            climate shocks, migration, and adaptation hampers a rigorous
            understanding of the heterogeneous mobility outcomes of farm
            households exposed to climate risk. To unpack this
            heterogeneity, the analysis combines longitudinal
            multi-topic household survey data from Nigeria with a causal
            machine learning approach, tailored to a conceptual
            framework bridging economic migration theory and the poverty
            traps literature. The results show that pre-shock asset
            levels, in situ adaptive capacity, and cumulative shock
            exposure drive not just the magnitude but also the sign of
            the impact of agriculture-relevant weather anomalies on the
            mobility outcomes of farming households. While local
            adaptation acts as a substitute for migration, the roles
            played by wealth constraints and repeated shock exposure
            suggest the presence of climate-induced immobility traps.","Paolantonio,Adriana",,,,,,,
68,34283949,Central African Republic,Policy Research Working Paper,2024-03-19T00:00:00Z,Publications & Research,"Policy Research working paper ; no. WPS
            10725; PROSPERITY","Comparing Internally Displaced
            Persons with Those Left Behind : Evidence from the Central
            African Republic",http://documents.worldbank.org/curated/en/099745503192422251/pdf/IDU127a68af61372d14c471a1841e1555d6c7542.pdf,/research/2024/03/34283949/comparing-internally-displaced-persons-left-behind-evidence-central-african-republic,http://documents.worldbank.org/curated/en/099745503192422251/IDU127a68af61372d14c471a1841e1555d6c7542,2024/03/34283949/IDU127a68af61372d14c471a1841e1555d6c7542,099745503192422251,Off of Sr VP Dev Econ/Chief Econ (DECVP),http://documents.worldbank.org/curated/en/099745503192422251/IDU127a68af61372d14c471a1841e1555d6c7542,"Lain,Jonathan William","Yama,Gervais Chamberlin","Comparing Internally Displaced Persons with
            Those Left Behind : Evidence from the Central African Republic",34283949,"Global poverty is increasingly
            becoming concentrated in conflict-affected settings.
            Therefore, assessing the welfare of those people displaced
            by conflict is of growing policy importance. Collecting and
            analyzing data on displaced people is challenging because
            sampling them is difficult, standard welfare metrics may not
            reflect their experiences, and they are highly
            heterogeneous. Assessing the welfare effects of displacement
            also hinges on constructing counterfactuals that show how
            internally displaced persons would have fared had they
            stayed in place. Displaced people typically come from a
            nonrandom subset of communities affected by conflict or
            other shocks, so comparing them with the rest of the
            population may be misleading. This paper addresses this
            issue using data from the Central African Republic, which
            recorded detailed information on displacement histories to
            isolate the communities from which those living in
            internally displaced person camps originated. Using these
            “catchment areas” for internally displaced person camps as a
            counterfactual suggests that although displaced households
            have lower monetary consumption and higher monetary poverty
            than the overall population, they may be no worse off on
            many key metrics than those left behind in the communities
            originally affected by conflict. Moreover, those left behind
            enjoy none of the benefits of being in camps, such as
            additional access to water and sanitation services. These
            results underline the importance of tailoring policies and
            data collection to consider those in communities originally
            affected by conflict, just as practitioners are doing for
            displaced populations.","Hoogeveen,Johannes G.",,,,,,,
69,34283956,Africa,Policy Research Working Paper,2024-03-19T00:00:00Z,Publications & Research,"Policy Research working paper ; no. WPS
            10726; PEOPLE; RRR; COVID-19 (Coronavirus)","Who did Covid-19 hurt the most in
            Sub-Saharan Africa ?",http://documents.worldbank.org/curated/en/099811103192437778/pdf/IDU1b3e0a7951932214f961967411b4ad343096a.pdf,/research/2024/03/34283956/covid-19-hurt-most-sub-saharan-africa,http://documents.worldbank.org/curated/en/099811103192437778/IDU1b3e0a7951932214f961967411b4ad343096a,2024/03/34283956/IDU1b3e0a7951932214f961967411b4ad343096a,099811103192437778,Off of Sr VP Dev Econ/Chief Econ (DECVP),http://documents.worldbank.org/curated/en/099811103192437778/IDU1b3e0a7951932214f961967411b4ad343096a,"Tchuisseu Seuyong,Feraud","Edochie,Ifeanyi Nzegwu","Who did Covid-19 hurt the most in
            Sub-Saharan Africa ?",34283956,"How did the economic crisis caused by
            the Covid-19 pandemic impact poor households in Sub-Saharan
            Africa This paper tackles this question by combining 73
            High-Frequency Phone Surveys collected by national
            governments in 14 countries with older nationally
            representative surveys containing information on household
            consumption. In particular, it examines how outcomes
            differed according to predicted per capita consumption
            quintiles in the first wave of the survey, and in subsequent
            waves by households’ predicted per capita consumption. The
            initial shock affected households throughout the predicted
            welfare distribution. Households in the bottom 40 percent
            responded by sharply increasing farming activities between
            May and July of 2020 and gradually increasing ownership of
            non-farm enterprises starting in August. This coincided with
            an improvement in welfare, as measured by a decline in food
            insecurity and distressed asset sales among these households
            during the second half of 2020. With respect to education,
            children in the bottom quintile were 15 percentage points
            less likely to engage in learning activities than those in
            the top quintile in the immediate aftermath of the crisis,
            and the engagement gap between the bottom 40 and top 60
            widened in the summer before narrowing in the fall due to
            large declines in engagement among the top 60. Poorer
            households were slightly more likely to report receiving
            public assistance immediately following the shock, and this
            difference changed little over the course of 2020. The
            results highlight the widespread impacts of the crisis both
            on welfare and children’s educational engagement, the
            importance of agriculture and household non-farm enterprises
            as safety nets for the poor, and the substantial recovery
            made by the poorest households in the year following the crisis.","Newhouse,David Locke","Silwal,Ani Rudra",,,,,,
70,34284780,Chad,Policy Research Working Paper,2024-03-20T00:00:00Z,Publications & Research,"Policy Research working paper ; no. WPS
            10727; PROSPERITY","Responsibility Sharing and the
            Economic Participation of Refugees in Chad",http://documents.worldbank.org/curated/en/099221203202438286/pdf/IDU11592a51f1caf3140421a05215944dbf51a27.pdf,/research/2024/03/34284780/responsibility-sharing-economic-participation-refugees-chad,http://documents.worldbank.org/curated/en/099221203202438286/IDU11592a51f1caf3140421a05215944dbf51a27,2024/03/34284780/IDU11592a51f1caf3140421a05215944dbf51a27,099221203202438286,Off of Sr VP Dev Econ/Chief Econ (DECVP),http://documents.worldbank.org/curated/en/099221203202438286/IDU11592a51f1caf3140421a05215944dbf51a27,"Coulibaly,Mohamed","Hoogeveen,Johannes G.","Responsibility Sharing and the Economic
            Participation of Refugees in Chad",34284780,"The Global Compact on Refugees
            recognizes the importance of responsibility sharing for
            hosting, protecting, and assisting refugees, while
            emphasizing the potential of economic participation to
            reduce the cost of humanitarian assistance. This note
            explores the relative importance of aid in caring for
            refugees hosted in Chad and the importance of the incomes
            earned by the refugees. It finds that the combination of aid
            and self-earned incomes falls far short of a minimum
            standard of living (the poverty line) as a consequence of
            which the vast majority of refugees lives in abject poverty.
            It is also finds that although refugees are hosted in camps
            with relatively few economic opportunities, self-generated
            income covers 54 percent of the poverty line and aid only 14
            percent. As Chad has adopted a policy of refugee inclusion
            and dispersion, the note then explores how much these
            progressive policies might increase the income earning
            potential of refugees. This is found to be substantial.
            Economic participation policies are estimated to reduce
            refugee poverty from 88 to 50 percent (thus increasing the
            self-sufficiency of refugees dramatically), while increasing
            the incomes generated by poor refugees by more than 50
            percent. The greatest participation benefits will be
            realized when refugees move to areas with more economic potential.","Jourdan,Emilie Sandrine Celine",Aboudrahyme Savadogo,,,,,,
71,34285119,World,Policy Research Working Paper,2024-03-20T00:00:00Z,Publications & Research,"Policy Research working paper ; no. WPS
            10728; COVID-19 (Coronavirus); RRR; PROSPERITY","Lives, Livelihoods, and Learning
            : A Global Perspective on the Well-Being Impacts of the
            COVID-19 Pandemic",http://documents.worldbank.org/curated/en/099537503202413127/pdf/IDU1f944e1ca18e2814ce0198221694a75dd5654.pdf,/research/2024/03/34285119/lives-livelihoods-learning-global-perspective-well-being-impacts-covid-19-pandemic,http://documents.worldbank.org/curated/en/099537503202413127/IDU1f944e1ca18e2814ce0198221694a75dd5654,2024/03/34285119/IDU1f944e1ca18e2814ce0198221694a75dd5654,099537503202413127,Off of Sr VP Dev Econ/Chief Econ (DECVP),http://documents.worldbank.org/curated/en/099537503202413127/IDU1f944e1ca18e2814ce0198221694a75dd5654,"Decerf,Benoit Marie A","Friedman,Jed","Lives, Livelihoods, and Learning : A Global
            Perspective on the Well-Being Impacts of the COVID-19 Pandemic",34285119,"This study compares the magnitude of
            national level losses that the COVID-19 pandemic inflicted
            across three critical dimensions: loss of life, loss of
            income, and loss of learning. The well-being consequences of
            excess mortality are expressed in years of life lost, while
            those of income losses and school closures are expressed in
            additional years spent in poverty (as measured by national
            poverty lines), either currently or in the future. While
            2020–21 witnessed a global drop in life expectancy and the
            largest one-year increase in global poverty in many decades,
            widespread school closures may cause almost twice as large
            an increase in future poverty. The estimates of well-being
            loss for the average global citizen include a loss of almost
            three weeks of life (19 days), an additional two and half
            weeks spent in poverty in 2020 and 2021 (17 days), and the
            possibility of an additional month of life in poverty in the
            future due to school closures (31 days). Well-being losses
            are not equitably distributed across countries. The typical
            high-income country suffered more total years of life lost
            than additional years in poverty, while the opposite holds
            for the typical low- or middle-income country. Aggregating
            total losses requires the valuation of a year of life lost
            vis-à-vis an additional year spent in poverty. If a year of
            life lost is valued at five or fewer additional years spent
            in poverty, low-income countries suffered greater total
            well-being loss than high-income countries. For a wide range
            of valuations, the greatest well-being losses fell on
            upper-middle-income countries and countries in the Latin
            America region. This set of countries suffered the largest
            mortality costs as well as large losses in learning and
            sharp increases in poverty.","Galego Mendes,Arthur","Pennings,Steven Michael","Yonzan,Nishant",,,,,
72,34285419,South Asia,Policy Research Working Paper,2024-03-20T00:00:00Z,Publications & Research,"Policy Research working paper ; no. WPS
            10729; PLANET","Climate Change Adaptation : What
            Does the Evidence Say ?",http://documents.worldbank.org/curated/en/099832003202474878/pdf/IDU1d6aad48f1890e142451b9d4113ed5f8de6b6.pdf,/research/2024/03/34285419/climate-change-adaptation-evidence-say,http://documents.worldbank.org/curated/en/099832003202474878/IDU1d6aad48f1890e142451b9d4113ed5f8de6b6,2024/03/34285419/IDU1d6aad48f1890e142451b9d4113ed5f8de6b6,099832003202474878,Off of Sr VP Dev Econ/Chief Econ (DECVP),http://documents.worldbank.org/curated/en/099832003202474878/IDU1d6aad48f1890e142451b9d4113ed5f8de6b6,"Rexer,Jonah Matthew","Sharma,Siddharth","Climate Change Adaptation : What Does the
            Evidence Say ?",34285419,"Adapting to climate change is an
            increasingly urgent policy priority in lower- and
            middle-income countries. This systematic review summarizes
            the current state of the literature on adaptation to climate
            change, and conducts a quantitative meta-analysis of the
            effectiveness of climate adaptation. The meta-analysis
            reveals that observed adaptations offset 46 percent of
            climate losses on average, with firms using more effective
            adaptation strategies than households and farmers. The
            review identifies several key lessons. First, purely private
            adaptations to climate shocks tend to be less effective than
            those from public infrastructure and services, although
            neither by itself is generally sufficient to fully offset
            the effects of climate change. Second, some adaptations may
            reduce climate losses in the present, but in the long-run,
            households, firms, and farmers might be better-served by
            reducing their climate exposure. Third, the literature tends
            to focus on adaptation by households and farmers, neglecting
            firms. Finally, productivity losses from climate shocks may
            be offset if capital and labor can adjust across sectors and
            locations, but constraints on these reallocations have not
            been sufficiently studied.",,,,,,,,
73,34286105,Africa,Policy Research Working Paper,2024-03-21T00:00:00Z,Publications & Research,"Policy Research working paper ; no. WPS
            10730; INFRASTRUCTURE","Does Africa Need More Roads in
            the Digital Age ? Evidence of Complementarities in Infrastructure",http://documents.worldbank.org/curated/en/099205403212436510/pdf/IDU1e135d75d14e2014ce11bffe1bf74ec415a50.pdf,/research/2024/03/34286105/africa-need-more-roads-digital-age-evidence-complementarities-infrastructure,http://documents.worldbank.org/curated/en/099205403212436510/IDU1e135d75d14e2014ce11bffe1bf74ec415a50,2024/03/34286105/IDU1e135d75d14e2014ce11bffe1bf74ec415a50,099205403212436510,Off of Sr VP Dev Econ/Chief Econ (DECVP),http://documents.worldbank.org/curated/en/099205403212436510/IDU1e135d75d14e2014ce11bffe1bf74ec415a50,"Lebrand,Mathilde Sylvie Maria","Mongoue,Arcady","Does Africa Need More Roads in the Digital
            Age ? Evidence of Complementarities in Infrastructure",34286105,"This paper investigates whether the
            expansion of fast internet networks complements or
            substitutes for the development of roads to improve market
            access and create more and higher-skilled jobs in Africa.
            The paper combines the geographic locations of households
            and firms with the locations of main roads and optical-fiber
            nodes in 25 Sub-Saharan African countries. Using the
            difference-in-differences and instrumental variables
            approaches and leveraging the history of post-independence
            road building and the timing of the arrival of submarine
            internet, the paper examines the impacts of access to these
            two types of infrastructure, both in isolation and in
            combination. The findings show that improving access to both
            has large and positive complementary effects. On average,
            the additional impacts on employment from combining access
            to both types of infrastructure are 22 percent larger than
            the sum of their isolated effects. The findings suggest that
            a big push for combined investments in fast internet and
            road access could enhance economic development in Africa
            overall. Firms and workers in urban locations, female
            workers, and workers with higher levels of education gain
            the most from the complementarities that emerge.","Pongou,Roland","Zhang,Fan",,,,,,
74,34286128,Cote d'Ivoire,Policy Research Working Paper,2024-03-21T00:00:00Z,Publications & Research,"Policy Research working paper ; no. WPS
            10731; PEOPLE; COVID-19 (Coronavirus)","Mortality Costs of and Policy
            Responses to the COVID-19 Pandemic in Côte d'Ivoire",http://documents.worldbank.org/curated/en/099314103212451924/pdf/IDU1b593876015fbb144631a18c1bce7ea0ce45d.pdf,/research/2024/03/34286128/mortality-costs-policy-responses-covid-19-pandemic-côte-divoire,http://documents.worldbank.org/curated/en/099314103212451924/IDU1b593876015fbb144631a18c1bce7ea0ce45d,2024/03/34286128/IDU1b593876015fbb144631a18c1bce7ea0ce45d,099314103212451924,Off of Sr VP Dev Econ/Chief Econ (DECVP),http://documents.worldbank.org/curated/en/099314103212451924/IDU1b593876015fbb144631a18c1bce7ea0ce45d,"Donfouet,Hermann Pythagore Pierre","Sanogo,Ndoh Ashken","Mortality Costs of and Policy Responses to
            the COVID-19 Pandemic in Côte d'Ivoire",34286128,"Côte d'Ivoire, the largest
            economy in the West African Economic and Monetary Union, was
            hit by COVID-19, which claimed many lives. This paper
            estimates COVID-19 mortality costs over time using the value
            of a statistical life. Using a more conservative estimate of
            the value of a statistical life income elasticity ranging
            from 1 to 1.4, the overall COVID-19 mortality costs in Côte
            d'Ivoire since the pandemic range from US$ 100.4
            million to US$ 284.3 million. Considering age-related
            adjustments, a 3 percent discount rate, and a value of a
            statistical life income elasticity of 1 to 1.4, the COVID-19
            costs range from US$ 5.4 million to US$ 15.3 million.
            Similarly, the COVID-19 mortality costs range from US$ 6.8
            million to US$ 19.3 million with a 5 percent discount rate
            and a value of a statistical life income elasticity of 1 to
            1.4. More significantly, the findings suggest that COVID-19
            mortality costs started to decline in 2021. To enhance
            prevention, preparedness, and response to future pandemics,
            policy makers could consider allocating pandemic funding
            within national budgets. Exploring potential partnerships
            with philanthropic organizations and international entities
            could further enhance domestic resource matching efforts.","Gogoua,Amantchi Jean - Noel","Tshivuila Matala,Opope Oyaka","Traore,Adama-000558561","Sorgho,Gaston",,,,
75,34286166,"Jordan,Armenia,World",Policy Research Working Paper,2024-03-21T00:00:00Z,Publications & Research,"Policy Research working paper ; no. WPS
            10733; PROSPERITY","Gender and Fiscal Policy — A
            Methodological Proposal and Its Application to Jordan and Armenia",http://documents.worldbank.org/curated/en/099353303212483027/pdf/IDU1e17bd9dd11435145f41a4cf146d8fcaf8bfe.pdf,/research/2024/03/34286166/gender-fiscal-policy-—-methodological-proposal-application-jordan-armenia,http://documents.worldbank.org/curated/en/099353303212483027/IDU1e17bd9dd11435145f41a4cf146d8fcaf8bfe,2024/03/34286166/IDU1e17bd9dd11435145f41a4cf146d8fcaf8bfe,099353303212483027,,http://documents.worldbank.org/curated/en/099353303212483027/IDU1e17bd9dd11435145f41a4cf146d8fcaf8bfe,"Jellema,Jon Robbert","Grown,Caren","Gender and Fiscal Policy — A Methodological
            Proposal and Its Application to Jordan and Armenia",34286166,"Fiscal policies affect households and
            individuals in a variety of ways. Even though these effects
            are likely to be different for men and women, conventional
            tools of fiscal incidence analysis are typically unable to
            capture these gender differences. Using a particular type of
            incidence analysis known in the literature as the Commitment
            to Equity framework, this paper proposes a methodology to
            overcome this challenge. A particular novelty the paper
            introduces is the explicit incorporation of social
            reproduction into the fiscal incidence analysis framework,
            enabling the implicit valuation of unpaid work that is
            typically undertaken by women on activities such as cooking,
            cleaning, and caring for children and the elderly. Applying
            this methodology to the cases of Jordan and Armenia — two
            countries with very different approaches to fiscal policy
            and cultural norms around the economic and social roles of
            men and women — the paper also highlights some of the
            insights that this engendered perspective could add to
            standard fiscal incidence analysis.","Fuchs Tarlovsky,Alan","Wai-Poi,Matthew Grant","Tiwari,Sailesh","Sosa,Mariano Ernesto",,,,
76,34286293,Jordan,Policy Research Working Paper,2024-03-21T00:00:00Z,Publications & Research,"Policy Research working paper ; no. WPS
            10732; PROSPERITY","Fiscal Policy, Poverty and
            Inequality in Jordan : The Role of Taxes and Public Spending",http://documents.worldbank.org/curated/en/099744203212423312/pdf/IDU1907bcc9217a661407f183c21a5fa22ae0150.pdf,/research/2024/03/34286293/fiscal-policy-poverty-inequality-jordan-role-taxes-public-spending,http://documents.worldbank.org/curated/en/099744203212423312/IDU1907bcc9217a661407f183c21a5fa22ae0150,2024/03/34286293/IDU1907bcc9217a661407f183c21a5fa22ae0150,099744203212423312,Off of Sr VP Dev Econ/Chief Econ (DECVP),http://documents.worldbank.org/curated/en/099744203212423312/IDU1907bcc9217a661407f183c21a5fa22ae0150,"Rodriguez Takeuchi,Laura Kiku","Wai-Poi,Matthew Grant","Fiscal Policy, Poverty and Inequality in
            Jordan : The Role of Taxes and Public Spending",34286293,"Analysing who benefits from different
            taxes and spending is important to understand how fiscal
            policy is affecting poverty and inequality in Jordan. This
            study traces how the Jordanian fiscal system affects
            different households, while paying income tax and GST and
            benefiting from social assistance, and services, such as,
            cash transfers, electricity and water subsidies, education
            and health. The study finds that Jordan’s current fiscal
            system is modestly progressive, but more could be achieved.
            Inequality, as measured by the Gini Index, falls 5.8 points
            between household market incomes and post-fiscal incomes
            (after paying income and consumption taxes as well as
            receiving government transfers and subsidized services).
            When considering only monetary taxes and benefits (that is,
            excluding non-cash education and health services),
            inequality falls by only 2.6 points and poverty would be
            almost the same as the official poverty rate. Nonetheless,
            the recent expansion of social assistance programs is making
            Jordan’s fiscal policies more equalizing and there is scope
            for other reforms which would both close the fiscal gap
            while further reducing poverty and inequality.",,,,,,,,
77,34288443,World,Policy Research Working Paper,2024-03-26T00:00:00Z,Publications & Research,"Policy Research working paper ; no. WPS
            10734; PEOPLE","Overcoming Left-Behindedness :
            Moving beyond the Efficiency versus Equity Debate in
            Territorial Development",http://documents.worldbank.org/curated/en/099224303262426681/pdf/IDU17dc414d91a08a142ad1a8da1e2c5bf4ade41.pdf,/research/2024/03/34288443/overcoming-left-behindedness-moving-beyond-efficiency-versus-equity-debate-territorial-development,http://documents.worldbank.org/curated/en/099224303262426681/IDU17dc414d91a08a142ad1a8da1e2c5bf4ade41,2024/03/34288443/IDU17dc414d91a08a142ad1a8da1e2c5bf4ade41,099224303262426681,Off of Sr VP Dev Econ/Chief Econ (DECVP),http://documents.worldbank.org/curated/en/099224303262426681/IDU17dc414d91a08a142ad1a8da1e2c5bf4ade41,"Rodríguez-Pose,Andrés","Bartalucci,Federico","Overcoming Left-Behindedness : Moving beyond
            the Efficiency versus Equity Debate in Territorial Development",34288443,"Territorial development theory and
            practice have witnessed significant change in recent times.
            This change has increasingly put the spatial dimension at
            the center of development policies. Although
            agglomeration-focused policies derived from urbanization and
            agglomeration economics were once prominent, their empirical
            limitations have become increasingly apparent. Greater
            territorial polarization and pervasive left-behindedness
            have underscored the need for a more inclusive territorial
            development approach, prompting increased interest in
            understanding and addressing regional disparities to ensure
            more equitable economic growth. This paper synthesizes the
            growing interest in territorial development, which has
            driven the adoption of what are increasingly place-based and
            place-sensitive approaches to development. The paper also
            emphasizes the need for complementarity between
            efficiency-driven and equity-focused interventions, while
            highlighting emerging topics in regional economics research,
            including the role of institutions, agency, and external
            megatrends such as the green transition. The paper concludes
            by advocating a place-sensitive approach that tailors
            policies to regional challenges, promoting economic
            potential, diversification, and inclusivity across all regions.","Lozano Gracia,Nancy","Davalos,Maria Eugenia",,,,,,
78,34288578,World,Policy Research Working Paper,2024-03-26T00:00:00Z,Publications & Research,"Policy Research working paper ; no. WPS
            10735; PROSPERITY","Inelastic Demand Meets Optimal
            Supply of Risky Sovereign Bonds",http://documents.worldbank.org/curated/en/099556503262429115/pdf/IDU1ff661c041beb0143a21a16b1690f59425b69.pdf,/research/2024/03/34288578/inelastic-demand-meets-optimal-supply-risky-sovereign-bonds,http://documents.worldbank.org/curated/en/099556503262429115/IDU1ff661c041beb0143a21a16b1690f59425b69,2024/03/34288578/IDU1ff661c041beb0143a21a16b1690f59425b69,099556503262429115,,http://documents.worldbank.org/curated/en/099556503262429115/IDU1ff661c041beb0143a21a16b1690f59425b69,"Moretti,Matías","Pandolfi,Lorenzo","Inelastic Demand Meets Optimal Supply of
            Risky Sovereign Bonds",34288578,"This paper presents evidence of
            inelastic demand in the market for risky sovereign bonds and
            examines its interplay with government policies. The
            methodology combines bond-level evidence with a structural
            model featuring endogenous bond issuances and default risk.
            Empirically, the paper exploits monthly changes in the
            composition of a major bond index to identify flow shocks
            that shift the available bond supply and are unrelated to
            country fundamentals. The paper finds that a 1 percentage
            point reduction in the available supply increases bond
            prices by 33 basis points. Although exogenous, these shocks
            might influence government policies and expected bond
            payoffs. The paper identifies a structural demand elasticity
            by feeding the estimated price reactions into a sovereign
            debt model that isolates endogenous government responses.
            These responses account for a third of the estimated price
            reactions. By penalizing additional borrowing, inelastic
            demand acts as a commitment device that reduces default risk.","Schmukler,Sergio L.","Villegas Bauer,Germán","Williams,Tomás",,,,,
79,34288659,Syrian Arab Republic,Policy Research Working Paper,2024-03-26T00:00:00Z,Publications & Research,"Policy Research working paper ; no. WPS
            10736; PROSPERITY","Assessing the Extent of Monetary
            Poverty in the Syrian Arab Republic after a Decade of Conflict",http://documents.worldbank.org/curated/en/099742403262440849/pdf/IDU1a73d3530135091482c18bb21deb250f995a4.pdf,/research/2024/03/34288659/assessing-extent-monetary-poverty-syrian-arab-republic-after-decade-conflict,http://documents.worldbank.org/curated/en/099742403262440849/IDU1a73d3530135091482c18bb21deb250f995a4,2024/03/34288659/IDU1a73d3530135091482c18bb21deb250f995a4,099742403262440849,Off of Sr VP Dev Econ/Chief Econ (DECVP),http://documents.worldbank.org/curated/en/099742403262440849/IDU1a73d3530135091482c18bb21deb250f995a4,"Redaelli,Silvia","Infanzon Guadarrama,Michelle","Assessing the Extent of Monetary Poverty in
            the Syrian Arab Republic after a Decade of Conflict",34288659,"The data for estimating monetary
            poverty in the Syrian Arab Republic are outdated. In the
            context of data scarcity, this paper aims to propose a
            methodological approach to address the knowledge gap
            regarding welfare in Syria over the past decade. In
            particular, the analysis provides (i) updated pre-conflict
            poverty baseline estimates based on grouped data from the
            2009 Household Income and Expenditure Survey; (ii)
            supporting evidence on the viability of using Humanitarian
            Needs Assessment Programme Demographic and Water Supply,
            Sanitation, and Hygiene 2022 survey data for the estimation
            of monetary poverty in 2022; and (iii) supporting
            theoretical and empirical evidence to identify growth in per
            capita gross domestic product in current prices deflated by
            Consumer Price Index as the best metric to project poverty
            using a nowcasting approach. Based on this analysis, the
            paper proposes to use 2022 Humanitarian Needs Assessment
            Programme–based poverty estimates to anchor the most recent
            estimates to the best available evidence, and to interpolate
            the poverty evolution obtained from back-casting 2022 and
            nowcasting 2009 poverty estimates over 2009–22 using the
            growth rate of per capita gross domestic product in current
            prices, deflated by the Consumer Price Index with a
            passthrough of 0.7.","Moreno Herrera,Laura Liliana",,,,,,,
80,34288672,"Tanzania,World",Policy Research Working Paper,2024-03-26T00:00:00Z,Publications & Research,"Policy Research working paper ; no. WPS
            10738; PEOPLE; LSMS","Using Survey-to-Survey Imputation
            to Fill Poverty Data Gaps at a Low Cost : Evidence from a
            Randomized Survey Experiment",http://documents.worldbank.org/curated/en/099851203262433827/pdf/IDU1dce7aeb018793142f91aae715d889956cee9.pdf,/research/2024/03/34288672/using-survey-to-survey-imputation-fill-poverty-data-gaps-low-cost-evidence-randomized-survey-experiment,http://documents.worldbank.org/curated/en/099851203262433827/IDU1dce7aeb018793142f91aae715d889956cee9,2024/03/34288672/IDU1dce7aeb018793142f91aae715d889956cee9,099851203262433827,Off of Sr VP Dev Econ/Chief Econ (DECVP),http://documents.worldbank.org/curated/en/099851203262433827/IDU1dce7aeb018793142f91aae715d889956cee9,"Dang,Hai-Anh H.","Kilic,Talip","Using Survey-to-Survey Imputation to Fill
            Poverty Data Gaps at a Low Cost : Evidence from a Randomized
            Survey Experiment",34288672,"Survey data on household consumption
            are often unavailable or incomparable over time in many low-
            and middle-income countries. Based on a unique randomized
            survey experiment implemented in Tanzania, this study offers
            new and rigorous evidence demonstrating that
            survey-to-survey imputation can fill consumption data gaps
            and provide low-cost and reliable poverty estimates. Basic
            imputation models featuring utility expenditures, together
            with a modest set of predictors on demographics, employment,
            household assets, and housing, yield accurate predictions.
            Imputation accuracy is robust to varying the survey
            questionnaire length, the choice of base surveys for
            estimating the imputation model, different poverty lines,
            and alternative (quarterly or monthly) Consumer Price Index
            deflators. The proposed approach to imputation also performs
            better than multiple imputation and a range of machine
            learning techniques. In the case of a target survey with
            modified (shortened or aggregated) food or non-food
            consumption modules, imputation models including food or
            non-food consumption as predictors do well only if the
            distributions of the predictors are standardized vis-à-vis
            the base survey. For the best-performing models to reach
            acceptable levels of accuracy, the minimum required sample
            size should be 1,000 for both the base and target surveys.
            The discussion expands on the implications of the findings
            for the design of future surveys.","Hlasny,Vladimir","Abanokova,Ksenia","Carletto,Calogero",,,,,
81,34288682,World,Policy Research Working Paper,2024-03-26T00:00:00Z,Publications & Research,"Policy Research working paper ; no. WPS
            10737; PROSPERITY","Linking Export Activities to
            Productivity and Wage Rate Growth",http://documents.worldbank.org/curated/en/099917103262437014/pdf/IDU16c0a77731bf9814c961896f14d6f9f32dc9b.pdf,/research/2024/03/34288682/linking-export-activities-productivity-wage-rate-growth,http://documents.worldbank.org/curated/en/099917103262437014/IDU16c0a77731bf9814c961896f14d6f9f32dc9b,2024/03/34288682/IDU16c0a77731bf9814c961896f14d6f9f32dc9b,099917103262437014,Off of Sr VP Dev Econ/Chief Econ (DECVP),http://documents.worldbank.org/curated/en/099917103262437014/IDU16c0a77731bf9814c961896f14d6f9f32dc9b,"Aguilar Luna,Luis Alejandro","Winkler,Deborah Elisabeth","Linking Export Activities to Productivity
            and Wage Rate Growth",34288682,"This paper examines the relationship
            between trade and job quality, using productivity and wage
            rate data for export and non-export activities in a sample
            of 60 countries across all income levels and 45 sectors
            spanning the whole economy over 1995–2019. First, the
            analysis finds that workers involved in export activities
            are more productive and better paid than those in non-export
            activities. While the productivity premium for export
            activities is confirmed in low- and middle-income countries,
            there is no wage rate premium. Second, this study finds a
            positive relationship between exports and labor productivity
            at the country-sector level, which can be attributed to
            productivity gains within export activities as well as
            spillovers to non-export activities. Countries’
            specialization in global value chains and sectors also
            matters for the relationship between exports and job
            quality, with manufacturing, agriculture, and business
            services showing stronger associations. The link between
            exports and the wage rate is smaller than for productivity.
            Finally, productivity and wage rate growth decompositions
            suggest that growth within rather than between activities
            was the driving force. Within export activities,
            productivity and wage increases were dominated by
            within-sector growth, although labor movement toward more
            productive sectors also matters in low- and middle-income countries.",,,,,,,,
82,34289093,Ecuador,Policy Research Working Paper,2024-03-27T00:00:00Z,Publications & Research,"Policy Research working paper ; no. WPS
            10739; PROSPERITY","The Role of Firm Dynamics in
            Aggregate Productivity, Job Flows, and Wage Inequality in Ecuador",http://documents.worldbank.org/curated/en/099210003272435670/pdf/IDU12ee097181a742148c01b05d15e384067ed0a.pdf,/research/2024/03/34289093/role-firm-dynamics-aggregate-productivity-job-flows-wage-inequality-ecuador,http://documents.worldbank.org/curated/en/099210003272435670/IDU12ee097181a742148c01b05d15e384067ed0a,2024/03/34289093/IDU12ee097181a742148c01b05d15e384067ed0a,099210003272435670,Off of Sr VP Dev Econ/Chief Econ (DECVP),http://documents.worldbank.org/curated/en/099210003272435670/IDU12ee097181a742148c01b05d15e384067ed0a,"Patino Pena,Fausto Andres","Ferro,Esteban","The Role of Firm Dynamics in Aggregate
            Productivity, Job Flows, and Wage Inequality in Ecuador",34289093,"This paper examines the role of firm
            dynamics in aggregate total factor productivity, job flows,
            and wage inequality in Ecuador. Utilizing a comprehensive
            employer-employee dataset, the paper documents firm dynamics
            and job flow patterns that are consistent with the presence
            of market distortions. Also, the paper identifies factor
            misallocation as the main contributor to Ecuador's
            total factor productivity deceleration. Given these trends,
            the paper explores allocative inefficiency drivers through
            firm- and industry-level regressions. Firms in the top
            productivity quintile face distortive non-wage labor costs
            that are 3.7 times higher than the bottom quintile, after
            controlling for firm size and age. The findings also provide
            evidence of credit misallocation across firms. Additionally,
            industries with higher job mobility, credit access, and
            competition and lower non-wage labor costs, minimum wage
            incidence, and zombie firms demonstrate higher allocative
            efficiency. Moreover, worker-level regressions indicate that
            misallocation drivers explain up to 41 percent of wage
            inequality, with non-wage labor costs and product market
            frictions as distortions driving this inequality.",,,,,,,,
83,34289140,Uruguay,Policy Research Working Paper,2024-03-27T00:00:00Z,Publications & Research,"Policy Research working paper ; no. WPS
            10740; PROSPERITY","The Macroeconomic Impact of
            Climate Shocks in Uruguay",http://documents.worldbank.org/curated/en/099400003272435890/pdf/IDU13bfbac77199f81489e18f2319846d83a3953.pdf,/research/2024/03/34289140/macroeconomic-impact-climate-shocks-uruguay,http://documents.worldbank.org/curated/en/099400003272435890/IDU13bfbac77199f81489e18f2319846d83a3953,2024/03/34289140/IDU13bfbac77199f81489e18f2319846d83a3953,099400003272435890,Off of Sr VP Dev Econ/Chief Econ (DECVP),http://documents.worldbank.org/curated/en/099400003272435890/IDU13bfbac77199f81489e18f2319846d83a3953,"Giuliano,Fernando Mauro","Navia Simon,Daniel","The Macroeconomic Impact of Climate Shocks
            in Uruguay",34289140,"Uruguay is an economy that is
            vulnerable to precipitation patterns, as evidenced during
            the country’s historic 2022/23 drought. Yet, and despite its
            rich macroeconomic and climate data environment, the country
            does not have a consistent macroeconomic model to address
            the aggregate impact of climate shocks, let alone the
            expected additional impact from climate change. This paper
            intends to fill this gap by integrating climate shocks into
            the World Bank’s Macro-Fiscal Model, its workhorse
            structural macroeconomic projection model. Building on
            existing country studies on the sectoral effects of droughts
            and floods, the analysis finds that the volatility of a
            simulated Uruguayan economy only subject to historical
            climate shocks reaches 22 percent of the historical
            volatility of gross domestic product. Moreover, as climate
            shocks are only one of many shocks that can simultaneously
            affect an economy, incorporating exogenous macroeconomic
            shocks into historical climate shocks exacerbates volatility
            and increases potential losses. Gross domestic product can
            fall by 2.3 percent under a combined negative climate and
            macroeconomic shock of the type witnessed once every six
            years on average, and 4.1 percent under a once-in-40-years
            combined negative shock. Climate change compounds these
            effects going forward, worsening the magnitude of the
            downside risks from droughts by between 18 and 30 percent,
            although estimates incorporating climate change are subject
            to large uncertainty. The order of magnitude of these
            effects calls for a more systematic consideration of climate
            shocks in macroeconomic projections and fiscal risk
            assessments for Uruguay.","Ruberl,Heather Jane",,,,,,,
84,34289887,World,Policy Research Working Paper,2024-03-28T00:00:00Z,Publications & Research,"Policy Research working paper ; no. WPS
            10741; RRR; PROSPERITY","The Sovereign Spread Compressing
            Effect of Fiscal Rules during Global Crises",http://documents.worldbank.org/curated/en/099249103282432838/pdf/IDU15cfa7f6d1d6ab1406518cfe157ccc6a3202a.pdf,/research/2024/03/34289887/sovereign-spread-compressing-effect-fiscal-rules-during-global-crises,http://documents.worldbank.org/curated/en/099249103282432838/IDU15cfa7f6d1d6ab1406518cfe157ccc6a3202a,2024/03/34289887/IDU15cfa7f6d1d6ab1406518cfe157ccc6a3202a,099249103282432838,,http://documents.worldbank.org/curated/en/099249103282432838/IDU15cfa7f6d1d6ab1406518cfe157ccc6a3202a,"Islamaj,Ergys","Samano Penaloza,Agustin","The Sovereign Spread Compressing Effect of
            Fiscal Rules during Global Crises",34289887,"Do fiscal rules help suppress
            sovereign spreads during periods of global financial stress
            Yes! This paper examines whether fiscal rules contribute to
            mitigating sovereign spreads in emerging markets and
            developing economies during periods of heightened financial
            and economic volatility worldwide. It finds that the
            presence of fiscal rules is statistically significantly
            associated with lower sovereign spreads during the COVID-19
            crisis — about 350 basis points lower on average.
            Interestingly, this correlation persists even when nations
            deviate from these rules, indicating an expectation of
            post-crisis compliance. The study shows that deviations from
            fiscal rules are typically short-lived, with fiscal balance
            rules reinstated within 3.5 years. Robustness checks,
            including controls for institutional quality, fiscal rule
            strength, and global and regional factors confirm these
            results. Overall, the findings suggest that fiscal rules can
            help emerging markets and developing economies signal fiscal
            responsibility during episodes of global financial stress,
            reducing borrowing costs relative to countries without
            fiscal rules.","Sommers,Scott James",,,,,,,
85,34290394,"World,Multi-Regional",Policy Research Working Paper,2024-03-28T00:00:00Z,Publications & Research,"Policy Research working paper ; no. WPS
            10743; PLANET; RRR","How Delayed Learning about
            Climate Uncertainty Impacts Decarbonization Investment Strategies",http://documents.worldbank.org/curated/en/099829103282438373/pdf/IDU1f2d86d77127091490d1a6df1dc342f15d10b.pdf,/research/2024/03/34290394/delayed-learning-climate-uncertainty-impacts-decarbonization-investment-strategies,http://documents.worldbank.org/curated/en/099829103282438373/IDU1f2d86d77127091490d1a6df1dc342f15d10b,2024/03/34290394/IDU1f2d86d77127091490d1a6df1dc342f15d10b,099829103282438373,Off of Sr VP Dev Econ/Chief Econ (DECVP),http://documents.worldbank.org/curated/en/099829103282438373/IDU1f2d86d77127091490d1a6df1dc342f15d10b,"Bauer,Adam Michael","Mcisaac,Florent John","How Delayed Learning about Climate
            Uncertainty Impacts Decarbonization Investment Strategies",34290394,"The Paris Agreement established that
            global warming should be limited to “well below” 2◦C and
            encouraged efforts to limit warming to 1.5◦C. Achieving this
            goal presents a significant challenge, especially given the
            presence of (i) economic inertia and adjustment costs, which
            penalize a swift transition away from fossil fuels, and (ii)
            climate uncertainty that, for example, hinders the ability
            to predict the amount of emissions that can be emitted
            before a given temperature target is passed, which is often
            referred to as the remaining carbon budget. This paper
            presents a modeling framework that explores optimal
            decarbonization investment strategy when both delayed
            learning about the remaining carbon budget and adjustment
            costs are present. The findings show that delaying learning
            about the remaining carbon budget impacts investment in
            three ways: (i) the cost of policy increases, especially
            when adjustment costs are present; (ii) abatement investment
            is front-loaded relative to the certainty policy; and (iii)
            the sectoral allocation of investment changes to favor
            declining investment pathways rather than bell-shaped paths.
            The latter effect is especially pronounced in hard-to-abate
            sectors, such as heavy industry. Each of the effects can be
            traced back to the carbon price distribution inheriting a
            “heavy tail” when the remaining carbon budget is learned
            later in the century. The paper highlights how climate
            uncertainty and adjustment costs combined result in a more
            aggressive least-cost strategy for decarbonization investment.","Hallegatte,Stephane",,,,,,,
86,34290411,World,Policy Research Working Paper,2024-03-28T00:00:00Z,Publications & Research,"Policy Research working paper ; no. WPS
            10742; PLANET","Climate Shocks and the Poor : A
            Review of the Literature",http://documents.worldbank.org/curated/en/099019303282434041/pdf/IDU16f3c8dd41439514f901ad011ae6ae66b94ab.pdf,/research/2024/03/34290411/climate-shocks-poor-review-literature,http://documents.worldbank.org/curated/en/099019303282434041/IDU16f3c8dd41439514f901ad011ae6ae66b94ab,2024/03/34290411/IDU16f3c8dd41439514f901ad011ae6ae66b94ab,099019303282434041,Off of Sr VP Dev Econ/Chief Econ (DECVP),http://documents.worldbank.org/curated/en/099019303282434041/IDU16f3c8dd41439514f901ad011ae6ae66b94ab,"Triyana,Margaret Maggie","Jiang,Weicheng","Climate Shocks and the Poor : A Review of
            the Literature",34290411,"There is a rapidly growing literature
            on the link between climate change and poverty. This study
            reviews the existing literature on whether the poor are more
            exposed to climate shocks and whether they are more
            adversely affected. About two-thirds of the studies in our
            analyzed sample find that the poor are more exposed to
            climate shocks than is the rest of the population and
            four-fifths of the studies find that the poor are more
            adversely affected by climate shocks than is the rest of the
            population. Income and human capital losses tend to be
            concentrated among the poor. These findings highlight the
            potential long-term risk of a climate-change induced poverty
            trap and the need for targeted interventions to protect the
            poor from the adverse effects of climate shocks.","Hu,Yurui","Naoaj,Md Shah",,,,,,
87,34294377,World,Policy Research Working Paper,2024-04-02T00:00:00Z,Publications & Research,"Policy Research working paper ; no. WPS
            10744; RRR; PROSPERITY","What Works in Supporting
            Women-Led Businesses ?",http://documents.worldbank.org/curated/en/099546304022426807/pdf/IDU17db26e461485d14f2e187e91bbfa867e0f87.pdf,/research/2024/04/34294377/works-supporting-women-led-businesses,http://documents.worldbank.org/curated/en/099546304022426807/IDU17db26e461485d14f2e187e91bbfa867e0f87,2024/04/34294377/IDU17db26e461485d14f2e187e91bbfa867e0f87,099546304022426807,Off of Sr VP Dev Econ/Chief Econ (DECVP),http://documents.worldbank.org/curated/en/099546304022426807/IDU17db26e461485d14f2e187e91bbfa867e0f87,"Ubfal,Diego Javier",,"What Works in Supporting Women-Led
            Businesses ?",34294377,"Innovative women entrepreneurs can be
            agents of change and offer novel solutions to global
            challenges. However, they face multiple barriers to growing
            their businesses. This paper reviews the literature on
            strategies to support women entrepreneurs in improving their
            business outcomes. It focuses on interventions designed to
            address four areas of constraints that influence their
            decisions and can impact their business performance: gaps in
            human capital, access to finance, access to technology and
            markets, and contextual factors such as legal and regulatory
            constraints, social norms, access to care, and gender-based
            violence. The review concludes that evidence of modest
            average treatment effects and heterogeneity in treatment
            effects across various interventions suggest the need for
            more precise targeting. The multiple constraints faced by
            women entrepreneurs necessitates testing different packages
            of interventions. Moreover, the successful implementation
            and adoption of proposed solutions require consideration of
            the contextual constraints that differentially affect
            women-led businesses. While the review highlights several
            interventions that show promise in supporting women
            entrepreneurs, significant gaps remain in the evidence
            concerning the most effective strategies.",,,,,,,,
88,34295091,"Jordan,World",Policy Research Working Paper,2024-04-03T00:00:00Z,Publications & Research,"Policy Research working paper ; no. WPS
            10745; PROSPERITY","Taxes, Transfers, and Gender :
            Fiscal Policy Incidence across Fiscal and Care Categories in Jordan",http://documents.worldbank.org/curated/en/099442104032434602/pdf/IDU132d4f6011bcd8146401a7611055a8a85ab39.pdf,/research/2024/04/34295091/taxes-transfers-gender-fiscal-policy-incidence-across-fiscal-care-categories-jordan,http://documents.worldbank.org/curated/en/099442104032434602/IDU132d4f6011bcd8146401a7611055a8a85ab39,2024/04/34295091/IDU132d4f6011bcd8146401a7611055a8a85ab39,099442104032434602,Off of Sr VP Dev Econ/Chief Econ (DECVP),http://documents.worldbank.org/curated/en/099442104032434602/IDU132d4f6011bcd8146401a7611055a8a85ab39,"Rodriguez Takeuchi,Laura Kiku","Wai-Poi,Matthew Grant","Taxes, Transfers, and Gender : Fiscal Policy
            Incidence across Fiscal and Care Categories in Jordan",34295091,"Fiscal incidence analysis helps in
            understanding who contributes to and benefits from the
            fiscal system, and assessing the impact of fiscal policies
            in reducing poverty and inequality. Traditionally, the
            incidence of fiscal policy is assessed for households along
            the income distribution. In an attempt to tease out the
            gendered impacts of the fiscal system, this paper instead
            looks at how much different types of households in Jordan
            contribute to and benefit from current fiscal policies and
            the extent to which the fiscal system is helping to equalize
            post-market outcomes within and across groups. A household
            typology is constructed for Jordan based on households’
            demographic characteristics, which not only determine which
            taxes and transfers a household experiences, but also
            influence the participation of women in economic activity
            outside the household because they affect the generation and
            allocation of care responsibilities. The paper shows that
            the receipt of in-kind benefits, primarily education, is
            what drives which groups that receive the largest net
            benefits from the fiscal system. The results also show that
            the fiscal system in Jordan is reducing within-group
            inequalities, which represent over 80 percent of total
            inequality for both fiscal and care groups. The fiscal
            system has a limited impact on inequalities across groups,
            but they are very small.","Woodham,Jeffrey Scott",,,,,,,
89,34295842,Mali,Policy Research Working Paper,2024-04-04T00:00:00Z,Publications & Research,"Policy Research working paper ; no. WPS
            10746; PEOPLE; RRR; Impact Evaluation series","Do Patients Value High-Quality
            Medical Care ? Experimental Evidence from Malaria Diagnosis
            and Treatment",http://documents.worldbank.org/curated/en/099746004042478044/pdf/IDU17547a127149861475c1895a10c7fac248530.pdf,/research/2024/04/34295842/patients-value-high-quality-medical-care-experimental-evidence-malaria-diagnosis-treatment,http://documents.worldbank.org/curated/en/099746004042478044/IDU17547a127149861475c1895a10c7fac248530,2024/04/34295842/IDU17547a127149861475c1895a10c7fac248530,099746004042478044,Off of Sr VP Dev Econ/Chief Econ (DECVP),http://documents.worldbank.org/curated/en/099746004042478044/IDU17547a127149861475c1895a10c7fac248530,Carolina Lopez,"Sautmann,Anja","Do Patients Value High-Quality Medical Care
            ? Experimental Evidence from Malaria Diagnosis and Treatment",34295842,"Can information about the value of
            diagnostic tests improve provider practice and help patients
            recognize higher quality of care In a randomized experiment
            at public clinics in Mali, health providers and patients
            received tailored information about the importance of rapid
            diagnostic tests (RDTs) for malaria. The provider training
            increased provider reliance on RDTs, improving the match
            between a patient’s malaria status and treatment with
            antimalarials by 15–30 percent. Nonetheless, patients were
            significantly less satisfied with the care they received,
            driven by those whose prior beliefs did not match their true
            malaria status. The patient information intervention did not
            affect treatment outcomes or patient satisfaction and
            reduced malaria testing. These findings are consistent with
            highly persistent patient beliefs that translate into low
            demand for diagnostic testing and limit patients’ ability to
            recognize improved quality of care.","Schaner,Simone Gabrielle",,,,,,,
90,34295844,World,Policy Research Working Paper,2024-04-04T00:00:00Z,Publications & Research,"Policy Research working paper ; no. WPS
            10747; PEOPLE","Understanding the Links between
            Diet Quality, Malnutrition, and Economic Costs : An Evidence
            Review for LMICs",http://documents.worldbank.org/curated/en/099808404042441871/pdf/IDU1a906fa7a16a53148eb1adeb17f48e76432bf.pdf,/research/2024/04/34295844/understanding-links-between-diet-quality-malnutrition-economic-costs-evidence-review-lmics,http://documents.worldbank.org/curated/en/099808404042441871/IDU1a906fa7a16a53148eb1adeb17f48e76432bf,2024/04/34295844/IDU1a906fa7a16a53148eb1adeb17f48e76432bf,099808404042441871,Off of Sr VP Dev Econ/Chief Econ (DECVP),http://documents.worldbank.org/curated/en/099808404042441871/IDU1a906fa7a16a53148eb1adeb17f48e76432bf,"Siekmans,Kendra","Fracassi,Patrizia","Understanding the Links between Diet
            Quality, Malnutrition, and Economic Costs : An Evidence
            Review for LMICs",34295844,"Understanding the economic costs
            attributable to unhealthy diets is crucial to inform health
            and agrifood investments in low- and middle-income countries
            experiencing nutrition transition. To review the current
            evidence on the association between diet quality and
            economic costs in low- and middle-income countries, this
            paper first conducted a literature search to identify
            studies that include a dietary exposure, nutrition, or
            health outcome, and a cost estimate. Given the limited
            studies in terms of life stage groups represented, a second
            search was conducted for systematic reviews and
            meta-analyses of observational studies, with effect size
            estimates for the risk of nutrition or health outcomes
            associated with diet quality. Of 21 studies (search 1), most
            were based on the Global Burden of Disease model and
            estimated the fraction of diet-related noncommunicable
            disease outcomes attributable to individual or groups of
            dietary risk factors. The search found 82 systematic reviews
            and meta-analyses (search 2) that estimated the burden of
            malnutrition associated with dietary risk factors. Low
            dietary diversity was associated with increased risk of
            undernutrition and anemia in pregnant women and children.
            Dairy consumption was protective for low birthweight, child
            obesity, and diabetes and hypertension. Low animal source
            food intake increased the risk of anemia and zinc deficiency
            during pregnancy. Unhealthy food consumption, including
            ultra-processed foods and sugar-sweetened beverages,
            increased the risk of overweight/obesity, diabetes, and
            hypertension. Healthy dietary patterns were protective
            during pregnancy for maternal and birth outcomes, and for
            diabetes and hypertension in adults. The results highlight
            gaps in quantifying the contribution of diet quality to
            multiple forms of malnutrition and noncommunicable diseases.","Kato,Tomoko","Seow,Ti Kian","Carter,Diana","Horton,Susan E.","Dizon,Felipe Jr Fadullon","Shibata Okamura,Kyoko",,
91,34295886,World,Policy Research Working Paper,2024-04-04T00:00:00Z,Publications & Research,"Policy Research working paper ; no. WPS
            10748; PROSPERITY",Multidimensional and Specific Inequalities,http://documents.worldbank.org/curated/en/099824304042436172/pdf/IDU14cdd2e0f18cc21446918e281afbf0c2931e6.pdf,/research/2024/04/34295886/multidimensional-specific-inequalities,http://documents.worldbank.org/curated/en/099824304042436172/IDU14cdd2e0f18cc21446918e281afbf0c2931e6,2024/04/34295886/IDU14cdd2e0f18cc21446918e281afbf0c2931e6,099824304042436172,Off of Sr VP Dev Econ/Chief Econ (DECVP),http://documents.worldbank.org/curated/en/099824304042436172/IDU14cdd2e0f18cc21446918e281afbf0c2931e6,"Foster,James E.","Lokshin,Michael M.",Multidimensional and Specific Inequalities,34295886,"Despite the multitude of measures of
            multidimensional inequality, none is regularly used in
            policymaking. This paper proposes multidimensional
            inequality measures that are easily implementable and
            transparent and overcome many deficiencies of existing
            measures. The measures follow a traditional two-stage
            format, which aggregates dimensions first and then applies a
            unidimensional measure like the Gini coefficient to the
            distribution of aggregates. A novel characterization result
            identifies the precise form of aggregation needed to obtain
            axiomatically sound measures. The paper derives an additive
            decomposition formula — breaking down multidimensional
            inequality into terms reflecting the average specific
            inequalities (within dimensions) and the joint distribution
            (across dimensions) — for any measure created using a
            standard unidimensional measure or the Lorenz curve. The
            paper also provides an approach to calibrating the measure
            for use with data over time, replacing the usual ad hoc
            normalization of variables with one that accounts for a
            policymaker’s normative weights. The technology is
            illustrated first using synthetic data to understand how the
            measure varies as the components are changed and then using
            data from Azerbaijan.",,,,,,,,
92,34295891,Bangladesh,Policy Research Working Paper,2024-04-04T00:00:00Z,Publications & Research,"Policy Research working paper ; no. WPS
            10749; PROSPERITY","Reconstructing 2010–2022 Poverty
            and Inequality Trends in Bangladesh : A Statistical Matching Approach",http://documents.worldbank.org/curated/en/099909004042424752/pdf/IDU1d09247aa11eea14880185151e814de37fa03.pdf,/research/2024/04/34295891/reconstructing-2010–2022-poverty-inequality-trends-bangladesh-statistical-matching-approach,http://documents.worldbank.org/curated/en/099909004042424752/IDU1d09247aa11eea14880185151e814de37fa03,2024/04/34295891/IDU1d09247aa11eea14880185151e814de37fa03,099909004042424752,Off of Sr VP Dev Econ/Chief Econ (DECVP),http://documents.worldbank.org/curated/en/099909004042424752/IDU1d09247aa11eea14880185151e814de37fa03,"Fernandez Romero,Jaime Estuardo","Olivieri,Sergio Daniel","Reconstructing 2010–2022 Poverty and
            Inequality Trends in Bangladesh : A Statistical Matching Approach",34295891,"The 2022 Household Income and
            Expenditure Survey enhances fieldwork, data management, and
            information quality but poses comparability challenges with
            previous rounds. This study proposes a two-step process
            based on statistical matching to fill the information gap in
            previous survey rounds. This methodology uses the more
            comprehensive 2022 information to reconstruct comparable
            consumption measures over time. This allows for a consistent
            assessment of poverty and inequality measures, providing
            insights into the changes for policy makers, researchers,
            and stakeholders over the years. The results reveal that
            integrating this correction into previous survey rounds
            would have reduced poverty rates by around 10.6 percentage
            points between 2010 and 2016 and a further decrease of 7.8
            percentage points between 2016 and 2022. Likewise, extreme
            poverty rates would have witnessed a decline of
            approximately 3 percentage points in the earlier period and
            a more substantial drop of 3.6 percentage points in the more
            recent one. These poverty reduction trends mirror
            improvements in other dimensions of well-being, like
            reductions in infant mortality and stunting and increases in
            access to electricity, sanitary toilets, and literacy rates.","Wambile,Ayago Esmubancha",,,,,,,
93,34298315,World,Policy Research Working Paper,2024-04-09T00:00:00Z,Publications & Research,"Policy Research working paper ; no. WPS
            10750; RRR; PEOPLE; COVID-19 (Coronavirus)","COVID-19 Increased Existing
            Gender Mortality Gaps in High-Income Countries More Than in
            Middle-Income Countries",http://documents.worldbank.org/curated/en/099750404092472550/pdf/IDU159044c8b1b3ee146b01928c1b9248d269cce.pdf,/research/2024/04/34298315/covid-19-increased-existing-gender-mortality-gaps-high-income-countries-more-middle-income-countries,http://documents.worldbank.org/curated/en/099750404092472550/IDU159044c8b1b3ee146b01928c1b9248d269cce,2024/04/34298315/IDU159044c8b1b3ee146b01928c1b9248d269cce,099750404092472550,Off of Sr VP Dev Econ/Chief Econ (DECVP),http://documents.worldbank.org/curated/en/099750404092472550/IDU159044c8b1b3ee146b01928c1b9248d269cce,"Beegle,Kathleen G.","Demombynes,Gabriel","COVID-19 Increased Existing Gender Mortality
            Gaps in High-Income Countries More Than in Middle-Income Countries",34298315,"Men die at higher rates in nearly all
            places and at all ages beyond age 45. Using World Health
            Organization excess mortality estimates by sex and age
            groups for 75 countries in 2020 and 62 countries in 2021,
            this paper analyzes how patterns of excess mortality varied
            by sex and age groups across countries during the COVID-19
            pandemic and their association with country income level. In
            2020, the pandemic amplified the gender mortality gap for
            the world, but with variation across countries and by
            country income level. In high-income countries, rates of
            excess mortality were much higher for men than women. In
            contrast, in middle-income countries, the sex ratio of
            excess mortality was similar to the sex ratio of expected
            all-cause mortality. The exacerbation of the sex ratio of
            excess mortality observed in 2020 in high-income countries
            declined in 2021, likely as a result of the faster rollout
            of vaccination against COVID-19.","De Walque,Damien B. C. M.","Gubbins,Paul Michael","Veillard,Jeremy Henri Maurice",,,,,
94,34298667,World,Policy Research Working Paper,2024-04-10T00:00:00Z,Publications & Research,"Policy Research working paper ; no. WPS
            10751; RRR; PROSPERITY","Leveraging Growth Regressions for
            Country Analysis",http://documents.worldbank.org/curated/en/099217304102412750/pdf/IDU141f597b31c20114fa718cac1466610c36a27.pdf,/research/2024/04/34298667/leveraging-growth-regressions-country-analysis,http://documents.worldbank.org/curated/en/099217304102412750/IDU141f597b31c20114fa718cac1466610c36a27,2024/04/34298667/IDU141f597b31c20114fa718cac1466610c36a27,099217304102412750,,http://documents.worldbank.org/curated/en/099217304102412750/IDU141f597b31c20114fa718cac1466610c36a27,"Wacker,Konstantin M.","Beyer,Robert Carl Michael",Leveraging Growth Regressions for Country Analysis,34298667,"This paper shows how growth
            regressions can be useful for analyzing a country’s growth
            performance. Growth regressions describe changes in key
            macroeconomic variables that countries typically experience
            during their growth process. Such partial correlations
            facilitate comparative analysis, can usually be linked to
            policies, and can hence be informative from a policy
            perspective. Against this background, the paper introduces a
            new data set of growth correlates spanning more than 150
            countries from 1970 to 2019. Additionally, it presents
            several econometric reference models and details their
            application for country-level growth analysis. Two distinct
            metrics highlight infrastructure and human capital as
            exhibiting the strongest correlations with growth.","Moller,Lars Christian",,,,,,,
95,34299277,World,Policy Research Working Paper,2024-04-11T00:00:00Z,Publications & Research,"Policy Research working paper ; no. WPS
            10752; PROSPERITY","Refugee Education Financing : Key
            Facts and Findings — Insights into the Financing of Refugee
            Education in Low- and Middle-Income Countries",http://documents.worldbank.org/curated/en/099715204112433761/pdf/IDU18b15cbbd1e24e1435e183e218362bf22c142.pdf,/research/2024/04/34299277/refugee-education-financing-key-facts-findings-—-insights-financing-refugee-education-low--middle-income-countries,http://documents.worldbank.org/curated/en/099715204112433761/IDU18b15cbbd1e24e1435e183e218362bf22c142,2024/04/34299277/IDU18b15cbbd1e24e1435e183e218362bf22c142,099715204112433761,Off of Sr VP Dev Econ/Chief Econ (DECVP),http://documents.worldbank.org/curated/en/099715204112433761/IDU18b15cbbd1e24e1435e183e218362bf22c142,"Hopper,Robert Benjamin",,"Refugee Education Financing : Key Facts and
            Findings — Insights into the Financing of Refugee Education
            in Low- and Middle-Income Countries",34299277,"This paper, along with its
            accompanying data, provides the first comprehensive analysis
            on financing for refugee education in low- and middle-income
            countries. By compiling and scrutinizing data on host
            government financing, foreign aid contributions, and
            philanthropic giving, a consolidated and quantified overview
            of all major sources of financing for refugee education in
            low- and middle-income countries is produced. This data is
            then analyzed to reveal key trends and patterns in refugee
            education financing, existing financing gaps, and potential
            biases in financing allocations. These findings are explored
            in the 10 facts and findings outlined in this paper, and
            summarized in Box 1 below. It is hoped that this dataset and
            analysis will help to improve the understanding of financing
            for refugee education in low- and middle-income countries
            and inform future discussion and debate on refugee education financing.",,,,,,,,
96,34303046,Indonesia,Policy Research Working Paper,2024-04-17T00:00:00Z,Publications & Research,"Policy Research working paper ; no. WPS
            10753; PEOPLE","Why Look at Tasks When Designing
            Skills Policy for the Green Transition ? A Methodological
            Note on How to Identify Green Occupations and the Skills
            They Require",http://documents.worldbank.org/curated/en/099507304172419760/pdf/IDU16ad6160713dd714cb81ba4f109325371b138.pdf,/research/2024/04/34303046/look-tasks-designing-skills-policy-green-transition-methodological-note-identify-green-occupations-skills-require,http://documents.worldbank.org/curated/en/099507304172419760/IDU16ad6160713dd714cb81ba4f109325371b138,2024/04/34303046/IDU16ad6160713dd714cb81ba4f109325371b138,099507304172419760,Off of Sr VP Dev Econ/Chief Econ (DECVP),http://documents.worldbank.org/curated/en/099507304172419760/IDU16ad6160713dd714cb81ba4f109325371b138,"Granata,Julia","Posadas,Josefina","Why Look at Tasks When Designing Skills
            Policy for the Green Transition ? A Methodological Note on
            How to Identify Green Occupations and the Skills They Require",34303046,"The coexistence of several
            definitions of green jobs and measurement instruments gives
            room for mismatches between those concepts and their
            application to research questions. This paper first presents
            an organizing framework for the existing definitions,
            measurement instruments, and policy frameworks. It then
            delves into discussing two appropriate approaches for
            identifying green occupations to guide skills development
            policy: the task-content and the skills approaches. In the
            process, it introduces a novel methodology with a dictionary
            of green terms for identifying green tasks and occupations.
            This methodology, utilizing text analysis, demonstrates
            superior performance compared to the well-known O*NET Green
            Economic Project classification, particularly for developing
            countries. Lastly, the paper applies this methodology to
            Indonesia, a middle-income country, and utilizes various
            data sources to showcase the utility of the dictionary and
            text analysis exercise.",,,,,,,,
97,34303056,Libya,Policy Research Working Paper,2024-04-17T00:00:00Z,Publications & Research,"Policy Research working paper ; no. WPS
            10754; PEOPLE","News Sentiment in Destination
            Countries and Migration Choices : Evidence from Libya",http://documents.worldbank.org/curated/en/099527304172429684/pdf/IDU15106e1d115d5e14819185f71a49e5ec89065.pdf,/research/2024/04/34303056/news-sentiment-destination-countries-migration-choices-evidence-libya,http://documents.worldbank.org/curated/en/099527304172429684/IDU15106e1d115d5e14819185f71a49e5ec89065,2024/04/34303056/IDU15106e1d115d5e14819185f71a49e5ec89065,099527304172429684,Off of Sr VP Dev Econ/Chief Econ (DECVP),http://documents.worldbank.org/curated/en/099527304172429684/IDU15106e1d115d5e14819185f71a49e5ec89065,"Di Maio,Michele","Elmallakh,Nelly Youssef Louis William","News Sentiment in Destination Countries and
            Migration Choices : Evidence from Libya",34303056,"Changes in the sentiment of
            migration-related news published in destination countries
            affect the timing of migrants’ journeys to these countries.
            Using geo-localized data on migrants in Libya and the
            complete record of news articles in their country of
            destination, this paper shows that a worsening news
            sentiment leads to migrants staying longer in Libya, slowing
            down their journeys to their final destinations. The paper
            validates these results by showing that the effect is
            concentrated in locations with internet connections. The
            results indicate that changes in news sentiment have a
            significant impact only for some groups of migrants and
            under specific conditions, suggesting a limited effect on
            overall migrant movements. Finally, the paper provides
            suggestive evidence that a worsening news sentiment in the
            preferred destination induces substitution across
            destination countries, yet it does not make migrants return
            to their country of origin.","Leone Sciabolazza,Valerio",,,,,,,
98,34303151,Malaysia,Policy Research Working Paper,2024-04-17T00:00:00Z,Publications & Research,"Policy Research working paper ; no. WPS
            10755; PEOPLE","Soft Skills, Competition, and
            Hiring Discrimination",http://documents.worldbank.org/curated/en/099951104172438097/pdf/IDU140fa01051b52314c131b6ad1e5378c9e0c0b.pdf,/research/2024/04/34303151/soft-skills-competition-hiring-discrimination,http://documents.worldbank.org/curated/en/099951104172438097/IDU140fa01051b52314c131b6ad1e5378c9e0c0b,2024/04/34303151/IDU140fa01051b52314c131b6ad1e5378c9e0c0b,099951104172438097,Off of Sr VP Dev Econ/Chief Econ (DECVP),http://documents.worldbank.org/curated/en/099951104172438097/IDU140fa01051b52314c131b6ad1e5378c9e0c0b,"Valencia,Christian","Janzen,Sarah Ann","Soft Skills, Competition, and Hiring Discrimination",34303151,"This paper conducts a correspondence
            study to assess demand for soft skills in the context of
            hiring discrimination in Malaysia. No evidence of
            gender-based discrimination is found, including in science,
            technology, engineering, and mathematics occupations.
            However, in line with previous studies in the same context,
            there is evidence of ethnic discrimination. The paper then
            test the relevance of two soft skills: leadership and
            teamwork. These tests find some evidence that the labor
            market rewards simple signals of teamwork for the average
            applicant. Teamwork also plays an important role in the
            context of labor market discrimination, reducing the
            discrimination gap by 40 percent. In contrast, signaling
            leadership skills has no effect. Last, the paper considers
            the role of labor market competition. Companies facing
            competition in the labor market, measured by the number of
            competitors advertising similar positions, are 56 to 66
            percent less likely to discriminate. On the supply side,
            discrimination increases with the relative quality of the
            pool of applicants. The results provide novel evidence that
            soft skills and labor market competition both play important
            roles in understanding hiring discrimination. This
            underlines potential pathways to overcome labor market
            discrimination and improve job matching.","Ghorpade,Yashodhan","Abdur Rahman,Amanina Binti",,,,,,
99,34303649,Zambia,Policy Research Working Paper,2024-04-18T00:00:00Z,Publications & Research,"Policy Research working paper ; no. WPS
            10756; PROSPERITY","The Role of Firm Dynamics in
            Aggregate Productivity and Formal Job Flows in Zambia",http://documents.worldbank.org/curated/en/099258304182428569/pdf/IDU19eae6d98171dd14ad11ac9613b9d79fe3a29.pdf,/research/2024/04/34303649/role-firm-dynamics-aggregate-productivity-formal-job-flows-zambia,http://documents.worldbank.org/curated/en/099258304182428569/IDU19eae6d98171dd14ad11ac9613b9d79fe3a29,2024/04/34303649/IDU19eae6d98171dd14ad11ac9613b9d79fe3a29,099258304182428569,Off of Sr VP Dev Econ/Chief Econ (DECVP),http://documents.worldbank.org/curated/en/099258304182428569/IDU19eae6d98171dd14ad11ac9613b9d79fe3a29,"Simbeye,Laban","Lungu,Eliya","The Role of Firm Dynamics in Aggregate
            Productivity and Formal Job Flows in Zambia",34303649,"Zambia’s private sector must deliver
            quality jobs at scale to keep up with its expanding working
            age population, contribute to economic transformation, and
            reduce poverty. This entails both the creation of
            high-quality jobs and productivity improvement among
            existing jobs and firms. This paper analyzes the dynamics of
            formal firms to identify the drivers and barriers to
            productivity, formal employment, and formal wage growth in
            Zambia. Leveraging firm and worker administrative tax data
            from Zambia, the paper decomposes labor productivity and
            wage growth among formal firms and workers in Zambia into
            within-firm, between-firm, inter-sectoral, and dynamic
            components. The findings show that the aggregate labor
            productivity of formal firms declined over 2014–21, driven
            by secular within-firm declines in the non-mining industry
            and service sectors. By contrast, labor productivity grew in
            agriculture and remained flat in mining over the same
            period. Real wage trends for formal workers have mostly
            mirrored labor productivity dynamics, declining 40-50
            percent across non-agriculture sectors but growing slightly
            in agriculture, largely driven by within-firm shifts rather
            than between-firm or between-sector dynamics. The declines
            in labor productivity and wages reflect business environment
            challenges related to access to finance and electricity, as
            well as burdensome formal compliance requirements and
            competition with the informal sector. Within-firm labor
            productivity challenges also reflect low skills and
            capacity—including low technology adoption—among both firms
            and workers.","Kumwenda,Andreya","Banda,Edna","Msoni,Jonathan","Kuo,Ryan Chia",,,,
100,34305574,Zambia,Policy Research Working Paper,2024-04-22T00:00:00Z,Publications & Research,"Policy Research working paper ; no. WPS
            10757; RRR: DIGITAL","Spillovers in ICT Adoption from
            Formal to Informal Firms : Evidence from Zambia",http://documents.worldbank.org/curated/en/099420004222417764/pdf/IDU1132c9f691aaab14181180361a913d87dffc0.pdf,/research/2024/04/34305574/spillovers-ict-adoption-formal-informal-firms-evidence-zambia,http://documents.worldbank.org/curated/en/099420004222417764/IDU1132c9f691aaab14181180361a913d87dffc0,2024/04/34305574/IDU1132c9f691aaab14181180361a913d87dffc0,099420004222417764,Off of Sr VP Dev Econ/Chief Econ (DECVP),http://documents.worldbank.org/curated/en/099420004222417764/IDU1132c9f691aaab14181180361a913d87dffc0,"Jolevski,Filip","Nayyar,Gaurav","Spillovers in ICT Adoption from Formal to
            Informal Firms : Evidence from Zambia",34305574,"This paper examines spillovers in the
            use of digital technologies from formal to informal
            businesses by exploring differences in geographic proximity.
            Using a unique set of geocoded data from the 2019 World Bank
            Enterprise Surveys in Zambia, the findings indicate that
            closer geographic proximity to formal firms is associated
            with a significantly higher likelihood of digital adoption
            by informal businesses. The finding holds for various types
            of digital technologies, ranging from computers, tablets,
            and cell phones to mobile money transactions, and is robust
            to various measures of geographic proximity and model
            modifications. The results vary by the owner’s level of
            education and business age. The results also suggest that
            the spillovers in information and communications technology
            use can be explained by competition in the local market and
            learning through enhanced interactions.","Pleninger,Regina",Shu Yu,,,,,,
101,34306669,Nigeria,Policy Research Working Paper,2024-04-23T00:00:00Z,Publications & Research,"Policy Research working paper ; no. WPS
            10758; DIGITAL","Comparative Analysis of
            AI-Predicted and Crowdsourced Food Prices in an Economically
            Volatile Region",http://documents.worldbank.org/curated/en/099430004232434765/pdf/IDU18a5b99971429914e501ac101b25f11061d21.pdf,/research/2024/04/34306669/comparative-analysis-ai-predicted-crowdsourced-food-prices-economically-volatile-region,http://documents.worldbank.org/curated/en/099430004232434765/IDU18a5b99971429914e501ac101b25f11061d21,2024/04/34306669/IDU18a5b99971429914e501ac101b25f11061d21,099430004232434765,Off of Sr VP Dev Econ/Chief Econ (DECVP),http://documents.worldbank.org/curated/en/099430004232434765/IDU18a5b99971429914e501ac101b25f11061d21,"Adewopo,Julius Babatunde","Andree,Bo Pieter Johannes","Comparative Analysis of AI-Predicted and
            Crowdsourced Food Prices in an Economically Volatile Region",34306669,"High-frequency monitoring of food
            commodity prices is important for assessing and responding
            to shocks, especially in fragile contexts where timely and
            targeted interventions for food security are critical.
            However, national price surveys are typically limited in
            temporal and spatial granularity. It is cost prohibitive to
            implement traditional data collection at frequent timescales
            to unravel spatiotemporal price evolution across market
            segments and at subnational geographic levels. Recent
            advancements in data innovation offer promising solutions to
            address the paucity of commodity price data and guide market
            intelligence for diverse development stakeholders. The use
            of artificial intelligence to estimate missing price data
            and a parallel effort to crowdsource commodity price data
            are both unlocking cost-effective opportunities to generate
            actionable price data. Yet, little is known about how the
            data from these alternative methods relate to independent
            ground truth data. To evaluate if these data strategies can
            meet the long-standing demand for real-time intelligence on
            food affordability, this paper analyzes open-source daily
            crowdsourced data (104,931 datapoints) from a recently
            published data set in Nature Journal, relative to
            complementary ground truth sample. The paper subsequently
            compares these data to open-source monthly artificial
            intelligence–generated price data for identical commodities
            over a 36-month period in northern Nigeria, from 2019 to
            2022. The results show that all the data sources share a
            high degree of comparability, with variation across
            commodity and market segments. Overall, the findings provide
            important support for leveraging these new and innovative
            data approaches to enable data-driven decision-making in
            near real time.","Peter,Helen","Solano-Hermosilla,Gloria","Micale,Fabio",,,,,
102,34308394,"World,United States,China,India,Nigeria,Pakistan,Bangladesh,Indonesia",Policy Research Working Paper,2024-04-25T00:00:00Z,Publications & Research,"Policy Research working paper ; no. WPS
            10759; RRR; PLANET","A Global Incentive Scheme to
            Reduce Carbon Emissions",http://documents.worldbank.org/curated/en/099441104252417894/pdf/IDU10dc0cd371c9301457f1bdd0103f4facbffc6.pdf,/research/2024/04/34308394/global-incentive-scheme-reduce-carbon-emissions,http://documents.worldbank.org/curated/en/099441104252417894/IDU10dc0cd371c9301457f1bdd0103f4facbffc6,2024/04/34308394/IDU10dc0cd371c9301457f1bdd0103f4facbffc6,099441104252417894,Off of Sr VP Dev Econ/Chief Econ (DECVP),http://documents.worldbank.org/curated/en/099441104252417894/IDU10dc0cd371c9301457f1bdd0103f4facbffc6,"Lall,Somik V.","Rajan,Raghuram Govind",A Global Incentive Scheme to Reduce Carbon Emissions,34308394,"This paper proposes an objective way
            of estimating and allocating “differentiated”
            responsibilities for carbon emissions across countries.
            These responsibilities translate into specific obligations
            and incentives for future emission reductions and support
            for adaptation, mitigation, and development. The proposals
            in this paper should be seen as a starting point for an
            informed and productive debate. Under the Global Carbon
            Reduction Incentive, every country that emits more than the
            per capita global average pays into a global incentive fund.
            This annual payment will be calculated based on the “excess”
            emissions per capita, the country’s population, and a dollar
            amount called the Global Carbon Incentive. Countries below
            the global per capita average would receive a payout
            commensurate with their “under-emission.” The United States
            and China are the two biggest emitters and, assuming a
            Global Carbon Incentive of $10, they jointly would
            contribute more than $70 billion to the fund, from which
            nations such as India, Nigeria, Pakistan, Bangladesh, and
            Indonesia would be the major recipients. An important
            adjustment to the Global Carbon Reduction Incentive is to
            focus on consumption rather than production—a country should
            not avoid responsibility for the carbon it consumes by
            outsourcing production to another country. The proposal
            considers that countries that have used more of the
            collective carbon budget have benefited from the associated
            development and should pay for it. The proposal also
            considers methane emissions as well as crediting countries
            for their efforts toward preventing deforestation.","Schoder,Christian",,,,,,,
103,34313044,"Latin America & Caribbean,Latin America",Policy Research Working Paper,2024-05-03T00:00:00Z,Publications & Research,"Policy Research working paper ; no. WPS
            10760; PLANET","Droughts Worsen Air Quality by
            Shifting Power Generation in Latin America and the Caribbean",http://documents.worldbank.org/curated/en/099200305032441685/pdf/IDU18158e2681ceeb14d7b1a4c119eb690ffe169.pdf,/research/2024/05/34313044/droughts-worsen-air-quality-shifting-power-generation-latin-america-caribbean,http://documents.worldbank.org/curated/en/099200305032441685/IDU18158e2681ceeb14d7b1a4c119eb690ffe169,2024/05/34313044/IDU18158e2681ceeb14d7b1a4c119eb690ffe169,099200305032441685,,http://documents.worldbank.org/curated/en/099200305032441685/IDU18158e2681ceeb14d7b1a4c119eb690ffe169,"Eriksson,Mathilda","del Valle,Alejandro","Droughts Worsen Air Quality by Shifting
            Power Generation in Latin America and the Caribbean",34313044,"This paper studies how air quality
            around combustion power plants changes in response to
            hydrological droughts that affect hydropower generation.
            Using fixed-effect and post-double selection methods, the
            paper analyzes a unique plant-level panel of fine
            particulate matter concentrations and meteorological
            conditions spanning 20 years at monthly frequency. The
            findings show that, on average, hydrological droughts lead
            to 0.83 micrograms per cubic meter excess fine particulate
            matter, equivalent to a 5.3 percent increase from
            non-drought conditions. Counterfactual simulations for the
            region indicate that this excess fine particulate matter may
            have resulted in up to 10,000 premature deaths annually.
            Combining the estimates with climate, demographic, and
            policy projections, the paper also shows that this health
            burden will likely persist over the next four decades.","De La Fuente,Alejandro",,,,,,,
104,34313235,World,Policy Research Working Paper,2024-05-03T00:00:00Z,Publications & Research,"Policy Research working paper ; no. WPS
            10761; PROSPERITY","Rules and Regulations, Managerial
            Time  and Economic Development",http://documents.worldbank.org/curated/en/099904405032412007/pdf/IDU148367d1e1418d148701abac1989a8a914819.pdf,/research/2024/05/34313235/rules-regulations-managerial-time-economic-development,http://documents.worldbank.org/curated/en/099904405032412007/IDU148367d1e1418d148701abac1989a8a914819,2024/05/34313235/IDU148367d1e1418d148701abac1989a8a914819,099904405032412007,Off of Sr VP Dev Econ/Chief Econ (DECVP),http://documents.worldbank.org/curated/en/099904405032412007/IDU148367d1e1418d148701abac1989a8a914819,"Tamkoc,Mehmet Nazim","Ventura,Gustavo","Rules and Regulations, Managerial Time  and
            Economic Development",34313235,"This paper documents that senior
            plant managers in less-developed countries spend more time
            dealing with government rules and regulations than their
            counterparts in richer countries. These facts are
            interpreted through the lens of a span-of-control growth
            model, in which top managers run heterogeneous production
            plants, employing middle managers as well as production
            workers. The model implies that increasing the time burden
            on top management leads to equilibrium changes in wages,
            occupational sorting, the size distribution of production
            plants and ultimately, to a reduction in aggregate output.
            These consequences hold even when the time burden is
            symmetric across all plants. Quantitative results show that
            increasing the burden on managers’ time from the levels
            observed in Denmark to the higher levels observed in poorer
            countries have substantial consequences. Imposing the
            average time spent on regulations in Argentina reduces
            aggregate output by about 1/3 and mean plant size by more
            than 5 employees. Results contribute to rationalizing
            differences in plant size and output across countries via a
            channel hitherto unexplored in the literature.",,,,,,,,
105,34313910,Pakistan,Policy Research Working Paper,2024-05-06T00:00:00Z,Publications & Research,"Policy Research working paper ; no. WPS
            10763; RRR; PEOPLE","Ensuring an Equal Start for All
            Pakistani Children: What Will It Cost ?",http://documents.worldbank.org/curated/en/099226005062427291/pdf/IDU1b0b7a0161caf6147a618ab0168995df4f111.pdf,/research/2024/05/34313910/ensuring-equal-start-all-pakistani-children-cost,http://documents.worldbank.org/curated/en/099226005062427291/IDU1b0b7a0161caf6147a618ab0168995df4f111,2024/05/34313910/IDU1b0b7a0161caf6147a618ab0168995df4f111,099226005062427291,,http://documents.worldbank.org/curated/en/099226005062427291/IDU1b0b7a0161caf6147a618ab0168995df4f111,"Alam,Abdullah","Hasan,Amer","Ensuring an Equal Start for All Pakistani
            Children: What Will It Cost ?",34313910,"Quality early childhood education
            improves childhood development outcomes and has long-term
            implications for school readiness, workforce participation,
            and economic growth. Despite this, in Pakistan, the net
            enrollment rate of children ages 3 to 5 in early childhood
            education was only 31 percent in 2022. This paper estimates
            the cost of expanding access to early childhood education
            using an adapted version of the early childhood education
            Accelerator Costing and Simulation model. Using available
            administrative data, the paper presents cost estimates for
            three packages: (i) a business-as-usual package, (ii) a core
            service delivery package, and (iii) an augmented service
            delivery package. It considers how these costs might vary
            using alternate delivery mechanisms, such as community
            construction and vouchers. To ensure 100 percent net
            enrollment in early childhood education by 2035, Pakistan
            must increase the amount of the education budget spent on
            early childhood education from the existing allocation of
            5.3 percent to 10.4 percent by 2035. This means increasing
            the early childhood education budget from PKR 71 billion
            (US$0.3 billion) in 2022 to PKR 418 billion (US$1.85
            billion) in 2035, suggesting an average annual increase of
            14 percent. Using alternate delivery mechanisms, such as
            community construction and vouchers, the required budget can
            be reduced to PKR 311 billion (US$1.37 billion) in 2035.","Hentschel,Elizabeth Lauren",,,,,,,
106,34314247,Colombia,Policy Research Working Paper,2024-05-06T00:00:00Z,Publications & Research,"Policy Research working paper ; no. WPS
            10765; PEOPLE; Paper is funded by the Knowledge for Change
            Program (KCP)","Thriving beyond Borders ?
            Understanding Refugee Children’s Life Outcomes",http://documents.worldbank.org/curated/en/099912105062428250/pdf/IDU101b2662118a0a149241a06819d562ba9e087.pdf,/research/2024/05/34314247/thriving-beyond-borders-understanding-refugee-children’s-life-outcomes,http://documents.worldbank.org/curated/en/099912105062428250/IDU101b2662118a0a149241a06819d562ba9e087,2024/05/34314247/IDU101b2662118a0a149241a06819d562ba9e087,099912105062428250,DECRG: Poverty & Inequality (DECPI),http://documents.worldbank.org/curated/en/099912105062428250/IDU101b2662118a0a149241a06819d562ba9e087,"Hiller,Tatiana","Moya,Andrés","Thriving beyond Borders ? Understanding
            Refugee Children’s Life Outcomes",34314247,"By 2023, more than 108 million people
            were forcibly displaced worldwide, with children under 18
            constituting 45 percent. This study examines the human
            development gaps between forcibly displaced migrant and host
            children and adolescents, focusing on cognitive and
            socioemotional skills and physical and mental health. The
            study also explores how access to services and
            regularization programs are correlated with these
            disparities using a unique and comprehensive longitudinal
            data set of around 2,500 Venezuelan migrant and Colombian
            host children and adolescents, ages 5 to 17 and living in
            Medellín, Colombia. The findings reveal significant
            developmental delays among migrant children in physical and
            cognitive development, but interestingly, no significant
            differences in socioemotional and mental health outcomes.
            The research underscores how the availability of public
            services and engagement in regularization programs are
            crucial for mitigating these developmental gaps.","Rozo Villarraga,Sandra Viviana",,,,,,,
107,34314650,Pakistan,Policy Research Working Paper,2024-05-07T00:00:00Z,Publications & Research,"Policy Research working paper ; no. WPS
            10764; RRR; PEOPLE","Early Learning in South Punjab,
            Pakistan: Investigating Child Development and Classroom Quality",http://documents.worldbank.org/curated/en/099147405072416150/pdf/IDU1d0e678b71d5d11418d1839911b0d32bb5d25.pdf,/research/2024/05/34314650/early-learning-south-punjab-pakistan-investigating-child-development-classroom-quality,http://documents.worldbank.org/curated/en/099147405072416150/IDU1d0e678b71d5d11418d1839911b0d32bb5d25,2024/05/34314650/IDU1d0e678b71d5d11418d1839911b0d32bb5d25,099147405072416150,,http://documents.worldbank.org/curated/en/099147405072416150/IDU1d0e678b71d5d11418d1839911b0d32bb5d25,"Seiden,Jonathan Michael","Hasan,Amer","Early Learning in South Punjab, Pakistan:
            Investigating Child Development and Classroom Quality",34314650,"In Pakistan, learning poverty among
            primary school aged children is estimated to be as high as
            77 percent, but little data exist on early learning
            experiences. This paper describes the state of classroom
            quality in 1,395 classrooms and the early childhood
            development status of 8,249 children in a representative
            sample of 894 public schools in South Punjab, using two
            measurement tools: The Teach ECE classroom observation tool,
            which describes the structural and process quality features
            of classrooms, and the Anchor Items for the Measurement of
            Early Childhood Development Direct Assessment which reports
            on early learning and developmental outcomes of children
            aged 4 to 6 years. The paper finds key gaps in the
            foundational skills of young children and areas for
            improvement in both the physical classroom and teaching
            practices. In examining the relationships between teaching
            practices and early childhood development outcomes, the
            analysis finds a strong positive relationship across the
            areas of process quality and domains of childhood
            development. Children studying in a high-quality classroom
            have outcomes that are equivalent to having been in school
            nine months longer than children of similar ages in an
            average quality classroom, suggesting that a sharper focus
            on teaching quality may improve early childhood development
            outcomes and school readiness. The findings also show that
            after accounting for teaching quality, degrees and
            certification are not associated with early childhood
            development outcomes, but that classes taught by female
            teachers have better early childhood development outcomes.","Luna Bazaldua,Diego Armando",,,,,,,B
108,34314674,Tunisia,Policy Research Working Paper,2024-05-07T00:00:00Z,Publications & Research,"Policy Research working paper ; no. WPS
            10766; PEOPLE","When the Rain Stops Falling :
            Effects of Droughts on the Tunisian Labor Market",http://documents.worldbank.org/curated/en/099212205072411678/pdf/IDU17a7c9a48121f714d881aa161861bb79f46e4.pdf,/research/2024/05/34314674/rain-stops-falling-effects-droughts-tunisian-labor-market,http://documents.worldbank.org/curated/en/099212205072411678/IDU17a7c9a48121f714d881aa161861bb79f46e4,2024/05/34314674/IDU17a7c9a48121f714d881aa161861bb79f46e4,099212205072411678,Off of Sr VP Dev Econ/Chief Econ (DECVP),http://documents.worldbank.org/curated/en/099212205072411678/IDU17a7c9a48121f714d881aa161861bb79f46e4,"Alfani,Federica","Pallante,Giacomo","When the Rain Stops Falling : Effects of
            Droughts on the Tunisian Labor Market",34314674,"This paper investigates the effects
            of severe drought shocks on Tunisia’s agriculture sector
            during 2000–19. Using labor force surveys aligned with
            granular weather data, it calculates the Standardized
            Potential Evapotranspiration Index to detect
            moderate-to-severe drought shocks at the governorate level
            and frames the analysis in a staggered
            difference-in-differences setting. The findings show that
            shocked areas experience a drop of 7.4 to 10.6 percentage
            points in agricultural employment with respect the untreated
            or not-yet-treated governorates. There is a contemporaneous
            opposite dynamic in the employment rate of low-skill and
            less climate-sensitive sectors, as well as a modest and
            transient increase in unemployment. The effects are largely
            heterogeneous across groups of workers, with very young
            individuals, women, and low-educated workers paying the
            highest toll.","Palma,Alessandro","Talhaoui,Abdelkader",,,,,,
109,34315484,Guinea-Bissau,Policy Research Working Paper,2024-05-08T00:00:00Z,Publications & Research,"Policy Research working paper ; no. WPS
            10767; PLANET","FTT-FLEX : Flexible Technology
            Diffusion Analysis Tool for Data Poor Countries",http://documents.worldbank.org/curated/en/099735005082423970/pdf/IDU117d8923a1226614d42196d115fb48f7c219b.pdf,/research/2024/05/34315484/ftt-flex-flexible-technology-diffusion-analysis-tool-data-poor-countries,http://documents.worldbank.org/curated/en/099735005082423970/IDU117d8923a1226614d42196d115fb48f7c219b,2024/05/34315484/IDU117d8923a1226614d42196d115fb48f7c219b,099735005082423970,Off of Sr VP Dev Econ/Chief Econ (DECVP),http://documents.worldbank.org/curated/en/099735005082423970/IDU117d8923a1226614d42196d115fb48f7c219b,Unnada Chewpreecha,"Dennig,Francis","FTT-FLEX : Flexible Technology Diffusion
            Analysis Tool for Data Poor Countries",34315484,"AbstractTo achieve substantial
            emission reductions, widespread low-carbon technology
            adoption is vital. The process by which new technologies are
            developed and adopted and how their costs evolve is critical
            to understanding decarbonization. Modeling of this process
            requires a tool that realistically describes several
            phenomena related to technology adoption in different
            sectors, including technology diffusion, investment
            decisions, evolution of technology costs, and technology
            lock-in, among others. This paper introduces FTT-FLEX, a
            simplification of the Future Technology Transformation
            model. FTT-FLEX is suitable for application as a
            single-country, standalone tool or in connection with a
            macroeconomic model. FTT-FLEX captures the core
            country-level of features of Future Technology
            Transformation (knowledge spillovers as the driver of
            technology cost and inertia in the adoption of new
            technologies) as they pertain to an individual country and
            greatly reduces the data required as compared with the
            global Future Technology Transformation model. As presented,
            FTT-FLEX is a natural complement to country-specific
            macroeconomic models that analyze the decarbonization of key
            emitting sectors in small developing countries. The utility
            of FTT-FLEX is demonstrated by a decarbonization analysis
            for the power sector in Guinea-Bissau.","Hansen,Ib",,,,,,,
110,,,,,,,,,,,,,,,,,,,,,,,,,,,
